<?xml version="1.0" encoding="utf-8"?>
<COLLADA xmlns="http://www.collada.org/2005/11/COLLADASchema" version="1.4.1">
  <asset><contributor><author>Antigravity</author></contributor><unit name="meter" meter="1"/><up_axis>Z_UP</up_axis></asset>
  <library_images>
    <image id="img_0" name="img_0"><init_from>textures/floor_concrete.png</init_from></image>
    <image id="img_1" name="img_1"><init_from>textures/wall_industrial.png</init_from></image>
    <image id="img_2" name="img_2"><init_from>shelf_2180012.png</init_from></image>
    <image id="img_3" name="img_3"><init_from>shelf_2180015.png</init_from></image>
    <image id="img_4" name="img_4"><init_from>shelf_2180010.png</init_from></image>
    <image id="img_5" name="img_5"><init_from>shippingBoxes_2180010.png</init_from></image>
    <image id="img_6" name="img_6"><init_from>trashcan_2180016.png</init_from></image>
    <image id="img_7" name="img_7"><init_from>buckets_2180011.png</init_from></image>
  </library_images>
  <library_effects>
    <effect id="eff_floor_material"><profile_COMMON>
      <newparam sid="surface_eff_floor_material"><surface type="2D"><init_from>img_0</init_from></surface></newparam>
      <newparam sid="sampler_eff_floor_material"><sampler2D><source>surface_eff_floor_material</source></sampler2D></newparam>
      <technique sid="common"><phong><diffuse><texture texture="sampler_eff_floor_material" texcoord="UVMap"/></diffuse></phong></technique>
    </profile_COMMON></effect>
    <effect id="eff_wall_material"><profile_COMMON>
      <newparam sid="surface_eff_wall_material"><surface type="2D"><init_from>img_1</init_from></surface></newparam>
      <newparam sid="sampler_eff_wall_material"><sampler2D><source>surface_eff_wall_material</source></sampler2D></newparam>
      <technique sid="common"><phong><diffuse><texture texture="sampler_eff_wall_material" texcoord="UVMap"/></diffuse></phong></technique>
    </profile_COMMON></effect>
    <effect id="eff_column_material"><profile_COMMON>
      <technique sid="common"><phong><diffuse><color>0.350 0.380 0.400 1.000</color></diffuse></phong></technique>
    </profile_COMMON></effect>
    <effect id="eff_shelf_$Material_0"><profile_COMMON>
      <technique sid="common"><phong><diffuse><color>0.830 0.730 0.000 1.000</color></diffuse></phong></technique>
    </profile_COMMON></effect>
    <effect id="eff_shelf_$Material_1"><profile_COMMON>
      <technique sid="common"><phong><diffuse><color>0.830 0.730 0.000 1.000</color></diffuse></phong></technique>
    </profile_COMMON></effect>
    <effect id="eff_shelf_$Material_2"><profile_COMMON>
      <technique sid="common"><phong><diffuse><color>0.830 0.730 0.000 1.000</color></diffuse></phong></technique>
    </profile_COMMON></effect>
    <effect id="eff_shelf_$Material_3"><profile_COMMON>
      <technique sid="common"><phong><diffuse><color>0.830 0.730 0.000 1.000</color></diffuse></phong></technique>
    </profile_COMMON></effect>
    <effect id="eff_shelf_$Material_4"><profile_COMMON>
      <technique sid="common"><phong><diffuse><color>0.830 0.730 0.000 1.000</color></diffuse></phong></technique>
    </profile_COMMON></effect>
    <effect id="eff_shelf_$Material_5"><profile_COMMON>
      <technique sid="common"><phong><diffuse><color>0.830 0.730 0.000 1.000</color></diffuse></phong></technique>
    </profile_COMMON></effect>
    <effect id="eff_shelf_$Material_6"><profile_COMMON>
      <technique sid="common"><phong><diffuse><color>0.830 0.730 0.000 1.000</color></diffuse></phong></technique>
    </profile_COMMON></effect>
    <effect id="eff_shelf_$Material_7"><profile_COMMON>
      <technique sid="common"><phong><diffuse><color>0.830 0.730 0.000 1.000</color></diffuse></phong></technique>
    </profile_COMMON></effect>
    <effect id="eff_shelf_$Material_8"><profile_COMMON>
      <technique sid="common"><phong><diffuse><color>0.830 0.730 0.000 1.000</color></diffuse></phong></technique>
    </profile_COMMON></effect>
    <effect id="eff_shelf_$Material_9"><profile_COMMON>
      <technique sid="common"><phong><diffuse><color>0.830 0.730 0.000 1.000</color></diffuse></phong></technique>
    </profile_COMMON></effect>
    <effect id="eff_shelf_$Material_10"><profile_COMMON>
      <technique sid="common"><phong><diffuse><color>0.830 0.730 0.000 1.000</color></diffuse></phong></technique>
    </profile_COMMON></effect>
    <effect id="eff_shelf_$Material_11"><profile_COMMON>
      <technique sid="common"><phong><diffuse><color>0.830 0.730 0.000 1.000</color></diffuse></phong></technique>
    </profile_COMMON></effect>
    <effect id="eff_shelf_$Material_12"><profile_COMMON>
      <technique sid="common"><phong><diffuse><color>0.830 0.730 0.000 1.000</color></diffuse></phong></technique>
    </profile_COMMON></effect>
    <effect id="eff_shelf_$Material_13"><profile_COMMON>
      <technique sid="common"><phong><diffuse><color>0.830 0.730 0.000 1.000</color></diffuse></phong></technique>
    </profile_COMMON></effect>
    <effect id="eff_shelf_$Material_14"><profile_COMMON>
      <technique sid="common"><phong><diffuse><color>0.830 0.730 0.000 1.000</color></diffuse></phong></technique>
    </profile_COMMON></effect>
    <effect id="eff_shelf_$Material_15"><profile_COMMON>
      <technique sid="common"><phong><diffuse><color>0.830 0.730 0.000 1.000</color></diffuse></phong></technique>
    </profile_COMMON></effect>
    <effect id="eff_shelf_$Material_16"><profile_COMMON>
      <technique sid="common"><phong><diffuse><color>0.830 0.730 0.000 1.000</color></diffuse></phong></technique>
    </profile_COMMON></effect>
    <effect id="eff_shelf_$Material_17"><profile_COMMON>
      <technique sid="common"><phong><diffuse><color>0.830 0.730 0.000 1.000</color></diffuse></phong></technique>
    </profile_COMMON></effect>
    <effect id="eff_shelf_$Material_18"><profile_COMMON>
      <technique sid="common"><phong><diffuse><color>0.830 0.730 0.000 1.000</color></diffuse></phong></technique>
    </profile_COMMON></effect>
    <effect id="eff_shelf_$Material_19"><profile_COMMON>
      <technique sid="common"><phong><diffuse><color>0.830 0.730 0.000 1.000</color></diffuse></phong></technique>
    </profile_COMMON></effect>
    <effect id="eff_shelf_$Material_20"><profile_COMMON>
      <technique sid="common"><phong><diffuse><color>0.830 0.730 0.000 1.000</color></diffuse></phong></technique>
    </profile_COMMON></effect>
    <effect id="eff_shelf_$Material_21"><profile_COMMON>
      <technique sid="common"><phong><diffuse><color>0.830 0.730 0.000 1.000</color></diffuse></phong></technique>
    </profile_COMMON></effect>
    <effect id="eff_shelf_$Material_22"><profile_COMMON>
      <newparam sid="surface_eff_shelf_$Material_22"><surface type="2D"><init_from>img_2</init_from></surface></newparam>
      <newparam sid="sampler_eff_shelf_$Material_22"><sampler2D><source>surface_eff_shelf_$Material_22</source></sampler2D></newparam>
      <technique sid="common"><phong><diffuse><texture texture="sampler_eff_shelf_$Material_22" texcoord="UVMap"/></diffuse></phong></technique>
    </profile_COMMON></effect>
    <effect id="eff_shelf_$Material_23"><profile_COMMON>
      <newparam sid="surface_eff_shelf_$Material_23"><surface type="2D"><init_from>img_3</init_from></surface></newparam>
      <newparam sid="sampler_eff_shelf_$Material_23"><sampler2D><source>surface_eff_shelf_$Material_23</source></sampler2D></newparam>
      <technique sid="common"><phong><diffuse><texture texture="sampler_eff_shelf_$Material_23" texcoord="UVMap"/></diffuse></phong></technique>
    </profile_COMMON></effect>
    <effect id="eff_shelf_$Material_24"><profile_COMMON>
      <newparam sid="surface_eff_shelf_$Material_24"><surface type="2D"><init_from>img_4</init_from></surface></newparam>
      <newparam sid="sampler_eff_shelf_$Material_24"><sampler2D><source>surface_eff_shelf_$Material_24</source></sampler2D></newparam>
      <technique sid="common"><phong><diffuse><texture texture="sampler_eff_shelf_$Material_24" texcoord="UVMap"/></diffuse></phong></technique>
    </profile_COMMON></effect>
    <effect id="eff_boxes_$Material_0"><profile_COMMON>
      <newparam sid="surface_eff_boxes_$Material_0"><surface type="2D"><init_from>img_5</init_from></surface></newparam>
      <newparam sid="sampler_eff_boxes_$Material_0"><sampler2D><source>surface_eff_boxes_$Material_0</source></sampler2D></newparam>
      <technique sid="common"><phong><diffuse><texture texture="sampler_eff_boxes_$Material_0" texcoord="UVMap"/></diffuse></phong></technique>
    </profile_COMMON></effect>
    <effect id="eff_trash_$Material_0"><profile_COMMON>
      <newparam sid="surface_eff_trash_$Material_0"><surface type="2D"><init_from>img_6</init_from></surface></newparam>
      <newparam sid="sampler_eff_trash_$Material_0"><sampler2D><source>surface_eff_trash_$Material_0</source></sampler2D></newparam>
      <technique sid="common"><phong><diffuse><texture texture="sampler_eff_trash_$Material_0" texcoord="UVMap"/></diffuse></phong></technique>
    </profile_COMMON></effect>
    <effect id="eff_bucket_$Material_0"><profile_COMMON>
      <newparam sid="surface_eff_bucket_$Material_0"><surface type="2D"><init_from>img_7</init_from></surface></newparam>
      <newparam sid="sampler_eff_bucket_$Material_0"><sampler2D><source>surface_eff_bucket_$Material_0</source></sampler2D></newparam>
      <technique sid="common"><phong><diffuse><texture texture="sampler_eff_bucket_$Material_0" texcoord="UVMap"/></diffuse></phong></technique>
    </profile_COMMON></effect>
  </library_effects>
  <library_materials>
    <material id="mat_floor_material" name="floor_material"><instance_effect url="#eff_floor_material"/></material>
    <material id="mat_wall_material" name="wall_material"><instance_effect url="#eff_wall_material"/></material>
    <material id="mat_column_material" name="column_material"><instance_effect url="#eff_column_material"/></material>
    <material id="mat_shelf_$Material_0" name="shelf_$Material_0"><instance_effect url="#eff_shelf_$Material_0"/></material>
    <material id="mat_shelf_$Material_1" name="shelf_$Material_1"><instance_effect url="#eff_shelf_$Material_1"/></material>
    <material id="mat_shelf_$Material_2" name="shelf_$Material_2"><instance_effect url="#eff_shelf_$Material_2"/></material>
    <material id="mat_shelf_$Material_3" name="shelf_$Material_3"><instance_effect url="#eff_shelf_$Material_3"/></material>
    <material id="mat_shelf_$Material_4" name="shelf_$Material_4"><instance_effect url="#eff_shelf_$Material_4"/></material>
    <material id="mat_shelf_$Material_5" name="shelf_$Material_5"><instance_effect url="#eff_shelf_$Material_5"/></material>
    <material id="mat_shelf_$Material_6" name="shelf_$Material_6"><instance_effect url="#eff_shelf_$Material_6"/></material>
    <material id="mat_shelf_$Material_7" name="shelf_$Material_7"><instance_effect url="#eff_shelf_$Material_7"/></material>
    <material id="mat_shelf_$Material_8" name="shelf_$Material_8"><instance_effect url="#eff_shelf_$Material_8"/></material>
    <material id="mat_shelf_$Material_9" name="shelf_$Material_9"><instance_effect url="#eff_shelf_$Material_9"/></material>
    <material id="mat_shelf_$Material_10" name="shelf_$Material_10"><instance_effect url="#eff_shelf_$Material_10"/></material>
    <material id="mat_shelf_$Material_11" name="shelf_$Material_11"><instance_effect url="#eff_shelf_$Material_11"/></material>
    <material id="mat_shelf_$Material_12" name="shelf_$Material_12"><instance_effect url="#eff_shelf_$Material_12"/></material>
    <material id="mat_shelf_$Material_13" name="shelf_$Material_13"><instance_effect url="#eff_shelf_$Material_13"/></material>
    <material id="mat_shelf_$Material_14" name="shelf_$Material_14"><instance_effect url="#eff_shelf_$Material_14"/></material>
    <material id="mat_shelf_$Material_15" name="shelf_$Material_15"><instance_effect url="#eff_shelf_$Material_15"/></material>
    <material id="mat_shelf_$Material_16" name="shelf_$Material_16"><instance_effect url="#eff_shelf_$Material_16"/></material>
    <material id="mat_shelf_$Material_17" name="shelf_$Material_17"><instance_effect url="#eff_shelf_$Material_17"/></material>
    <material id="mat_shelf_$Material_18" name="shelf_$Material_18"><instance_effect url="#eff_shelf_$Material_18"/></material>
    <material id="mat_shelf_$Material_19" name="shelf_$Material_19"><instance_effect url="#eff_shelf_$Material_19"/></material>
    <material id="mat_shelf_$Material_20" name="shelf_$Material_20"><instance_effect url="#eff_shelf_$Material_20"/></material>
    <material id="mat_shelf_$Material_21" name="shelf_$Material_21"><instance_effect url="#eff_shelf_$Material_21"/></material>
    <material id="mat_shelf_$Material_22" name="shelf_$Material_22"><instance_effect url="#eff_shelf_$Material_22"/></material>
    <material id="mat_shelf_$Material_23" name="shelf_$Material_23"><instance_effect url="#eff_shelf_$Material_23"/></material>
    <material id="mat_shelf_$Material_24" name="shelf_$Material_24"><instance_effect url="#eff_shelf_$Material_24"/></material>
    <material id="mat_boxes_$Material_0" name="boxes_$Material_0"><instance_effect url="#eff_boxes_$Material_0"/></material>
    <material id="mat_trash_$Material_0" name="trash_$Material_0"><instance_effect url="#eff_trash_$Material_0"/></material>
    <material id="mat_bucket_$Material_0" name="bucket_$Material_0"><instance_effect url="#eff_bucket_$Material_0"/></material>
  </library_materials>
  <library_geometries>
    <geometry id="factory_mesh" name="factory_mesh"><mesh>
      <source id="pos"><float_array id="pos-arr" count="14232">-12.5000 -12.5000 0.0000 12.5000 -12.5000 0.0000 12.5000 12.5000 0.0000 -12.5000 12.5000 0.0000 -12.5000 12.3000 2.8000 12.5000 12.3000 2.8000 12.5000 12.5000 2.8000 -12.5000 12.5000 2.8000 12.5000 12.5000 0.0000 -12.5000 12.5000 0.0000 -12.5000 12.5000 2.8000 12.5000 12.5000 2.8000 -12.5000 12.3000 0.0000 12.5000 12.3000 0.0000 12.5000 12.3000 2.8000 -12.5000 12.3000 2.8000 12.5000 12.3000 0.0000 12.5000 12.5000 0.0000 12.5000 12.5000 2.8000 12.5000 12.3000 2.8000 -12.5000 12.5000 0.0000 -12.5000 12.3000 0.0000 -12.5000 12.3000 2.8000 -12.5000 12.5000 2.8000 -12.5000 -12.5000 2.8000 12.5000 -12.5000 2.8000 12.5000 -12.3000 2.8000 -12.5000 -12.3000 2.8000 12.5000 -12.3000 0.0000 -12.5000 -12.3000 0.0000 -12.5000 -12.3000 2.8000 12.5000 -12.3000 2.8000 -12.5000 -12.5000 0.0000 12.5000 -12.5000 0.0000 12.5000 -12.5000 2.8000 -12.5000 -12.5000 2.8000 12.5000 -12.5000 0.0000 12.5000 -12.3000 0.0000 12.5000 -12.3000 2.8000 12.5000 -12.5000 2.8000 -12.5000 -12.3000 0.0000 -12.5000 -12.5000 0.0000 -12.5000 -12.5000 2.8000 -12.5000 -12.3000 2.8000 -12.5000 -12.5000 2.8000 -12.3000 -12.5000 2.8000 -12.3000 12.5000 2.8000 -12.5000 12.5000 2.8000 -12.3000 12.5000 0.0000 -12.5000 12.5000 0.0000 -12.5000 12.5000 2.8000 -12.3000 12.5000 2.8000 -12.5000 -12.5000 0.0000 -12.3000 -12.5000 0.0000 -12.3000 -12.5000 2.8000 -12.5000 -12.5000 2.8000 -12.3000 -12.5000 0.0000 -12.3000 12.5000 0.0000 -12.3000 12.5000 2.8000 -12.3000 -12.5000 2.8000 -12.5000 12.5000 0.0000 -12.5000 -12.5000 0.0000 -12.5000 -12.5000 2.8000 -12.5000 12.5000 2.8000 12.3000 -7.0000 2.8000 12.5000 -7.0000 2.8000 12.5000 12.5000 2.8000 12.3000 12.5000 2.8000 12.5000 12.5000 0.0000 12.3000 12.5000 0.0000 12.3000 12.5000 2.8000 12.5000 12.5000 2.8000 12.3000 -7.0000 0.0000 12.5000 -7.0000 0.0000 12.5000 -7.0000 2.8000 12.3000 -7.0000 2.8000 12.5000 -7.0000 0.0000 12.5000 12.5000 0.0000 12.5000 12.5000 2.8000 12.5000 -7.0000 2.8000 12.3000 12.5000 0.0000 12.3000 -7.0000 0.0000 12.3000 -7.0000 2.8000 12.3000 12.5000 2.8000 12.3000 -12.5000 2.8000 12.5000 -12.5000 2.8000 12.5000 -10.5000 2.8000 12.3000 -10.5000 2.8000 12.5000 -10.5000 0.0000 12.3000 -10.5000 0.0000 12.3000 -10.5000 2.8000 12.5000 -10.5000 2.8000 12.3000 -12.5000 0.0000 12.5000 -12.5000 0.0000 12.5000 -12.5000 2.8000 12.3000 -12.5000 2.8000 12.5000 -12.5000 0.0000 12.5000 -10.5000 0.0000 12.5000 -10.5000 2.8000 12.5000 -12.5000 2.8000 12.3000 -10.5000 0.0000 12.3000 -12.5000 0.0000 12.3000 -12.5000 2.8000 12.3000 -10.5000 2.8000 -12.3000 -4.5000 2.8000 -8.0000 -4.5000 2.8000 -8.0000 -4.3000 2.8000 -12.3000 -4.3000 2.8000 -8.0000 -4.3000 0.0000 -12.3000 -4.3000 0.0000 -12.3000 -4.3000 2.8000 -8.0000 -4.3000 2.8000 -12.3000 -4.5000 0.0000 -8.0000 -4.5000 0.0000 -8.0000 -4.5000 2.8000 -12.3000 -4.5000 2.8000 -8.0000 -4.5000 0.0000 -8.0000 -4.3000 0.0000 -8.0000 -4.3000 2.8000 -8.0000 -4.5000 2.8000 -12.3000 -4.3000 0.0000 -12.3000 -4.5000 0.0000 -12.3000 -4.5000 2.8000 -12.3000 -4.3000 2.8000 -6.8000 -4.5000 2.8000 -5.5000 -4.5000 2.8000 -5.5000 -4.3000 2.8000 -6.8000 -4.3000 2.8000 -5.5000 -4.3000 0.0000 -6.8000 -4.3000 0.0000 -6.8000 -4.3000 2.8000 -5.5000 -4.3000 2.8000 -6.8000 -4.5000 0.0000 -5.5000 -4.5000 0.0000 -5.5000 -4.5000 2.8000 -6.8000 -4.5000 2.8000 -5.5000 -4.5000 0.0000 -5.5000 -4.3000 0.0000 -5.5000 -4.3000 2.8000 -5.5000 -4.5000 2.8000 -6.8000 -4.3000 0.0000 -6.8000 -4.5000 0.0000 -6.8000 -4.5000 2.8000 -6.8000 -4.3000 2.8000 -5.7000 -12.3000 2.8000 -5.5000 -12.3000 2.8000 -5.5000 -9.0000 2.8000 -5.7000 -9.0000 2.8000 -5.5000 -9.0000 0.0000 -5.7000 -9.0000 0.0000 -5.7000 -9.0000 2.8000 -5.5000 -9.0000 2.8000 -5.7000 -12.3000 0.0000 -5.5000 -12.3000 0.0000 -5.5000 -12.3000 2.8000 -5.7000 -12.3000 2.8000 -5.5000 -12.3000 0.0000 -5.5000 -9.0000 0.0000 -5.5000 -9.0000 2.8000 -5.5000 -12.3000 2.8000 -5.7000 -9.0000 0.0000 -5.7000 -12.3000 0.0000 -5.7000 -12.3000 2.8000 -5.7000 -9.0000 2.8000 -5.7000 -7.8000 2.8000 -5.5000 -7.8000 2.8000 -5.5000 -4.3000 2.8000 -5.7000 -4.3000 2.8000 -5.5000 -4.3000 0.0000 -5.7000 -4.3000 0.0000 -5.7000 -4.3000 2.8000 -5.5000 -4.3000 2.8000 -5.7000 -7.8000 0.0000 -5.5000 -7.8000 0.0000 -5.5000 -7.8000 2.8000 -5.7000 -7.8000 2.8000 -5.5000 -7.8000 0.0000 -5.5000 -4.3000 0.0000 -5.5000 -4.3000 2.8000 -5.5000 -7.8000 2.8000 -5.7000 -4.3000 0.0000 -5.7000 -7.8000 0.0000 -5.7000 -7.8000 2.8000 -5.7000 -4.3000 2.8000 -8.8000 -12.3000 2.8000 -8.6000 -12.3000 2.8000 -8.6000 -11.0000 2.8000 -8.8000 -11.0000 2.8000 -8.6000 -11.0000 0.0000 -8.8000 -11.0000 0.0000 -8.8000 -11.0000 2.8000 -8.6000 -11.0000 2.8000 -8.8000 -12.3000 0.0000 -8.6000 -12.3000 0.0000 -8.6000 -12.3000 2.8000 -8.8000 -12.3000 2.8000 -8.6000 -12.3000 0.0000 -8.6000 -11.0000 0.0000 -8.6000 -11.0000 2.8000 -8.6000 -12.3000 2.8000 -8.8000 -11.0000 0.0000 -8.8000 -12.3000 0.0000 -8.8000 -12.3000 2.8000 -8.8000 -11.0000 2.8000 -8.8000 -9.5000 2.8000 -8.6000 -9.5000 2.8000 -8.6000 -4.3000 2.8000 -8.8000 -4.3000 2.8000 -8.6000 -4.3000 0.0000 -8.8000 -4.3000 0.0000 -8.8000 -4.3000 2.8000 -8.6000 -4.3000 2.8000 -8.8000 -9.5000 0.0000 -8.6000 -9.5000 0.0000 -8.6000 -9.5000 2.8000 -8.8000 -9.5000 2.8000 -8.6000 -9.5000 0.0000 -8.6000 -4.3000 0.0000 -8.6000 -4.3000 2.8000 -8.6000 -9.5000 2.8000 -8.8000 -4.3000 0.0000 -8.8000 -9.5000 0.0000 -8.8000 -9.5000 2.8000 -8.8000 -4.3000 2.8000 -1.2000 0.5000 2.8000 -1.0000 0.5000 2.8000 -1.0000 4.5000 2.8000 -1.2000 4.5000 2.8000 -1.0000 4.5000 0.0000 -1.2000 4.5000 0.0000 -1.2000 4.5000 2.8000 -1.0000 4.5000 2.8000 -1.2000 0.5000 0.0000 -1.0000 0.5000 0.0000 -1.0000 0.5000 2.8000 -1.2000 0.5000 2.8000 -1.0000 0.5000 0.0000 -1.0000 4.5000 0.0000 -1.0000 4.5000 2.8000 -1.0000 0.5000 2.8000 -1.2000 4.5000 0.0000 -1.2000 0.5000 0.0000 -1.2000 0.5000 2.8000 -1.2000 4.5000 2.8000 -1.2000 8.0000 2.8000 -1.0000 8.0000 2.8000 -1.0000 12.3000 2.8000 -1.2000 12.3000 2.8000 -1.0000 12.3000 0.0000 -1.2000 12.3000 0.0000 -1.2000 12.3000 2.8000 -1.0000 12.3000 2.8000 -1.2000 8.0000 0.0000 -1.0000 8.0000 0.0000 -1.0000 8.0000 2.8000 -1.2000 8.0000 2.8000 -1.0000 8.0000 0.0000 -1.0000 12.3000 0.0000 -1.0000 12.3000 2.8000 -1.0000 8.0000 2.8000 -1.2000 12.3000 0.0000 -1.2000 8.0000 0.0000 -1.2000 8.0000 2.8000 -1.2000 12.3000 2.8000 0.5000 0.5000 2.8000 4.5000 0.5000 2.8000 4.5000 0.7000 2.8000 0.5000 0.7000 2.8000 4.5000 0.7000 0.0000 0.5000 0.7000 0.0000 0.5000 0.7000 2.8000 4.5000 0.7000 2.8000 0.5000 0.5000 0.0000 4.5000 0.5000 0.0000 4.5000 0.5000 2.8000 0.5000 0.5000 2.8000 4.5000 0.5000 0.0000 4.5000 0.7000 0.0000 4.5000 0.7000 2.8000 4.5000 0.5000 2.8000 0.5000 0.7000 0.0000 0.5000 0.5000 0.0000 0.5000 0.5000 2.8000 0.5000 0.7000 2.8000 8.0000 0.5000 2.8000 12.3000 0.5000 2.8000 12.3000 0.7000 2.8000 8.0000 0.7000 2.8000 12.3000 0.7000 0.0000 8.0000 0.7000 0.0000 8.0000 0.7000 2.8000 12.3000 0.7000 2.8000 8.0000 0.5000 0.0000 12.3000 0.5000 0.0000 12.3000 0.5000 2.8000 8.0000 0.5000 2.8000 12.3000 0.5000 0.0000 12.3000 0.7000 0.0000 12.3000 0.7000 2.8000 12.3000 0.5000 2.8000 8.0000 0.7000 0.0000 8.0000 0.5000 0.0000 8.0000 0.5000 2.8000 8.0000 0.7000 2.8000 -5.3000 4.7000 2.8000 -4.7000 4.7000 2.8000 -4.7000 5.3000 2.8000 -5.3000 5.3000 2.8000 -4.7000 5.3000 0.0000 -5.3000 5.3000 0.0000 -5.3000 5.3000 2.8000 -4.7000 5.3000 2.8000 -5.3000 4.7000 0.0000 -4.7000 4.7000 0.0000 -4.7000 4.7000 2.8000 -5.3000 4.7000 2.8000 -4.7000 4.7000 0.0000 -4.7000 5.3000 0.0000 -4.7000 5.3000 2.8000 -4.7000 4.7000 2.8000 -5.3000 5.3000 0.0000 -5.3000 4.7000 0.0000 -5.3000 4.7000 2.8000 -5.3000 5.3000 2.8000 4.7000 4.7000 2.8000 5.3000 4.7000 2.8000 5.3000 5.3000 2.8000 4.7000 5.3000 2.8000 5.3000 5.3000 0.0000 4.7000 5.3000 0.0000 4.7000 5.3000 2.8000 5.3000 5.3000 2.8000 4.7000 4.7000 0.0000 5.3000 4.7000 0.0000 5.3000 4.7000 2.8000 4.7000 4.7000 2.8000 5.3000 4.7000 0.0000 5.3000 5.3000 0.0000 5.3000 5.3000 2.8000 5.3000 4.7000 2.8000 4.7000 5.3000 0.0000 4.7000 4.7000 0.0000 4.7000 4.7000 2.8000 4.7000 5.3000 2.8000 -5.3000 -5.3000 2.8000 -4.7000 -5.3000 2.8000 -4.7000 -4.7000 2.8000 -5.3000 -4.7000 2.8000 -4.7000 -4.7000 0.0000 -5.3000 -4.7000 0.0000 -5.3000 -4.7000 2.8000 -4.7000 -4.7000 2.8000 -5.3000 -5.3000 0.0000 -4.7000 -5.3000 0.0000 -4.7000 -5.3000 2.8000 -5.3000 -5.3000 2.8000 -4.7000 -5.3000 0.0000 -4.7000 -4.7000 0.0000 -4.7000 -4.7000 2.8000 -4.7000 -5.3000 2.8000 -5.3000 -4.7000 0.0000 -5.3000 -5.3000 0.0000 -5.3000 -5.3000 2.8000 -5.3000 -4.7000 2.8000 4.7000 -5.3000 2.8000 5.3000 -5.3000 2.8000 5.3000 -4.7000 2.8000 4.7000 -4.7000 2.8000 5.3000 -4.7000 0.0000 4.7000 -4.7000 0.0000 4.7000 -4.7000 2.8000 5.3000 -4.7000 2.8000 4.7000 -5.3000 0.0000 5.3000 -5.3000 0.0000 5.3000 -5.3000 2.8000 4.7000 -5.3000 2.8000 5.3000 -5.3000 0.0000 5.3000 -4.7000 0.0000 5.3000 -4.7000 2.8000 5.3000 -5.3000 2.8000 4.7000 -4.7000 0.0000 4.7000 -5.3000 0.0000 4.7000 -5.3000 2.8000 4.7000 -4.7000 2.8000 -9.4239 9.9111 2.0285 -9.4239 9.9111 1.9696 -9.4239 9.0781 2.0285 -9.4239 9.0781 1.9696 -5.5658 9.9111 2.0285 -5.5658 9.9111 1.9696 -5.5658 9.0781 2.0285 -5.5658 9.0781 1.9696 -9.4239 9.9111 1.4090 -9.4239 9.9111 1.3502 -9.4239 9.0781 1.4090 -9.4239 9.0781 1.3502 -5.5658 9.9111 1.4090 -5.5658 9.9111 1.3502 -5.5658 9.0781 1.4090 -5.5658 9.0781 1.3502 -9.4239 9.9111 0.7678 -9.4239 9.9111 0.7090 -9.4239 9.0781 0.7678 -9.4239 9.0781 0.7090 -5.5658 9.9111 0.7678 -5.5658 9.9111 0.7090 -5.5658 9.0781 0.7678 -5.5658 9.0781 0.7090 -5.5916 9.0730 1.4350 -5.5916 9.0924 1.4062 -5.5473 9.0730 1.4350 -5.5473 9.0924 1.4062 -5.5916 9.9043 1.9932 -5.5916 9.9236 1.9644 -5.5473 9.9043 1.9932 -5.5473 9.9236 1.9644 -5.5916 9.9043 0.7714 -5.5916 9.9234 0.8007 -5.5473 9.9043 0.7714 -5.5473 9.9234 0.8007 -5.5916 9.0695 1.3168 -5.5916 9.0887 1.3461 -5.5473 9.0695 1.3168 -5.5473 9.0887 1.3461 -5.5916 9.0691 0.1256 -5.5916 9.0887 0.0974 -5.5473 9.0691 0.1256 -5.5473 9.0887 0.0974 -5.5916 9.9043 0.7050 -5.5916 9.9239 0.6768 -5.5473 9.9043 0.7050 -5.5473 9.9239 0.6768 -5.5471 9.9143 2.5936 -5.5471 9.9143 2.5634 -5.5926 9.9143 2.5936 -5.5926 9.9143 2.5634 -5.5471 9.0873 2.5936 -5.5471 9.0873 2.5634 -5.5926 9.0873 2.5936 -5.5926 9.0873 2.5634 -5.5413 9.0913 0.0000 -5.5413 9.0602 0.0000 -5.5964 9.0913 0.0000 -5.5964 9.0602 0.0000 -5.5415 9.0914 2.6129 -5.5415 9.0604 2.6129 -5.5966 9.0914 2.6129 -5.5966 9.0604 2.6129 -5.5413 9.9326 0.0000 -5.5413 9.9016 0.0000 -5.5964 9.9326 0.0000 -5.5964 9.9016 0.0000 -5.5415 9.9328 2.6129 -5.5415 9.9017 2.6129 -5.5966 9.9328 2.6129 -5.5966 9.9017 2.6129 -7.5084 9.0730 1.4350 -7.5084 9.0924 1.4062 -7.4641 9.0730 1.4350 -7.4641 9.0924 1.4062 -7.5084 9.9043 1.9932 -7.5084 9.9236 1.9644 -7.4641 9.9043 1.9932 -7.4641 9.9236 1.9644 -7.5084 9.9043 0.7714 -7.5084 9.9234 0.8007 -7.4641 9.9043 0.7714 -7.4641 9.9234 0.8007 -7.5084 9.0695 1.3168 -7.5084 9.0887 1.3461 -7.4641 9.0695 1.3168 -7.4641 9.0887 1.3461 -7.5084 9.0691 0.1256 -7.5084 9.0887 0.0974 -7.4641 9.0691 0.1256 -7.4641 9.0887 0.0974 -7.5084 9.9043 0.7050 -7.5084 9.9239 0.6768 -7.4641 9.9043 0.7050 -7.4641 9.9239 0.6768 -7.4639 9.9143 2.5936 -7.4639 9.9143 2.5634 -7.5093 9.9143 2.5936 -7.5093 9.9143 2.5634 -7.4639 9.0873 2.5936 -7.4639 9.0873 2.5634 -7.5093 9.0873 2.5936 -7.5093 9.0873 2.5634 -7.4580 9.0913 0.0000 -7.4580 9.0602 0.0000 -7.5132 9.0913 0.0000 -7.5132 9.0602 0.0000 -7.4583 9.0914 2.6129 -7.4583 9.0604 2.6129 -7.5134 9.0914 2.6129 -7.5134 9.0604 2.6129 -7.4580 9.9326 0.0000 -7.4580 9.9016 0.0000 -7.5132 9.9326 0.0000 -7.5132 9.9016 0.0000 -7.4583 9.9328 2.6129 -7.4583 9.9017 2.6129 -7.5134 9.9328 2.6129 -7.5134 9.9017 2.6129 -9.4537 9.0730 1.4350 -9.4537 9.0924 1.4062 -9.4094 9.0730 1.4350 -9.4094 9.0924 1.4062 -9.4537 9.9043 1.9932 -9.4537 9.9236 1.9644 -9.4094 9.9043 1.9932 -9.4094 9.9236 1.9644 -9.4537 9.9043 0.7714 -9.4537 9.9234 0.8007 -9.4094 9.9043 0.7714 -9.4094 9.9234 0.8007 -9.4537 9.0695 1.3168 -9.4537 9.0887 1.3461 -9.4094 9.0695 1.3168 -9.4094 9.0887 1.3461 -9.4537 9.0691 0.1256 -9.4537 9.0887 0.0974 -9.4094 9.0691 0.1256 -9.4094 9.0887 0.0974 -9.4537 9.9043 0.7050 -9.4537 9.9239 0.6768 -9.4094 9.9043 0.7050 -9.4094 9.9239 0.6768 -9.4092 9.9143 2.5936 -9.4092 9.9143 2.5634 -9.4546 9.9143 2.5936 -9.4546 9.9143 2.5634 -9.4092 9.0873 2.5936 -9.4092 9.0873 2.5634 -9.4546 9.0873 2.5936 -9.4546 9.0873 2.5634 -9.4034 9.0913 0.0000 -9.4034 9.0602 0.0000 -9.4585 9.0913 0.0000 -9.4585 9.0602 0.0000 -9.4036 9.0914 2.6129 -9.4036 9.0604 2.6129 -9.4587 9.0914 2.6129 -9.4587 9.0604 2.6129 -9.4034 9.9326 0.0000 -9.4034 9.9016 0.0000 -9.4585 9.9326 0.0000 -9.4585 9.9016 0.0000 -9.4036 9.9328 2.6129 -9.4036 9.9017 2.6129 -9.4587 9.9328 2.6129 -9.4587 9.9017 2.6129 -9.4239 9.8835 2.4210 -9.4239 9.9398 2.4210 -9.4239 9.8835 2.3622 -9.4239 9.9398 2.3622 -5.5658 9.8835 2.4210 -5.5658 9.9398 2.4210 -5.5658 9.8835 2.3622 -5.5658 9.9398 2.3622 -9.2859 9.2748 0.7642 -8.5060 9.2734 0.7642 -9.2859 9.2748 0.9681 -8.5060 9.2734 0.9681 -9.2850 9.7526 0.7642 -8.5052 9.7512 0.7642 -8.5052 9.7512 0.9681 -9.2850 9.7526 0.9681 -8.3883 9.2748 0.7642 -7.6084 9.2734 0.7642 -8.3883 9.2748 0.9681 -7.6084 9.2734 0.9681 -8.3874 9.7526 0.7642 -7.6076 9.7512 0.7642 -7.6076 9.7512 0.9681 -8.3874 9.7526 0.9681 -8.3883 9.2748 0.9704 -7.6084 9.2734 0.9704 -8.3883 9.2748 1.1743 -7.6084 9.2734 1.1743 -8.3874 9.7526 0.9704 -7.6076 9.7512 0.9704 -7.6076 9.7512 1.1743 -8.3874 9.7526 1.1743 -8.9168 9.1227 1.4076 -8.9154 9.9025 1.4076 -8.9168 9.1227 1.6115 -8.9154 9.9025 1.6115 -9.3946 9.1235 1.4076 -9.3932 9.9034 1.4076 -9.3932 9.9034 1.6115 -9.3946 9.1235 1.6115 -8.9015 9.9034 1.4051 -8.9030 9.1235 1.4051 -8.9015 9.9034 1.6089 -8.9030 9.1235 1.6089 -8.4251 9.1227 1.4051 -8.4237 9.9025 1.4051 -8.4251 9.1227 1.6089 -8.4237 9.9025 1.6089 -8.9168 9.1227 1.6127 -8.9154 9.9025 1.6127 -8.9168 9.1227 1.8166 -8.9154 9.9025 1.8166 -9.3946 9.1235 1.6127 -9.3932 9.9034 1.6127 -9.3932 9.9034 1.8166 -9.3946 9.1235 1.8166 -7.5768 9.7512 1.4098 -8.3566 9.7526 1.4098 -7.5768 9.7512 1.6137 -8.3566 9.7526 1.6137 -7.5776 9.2734 1.4098 -8.3575 9.2748 1.4098 -8.3575 9.2748 1.6137 -7.5776 9.2734 1.6137 -7.5278 9.6712 1.6112 -8.2927 9.8235 1.8151 -7.5278 9.6712 1.8151 -8.2927 9.8235 1.6112 -7.6212 9.2025 1.6112 -8.3860 9.3549 1.6112 -8.3860 9.3549 1.8151 -7.6212 9.2025 1.8151 -6.6715 9.7512 1.4109 -7.4513 9.7526 1.4109 -6.6715 9.7512 1.6148 -7.4513 9.7526 1.6148 -6.6724 9.2734 1.4109 -7.4522 9.2748 1.4109 -7.4522 9.2748 1.6148 -6.6724 9.2734 1.6148 -6.6715 9.7512 1.6171 -7.4513 9.7526 1.6171 -6.6715 9.7512 1.8210 -7.4513 9.7526 1.8210 -6.6724 9.2734 1.6171 -7.4522 9.2748 1.6171 -7.4522 9.2748 1.8210 -6.6724 9.2734 1.8210 -6.6715 9.7512 2.0232 -7.4513 9.7526 2.0232 -6.6715 9.7512 2.2270 -7.4513 9.7526 2.2270 -6.6724 9.2734 2.0232 -7.4522 9.2748 2.0232 -7.4522 9.2748 2.2270 -6.6724 9.2734 2.2270 -6.1255 9.1386 0.7542 -6.1255 9.8993 0.7542 -5.6005 9.1386 0.7542 -5.6005 9.8993 0.7542 -5.6005 9.8993 0.8303 -6.1255 9.8993 0.8303 -5.6005 9.1386 0.8303 -6.1255 9.1386 0.8303 -6.1255 9.1386 0.8317 -6.1255 9.8993 0.8317 -5.6005 9.1386 0.8317 -5.6005 9.8993 0.8317 -5.6005 9.8993 0.9078 -6.1255 9.8993 0.9078 -5.6005 9.1386 0.9078 -6.1255 9.1386 0.9078 -6.1255 9.1386 0.9090 -6.1255 9.8993 0.9090 -5.6005 9.1386 0.9090 -5.6005 9.8993 0.9090 -5.6005 9.8993 0.9851 -6.1255 9.8993 0.9851 -5.6005 9.1386 0.9851 -6.1255 9.1386 0.9851 -6.6651 9.1152 1.4122 -6.6651 9.8758 1.4122 -6.1400 9.1152 1.4122 -6.1400 9.8758 1.4122 -6.1400 9.8758 1.4883 -6.6651 9.8758 1.4883 -6.1400 9.1152 1.4883 -6.6651 9.1152 1.4883 -6.6651 9.1152 1.4897 -6.6651 9.8758 1.4897 -6.1400 9.1152 1.4897 -6.1400 9.8758 1.4897 -6.1400 9.8758 1.5658 -6.6651 9.8758 1.5658 -6.1400 9.1152 1.5658 -6.6651 9.1152 1.5658 -6.6651 9.1152 1.5670 -6.6651 9.8758 1.5670 -6.1400 9.1152 1.5670 -6.1400 9.8758 1.5670 -6.1400 9.8758 1.6431 -6.6651 9.8758 1.6431 -6.1400 9.1152 1.6431 -6.6651 9.1152 1.6431 -6.4719 9.9139 1.6440 -6.0796 9.0771 1.6440 -6.5974 9.1637 1.6440 -5.9540 9.8273 1.6440 -6.0796 9.0771 1.7201 -5.9540 9.8273 1.7201 -6.4719 9.9139 1.7201 -6.5974 9.1637 1.7201 -6.4719 9.9139 1.7228 -6.0796 9.0771 1.7228 -6.5974 9.1637 1.7228 -5.9540 9.8273 1.7228 -6.0796 9.0771 1.7989 -5.9540 9.8273 1.7989 -6.4719 9.9139 1.7989 -6.5974 9.1637 1.7989 -6.1277 9.1152 1.4122 -6.1277 9.8758 1.4122 -5.6026 9.1152 1.4122 -5.6026 9.8758 1.4122 -5.6026 9.8758 1.4883 -6.1277 9.8758 1.4883 -5.6026 9.1152 1.4883 -6.1277 9.1152 1.4883 -6.1277 9.1152 1.4897 -6.1277 9.8758 1.4897 -5.6026 9.1152 1.4897 -5.6026 9.8758 1.4897 -5.6026 9.8758 1.5658 -6.1277 9.8758 1.5658 -5.6026 9.1152 1.5658 -6.1277 9.1152 1.5658 -5.7311 9.3371 2.0380 -6.4766 9.1862 2.0380 -5.8352 9.8517 2.0380 -6.5808 9.7008 2.0380 -6.4766 9.1862 2.1141 -5.8352 9.8517 2.1141 -6.5808 9.7008 2.1141 -5.7311 9.3371 2.1141 -5.7311 9.3371 2.1155 -6.4766 9.1862 2.1155 -5.8352 9.8517 2.1155 -6.5808 9.7008 2.1155 -6.4766 9.1862 2.1916 -5.8352 9.8517 2.1916 -6.5808 9.7008 2.1916 -5.7311 9.3371 2.1916 -5.7311 9.3371 2.1928 -6.4766 9.1862 2.1928 -5.8352 9.8517 2.1928 -6.5808 9.7008 2.1928 -6.4766 9.1862 2.2689 -5.8352 9.8517 2.2689 -6.5808 9.7008 2.2689 -5.7311 9.3371 2.2689 -5.7311 9.3371 2.2716 -6.4766 9.1862 2.2716 -5.8352 9.8517 2.2716 -6.5808 9.7008 2.2716 -6.4766 9.1862 2.3476 -5.8352 9.8517 2.3476 -6.5808 9.7008 2.3476 -5.7311 9.3371 2.3476 -6.8070 9.2496 1.2388 -6.8070 9.2496 0.7666 -6.8099 9.7936 1.2388 -6.8099 9.7936 0.7666 -7.4528 9.2481 0.7666 -7.4557 9.7921 0.7666 -7.4415 9.7921 1.2388 -7.4528 9.2481 1.2388 -7.4557 9.7921 1.2388 -6.1400 9.7936 1.2388 -6.1370 9.2496 1.2388 -6.1400 9.7936 0.7666 -6.1370 9.2496 0.7666 -6.7828 9.2481 0.7666 -6.7858 9.7921 0.7666 -6.7715 9.7921 1.2388 -6.7828 9.2481 1.2388 -6.7858 9.7921 1.2388 -8.6224 9.2496 2.5046 -8.6224 9.2496 2.0325 -8.6254 9.7936 2.5046 -8.6254 9.7936 2.0325 -9.2682 9.2481 2.0325 -9.2712 9.7921 2.0325 -9.2570 9.7921 2.5046 -9.2682 9.2481 2.5046 -9.2712 9.7921 2.5046 -7.9076 9.1222 2.5046 -7.9076 9.1222 2.0325 -7.6815 9.6170 2.5046 -7.6815 9.6170 2.0325 -8.2681 9.8871 2.0325 -8.4942 9.3923 2.0325 -8.2552 9.8812 2.5046 -8.4942 9.3923 2.5046 -8.2681 9.8871 2.5046 -9.4239 6.9111 2.0285 -9.4239 6.9111 1.9696 -9.4239 6.0781 2.0285 -9.4239 6.0781 1.9696 -5.5658 6.9111 2.0285 -5.5658 6.9111 1.9696 -5.5658 6.0781 2.0285 -5.5658 6.0781 1.9696 -9.4239 6.9111 1.4090 -9.4239 6.9111 1.3502 -9.4239 6.0781 1.4090 -9.4239 6.0781 1.3502 -5.5658 6.9111 1.4090 -5.5658 6.9111 1.3502 -5.5658 6.0781 1.4090 -5.5658 6.0781 1.3502 -9.4239 6.9111 0.7678 -9.4239 6.9111 0.7090 -9.4239 6.0781 0.7678 -9.4239 6.0781 0.7090 -5.5658 6.9111 0.7678 -5.5658 6.9111 0.7090 -5.5658 6.0781 0.7678 -5.5658 6.0781 0.7090 -5.5916 6.0730 1.4350 -5.5916 6.0924 1.4062 -5.5473 6.0730 1.4350 -5.5473 6.0924 1.4062 -5.5916 6.9043 1.9932 -5.5916 6.9236 1.9644 -5.5473 6.9043 1.9932 -5.5473 6.9236 1.9644 -5.5916 6.9043 0.7714 -5.5916 6.9234 0.8007 -5.5473 6.9043 0.7714 -5.5473 6.9234 0.8007 -5.5916 6.0695 1.3168 -5.5916 6.0887 1.3461 -5.5473 6.0695 1.3168 -5.5473 6.0887 1.3461 -5.5916 6.0691 0.1256 -5.5916 6.0887 0.0974 -5.5473 6.0691 0.1256 -5.5473 6.0887 0.0974 -5.5916 6.9043 0.7050 -5.5916 6.9239 0.6768 -5.5473 6.9043 0.7050 -5.5473 6.9239 0.6768 -5.5471 6.9143 2.5936 -5.5471 6.9143 2.5634 -5.5926 6.9143 2.5936 -5.5926 6.9143 2.5634 -5.5471 6.0873 2.5936 -5.5471 6.0873 2.5634 -5.5926 6.0873 2.5936 -5.5926 6.0873 2.5634 -5.5413 6.0913 0.0000 -5.5413 6.0602 0.0000 -5.5964 6.0913 0.0000 -5.5964 6.0602 0.0000 -5.5415 6.0914 2.6129 -5.5415 6.0604 2.6129 -5.5966 6.0914 2.6129 -5.5966 6.0604 2.6129 -5.5413 6.9326 0.0000 -5.5413 6.9016 0.0000 -5.5964 6.9326 0.0000 -5.5964 6.9016 0.0000 -5.5415 6.9328 2.6129 -5.5415 6.9017 2.6129 -5.5966 6.9328 2.6129 -5.5966 6.9017 2.6129 -7.5084 6.0730 1.4350 -7.5084 6.0924 1.4062 -7.4641 6.0730 1.4350 -7.4641 6.0924 1.4062 -7.5084 6.9043 1.9932 -7.5084 6.9236 1.9644 -7.4641 6.9043 1.9932 -7.4641 6.9236 1.9644 -7.5084 6.9043 0.7714 -7.5084 6.9234 0.8007 -7.4641 6.9043 0.7714 -7.4641 6.9234 0.8007 -7.5084 6.0695 1.3168 -7.5084 6.0887 1.3461 -7.4641 6.0695 1.3168 -7.4641 6.0887 1.3461 -7.5084 6.0691 0.1256 -7.5084 6.0887 0.0974 -7.4641 6.0691 0.1256 -7.4641 6.0887 0.0974 -7.5084 6.9043 0.7050 -7.5084 6.9239 0.6768 -7.4641 6.9043 0.7050 -7.4641 6.9239 0.6768 -7.4639 6.9143 2.5936 -7.4639 6.9143 2.5634 -7.5093 6.9143 2.5936 -7.5093 6.9143 2.5634 -7.4639 6.0873 2.5936 -7.4639 6.0873 2.5634 -7.5093 6.0873 2.5936 -7.5093 6.0873 2.5634 -7.4580 6.0913 0.0000 -7.4580 6.0602 0.0000 -7.5132 6.0913 0.0000 -7.5132 6.0602 0.0000 -7.4583 6.0914 2.6129 -7.4583 6.0604 2.6129 -7.5134 6.0914 2.6129 -7.5134 6.0604 2.6129 -7.4580 6.9326 0.0000 -7.4580 6.9016 0.0000 -7.5132 6.9326 0.0000 -7.5132 6.9016 0.0000 -7.4583 6.9328 2.6129 -7.4583 6.9017 2.6129 -7.5134 6.9328 2.6129 -7.5134 6.9017 2.6129 -9.4537 6.0730 1.4350 -9.4537 6.0924 1.4062 -9.4094 6.0730 1.4350 -9.4094 6.0924 1.4062 -9.4537 6.9043 1.9932 -9.4537 6.9236 1.9644 -9.4094 6.9043 1.9932 -9.4094 6.9236 1.9644 -9.4537 6.9043 0.7714 -9.4537 6.9234 0.8007 -9.4094 6.9043 0.7714 -9.4094 6.9234 0.8007 -9.4537 6.0695 1.3168 -9.4537 6.0887 1.3461 -9.4094 6.0695 1.3168 -9.4094 6.0887 1.3461 -9.4537 6.0691 0.1256 -9.4537 6.0887 0.0974 -9.4094 6.0691 0.1256 -9.4094 6.0887 0.0974 -9.4537 6.9043 0.7050 -9.4537 6.9239 0.6768 -9.4094 6.9043 0.7050 -9.4094 6.9239 0.6768 -9.4092 6.9143 2.5936 -9.4092 6.9143 2.5634 -9.4546 6.9143 2.5936 -9.4546 6.9143 2.5634 -9.4092 6.0873 2.5936 -9.4092 6.0873 2.5634 -9.4546 6.0873 2.5936 -9.4546 6.0873 2.5634 -9.4034 6.0913 0.0000 -9.4034 6.0602 0.0000 -9.4585 6.0913 0.0000 -9.4585 6.0602 0.0000 -9.4036 6.0914 2.6129 -9.4036 6.0604 2.6129 -9.4587 6.0914 2.6129 -9.4587 6.0604 2.6129 -9.4034 6.9326 0.0000 -9.4034 6.9016 0.0000 -9.4585 6.9326 0.0000 -9.4585 6.9016 0.0000 -9.4036 6.9328 2.6129 -9.4036 6.9017 2.6129 -9.4587 6.9328 2.6129 -9.4587 6.9017 2.6129 -9.4239 6.8835 2.4210 -9.4239 6.9398 2.4210 -9.4239 6.8835 2.3622 -9.4239 6.9398 2.3622 -5.5658 6.8835 2.4210 -5.5658 6.9398 2.4210 -5.5658 6.8835 2.3622 -5.5658 6.9398 2.3622 -9.2859 6.2748 0.7642 -8.5060 6.2734 0.7642 -9.2859 6.2748 0.9681 -8.5060 6.2734 0.9681 -9.2850 6.7526 0.7642 -8.5052 6.7512 0.7642 -8.5052 6.7512 0.9681 -9.2850 6.7526 0.9681 -8.3883 6.2748 0.7642 -7.6084 6.2734 0.7642 -8.3883 6.2748 0.9681 -7.6084 6.2734 0.9681 -8.3874 6.7526 0.7642 -7.6076 6.7512 0.7642 -7.6076 6.7512 0.9681 -8.3874 6.7526 0.9681 -8.3883 6.2748 0.9704 -7.6084 6.2734 0.9704 -8.3883 6.2748 1.1743 -7.6084 6.2734 1.1743 -8.3874 6.7526 0.9704 -7.6076 6.7512 0.9704 -7.6076 6.7512 1.1743 -8.3874 6.7526 1.1743 -8.9168 6.1227 1.4076 -8.9154 6.9025 1.4076 -8.9168 6.1227 1.6115 -8.9154 6.9025 1.6115 -9.3946 6.1235 1.4076 -9.3932 6.9034 1.4076 -9.3932 6.9034 1.6115 -9.3946 6.1235 1.6115 -8.9015 6.9034 1.4051 -8.9030 6.1235 1.4051 -8.9015 6.9034 1.6089 -8.9030 6.1235 1.6089 -8.4251 6.1227 1.4051 -8.4237 6.9025 1.4051 -8.4251 6.1227 1.6089 -8.4237 6.9025 1.6089 -8.9168 6.1227 1.6127 -8.9154 6.9025 1.6127 -8.9168 6.1227 1.8166 -8.9154 6.9025 1.8166 -9.3946 6.1235 1.6127 -9.3932 6.9034 1.6127 -9.3932 6.9034 1.8166 -9.3946 6.1235 1.8166 -7.5768 6.7512 1.4098 -8.3566 6.7526 1.4098 -7.5768 6.7512 1.6137 -8.3566 6.7526 1.6137 -7.5776 6.2734 1.4098 -8.3575 6.2748 1.4098 -8.3575 6.2748 1.6137 -7.5776 6.2734 1.6137 -7.5278 6.6712 1.6112 -8.2927 6.8235 1.8151 -7.5278 6.6712 1.8151 -8.2927 6.8235 1.6112 -7.6212 6.2025 1.6112 -8.3860 6.3549 1.6112 -8.3860 6.3549 1.8151 -7.6212 6.2025 1.8151 -6.6715 6.7512 1.4109 -7.4513 6.7526 1.4109 -6.6715 6.7512 1.6148 -7.4513 6.7526 1.6148 -6.6724 6.2734 1.4109 -7.4522 6.2748 1.4109 -7.4522 6.2748 1.6148 -6.6724 6.2734 1.6148 -6.6715 6.7512 1.6171 -7.4513 6.7526 1.6171 -6.6715 6.7512 1.8210 -7.4513 6.7526 1.8210 -6.6724 6.2734 1.6171 -7.4522 6.2748 1.6171 -7.4522 6.2748 1.8210 -6.6724 6.2734 1.8210 -6.6715 6.7512 2.0232 -7.4513 6.7526 2.0232 -6.6715 6.7512 2.2270 -7.4513 6.7526 2.2270 -6.6724 6.2734 2.0232 -7.4522 6.2748 2.0232 -7.4522 6.2748 2.2270 -6.6724 6.2734 2.2270 -6.1255 6.1386 0.7542 -6.1255 6.8993 0.7542 -5.6005 6.1386 0.7542 -5.6005 6.8993 0.7542 -5.6005 6.8993 0.8303 -6.1255 6.8993 0.8303 -5.6005 6.1386 0.8303 -6.1255 6.1386 0.8303 -6.1255 6.1386 0.8317 -6.1255 6.8993 0.8317 -5.6005 6.1386 0.8317 -5.6005 6.8993 0.8317 -5.6005 6.8993 0.9078 -6.1255 6.8993 0.9078 -5.6005 6.1386 0.9078 -6.1255 6.1386 0.9078 -6.1255 6.1386 0.9090 -6.1255 6.8993 0.9090 -5.6005 6.1386 0.9090 -5.6005 6.8993 0.9090 -5.6005 6.8993 0.9851 -6.1255 6.8993 0.9851 -5.6005 6.1386 0.9851 -6.1255 6.1386 0.9851 -6.6651 6.1152 1.4122 -6.6651 6.8758 1.4122 -6.1400 6.1152 1.4122 -6.1400 6.8758 1.4122 -6.1400 6.8758 1.4883 -6.6651 6.8758 1.4883 -6.1400 6.1152 1.4883 -6.6651 6.1152 1.4883 -6.6651 6.1152 1.4897 -6.6651 6.8758 1.4897 -6.1400 6.1152 1.4897 -6.1400 6.8758 1.4897 -6.1400 6.8758 1.5658 -6.6651 6.8758 1.5658 -6.1400 6.1152 1.5658 -6.6651 6.1152 1.5658 -6.6651 6.1152 1.5670 -6.6651 6.8758 1.5670 -6.1400 6.1152 1.5670 -6.1400 6.8758 1.5670 -6.1400 6.8758 1.6431 -6.6651 6.8758 1.6431 -6.1400 6.1152 1.6431 -6.6651 6.1152 1.6431 -6.4719 6.9139 1.6440 -6.0796 6.0771 1.6440 -6.5974 6.1637 1.6440 -5.9540 6.8273 1.6440 -6.0796 6.0771 1.7201 -5.9540 6.8273 1.7201 -6.4719 6.9139 1.7201 -6.5974 6.1637 1.7201 -6.4719 6.9139 1.7228 -6.0796 6.0771 1.7228 -6.5974 6.1637 1.7228 -5.9540 6.8273 1.7228 -6.0796 6.0771 1.7989 -5.9540 6.8273 1.7989 -6.4719 6.9139 1.7989 -6.5974 6.1637 1.7989 -6.1277 6.1152 1.4122 -6.1277 6.8758 1.4122 -5.6026 6.1152 1.4122 -5.6026 6.8758 1.4122 -5.6026 6.8758 1.4883 -6.1277 6.8758 1.4883 -5.6026 6.1152 1.4883 -6.1277 6.1152 1.4883 -6.1277 6.1152 1.4897 -6.1277 6.8758 1.4897 -5.6026 6.1152 1.4897 -5.6026 6.8758 1.4897 -5.6026 6.8758 1.5658 -6.1277 6.8758 1.5658 -5.6026 6.1152 1.5658 -6.1277 6.1152 1.5658 -5.7311 6.3371 2.0380 -6.4766 6.1862 2.0380 -5.8352 6.8517 2.0380 -6.5808 6.7008 2.0380 -6.4766 6.1862 2.1141 -5.8352 6.8517 2.1141 -6.5808 6.7008 2.1141 -5.7311 6.3371 2.1141 -5.7311 6.3371 2.1155 -6.4766 6.1862 2.1155 -5.8352 6.8517 2.1155 -6.5808 6.7008 2.1155 -6.4766 6.1862 2.1916 -5.8352 6.8517 2.1916 -6.5808 6.7008 2.1916 -5.7311 6.3371 2.1916 -5.7311 6.3371 2.1928 -6.4766 6.1862 2.1928 -5.8352 6.8517 2.1928 -6.5808 6.7008 2.1928 -6.4766 6.1862 2.2689 -5.8352 6.8517 2.2689 -6.5808 6.7008 2.2689 -5.7311 6.3371 2.2689 -5.7311 6.3371 2.2716 -6.4766 6.1862 2.2716 -5.8352 6.8517 2.2716 -6.5808 6.7008 2.2716 -6.4766 6.1862 2.3476 -5.8352 6.8517 2.3476 -6.5808 6.7008 2.3476 -5.7311 6.3371 2.3476 -6.8070 6.2496 1.2388 -6.8070 6.2496 0.7666 -6.8099 6.7936 1.2388 -6.8099 6.7936 0.7666 -7.4528 6.2481 0.7666 -7.4557 6.7921 0.7666 -7.4415 6.7921 1.2388 -7.4528 6.2481 1.2388 -7.4557 6.7921 1.2388 -6.1400 6.7936 1.2388 -6.1370 6.2496 1.2388 -6.1400 6.7936 0.7666 -6.1370 6.2496 0.7666 -6.7828 6.2481 0.7666 -6.7858 6.7921 0.7666 -6.7715 6.7921 1.2388 -6.7828 6.2481 1.2388 -6.7858 6.7921 1.2388 -8.6224 6.2496 2.5046 -8.6224 6.2496 2.0325 -8.6254 6.7936 2.5046 -8.6254 6.7936 2.0325 -9.2682 6.2481 2.0325 -9.2712 6.7921 2.0325 -9.2570 6.7921 2.5046 -9.2682 6.2481 2.5046 -9.2712 6.7921 2.5046 -7.9076 6.1222 2.5046 -7.9076 6.1222 2.0325 -7.6815 6.6170 2.5046 -7.6815 6.6170 2.0325 -8.2681 6.8871 2.0325 -8.4942 6.3923 2.0325 -8.2552 6.8812 2.5046 -8.4942 6.3923 2.5046 -8.2681 6.8871 2.5046 -9.4239 3.9111 2.0285 -9.4239 3.9111 1.9696 -9.4239 3.0781 2.0285 -9.4239 3.0781 1.9696 -5.5658 3.9111 2.0285 -5.5658 3.9111 1.9696 -5.5658 3.0781 2.0285 -5.5658 3.0781 1.9696 -9.4239 3.9111 1.4090 -9.4239 3.9111 1.3502 -9.4239 3.0781 1.4090 -9.4239 3.0781 1.3502 -5.5658 3.9111 1.4090 -5.5658 3.9111 1.3502 -5.5658 3.0781 1.4090 -5.5658 3.0781 1.3502 -9.4239 3.9111 0.7678 -9.4239 3.9111 0.7090 -9.4239 3.0781 0.7678 -9.4239 3.0781 0.7090 -5.5658 3.9111 0.7678 -5.5658 3.9111 0.7090 -5.5658 3.0781 0.7678 -5.5658 3.0781 0.7090 -5.5916 3.0730 1.4350 -5.5916 3.0924 1.4062 -5.5473 3.0730 1.4350 -5.5473 3.0924 1.4062 -5.5916 3.9043 1.9932 -5.5916 3.9236 1.9644 -5.5473 3.9043 1.9932 -5.5473 3.9236 1.9644 -5.5916 3.9043 0.7714 -5.5916 3.9234 0.8007 -5.5473 3.9043 0.7714 -5.5473 3.9234 0.8007 -5.5916 3.0695 1.3168 -5.5916 3.0887 1.3461 -5.5473 3.0695 1.3168 -5.5473 3.0887 1.3461 -5.5916 3.0691 0.1256 -5.5916 3.0887 0.0974 -5.5473 3.0691 0.1256 -5.5473 3.0887 0.0974 -5.5916 3.9043 0.7050 -5.5916 3.9239 0.6768 -5.5473 3.9043 0.7050 -5.5473 3.9239 0.6768 -5.5471 3.9143 2.5936 -5.5471 3.9143 2.5634 -5.5926 3.9143 2.5936 -5.5926 3.9143 2.5634 -5.5471 3.0873 2.5936 -5.5471 3.0873 2.5634 -5.5926 3.0873 2.5936 -5.5926 3.0873 2.5634 -5.5413 3.0913 0.0000 -5.5413 3.0602 0.0000 -5.5964 3.0913 0.0000 -5.5964 3.0602 0.0000 -5.5415 3.0914 2.6129 -5.5415 3.0604 2.6129 -5.5966 3.0914 2.6129 -5.5966 3.0604 2.6129 -5.5413 3.9326 0.0000 -5.5413 3.9016 0.0000 -5.5964 3.9326 0.0000 -5.5964 3.9016 0.0000 -5.5415 3.9328 2.6129 -5.5415 3.9017 2.6129 -5.5966 3.9328 2.6129 -5.5966 3.9017 2.6129 -7.5084 3.0730 1.4350 -7.5084 3.0924 1.4062 -7.4641 3.0730 1.4350 -7.4641 3.0924 1.4062 -7.5084 3.9043 1.9932 -7.5084 3.9236 1.9644 -7.4641 3.9043 1.9932 -7.4641 3.9236 1.9644 -7.5084 3.9043 0.7714 -7.5084 3.9234 0.8007 -7.4641 3.9043 0.7714 -7.4641 3.9234 0.8007 -7.5084 3.0695 1.3168 -7.5084 3.0887 1.3461 -7.4641 3.0695 1.3168 -7.4641 3.0887 1.3461 -7.5084 3.0691 0.1256 -7.5084 3.0887 0.0974 -7.4641 3.0691 0.1256 -7.4641 3.0887 0.0974 -7.5084 3.9043 0.7050 -7.5084 3.9239 0.6768 -7.4641 3.9043 0.7050 -7.4641 3.9239 0.6768 -7.4639 3.9143 2.5936 -7.4639 3.9143 2.5634 -7.5093 3.9143 2.5936 -7.5093 3.9143 2.5634 -7.4639 3.0873 2.5936 -7.4639 3.0873 2.5634 -7.5093 3.0873 2.5936 -7.5093 3.0873 2.5634 -7.4580 3.0913 0.0000 -7.4580 3.0602 0.0000 -7.5132 3.0913 0.0000 -7.5132 3.0602 0.0000 -7.4583 3.0914 2.6129 -7.4583 3.0604 2.6129 -7.5134 3.0914 2.6129 -7.5134 3.0604 2.6129 -7.4580 3.9326 0.0000 -7.4580 3.9016 0.0000 -7.5132 3.9326 0.0000 -7.5132 3.9016 0.0000 -7.4583 3.9328 2.6129 -7.4583 3.9017 2.6129 -7.5134 3.9328 2.6129 -7.5134 3.9017 2.6129 -9.4537 3.0730 1.4350 -9.4537 3.0924 1.4062 -9.4094 3.0730 1.4350 -9.4094 3.0924 1.4062 -9.4537 3.9043 1.9932 -9.4537 3.9236 1.9644 -9.4094 3.9043 1.9932 -9.4094 3.9236 1.9644 -9.4537 3.9043 0.7714 -9.4537 3.9234 0.8007 -9.4094 3.9043 0.7714 -9.4094 3.9234 0.8007 -9.4537 3.0695 1.3168 -9.4537 3.0887 1.3461 -9.4094 3.0695 1.3168 -9.4094 3.0887 1.3461 -9.4537 3.0691 0.1256 -9.4537 3.0887 0.0974 -9.4094 3.0691 0.1256 -9.4094 3.0887 0.0974 -9.4537 3.9043 0.7050 -9.4537 3.9239 0.6768 -9.4094 3.9043 0.7050 -9.4094 3.9239 0.6768 -9.4092 3.9143 2.5936 -9.4092 3.9143 2.5634 -9.4546 3.9143 2.5936 -9.4546 3.9143 2.5634 -9.4092 3.0873 2.5936 -9.4092 3.0873 2.5634 -9.4546 3.0873 2.5936 -9.4546 3.0873 2.5634 -9.4034 3.0913 0.0000 -9.4034 3.0602 0.0000 -9.4585 3.0913 0.0000 -9.4585 3.0602 0.0000 -9.4036 3.0914 2.6129 -9.4036 3.0604 2.6129 -9.4587 3.0914 2.6129 -9.4587 3.0604 2.6129 -9.4034 3.9326 0.0000 -9.4034 3.9016 0.0000 -9.4585 3.9326 0.0000 -9.4585 3.9016 0.0000 -9.4036 3.9328 2.6129 -9.4036 3.9017 2.6129 -9.4587 3.9328 2.6129 -9.4587 3.9017 2.6129 -9.4239 3.8835 2.4210 -9.4239 3.9398 2.4210 -9.4239 3.8835 2.3622 -9.4239 3.9398 2.3622 -5.5658 3.8835 2.4210 -5.5658 3.9398 2.4210 -5.5658 3.8835 2.3622 -5.5658 3.9398 2.3622 -9.2859 3.2748 0.7642 -8.5060 3.2734 0.7642 -9.2859 3.2748 0.9681 -8.5060 3.2734 0.9681 -9.2850 3.7526 0.7642 -8.5052 3.7512 0.7642 -8.5052 3.7512 0.9681 -9.2850 3.7526 0.9681 -8.3883 3.2748 0.7642 -7.6084 3.2734 0.7642 -8.3883 3.2748 0.9681 -7.6084 3.2734 0.9681 -8.3874 3.7526 0.7642 -7.6076 3.7512 0.7642 -7.6076 3.7512 0.9681 -8.3874 3.7526 0.9681 -8.3883 3.2748 0.9704 -7.6084 3.2734 0.9704 -8.3883 3.2748 1.1743 -7.6084 3.2734 1.1743 -8.3874 3.7526 0.9704 -7.6076 3.7512 0.9704 -7.6076 3.7512 1.1743 -8.3874 3.7526 1.1743 -8.9168 3.1227 1.4076 -8.9154 3.9025 1.4076 -8.9168 3.1227 1.6115 -8.9154 3.9025 1.6115 -9.3946 3.1235 1.4076 -9.3932 3.9034 1.4076 -9.3932 3.9034 1.6115 -9.3946 3.1235 1.6115 -8.9015 3.9034 1.4051 -8.9030 3.1235 1.4051 -8.9015 3.9034 1.6089 -8.9030 3.1235 1.6089 -8.4251 3.1227 1.4051 -8.4237 3.9025 1.4051 -8.4251 3.1227 1.6089 -8.4237 3.9025 1.6089 -8.9168 3.1227 1.6127 -8.9154 3.9025 1.6127 -8.9168 3.1227 1.8166 -8.9154 3.9025 1.8166 -9.3946 3.1235 1.6127 -9.3932 3.9034 1.6127 -9.3932 3.9034 1.8166 -9.3946 3.1235 1.8166 -7.5768 3.7512 1.4098 -8.3566 3.7526 1.4098 -7.5768 3.7512 1.6137 -8.3566 3.7526 1.6137 -7.5776 3.2734 1.4098 -8.3575 3.2748 1.4098 -8.3575 3.2748 1.6137 -7.5776 3.2734 1.6137 -7.5278 3.6712 1.6112 -8.2927 3.8235 1.8151 -7.5278 3.6712 1.8151 -8.2927 3.8235 1.6112 -7.6212 3.2025 1.6112 -8.3860 3.3549 1.6112 -8.3860 3.3549 1.8151 -7.6212 3.2025 1.8151 -6.6715 3.7512 1.4109 -7.4513 3.7526 1.4109 -6.6715 3.7512 1.6148 -7.4513 3.7526 1.6148 -6.6724 3.2734 1.4109 -7.4522 3.2748 1.4109 -7.4522 3.2748 1.6148 -6.6724 3.2734 1.6148 -6.6715 3.7512 1.6171 -7.4513 3.7526 1.6171 -6.6715 3.7512 1.8210 -7.4513 3.7526 1.8210 -6.6724 3.2734 1.6171 -7.4522 3.2748 1.6171 -7.4522 3.2748 1.8210 -6.6724 3.2734 1.8210 -6.6715 3.7512 2.0232 -7.4513 3.7526 2.0232 -6.6715 3.7512 2.2270 -7.4513 3.7526 2.2270 -6.6724 3.2734 2.0232 -7.4522 3.2748 2.0232 -7.4522 3.2748 2.2270 -6.6724 3.2734 2.2270 -6.1255 3.1386 0.7542 -6.1255 3.8993 0.7542 -5.6005 3.1386 0.7542 -5.6005 3.8993 0.7542 -5.6005 3.8993 0.8303 -6.1255 3.8993 0.8303 -5.6005 3.1386 0.8303 -6.1255 3.1386 0.8303 -6.1255 3.1386 0.8317 -6.1255 3.8993 0.8317 -5.6005 3.1386 0.8317 -5.6005 3.8993 0.8317 -5.6005 3.8993 0.9078 -6.1255 3.8993 0.9078 -5.6005 3.1386 0.9078 -6.1255 3.1386 0.9078 -6.1255 3.1386 0.9090 -6.1255 3.8993 0.9090 -5.6005 3.1386 0.9090 -5.6005 3.8993 0.9090 -5.6005 3.8993 0.9851 -6.1255 3.8993 0.9851 -5.6005 3.1386 0.9851 -6.1255 3.1386 0.9851 -6.6651 3.1152 1.4122 -6.6651 3.8758 1.4122 -6.1400 3.1152 1.4122 -6.1400 3.8758 1.4122 -6.1400 3.8758 1.4883 -6.6651 3.8758 1.4883 -6.1400 3.1152 1.4883 -6.6651 3.1152 1.4883 -6.6651 3.1152 1.4897 -6.6651 3.8758 1.4897 -6.1400 3.1152 1.4897 -6.1400 3.8758 1.4897 -6.1400 3.8758 1.5658 -6.6651 3.8758 1.5658 -6.1400 3.1152 1.5658 -6.6651 3.1152 1.5658 -6.6651 3.1152 1.5670 -6.6651 3.8758 1.5670 -6.1400 3.1152 1.5670 -6.1400 3.8758 1.5670 -6.1400 3.8758 1.6431 -6.6651 3.8758 1.6431 -6.1400 3.1152 1.6431 -6.6651 3.1152 1.6431 -6.4719 3.9139 1.6440 -6.0796 3.0771 1.6440 -6.5974 3.1637 1.6440 -5.9540 3.8273 1.6440 -6.0796 3.0771 1.7201 -5.9540 3.8273 1.7201 -6.4719 3.9139 1.7201 -6.5974 3.1637 1.7201 -6.4719 3.9139 1.7228 -6.0796 3.0771 1.7228 -6.5974 3.1637 1.7228 -5.9540 3.8273 1.7228 -6.0796 3.0771 1.7989 -5.9540 3.8273 1.7989 -6.4719 3.9139 1.7989 -6.5974 3.1637 1.7989 -6.1277 3.1152 1.4122 -6.1277 3.8758 1.4122 -5.6026 3.1152 1.4122 -5.6026 3.8758 1.4122 -5.6026 3.8758 1.4883 -6.1277 3.8758 1.4883 -5.6026 3.1152 1.4883 -6.1277 3.1152 1.4883 -6.1277 3.1152 1.4897 -6.1277 3.8758 1.4897 -5.6026 3.1152 1.4897 -5.6026 3.8758 1.4897 -5.6026 3.8758 1.5658 -6.1277 3.8758 1.5658 -5.6026 3.1152 1.5658 -6.1277 3.1152 1.5658 -5.7311 3.3371 2.0380 -6.4766 3.1862 2.0380 -5.8352 3.8517 2.0380 -6.5808 3.7008 2.0380 -6.4766 3.1862 2.1141 -5.8352 3.8517 2.1141 -6.5808 3.7008 2.1141 -5.7311 3.3371 2.1141 -5.7311 3.3371 2.1155 -6.4766 3.1862 2.1155 -5.8352 3.8517 2.1155 -6.5808 3.7008 2.1155 -6.4766 3.1862 2.1916 -5.8352 3.8517 2.1916 -6.5808 3.7008 2.1916 -5.7311 3.3371 2.1916 -5.7311 3.3371 2.1928 -6.4766 3.1862 2.1928 -5.8352 3.8517 2.1928 -6.5808 3.7008 2.1928 -6.4766 3.1862 2.2689 -5.8352 3.8517 2.2689 -6.5808 3.7008 2.2689 -5.7311 3.3371 2.2689 -5.7311 3.3371 2.2716 -6.4766 3.1862 2.2716 -5.8352 3.8517 2.2716 -6.5808 3.7008 2.2716 -6.4766 3.1862 2.3476 -5.8352 3.8517 2.3476 -6.5808 3.7008 2.3476 -5.7311 3.3371 2.3476 -6.8070 3.2496 1.2388 -6.8070 3.2496 0.7666 -6.8099 3.7936 1.2388 -6.8099 3.7936 0.7666 -7.4528 3.2481 0.7666 -7.4557 3.7921 0.7666 -7.4415 3.7921 1.2388 -7.4528 3.2481 1.2388 -7.4557 3.7921 1.2388 -6.1400 3.7936 1.2388 -6.1370 3.2496 1.2388 -6.1400 3.7936 0.7666 -6.1370 3.2496 0.7666 -6.7828 3.2481 0.7666 -6.7858 3.7921 0.7666 -6.7715 3.7921 1.2388 -6.7828 3.2481 1.2388 -6.7858 3.7921 1.2388 -8.6224 3.2496 2.5046 -8.6224 3.2496 2.0325 -8.6254 3.7936 2.5046 -8.6254 3.7936 2.0325 -9.2682 3.2481 2.0325 -9.2712 3.7921 2.0325 -9.2570 3.7921 2.5046 -9.2682 3.2481 2.5046 -9.2712 3.7921 2.5046 -7.9076 3.1222 2.5046 -7.9076 3.1222 2.0325 -7.6815 3.6170 2.5046 -7.6815 3.6170 2.0325 -8.2681 3.8871 2.0325 -8.4942 3.3923 2.0325 -8.2552 3.8812 2.5046 -8.4942 3.3923 2.5046 -8.2681 3.8871 2.5046 3.6081 9.7311 2.0285 3.6081 9.7311 1.9696 3.6081 8.8981 2.0285 3.6081 8.8981 1.9696 7.4662 9.7311 2.0285 7.4662 9.7311 1.9696 7.4662 8.8981 2.0285 7.4662 8.8981 1.9696 3.6081 9.7311 1.4090 3.6081 9.7311 1.3502 3.6081 8.8981 1.4090 3.6081 8.8981 1.3502 7.4662 9.7311 1.4090 7.4662 9.7311 1.3502 7.4662 8.8981 1.4090 7.4662 8.8981 1.3502 3.6081 9.7311 0.7678 3.6081 9.7311 0.7090 3.6081 8.8981 0.7678 3.6081 8.8981 0.7090 7.4662 9.7311 0.7678 7.4662 9.7311 0.7090 7.4662 8.8981 0.7678 7.4662 8.8981 0.7090 7.4404 8.8930 1.4350 7.4404 8.9124 1.4062 7.4847 8.8930 1.4350 7.4847 8.9124 1.4062 7.4404 9.7243 1.9932 7.4404 9.7436 1.9644 7.4847 9.7243 1.9932 7.4847 9.7436 1.9644 7.4404 9.7243 0.7714 7.4404 9.7434 0.8007 7.4847 9.7243 0.7714 7.4847 9.7434 0.8007 7.4404 8.8895 1.3168 7.4404 8.9087 1.3461 7.4847 8.8895 1.3168 7.4847 8.9087 1.3461 7.4404 8.8891 0.1256 7.4404 8.9087 0.0974 7.4847 8.8891 0.1256 7.4847 8.9087 0.0974 7.4404 9.7243 0.7050 7.4404 9.7439 0.6768 7.4847 9.7243 0.7050 7.4847 9.7439 0.6768 7.4849 9.7343 2.5936 7.4849 9.7343 2.5634 7.4394 9.7343 2.5936 7.4394 9.7343 2.5634 7.4849 8.9073 2.5936 7.4849 8.9073 2.5634 7.4394 8.9073 2.5936 7.4394 8.9073 2.5634 7.4907 8.9113 0.0000 7.4907 8.8802 0.0000 7.4356 8.9113 0.0000 7.4356 8.8802 0.0000 7.4905 8.9114 2.6129 7.4905 8.8804 2.6129 7.4354 8.9114 2.6129 7.4354 8.8804 2.6129 7.4907 9.7526 0.0000 7.4907 9.7216 0.0000 7.4356 9.7526 0.0000 7.4356 9.7216 0.0000 7.4905 9.7528 2.6129 7.4905 9.7217 2.6129 7.4354 9.7528 2.6129 7.4354 9.7217 2.6129 5.5236 8.8930 1.4350 5.5236 8.9124 1.4062 5.5679 8.8930 1.4350 5.5679 8.9124 1.4062 5.5236 9.7243 1.9932 5.5236 9.7436 1.9644 5.5679 9.7243 1.9932 5.5679 9.7436 1.9644 5.5236 9.7243 0.7714 5.5236 9.7434 0.8007 5.5679 9.7243 0.7714 5.5679 9.7434 0.8007 5.5236 8.8895 1.3168 5.5236 8.9087 1.3461 5.5679 8.8895 1.3168 5.5679 8.9087 1.3461 5.5236 8.8891 0.1256 5.5236 8.9087 0.0974 5.5679 8.8891 0.1256 5.5679 8.9087 0.0974 5.5236 9.7243 0.7050 5.5236 9.7439 0.6768 5.5679 9.7243 0.7050 5.5679 9.7439 0.6768 5.5681 9.7343 2.5936 5.5681 9.7343 2.5634 5.5227 9.7343 2.5936 5.5227 9.7343 2.5634 5.5681 8.9073 2.5936 5.5681 8.9073 2.5634 5.5227 8.9073 2.5936 5.5227 8.9073 2.5634 5.5740 8.9113 0.0000 5.5740 8.8802 0.0000 5.5188 8.9113 0.0000 5.5188 8.8802 0.0000 5.5737 8.9114 2.6129 5.5737 8.8804 2.6129 5.5186 8.9114 2.6129 5.5186 8.8804 2.6129 5.5740 9.7526 0.0000 5.5740 9.7216 0.0000 5.5188 9.7526 0.0000 5.5188 9.7216 0.0000 5.5737 9.7528 2.6129 5.5737 9.7217 2.6129 5.5186 9.7528 2.6129 5.5186 9.7217 2.6129 3.5783 8.8930 1.4350 3.5783 8.9124 1.4062 3.6226 8.8930 1.4350 3.6226 8.9124 1.4062 3.5783 9.7243 1.9932 3.5783 9.7436 1.9644 3.6226 9.7243 1.9932 3.6226 9.7436 1.9644 3.5783 9.7243 0.7714 3.5783 9.7434 0.8007 3.6226 9.7243 0.7714 3.6226 9.7434 0.8007 3.5783 8.8895 1.3168 3.5783 8.9087 1.3461 3.6226 8.8895 1.3168 3.6226 8.9087 1.3461 3.5783 8.8891 0.1256 3.5783 8.9087 0.0974 3.6226 8.8891 0.1256 3.6226 8.9087 0.0974 3.5783 9.7243 0.7050 3.5783 9.7439 0.6768 3.6226 9.7243 0.7050 3.6226 9.7439 0.6768 3.6228 9.7343 2.5936 3.6228 9.7343 2.5634 3.5774 9.7343 2.5936 3.5774 9.7343 2.5634 3.6228 8.9073 2.5936 3.6228 8.9073 2.5634 3.5774 8.9073 2.5936 3.5774 8.9073 2.5634 3.6286 8.9113 0.0000 3.6286 8.8802 0.0000 3.5735 8.9113 0.0000 3.5735 8.8802 0.0000 3.6284 8.9114 2.6129 3.6284 8.8804 2.6129 3.5733 8.9114 2.6129 3.5733 8.8804 2.6129 3.6286 9.7526 0.0000 3.6286 9.7216 0.0000 3.5735 9.7526 0.0000 3.5735 9.7216 0.0000 3.6284 9.7528 2.6129 3.6284 9.7217 2.6129 3.5733 9.7528 2.6129 3.5733 9.7217 2.6129 3.6081 9.7035 2.4210 3.6081 9.7598 2.4210 3.6081 9.7035 2.3622 3.6081 9.7598 2.3622 7.4662 9.7035 2.4210 7.4662 9.7598 2.4210 7.4662 9.7035 2.3622 7.4662 9.7598 2.3622 3.7461 9.0948 0.7642 4.5260 9.0934 0.7642 3.7461 9.0948 0.9681 4.5260 9.0934 0.9681 3.7470 9.5726 0.7642 4.5268 9.5712 0.7642 4.5268 9.5712 0.9681 3.7470 9.5726 0.9681 4.6437 9.0948 0.7642 5.4236 9.0934 0.7642 4.6437 9.0948 0.9681 5.4236 9.0934 0.9681 4.6446 9.5726 0.7642 5.4244 9.5712 0.7642 5.4244 9.5712 0.9681 4.6446 9.5726 0.9681 4.6437 9.0948 0.9704 5.4236 9.0934 0.9704 4.6437 9.0948 1.1743 5.4236 9.0934 1.1743 4.6446 9.5726 0.9704 5.4244 9.5712 0.9704 5.4244 9.5712 1.1743 4.6446 9.5726 1.1743 4.1152 8.9427 1.4076 4.1166 9.7225 1.4076 4.1152 8.9427 1.6115 4.1166 9.7225 1.6115 3.6374 8.9435 1.4076 3.6388 9.7234 1.4076 3.6388 9.7234 1.6115 3.6374 8.9435 1.6115 4.1305 9.7234 1.4051 4.1290 8.9435 1.4051 4.1305 9.7234 1.6089 4.1290 8.9435 1.6089 4.6069 8.9427 1.4051 4.6083 9.7225 1.4051 4.6069 8.9427 1.6089 4.6083 9.7225 1.6089 4.1152 8.9427 1.6127 4.1166 9.7225 1.6127 4.1152 8.9427 1.8166 4.1166 9.7225 1.8166 3.6374 8.9435 1.6127 3.6388 9.7234 1.6127 3.6388 9.7234 1.8166 3.6374 8.9435 1.8166 5.4552 9.5712 1.4098 4.6754 9.5726 1.4098 5.4552 9.5712 1.6137 4.6754 9.5726 1.6137 5.4544 9.0934 1.4098 4.6745 9.0948 1.4098 4.6745 9.0948 1.6137 5.4544 9.0934 1.6137 5.5042 9.4912 1.6112 4.7393 9.6435 1.8151 5.5042 9.4912 1.8151 4.7393 9.6435 1.6112 5.4108 9.0225 1.6112 4.6460 9.1749 1.6112 4.6460 9.1749 1.8151 5.4108 9.0225 1.8151 6.3605 9.5712 1.4109 5.5807 9.5726 1.4109 6.3605 9.5712 1.6148 5.5807 9.5726 1.6148 6.3596 9.0934 1.4109 5.5798 9.0948 1.4109 5.5798 9.0948 1.6148 6.3596 9.0934 1.6148 6.3605 9.5712 1.6171 5.5807 9.5726 1.6171 6.3605 9.5712 1.8210 5.5807 9.5726 1.8210 6.3596 9.0934 1.6171 5.5798 9.0948 1.6171 5.5798 9.0948 1.8210 6.3596 9.0934 1.8210 6.3605 9.5712 2.0232 5.5807 9.5726 2.0232 6.3605 9.5712 2.2270 5.5807 9.5726 2.2270 6.3596 9.0934 2.0232 5.5798 9.0948 2.0232 5.5798 9.0948 2.2270 6.3596 9.0934 2.2270 6.9065 8.9586 0.7542 6.9065 9.7193 0.7542 7.4315 8.9586 0.7542 7.4315 9.7193 0.7542 7.4315 9.7193 0.8303 6.9065 9.7193 0.8303 7.4315 8.9586 0.8303 6.9065 8.9586 0.8303 6.9065 8.9586 0.8317 6.9065 9.7193 0.8317 7.4315 8.9586 0.8317 7.4315 9.7193 0.8317 7.4315 9.7193 0.9078 6.9065 9.7193 0.9078 7.4315 8.9586 0.9078 6.9065 8.9586 0.9078 6.9065 8.9586 0.9090 6.9065 9.7193 0.9090 7.4315 8.9586 0.9090 7.4315 9.7193 0.9090 7.4315 9.7193 0.9851 6.9065 9.7193 0.9851 7.4315 8.9586 0.9851 6.9065 8.9586 0.9851 6.3669 8.9352 1.4122 6.3669 9.6958 1.4122 6.8920 8.9352 1.4122 6.8920 9.6958 1.4122 6.8920 9.6958 1.4883 6.3669 9.6958 1.4883 6.8920 8.9352 1.4883 6.3669 8.9352 1.4883 6.3669 8.9352 1.4897 6.3669 9.6958 1.4897 6.8920 8.9352 1.4897 6.8920 9.6958 1.4897 6.8920 9.6958 1.5658 6.3669 9.6958 1.5658 6.8920 8.9352 1.5658 6.3669 8.9352 1.5658 6.3669 8.9352 1.5670 6.3669 9.6958 1.5670 6.8920 8.9352 1.5670 6.8920 9.6958 1.5670 6.8920 9.6958 1.6431 6.3669 9.6958 1.6431 6.8920 8.9352 1.6431 6.3669 8.9352 1.6431 6.5601 9.7339 1.6440 6.9524 8.8971 1.6440 6.4346 8.9837 1.6440 7.0780 9.6473 1.6440 6.9524 8.8971 1.7201 7.0780 9.6473 1.7201 6.5601 9.7339 1.7201 6.4346 8.9837 1.7201 6.5601 9.7339 1.7228 6.9524 8.8971 1.7228 6.4346 8.9837 1.7228 7.0780 9.6473 1.7228 6.9524 8.8971 1.7989 7.0780 9.6473 1.7989 6.5601 9.7339 1.7989 6.4346 8.9837 1.7989 6.9043 8.9352 1.4122 6.9043 9.6958 1.4122 7.4294 8.9352 1.4122 7.4294 9.6958 1.4122 7.4294 9.6958 1.4883 6.9043 9.6958 1.4883 7.4294 8.9352 1.4883 6.9043 8.9352 1.4883 6.9043 8.9352 1.4897 6.9043 9.6958 1.4897 7.4294 8.9352 1.4897 7.4294 9.6958 1.4897 7.4294 9.6958 1.5658 6.9043 9.6958 1.5658 7.4294 8.9352 1.5658 6.9043 8.9352 1.5658 7.3009 9.1571 2.0380 6.5554 9.0062 2.0380 7.1968 9.6717 2.0380 6.4512 9.5208 2.0380 6.5554 9.0062 2.1141 7.1968 9.6717 2.1141 6.4512 9.5208 2.1141 7.3009 9.1571 2.1141 7.3009 9.1571 2.1155 6.5554 9.0062 2.1155 7.1968 9.6717 2.1155 6.4512 9.5208 2.1155 6.5554 9.0062 2.1916 7.1968 9.6717 2.1916 6.4512 9.5208 2.1916 7.3009 9.1571 2.1916 7.3009 9.1571 2.1928 6.5554 9.0062 2.1928 7.1968 9.6717 2.1928 6.4512 9.5208 2.1928 6.5554 9.0062 2.2689 7.1968 9.6717 2.2689 6.4512 9.5208 2.2689 7.3009 9.1571 2.2689 7.3009 9.1571 2.2716 6.5554 9.0062 2.2716 7.1968 9.6717 2.2716 6.4512 9.5208 2.2716 6.5554 9.0062 2.3476 7.1968 9.6717 2.3476 6.4512 9.5208 2.3476 7.3009 9.1571 2.3476 6.2250 9.0696 1.2388 6.2250 9.0696 0.7666 6.2221 9.6136 1.2388 6.2221 9.6136 0.7666 5.5792 9.0681 0.7666 5.5763 9.6121 0.7666 5.5905 9.6121 1.2388 5.5792 9.0681 1.2388 5.5763 9.6121 1.2388 6.8920 9.6136 1.2388 6.8950 9.0696 1.2388 6.8920 9.6136 0.7666 6.8950 9.0696 0.7666 6.2492 9.0681 0.7666 6.2462 9.6121 0.7666 6.2605 9.6121 1.2388 6.2492 9.0681 1.2388 6.2462 9.6121 1.2388 4.4096 9.0696 2.5046 4.4096 9.0696 2.0325 4.4066 9.6136 2.5046 4.4066 9.6136 2.0325 3.7638 9.0681 2.0325 3.7608 9.6121 2.0325 3.7750 9.6121 2.5046 3.7638 9.0681 2.5046 3.7608 9.6121 2.5046 5.1244 8.9422 2.5046 5.1244 8.9422 2.0325 5.3505 9.4370 2.5046 5.3505 9.4370 2.0325 4.7639 9.7071 2.0325 4.5378 9.2123 2.0325 4.7768 9.7012 2.5046 4.5378 9.2123 2.5046 4.7639 9.7071 2.5046 3.5761 -4.0889 2.0285 3.5761 -4.0889 1.9696 3.5761 -4.9219 2.0285 3.5761 -4.9219 1.9696 7.4342 -4.0889 2.0285 7.4342 -4.0889 1.9696 7.4342 -4.9219 2.0285 7.4342 -4.9219 1.9696 3.5761 -4.0889 1.4090 3.5761 -4.0889 1.3502 3.5761 -4.9219 1.4090 3.5761 -4.9219 1.3502 7.4342 -4.0889 1.4090 7.4342 -4.0889 1.3502 7.4342 -4.9219 1.4090 7.4342 -4.9219 1.3502 3.5761 -4.0889 0.7678 3.5761 -4.0889 0.7090 3.5761 -4.9219 0.7678 3.5761 -4.9219 0.7090 7.4342 -4.0889 0.7678 7.4342 -4.0889 0.7090 7.4342 -4.9219 0.7678 7.4342 -4.9219 0.7090 7.4084 -4.9270 1.4350 7.4084 -4.9076 1.4062 7.4527 -4.9270 1.4350 7.4527 -4.9076 1.4062 7.4084 -4.0957 1.9932 7.4084 -4.0764 1.9644 7.4527 -4.0957 1.9932 7.4527 -4.0764 1.9644 7.4084 -4.0957 0.7714 7.4084 -4.0766 0.8007 7.4527 -4.0957 0.7714 7.4527 -4.0766 0.8007 7.4084 -4.9305 1.3168 7.4084 -4.9113 1.3461 7.4527 -4.9305 1.3168 7.4527 -4.9113 1.3461 7.4084 -4.9309 0.1256 7.4084 -4.9113 0.0974 7.4527 -4.9309 0.1256 7.4527 -4.9113 0.0974 7.4084 -4.0957 0.7050 7.4084 -4.0761 0.6768 7.4527 -4.0957 0.7050 7.4527 -4.0761 0.6768 7.4529 -4.0857 2.5936 7.4529 -4.0857 2.5634 7.4074 -4.0857 2.5936 7.4074 -4.0857 2.5634 7.4529 -4.9127 2.5936 7.4529 -4.9127 2.5634 7.4074 -4.9127 2.5936 7.4074 -4.9127 2.5634 7.4587 -4.9087 0.0000 7.4587 -4.9398 0.0000 7.4036 -4.9087 0.0000 7.4036 -4.9398 0.0000 7.4585 -4.9086 2.6129 7.4585 -4.9396 2.6129 7.4034 -4.9086 2.6129 7.4034 -4.9396 2.6129 7.4587 -4.0674 0.0000 7.4587 -4.0984 0.0000 7.4036 -4.0674 0.0000 7.4036 -4.0984 0.0000 7.4585 -4.0672 2.6129 7.4585 -4.0983 2.6129 7.4034 -4.0672 2.6129 7.4034 -4.0983 2.6129 5.4916 -4.9270 1.4350 5.4916 -4.9076 1.4062 5.5359 -4.9270 1.4350 5.5359 -4.9076 1.4062 5.4916 -4.0957 1.9932 5.4916 -4.0764 1.9644 5.5359 -4.0957 1.9932 5.5359 -4.0764 1.9644 5.4916 -4.0957 0.7714 5.4916 -4.0766 0.8007 5.5359 -4.0957 0.7714 5.5359 -4.0766 0.8007 5.4916 -4.9305 1.3168 5.4916 -4.9113 1.3461 5.5359 -4.9305 1.3168 5.5359 -4.9113 1.3461 5.4916 -4.9309 0.1256 5.4916 -4.9113 0.0974 5.5359 -4.9309 0.1256 5.5359 -4.9113 0.0974 5.4916 -4.0957 0.7050 5.4916 -4.0761 0.6768 5.5359 -4.0957 0.7050 5.5359 -4.0761 0.6768 5.5361 -4.0857 2.5936 5.5361 -4.0857 2.5634 5.4907 -4.0857 2.5936 5.4907 -4.0857 2.5634 5.5361 -4.9127 2.5936 5.5361 -4.9127 2.5634 5.4907 -4.9127 2.5936 5.4907 -4.9127 2.5634 5.5420 -4.9087 0.0000 5.5420 -4.9398 0.0000 5.4868 -4.9087 0.0000 5.4868 -4.9398 0.0000 5.5417 -4.9086 2.6129 5.5417 -4.9396 2.6129 5.4866 -4.9086 2.6129 5.4866 -4.9396 2.6129 5.5420 -4.0674 0.0000 5.5420 -4.0984 0.0000 5.4868 -4.0674 0.0000 5.4868 -4.0984 0.0000 5.5417 -4.0672 2.6129 5.5417 -4.0983 2.6129 5.4866 -4.0672 2.6129 5.4866 -4.0983 2.6129 3.5463 -4.9270 1.4350 3.5463 -4.9076 1.4062 3.5906 -4.9270 1.4350 3.5906 -4.9076 1.4062 3.5463 -4.0957 1.9932 3.5463 -4.0764 1.9644 3.5906 -4.0957 1.9932 3.5906 -4.0764 1.9644 3.5463 -4.0957 0.7714 3.5463 -4.0766 0.8007 3.5906 -4.0957 0.7714 3.5906 -4.0766 0.8007 3.5463 -4.9305 1.3168 3.5463 -4.9113 1.3461 3.5906 -4.9305 1.3168 3.5906 -4.9113 1.3461 3.5463 -4.9309 0.1256 3.5463 -4.9113 0.0974 3.5906 -4.9309 0.1256 3.5906 -4.9113 0.0974 3.5463 -4.0957 0.7050 3.5463 -4.0761 0.6768 3.5906 -4.0957 0.7050 3.5906 -4.0761 0.6768 3.5908 -4.0857 2.5936 3.5908 -4.0857 2.5634 3.5454 -4.0857 2.5936 3.5454 -4.0857 2.5634 3.5908 -4.9127 2.5936 3.5908 -4.9127 2.5634 3.5454 -4.9127 2.5936 3.5454 -4.9127 2.5634 3.5966 -4.9087 0.0000 3.5966 -4.9398 0.0000 3.5415 -4.9087 0.0000 3.5415 -4.9398 0.0000 3.5964 -4.9086 2.6129 3.5964 -4.9396 2.6129 3.5413 -4.9086 2.6129 3.5413 -4.9396 2.6129 3.5966 -4.0674 0.0000 3.5966 -4.0984 0.0000 3.5415 -4.0674 0.0000 3.5415 -4.0984 0.0000 3.5964 -4.0672 2.6129 3.5964 -4.0983 2.6129 3.5413 -4.0672 2.6129 3.5413 -4.0983 2.6129 3.5761 -4.1165 2.4210 3.5761 -4.0602 2.4210 3.5761 -4.1165 2.3622 3.5761 -4.0602 2.3622 7.4342 -4.1165 2.4210 7.4342 -4.0602 2.4210 7.4342 -4.1165 2.3622 7.4342 -4.0602 2.3622 3.7141 -4.7252 0.7642 4.4940 -4.7266 0.7642 3.7141 -4.7252 0.9681 4.4940 -4.7266 0.9681 3.7150 -4.2474 0.7642 4.4948 -4.2488 0.7642 4.4948 -4.2488 0.9681 3.7150 -4.2474 0.9681 4.6117 -4.7252 0.7642 5.3916 -4.7266 0.7642 4.6117 -4.7252 0.9681 5.3916 -4.7266 0.9681 4.6126 -4.2474 0.7642 5.3924 -4.2488 0.7642 5.3924 -4.2488 0.9681 4.6126 -4.2474 0.9681 4.6117 -4.7252 0.9704 5.3916 -4.7266 0.9704 4.6117 -4.7252 1.1743 5.3916 -4.7266 1.1743 4.6126 -4.2474 0.9704 5.3924 -4.2488 0.9704 5.3924 -4.2488 1.1743 4.6126 -4.2474 1.1743 4.0832 -4.8773 1.4076 4.0846 -4.0975 1.4076 4.0832 -4.8773 1.6115 4.0846 -4.0975 1.6115 3.6054 -4.8765 1.4076 3.6068 -4.0966 1.4076 3.6068 -4.0966 1.6115 3.6054 -4.8765 1.6115 4.0985 -4.0966 1.4051 4.0970 -4.8765 1.4051 4.0985 -4.0966 1.6089 4.0970 -4.8765 1.6089 4.5749 -4.8773 1.4051 4.5763 -4.0975 1.4051 4.5749 -4.8773 1.6089 4.5763 -4.0975 1.6089 4.0832 -4.8773 1.6127 4.0846 -4.0975 1.6127 4.0832 -4.8773 1.8166 4.0846 -4.0975 1.8166 3.6054 -4.8765 1.6127 3.6068 -4.0966 1.6127 3.6068 -4.0966 1.8166 3.6054 -4.8765 1.8166 5.4232 -4.2488 1.4098 4.6434 -4.2474 1.4098 5.4232 -4.2488 1.6137 4.6434 -4.2474 1.6137 5.4224 -4.7266 1.4098 4.6425 -4.7252 1.4098 4.6425 -4.7252 1.6137 5.4224 -4.7266 1.6137 5.4722 -4.3288 1.6112 4.7073 -4.1765 1.8151 5.4722 -4.3288 1.8151 4.7073 -4.1765 1.6112 5.3788 -4.7975 1.6112 4.6140 -4.6451 1.6112 4.6140 -4.6451 1.8151 5.3788 -4.7975 1.8151 6.3285 -4.2488 1.4109 5.5487 -4.2474 1.4109 6.3285 -4.2488 1.6148 5.5487 -4.2474 1.6148 6.3276 -4.7266 1.4109 5.5478 -4.7252 1.4109 5.5478 -4.7252 1.6148 6.3276 -4.7266 1.6148 6.3285 -4.2488 1.6171 5.5487 -4.2474 1.6171 6.3285 -4.2488 1.8210 5.5487 -4.2474 1.8210 6.3276 -4.7266 1.6171 5.5478 -4.7252 1.6171 5.5478 -4.7252 1.8210 6.3276 -4.7266 1.8210 6.3285 -4.2488 2.0232 5.5487 -4.2474 2.0232 6.3285 -4.2488 2.2270 5.5487 -4.2474 2.2270 6.3276 -4.7266 2.0232 5.5478 -4.7252 2.0232 5.5478 -4.7252 2.2270 6.3276 -4.7266 2.2270 6.8745 -4.8614 0.7542 6.8745 -4.1007 0.7542 7.3995 -4.8614 0.7542 7.3995 -4.1007 0.7542 7.3995 -4.1007 0.8303 6.8745 -4.1007 0.8303 7.3995 -4.8614 0.8303 6.8745 -4.8614 0.8303 6.8745 -4.8614 0.8317 6.8745 -4.1007 0.8317 7.3995 -4.8614 0.8317 7.3995 -4.1007 0.8317 7.3995 -4.1007 0.9078 6.8745 -4.1007 0.9078 7.3995 -4.8614 0.9078 6.8745 -4.8614 0.9078 6.8745 -4.8614 0.9090 6.8745 -4.1007 0.9090 7.3995 -4.8614 0.9090 7.3995 -4.1007 0.9090 7.3995 -4.1007 0.9851 6.8745 -4.1007 0.9851 7.3995 -4.8614 0.9851 6.8745 -4.8614 0.9851 6.3349 -4.8848 1.4122 6.3349 -4.1242 1.4122 6.8600 -4.8848 1.4122 6.8600 -4.1242 1.4122 6.8600 -4.1242 1.4883 6.3349 -4.1242 1.4883 6.8600 -4.8848 1.4883 6.3349 -4.8848 1.4883 6.3349 -4.8848 1.4897 6.3349 -4.1242 1.4897 6.8600 -4.8848 1.4897 6.8600 -4.1242 1.4897 6.8600 -4.1242 1.5658 6.3349 -4.1242 1.5658 6.8600 -4.8848 1.5658 6.3349 -4.8848 1.5658 6.3349 -4.8848 1.5670 6.3349 -4.1242 1.5670 6.8600 -4.8848 1.5670 6.8600 -4.1242 1.5670 6.8600 -4.1242 1.6431 6.3349 -4.1242 1.6431 6.8600 -4.8848 1.6431 6.3349 -4.8848 1.6431 6.5281 -4.0861 1.6440 6.9204 -4.9229 1.6440 6.4026 -4.8363 1.6440 7.0460 -4.1727 1.6440 6.9204 -4.9229 1.7201 7.0460 -4.1727 1.7201 6.5281 -4.0861 1.7201 6.4026 -4.8363 1.7201 6.5281 -4.0861 1.7228 6.9204 -4.9229 1.7228 6.4026 -4.8363 1.7228 7.0460 -4.1727 1.7228 6.9204 -4.9229 1.7989 7.0460 -4.1727 1.7989 6.5281 -4.0861 1.7989 6.4026 -4.8363 1.7989 6.8723 -4.8848 1.4122 6.8723 -4.1242 1.4122 7.3974 -4.8848 1.4122 7.3974 -4.1242 1.4122 7.3974 -4.1242 1.4883 6.8723 -4.1242 1.4883 7.3974 -4.8848 1.4883 6.8723 -4.8848 1.4883 6.8723 -4.8848 1.4897 6.8723 -4.1242 1.4897 7.3974 -4.8848 1.4897 7.3974 -4.1242 1.4897 7.3974 -4.1242 1.5658 6.8723 -4.1242 1.5658 7.3974 -4.8848 1.5658 6.8723 -4.8848 1.5658 7.2689 -4.6629 2.0380 6.5234 -4.8138 2.0380 7.1648 -4.1483 2.0380 6.4192 -4.2992 2.0380 6.5234 -4.8138 2.1141 7.1648 -4.1483 2.1141 6.4192 -4.2992 2.1141 7.2689 -4.6629 2.1141 7.2689 -4.6629 2.1155 6.5234 -4.8138 2.1155 7.1648 -4.1483 2.1155 6.4192 -4.2992 2.1155 6.5234 -4.8138 2.1916 7.1648 -4.1483 2.1916 6.4192 -4.2992 2.1916 7.2689 -4.6629 2.1916 7.2689 -4.6629 2.1928 6.5234 -4.8138 2.1928 7.1648 -4.1483 2.1928 6.4192 -4.2992 2.1928 6.5234 -4.8138 2.2689 7.1648 -4.1483 2.2689 6.4192 -4.2992 2.2689 7.2689 -4.6629 2.2689 7.2689 -4.6629 2.2716 6.5234 -4.8138 2.2716 7.1648 -4.1483 2.2716 6.4192 -4.2992 2.2716 6.5234 -4.8138 2.3476 7.1648 -4.1483 2.3476 6.4192 -4.2992 2.3476 7.2689 -4.6629 2.3476 6.1930 -4.7504 1.2388 6.1930 -4.7504 0.7666 6.1901 -4.2064 1.2388 6.1901 -4.2064 0.7666 5.5472 -4.7519 0.7666 5.5443 -4.2079 0.7666 5.5585 -4.2079 1.2388 5.5472 -4.7519 1.2388 5.5443 -4.2079 1.2388 6.8600 -4.2064 1.2388 6.8630 -4.7504 1.2388 6.8600 -4.2064 0.7666 6.8630 -4.7504 0.7666 6.2172 -4.7519 0.7666 6.2142 -4.2079 0.7666 6.2285 -4.2079 1.2388 6.2172 -4.7519 1.2388 6.2142 -4.2079 1.2388 4.3776 -4.7504 2.5046 4.3776 -4.7504 2.0325 4.3746 -4.2064 2.5046 4.3746 -4.2064 2.0325 3.7318 -4.7519 2.0325 3.7288 -4.2079 2.0325 3.7430 -4.2079 2.5046 3.7318 -4.7519 2.5046 3.7288 -4.2079 2.5046 5.0924 -4.8778 2.5046 5.0924 -4.8778 2.0325 5.3185 -4.3830 2.5046 5.3185 -4.3830 2.0325 4.7319 -4.1129 2.0325 4.5058 -4.6077 2.0325 4.7448 -4.1188 2.5046 4.5058 -4.6077 2.5046 4.7319 -4.1129 2.5046 -6.8574 -5.8965 1.2909 -7.7192 -5.8967 0.8704 -7.7192 -5.8967 1.2909 -6.8574 -5.8965 0.8704 -7.7148 -6.4718 0.8704 -6.8530 -6.4716 0.8704 -7.7149 -6.4592 1.2909 -6.8530 -6.4716 1.2909 -7.7148 -6.4718 1.2909 -6.8214 -7.9391 0.4204 -6.8216 -7.0773 0.0000 -6.8216 -7.0773 0.4204 -6.8214 -7.9391 0.0000 -7.3967 -7.0817 0.0000 -7.3964 -7.9435 0.0000 -7.3964 -7.9435 0.4204 -7.3840 -7.0816 0.4204 -7.3967 -7.0817 0.4204 -6.8214 -7.9391 0.8544 -6.8216 -7.0773 0.4340 -6.8216 -7.0773 0.8544 -6.8214 -7.9391 0.4340 -7.3967 -7.0817 0.4340 -7.3964 -7.9435 0.4340 -7.3964 -7.9435 0.8544 -7.3840 -7.0816 0.8544 -7.3967 -7.0817 0.8544 -6.8214 -7.9391 1.2909 -6.8216 -7.0773 0.8704 -6.8216 -7.0773 1.2909 -6.8214 -7.9391 0.8704 -7.3967 -7.0817 0.8704 -7.3964 -7.9435 0.8704 -7.3964 -7.9435 1.2909 -7.3840 -7.0816 1.2909 -7.3967 -7.0817 1.2909 -7.4071 -7.9391 0.4204 -7.4073 -7.0773 0.0000 -7.4073 -7.0773 0.4204 -7.4071 -7.9391 0.0000 -7.9824 -7.0817 0.0000 -7.9822 -7.9435 0.0000 -7.9822 -7.9435 0.4204 -7.9697 -7.0816 0.4204 -7.9824 -7.0817 0.4204 -7.4071 -7.9391 0.8544 -7.4073 -7.0773 0.4340 -7.4073 -7.0773 0.8544 -7.4071 -7.9391 0.4340 -7.9824 -7.0817 0.4340 -7.9822 -7.9435 0.4340 -7.9822 -7.9435 0.8544 -7.9697 -7.0816 0.8544 -7.9824 -7.0817 0.8544 -7.4071 -7.9391 1.2909 -7.4073 -7.0773 0.8704 -7.4073 -7.0773 1.2909 -7.4071 -7.9391 0.8704 -7.9824 -7.0817 0.8704 -7.9822 -7.9435 0.8704 -7.9822 -7.9435 1.2909 -7.9697 -7.0816 1.2909 -7.9824 -7.0817 1.2909 -7.1478 -7.9391 1.7249 -7.1480 -7.0773 1.3044 -7.1480 -7.0773 1.7249 -7.1478 -7.9391 1.3044 -7.7231 -7.0817 1.3044 -7.7229 -7.9435 1.3044 -7.7229 -7.9435 1.7249 -7.7105 -7.0816 1.7249 -7.7231 -7.0817 1.7249 -6.8574 -5.8965 0.4204 -7.7192 -5.8967 0.0000 -7.7192 -5.8967 0.4204 -6.8574 -5.8965 0.0000 -7.7148 -6.4718 0.0000 -6.8530 -6.4716 0.0000 -7.7149 -6.4592 0.4204 -6.8530 -6.4716 0.4204 -7.7148 -6.4718 0.4204 -6.8574 -5.8965 0.8544 -7.7192 -5.8967 0.4340 -7.7192 -5.8967 0.8544 -6.8574 -5.8965 0.4340 -7.7148 -6.4718 0.4340 -6.8530 -6.4716 0.4340 -7.7149 -6.4592 0.8544 -6.8530 -6.4716 0.8544 -7.7148 -6.4718 0.8544 -6.8574 -6.4823 0.4204 -7.7192 -6.4825 0.0000 -7.7192 -6.4825 0.4204 -6.8574 -6.4823 0.0000 -7.7148 -7.0576 0.0000 -6.8530 -7.0574 0.0000 -7.7149 -7.0449 0.4204 -6.8530 -7.0574 0.4204 -7.7148 -7.0576 0.4204 -6.8574 -6.4823 0.8544 -7.7192 -6.4825 0.4340 -7.7192 -6.4825 0.8544 -6.8574 -6.4823 0.4340 -7.7148 -7.0576 0.4340 -6.8530 -7.0574 0.4340 -7.7149 -7.0449 0.8544 -6.8530 -7.0574 0.8544 -7.7148 -7.0576 0.8544 -6.8574 -6.4823 1.2909 -7.7192 -6.4825 0.8704 -7.7192 -6.4825 1.2909 -6.8574 -6.4823 0.8704 -7.7148 -7.0576 0.8704 -6.8530 -7.0574 0.8704 -7.7149 -7.0449 1.2909 -6.8530 -7.0574 1.2909 -7.7148 -7.0576 1.2909 -7.0968 -6.9393 1.7249 -7.0970 -6.0776 1.3044 -7.0970 -6.0776 1.7249 -7.0968 -6.9393 1.3044 -7.6721 -6.0820 1.3044 -7.6719 -6.9437 1.3044 -7.6718 -6.9437 1.7249 -7.6594 -6.0819 1.7249 -7.6721 -6.0820 1.7249 -7.7289 -5.8965 0.4204 -8.5906 -5.8967 0.0000 -8.5906 -5.8967 0.4204 -7.7289 -5.8965 0.0000 -8.5863 -6.4718 0.0000 -7.7245 -6.4716 0.0000 -8.5864 -6.4592 0.4204 -7.7245 -6.4716 0.4204 -8.5863 -6.4718 0.4204 -7.7289 -5.8965 0.8544 -8.5906 -5.8967 0.4340 -8.5906 -5.8967 0.8544 -7.7289 -5.8965 0.4340 -8.5863 -6.4718 0.4340 -7.7245 -6.4716 0.4340 -8.5864 -6.4592 0.8544 -7.7245 -6.4716 0.8544 -8.5863 -6.4718 0.8544 -7.7289 -5.8965 1.2909 -8.5906 -5.8967 0.8704 -8.5906 -5.8967 1.2909 -7.7289 -5.8965 0.8704 -8.5863 -6.4718 0.8704 -7.7245 -6.4716 0.8704 -8.5864 -6.4592 1.2909 -7.7245 -6.4716 1.2909 -8.5863 -6.4718 1.2909 -7.7289 -6.4823 0.4204 -8.5906 -6.4825 0.0000 -8.5906 -6.4825 0.4204 -7.7289 -6.4823 0.0000 -8.5863 -7.0576 0.0000 -7.7245 -7.0574 0.0000 -8.5864 -7.0449 0.4204 -7.7245 -7.0574 0.4204 -8.5863 -7.0576 0.4204 -7.7289 -6.4823 0.8544 -8.5906 -6.4825 0.4340 -8.5906 -6.4825 0.8544 -7.7289 -6.4823 0.4340 -8.5863 -7.0576 0.4340 -7.7245 -7.0574 0.4340 -8.5864 -7.0449 0.8544 -7.7245 -7.0574 0.8544 -8.5863 -7.0576 0.8544 -7.7289 -6.4823 1.2909 -8.5906 -6.4825 0.8704 -8.5906 -6.4825 1.2909 -7.7289 -6.4823 0.8704 -8.5863 -7.0576 0.8704 -7.7245 -7.0574 0.8704 -8.5864 -7.0449 1.2909 -7.7245 -7.0574 1.2909 -8.5863 -7.0576 1.2909 -7.7289 -6.6363 1.7249 -8.5906 -6.6365 1.3044 -8.5906 -6.6365 1.7249 -7.7289 -6.6363 1.3044 -8.5863 -7.2116 1.3044 -7.7245 -7.2114 1.3044 -8.5864 -7.1989 1.7249 -7.7245 -7.2114 1.7249 -8.5863 -7.2116 1.7249 -7.9818 -7.9391 0.4204 -7.9821 -7.0773 0.0000 -7.9821 -7.0773 0.4204 -7.9818 -7.9391 0.0000 -8.5571 -7.0817 0.0000 -8.5569 -7.9435 0.0000 -8.5569 -7.9435 0.4204 -8.5445 -7.0816 0.4204 -8.5571 -7.0817 0.4204 -7.9818 -7.9391 0.8544 -7.9821 -7.0773 0.4340 -7.9821 -7.0773 0.8544 -7.9818 -7.9391 0.4340 -8.5571 -7.0817 0.4340 -8.5569 -7.9435 0.4340 -8.5569 -7.9435 0.8544 -8.5445 -7.0816 0.8544 -8.5571 -7.0817 0.8544 -7.9818 -7.9391 1.2909 -7.9821 -7.0773 0.8704 -7.9821 -7.0773 1.2909 -7.9818 -7.9391 0.8704 -8.5571 -7.0817 0.8704 -8.5569 -7.9435 0.8704 -8.5569 -7.9435 1.2909 -8.5445 -7.0816 1.2909 -8.5571 -7.0817 1.2909 4.3486 -6.9765 1.2909 3.4868 -6.9767 0.8704 3.4868 -6.9767 1.2909 4.3486 -6.9765 0.8704 3.4912 -7.5518 0.8704 4.3530 -7.5516 0.8704 3.4911 -7.5392 1.2909 4.3530 -7.5516 1.2909 3.4912 -7.5518 1.2909 4.3846 -9.0191 0.4204 4.3844 -8.1573 0.0000 4.3844 -8.1573 0.4204 4.3846 -9.0191 0.0000 3.8093 -8.1617 0.0000 3.8096 -9.0235 0.0000 3.8096 -9.0235 0.4204 3.8220 -8.1616 0.4204 3.8093 -8.1617 0.4204 4.3846 -9.0191 0.8544 4.3844 -8.1573 0.4340 4.3844 -8.1573 0.8544 4.3846 -9.0191 0.4340 3.8093 -8.1617 0.4340 3.8096 -9.0235 0.4340 3.8096 -9.0235 0.8544 3.8220 -8.1616 0.8544 3.8093 -8.1617 0.8544 4.3846 -9.0191 1.2909 4.3844 -8.1573 0.8704 4.3844 -8.1573 1.2909 4.3846 -9.0191 0.8704 3.8093 -8.1617 0.8704 3.8096 -9.0235 0.8704 3.8096 -9.0235 1.2909 3.8220 -8.1616 1.2909 3.8093 -8.1617 1.2909 3.7989 -9.0191 0.4204 3.7987 -8.1573 0.0000 3.7987 -8.1573 0.4204 3.7989 -9.0191 0.0000 3.2236 -8.1617 0.0000 3.2238 -9.0235 0.0000 3.2238 -9.0235 0.4204 3.2363 -8.1616 0.4204 3.2236 -8.1617 0.4204 3.7989 -9.0191 0.8544 3.7987 -8.1573 0.4340 3.7987 -8.1573 0.8544 3.7989 -9.0191 0.4340 3.2236 -8.1617 0.4340 3.2238 -9.0235 0.4340 3.2238 -9.0235 0.8544 3.2363 -8.1616 0.8544 3.2236 -8.1617 0.8544 3.7989 -9.0191 1.2909 3.7987 -8.1573 0.8704 3.7987 -8.1573 1.2909 3.7989 -9.0191 0.8704 3.2236 -8.1617 0.8704 3.2238 -9.0235 0.8704 3.2238 -9.0235 1.2909 3.2363 -8.1616 1.2909 3.2236 -8.1617 1.2909 4.0582 -9.0191 1.7249 4.0580 -8.1573 1.3044 4.0580 -8.1573 1.7249 4.0582 -9.0191 1.3044 3.4829 -8.1617 1.3044 3.4831 -9.0235 1.3044 3.4831 -9.0235 1.7249 3.4955 -8.1616 1.7249 3.4829 -8.1617 1.7249 4.3486 -6.9765 0.4204 3.4868 -6.9767 0.0000 3.4868 -6.9767 0.4204 4.3486 -6.9765 0.0000 3.4912 -7.5518 0.0000 4.3530 -7.5516 0.0000 3.4911 -7.5392 0.4204 4.3530 -7.5516 0.4204 3.4912 -7.5518 0.4204 4.3486 -6.9765 0.8544 3.4868 -6.9767 0.4340 3.4868 -6.9767 0.8544 4.3486 -6.9765 0.4340 3.4912 -7.5518 0.4340 4.3530 -7.5516 0.4340 3.4911 -7.5392 0.8544 4.3530 -7.5516 0.8544 3.4912 -7.5518 0.8544 4.3486 -7.5623 0.4204 3.4868 -7.5625 0.0000 3.4868 -7.5625 0.4204 4.3486 -7.5623 0.0000 3.4912 -8.1376 0.0000 4.3530 -8.1374 0.0000 3.4911 -8.1249 0.4204 4.3530 -8.1374 0.4204 3.4912 -8.1376 0.4204 4.3486 -7.5623 0.8544 3.4868 -7.5625 0.4340 3.4868 -7.5625 0.8544 4.3486 -7.5623 0.4340 3.4912 -8.1376 0.4340 4.3530 -8.1374 0.4340 3.4911 -8.1249 0.8544 4.3530 -8.1374 0.8544 3.4912 -8.1376 0.8544 4.3486 -7.5623 1.2909 3.4868 -7.5625 0.8704 3.4868 -7.5625 1.2909 4.3486 -7.5623 0.8704 3.4912 -8.1376 0.8704 4.3530 -8.1374 0.8704 3.4911 -8.1249 1.2909 4.3530 -8.1374 1.2909 3.4912 -8.1376 1.2909 4.1092 -8.0193 1.7249 4.1090 -7.1576 1.3044 4.1090 -7.1576 1.7249 4.1092 -8.0193 1.3044 3.5339 -7.1620 1.3044 3.5341 -8.0237 1.3044 3.5342 -8.0237 1.7249 3.5466 -7.1619 1.7249 3.5339 -7.1620 1.7249 3.4771 -6.9765 0.4204 2.6154 -6.9767 0.0000 2.6154 -6.9767 0.4204 3.4771 -6.9765 0.0000 2.6197 -7.5518 0.0000 3.4815 -7.5516 0.0000 2.6196 -7.5392 0.4204 3.4815 -7.5516 0.4204 2.6197 -7.5518 0.4204 3.4771 -6.9765 0.8544 2.6154 -6.9767 0.4340 2.6154 -6.9767 0.8544 3.4771 -6.9765 0.4340 2.6197 -7.5518 0.4340 3.4815 -7.5516 0.4340 2.6196 -7.5392 0.8544 3.4815 -7.5516 0.8544 2.6197 -7.5518 0.8544 3.4771 -6.9765 1.2909 2.6154 -6.9767 0.8704 2.6154 -6.9767 1.2909 3.4771 -6.9765 0.8704 2.6197 -7.5518 0.8704 3.4815 -7.5516 0.8704 2.6196 -7.5392 1.2909 3.4815 -7.5516 1.2909 2.6197 -7.5518 1.2909 3.4771 -7.5623 0.4204 2.6154 -7.5625 0.0000 2.6154 -7.5625 0.4204 3.4771 -7.5623 0.0000 2.6197 -8.1376 0.0000 3.4815 -8.1374 0.0000 2.6196 -8.1249 0.4204 3.4815 -8.1374 0.4204 2.6197 -8.1376 0.4204 3.4771 -7.5623 0.8544 2.6154 -7.5625 0.4340 2.6154 -7.5625 0.8544 3.4771 -7.5623 0.4340 2.6197 -8.1376 0.4340 3.4815 -8.1374 0.4340 2.6196 -8.1249 0.8544 3.4815 -8.1374 0.8544 2.6197 -8.1376 0.8544 3.4771 -7.5623 1.2909 2.6154 -7.5625 0.8704 2.6154 -7.5625 1.2909 3.4771 -7.5623 0.8704 2.6197 -8.1376 0.8704 3.4815 -8.1374 0.8704 2.6196 -8.1249 1.2909 3.4815 -8.1374 1.2909 2.6197 -8.1376 1.2909 3.4771 -7.7163 1.7249 2.6154 -7.7165 1.3044 2.6154 -7.7165 1.7249 3.4771 -7.7163 1.3044 2.6197 -8.2916 1.3044 3.4815 -8.2914 1.3044 2.6196 -8.2789 1.7249 3.4815 -8.2914 1.7249 2.6197 -8.2916 1.7249 3.2242 -9.0191 0.4204 3.2239 -8.1573 0.0000 3.2239 -8.1573 0.4204 3.2242 -9.0191 0.0000 2.6489 -8.1617 0.0000 2.6491 -9.0235 0.0000 2.6491 -9.0235 0.4204 2.6615 -8.1616 0.4204 2.6489 -8.1617 0.4204 3.2242 -9.0191 0.8544 3.2239 -8.1573 0.4340 3.2239 -8.1573 0.8544 3.2242 -9.0191 0.4340 2.6489 -8.1617 0.4340 2.6491 -9.0235 0.4340 2.6491 -9.0235 0.8544 2.6615 -8.1616 0.8544 2.6489 -8.1617 0.8544 3.2242 -9.0191 1.2909 3.2239 -8.1573 0.8704 3.2239 -8.1573 1.2909 3.2242 -9.0191 0.8704 2.6489 -8.1617 0.8704 2.6491 -9.0235 0.8704 2.6491 -9.0235 1.2909 2.6615 -8.1616 1.2909 2.6489 -8.1617 1.2909 10.3486 3.5235 1.2909 9.4868 3.5233 0.8704 9.4868 3.5233 1.2909 10.3486 3.5235 0.8704 9.4912 2.9482 0.8704 10.3530 2.9484 0.8704 9.4911 2.9608 1.2909 10.3530 2.9484 1.2909 9.4912 2.9482 1.2909 10.3846 1.4809 0.4204 10.3844 2.3427 0.0000 10.3844 2.3427 0.4204 10.3846 1.4809 0.0000 9.8093 2.3383 0.0000 9.8096 1.4765 0.0000 9.8096 1.4765 0.4204 9.8220 2.3384 0.4204 9.8093 2.3383 0.4204 10.3846 1.4809 0.8544 10.3844 2.3427 0.4340 10.3844 2.3427 0.8544 10.3846 1.4809 0.4340 9.8093 2.3383 0.4340 9.8096 1.4765 0.4340 9.8096 1.4765 0.8544 9.8220 2.3384 0.8544 9.8093 2.3383 0.8544 10.3846 1.4809 1.2909 10.3844 2.3427 0.8704 10.3844 2.3427 1.2909 10.3846 1.4809 0.8704 9.8093 2.3383 0.8704 9.8096 1.4765 0.8704 9.8096 1.4765 1.2909 9.8220 2.3384 1.2909 9.8093 2.3383 1.2909 9.7989 1.4809 0.4204 9.7987 2.3427 0.0000 9.7987 2.3427 0.4204 9.7989 1.4809 0.0000 9.2236 2.3383 0.0000 9.2238 1.4765 0.0000 9.2238 1.4765 0.4204 9.2363 2.3384 0.4204 9.2236 2.3383 0.4204 9.7989 1.4809 0.8544 9.7987 2.3427 0.4340 9.7987 2.3427 0.8544 9.7989 1.4809 0.4340 9.2236 2.3383 0.4340 9.2238 1.4765 0.4340 9.2238 1.4765 0.8544 9.2363 2.3384 0.8544 9.2236 2.3383 0.8544 9.7989 1.4809 1.2909 9.7987 2.3427 0.8704 9.7987 2.3427 1.2909 9.7989 1.4809 0.8704 9.2236 2.3383 0.8704 9.2238 1.4765 0.8704 9.2238 1.4765 1.2909 9.2363 2.3384 1.2909 9.2236 2.3383 1.2909 10.0582 1.4809 1.7249 10.0580 2.3427 1.3044 10.0580 2.3427 1.7249 10.0582 1.4809 1.3044 9.4829 2.3383 1.3044 9.4831 1.4765 1.3044 9.4831 1.4765 1.7249 9.4955 2.3384 1.7249 9.4829 2.3383 1.7249 10.3486 3.5235 0.4204 9.4868 3.5233 0.0000 9.4868 3.5233 0.4204 10.3486 3.5235 0.0000 9.4912 2.9482 0.0000 10.3530 2.9484 0.0000 9.4911 2.9608 0.4204 10.3530 2.9484 0.4204 9.4912 2.9482 0.4204 10.3486 3.5235 0.8544 9.4868 3.5233 0.4340 9.4868 3.5233 0.8544 10.3486 3.5235 0.4340 9.4912 2.9482 0.4340 10.3530 2.9484 0.4340 9.4911 2.9608 0.8544 10.3530 2.9484 0.8544 9.4912 2.9482 0.8544 10.3486 2.9377 0.4204 9.4868 2.9375 0.0000 9.4868 2.9375 0.4204 10.3486 2.9377 0.0000 9.4912 2.3624 0.0000 10.3530 2.3626 0.0000 9.4911 2.3751 0.4204 10.3530 2.3626 0.4204 9.4912 2.3624 0.4204 10.3486 2.9377 0.8544 9.4868 2.9375 0.4340 9.4868 2.9375 0.8544 10.3486 2.9377 0.4340 9.4912 2.3624 0.4340 10.3530 2.3626 0.4340 9.4911 2.3751 0.8544 10.3530 2.3626 0.8544 9.4912 2.3624 0.8544 10.3486 2.9377 1.2909 9.4868 2.9375 0.8704 9.4868 2.9375 1.2909 10.3486 2.9377 0.8704 9.4912 2.3624 0.8704 10.3530 2.3626 0.8704 9.4911 2.3751 1.2909 10.3530 2.3626 1.2909 9.4912 2.3624 1.2909 10.1092 2.4807 1.7249 10.1090 3.3424 1.3044 10.1090 3.3424 1.7249 10.1092 2.4807 1.3044 9.5339 3.3380 1.3044 9.5341 2.4763 1.3044 9.5342 2.4763 1.7249 9.5466 3.3381 1.7249 9.5339 3.3380 1.7249 9.4771 3.5235 0.4204 8.6154 3.5233 0.0000 8.6154 3.5233 0.4204 9.4771 3.5235 0.0000 8.6197 2.9482 0.0000 9.4815 2.9484 0.0000 8.6196 2.9608 0.4204 9.4815 2.9484 0.4204 8.6197 2.9482 0.4204 9.4771 3.5235 0.8544 8.6154 3.5233 0.4340 8.6154 3.5233 0.8544 9.4771 3.5235 0.4340 8.6197 2.9482 0.4340 9.4815 2.9484 0.4340 8.6196 2.9608 0.8544 9.4815 2.9484 0.8544 8.6197 2.9482 0.8544 9.4771 3.5235 1.2909 8.6154 3.5233 0.8704 8.6154 3.5233 1.2909 9.4771 3.5235 0.8704 8.6197 2.9482 0.8704 9.4815 2.9484 0.8704 8.6196 2.9608 1.2909 9.4815 2.9484 1.2909 8.6197 2.9482 1.2909 9.4771 2.9377 0.4204 8.6154 2.9375 0.0000 8.6154 2.9375 0.4204 9.4771 2.9377 0.0000 8.6197 2.3624 0.0000 9.4815 2.3626 0.0000 8.6196 2.3751 0.4204 9.4815 2.3626 0.4204 8.6197 2.3624 0.4204 9.4771 2.9377 0.8544 8.6154 2.9375 0.4340 8.6154 2.9375 0.8544 9.4771 2.9377 0.4340 8.6197 2.3624 0.4340 9.4815 2.3626 0.4340 8.6196 2.3751 0.8544 9.4815 2.3626 0.8544 8.6197 2.3624 0.8544 9.4771 2.9377 1.2909 8.6154 2.9375 0.8704 8.6154 2.9375 1.2909 9.4771 2.9377 0.8704 8.6197 2.3624 0.8704 9.4815 2.3626 0.8704 8.6196 2.3751 1.2909 9.4815 2.3626 1.2909 8.6197 2.3624 1.2909 9.4771 2.7837 1.7249 8.6154 2.7835 1.3044 8.6154 2.7835 1.7249 9.4771 2.7837 1.3044 8.6197 2.2084 1.3044 9.4815 2.2086 1.3044 8.6196 2.2211 1.7249 9.4815 2.2086 1.7249 8.6197 2.2084 1.7249 9.2242 1.4809 0.4204 9.2239 2.3427 0.0000 9.2239 2.3427 0.4204 9.2242 1.4809 0.0000 8.6489 2.3383 0.0000 8.6491 1.4765 0.0000 8.6491 1.4765 0.4204 8.6615 2.3384 0.4204 8.6489 2.3383 0.4204 9.2242 1.4809 0.8544 9.2239 2.3427 0.4340 9.2239 2.3427 0.8544 9.2242 1.4809 0.4340 8.6489 2.3383 0.4340 8.6491 1.4765 0.4340 8.6491 1.4765 0.8544 8.6615 2.3384 0.8544 8.6489 2.3383 0.8544 9.2242 1.4809 1.2909 9.2239 2.3427 0.8704 9.2239 2.3427 1.2909 9.2242 1.4809 0.8704 8.6489 2.3383 0.8704 8.6491 1.4765 0.8704 8.6491 1.4765 1.2909 8.6615 2.3384 1.2909 8.6489 2.3383 1.2909 6.2290 -8.7540 1.1551 6.2290 -7.9462 1.1551 6.2290 -7.9462 1.2095 6.2290 -8.7540 1.2095 5.5150 -7.9157 1.1551 5.5150 -7.9156 1.2684 5.8039 -7.9162 1.2095 5.8039 -7.9157 1.1551 6.2150 -7.9234 1.2095 6.1730 -7.9162 1.2095 6.1730 -8.5611 1.2095 6.1730 -7.9162 1.2547 6.1730 -8.5611 1.2547 5.8039 -7.9162 1.2547 6.2147 -7.9234 1.2547 6.2286 -7.9461 1.2547 6.2286 -8.6986 1.2547 6.2286 -7.9461 1.2684 6.2286 -8.6986 1.2684 6.1663 -7.9156 1.2684 6.1655 -8.7291 1.2684 6.2132 -8.7769 1.2095 6.1659 -8.7845 1.2095 6.1659 -8.7845 1.1551 6.2132 -8.7769 1.1551 6.2148 -7.9233 1.1551 6.1379 -8.6234 1.2095 6.1098 -8.6805 1.2095 6.1379 -8.6234 1.2547 6.1098 -8.6805 1.2547 6.2129 -8.7215 1.2547 6.1655 -8.7291 1.2547 6.2129 -8.7215 1.2684 6.2131 -7.9232 1.2684 6.1720 -7.9157 1.1551 5.8966 -7.9157 1.1551 5.8966 -7.9162 1.2095 5.8966 -7.9162 1.2547 5.8966 -7.9721 1.2547 5.8039 -7.9721 1.2547 5.8039 -7.9721 1.2095 5.8039 -7.9716 1.1551 5.8966 -7.9716 1.1551 5.8966 -7.9721 1.2095 4.8010 -8.7540 1.1551 4.8010 -8.7540 1.2095 4.8010 -7.9462 1.2095 4.8010 -7.9462 1.1551 5.2261 -7.9157 1.1551 5.2261 -7.9162 1.2095 4.8570 -8.5611 1.2095 4.8570 -7.9162 1.2095 4.8150 -7.9234 1.2095 4.8570 -8.5611 1.2547 4.8570 -7.9162 1.2547 5.2261 -7.9162 1.2547 4.8014 -8.6986 1.2547 4.8014 -7.9461 1.2547 4.8153 -7.9234 1.2547 4.8014 -8.6986 1.2684 4.8014 -7.9461 1.2684 4.8645 -8.7291 1.2684 4.9202 -8.6805 1.2095 4.8641 -8.7845 1.2095 4.9202 -8.6805 1.2547 4.8645 -8.7291 1.2547 4.8168 -8.7769 1.2095 4.8168 -8.7769 1.1551 4.8641 -8.7845 1.1551 4.8152 -7.9233 1.1551 4.8921 -8.6234 1.2095 4.8921 -8.6234 1.2547 4.8171 -8.7215 1.2547 4.8171 -8.7215 1.2684 4.8169 -7.9232 1.2684 4.8580 -7.9157 1.1551 4.8637 -7.9156 1.2684 5.1334 -7.9162 1.2095 5.1334 -7.9157 1.1551 5.1334 -7.9162 1.2547 5.2261 -7.9721 1.2547 5.1334 -7.9721 1.2547 5.2261 -7.9716 1.1551 5.2261 -7.9721 1.2095 5.1334 -7.9721 1.2095 5.1334 -7.9716 1.1551 4.9282 -8.0087 0.2047 6.1018 -8.0087 0.2047 6.1018 -8.7133 0.2047 4.9282 -8.7133 0.2047 6.1384 -8.7338 1.1057 4.8916 -8.7338 1.1057 6.1458 -8.6693 0.2047 6.1458 -8.0527 0.2047 6.1824 -8.0322 1.1057 6.1824 -8.6898 1.1057 4.8916 -7.9882 1.1057 6.1384 -7.9882 1.1057 4.8842 -8.0527 0.2047 4.8842 -8.6693 0.2047 4.8476 -8.6898 1.1057 4.8476 -8.0322 1.1057 6.1938 -8.8068 1.0794 4.8362 -8.8068 1.0794 6.2378 -7.9592 1.0794 6.2378 -8.7628 1.0794 4.8362 -7.9152 1.0794 6.1938 -7.9152 1.0794 4.7922 -8.7628 1.0794 4.7922 -7.9592 1.0794 6.1938 -8.8068 1.1575 4.8362 -8.8068 1.1575 6.2378 -7.9592 1.1575 6.2378 -8.7628 1.1575 4.8362 -7.9152 1.1575 6.1938 -7.9152 1.1575 4.7922 -8.7628 1.1575 4.7922 -7.9592 1.1575 6.0864 -8.6643 1.1575 4.9436 -8.6643 1.1575 6.1304 -8.1017 1.1575 6.1304 -8.6203 1.1575 4.9436 -8.0577 1.1575 6.0864 -8.0577 1.1575 4.8996 -8.6203 1.1575 4.8996 -8.1017 1.1575 6.1714 -8.7228 1.1057 6.1348 -8.7023 0.2047 4.8952 -8.7023 0.2047 4.8586 -8.7228 1.1057 6.1714 -7.9992 1.1057 6.1348 -8.0197 0.2047 4.8586 -7.9992 1.1057 4.8952 -8.0197 0.2047 4.8032 -8.7958 1.0794 6.2268 -8.7958 1.0794 4.8032 -7.9262 1.0794 6.2268 -7.9262 1.0794 4.8032 -8.7958 1.1575 6.2268 -8.7958 1.1575 4.8032 -7.9262 1.1575 6.2268 -7.9262 1.1575 4.9106 -8.6533 1.1575 6.1194 -8.6533 1.1575 4.9106 -8.0687 1.1575 6.1194 -8.0687 1.1575 6.0444 -7.9980 0.9485 6.0444 -7.9230 1.1055 6.0444 -7.9980 1.1055 6.0239 -7.9980 0.9485 6.0239 -7.9230 1.1055 6.0239 -7.9980 1.1055 5.9146 -7.9980 0.9485 5.9146 -7.9230 1.1055 5.9146 -7.9980 1.1055 5.8941 -7.9980 0.9485 5.8941 -7.9230 1.1055 5.8941 -7.9980 1.1055 5.7848 -7.9980 0.9485 5.7848 -7.9230 1.1055 5.7848 -7.9980 1.1055 5.7644 -7.9980 0.9485 5.7644 -7.9230 1.1055 5.7644 -7.9980 1.1055 5.6550 -7.9980 0.9485 5.6550 -7.9230 1.1055 5.6550 -7.9980 1.1055 5.6346 -7.9980 0.9485 5.6346 -7.9230 1.1055 5.6346 -7.9980 1.1055 5.5252 -7.9980 0.9485 5.5252 -7.9230 1.1055 5.5252 -7.9980 1.1055 5.5099 -7.9980 0.9485 5.5048 -7.9230 1.1055 4.9856 -7.9980 0.9485 4.9856 -7.9980 1.1055 4.9856 -7.9230 1.1055 5.0061 -7.9230 1.1055 5.0061 -7.9980 0.9485 5.0061 -7.9980 1.1055 5.1154 -7.9980 0.9485 5.1154 -7.9980 1.1055 5.1154 -7.9230 1.1055 5.1359 -7.9230 1.1055 5.1359 -7.9980 0.9485 5.1359 -7.9980 1.1055 5.2452 -7.9980 0.9485 5.2452 -7.9980 1.1055 5.2452 -7.9230 1.1055 5.2656 -7.9230 1.1055 5.2656 -7.9980 0.9485 5.2656 -7.9980 1.1055 5.3750 -7.9980 0.9485 5.3750 -7.9980 1.1055 5.3750 -7.9230 1.1055 5.3954 -7.9230 1.1055 5.3954 -7.9980 0.9485 5.3954 -7.9980 1.1055 5.5048 -7.9980 1.1055 6.0444 -8.7240 0.9485 6.0444 -8.7240 1.1055 6.0444 -8.7990 1.1055 6.0239 -8.7990 1.1055 6.0239 -8.7240 0.9485 6.0239 -8.7240 1.1055 5.9146 -8.7240 0.9485 5.9146 -8.7240 1.1055 5.9146 -8.7990 1.1055 5.8941 -8.7990 1.1055 5.8941 -8.7240 0.9485 5.8941 -8.7240 1.1055 5.7848 -8.7240 0.9485 5.7848 -8.7240 1.1055 5.7848 -8.7990 1.1055 5.7644 -8.7990 1.1055 5.7644 -8.7240 0.9485 5.7644 -8.7240 1.1055 5.6550 -8.7240 0.9485 5.6550 -8.7240 1.1055 5.6550 -8.7990 1.1055 5.6346 -8.7990 1.1055 5.6346 -8.7240 0.9485 5.6346 -8.7240 1.1055 5.5252 -8.7240 0.9485 5.5252 -8.7240 1.1055 5.5252 -8.7990 1.1055 5.5099 -8.7240 0.9485 5.5048 -8.7990 1.1055 4.9856 -8.7240 0.9485 4.9856 -8.7990 1.1055 4.9856 -8.7240 1.1055 5.0061 -8.7240 0.9485 5.0061 -8.7990 1.1055 5.0061 -8.7240 1.1055 5.1154 -8.7240 0.9485 5.1154 -8.7990 1.1055 5.1154 -8.7240 1.1055 5.1359 -8.7240 0.9485 5.1359 -8.7990 1.1055 5.1359 -8.7240 1.1055 5.2452 -8.7240 0.9485 5.2452 -8.7990 1.1055 5.2452 -8.7240 1.1055 5.2656 -8.7240 0.9485 5.2656 -8.7990 1.1055 5.2656 -8.7240 1.1055 5.3750 -8.7240 0.9485 5.3750 -8.7990 1.1055 5.3750 -8.7240 1.1055 5.3954 -8.7240 0.9485 5.3954 -8.7990 1.1055 5.3954 -8.7240 1.1055 5.5048 -8.7240 1.1055 4.8688 -8.2210 0.9485 4.7938 -8.2210 1.1055 4.8688 -8.2210 1.1055 4.8688 -8.2414 0.9485 4.7938 -8.2414 1.1055 4.8688 -8.2414 1.1055 4.8688 -8.3508 0.9485 4.7938 -8.3508 1.1055 4.8688 -8.3508 1.1055 4.8688 -8.3712 0.9485 4.7938 -8.3712 1.1055 4.8688 -8.3712 1.1055 4.8688 -8.4806 0.9485 4.7938 -8.4806 1.1055 4.8688 -8.4806 1.1055 4.8688 -8.5010 0.9485 4.7938 -8.5010 1.1055 4.8688 -8.5010 1.1055 6.1612 -8.2210 0.9485 6.1612 -8.2210 1.1055 6.2362 -8.2210 1.1055 6.2362 -8.2414 1.1055 6.1612 -8.2414 0.9485 6.1612 -8.2414 1.1055 6.1612 -8.3508 0.9485 6.1612 -8.3508 1.1055 6.2362 -8.3508 1.1055 6.2362 -8.3712 1.1055 6.1612 -8.3712 0.9485 6.1612 -8.3712 1.1055 6.1612 -8.4806 0.9485 6.1612 -8.4806 1.1055 6.2362 -8.4806 1.1055 6.2362 -8.5010 1.1055 6.1612 -8.5010 0.9485 6.1612 -8.5010 1.1055 6.1185 -8.6683 0.0935 6.1127 -8.6683 0.0610 6.1127 -8.6203 0.0610 6.1185 -8.6203 0.0935 6.0963 -8.6683 0.0325 6.0963 -8.6203 0.0325 6.0710 -8.6683 0.0113 6.0710 -8.6203 0.0113 6.0400 -8.6683 0.0000 6.0400 -8.6203 0.0000 6.0071 -8.6683 0.0000 6.0071 -8.6203 0.0000 5.9761 -8.6683 0.0113 5.9761 -8.6203 0.0113 5.9508 -8.6683 0.0325 5.9508 -8.6203 0.0325 5.9343 -8.6683 0.0610 5.9343 -8.6203 0.0610 5.9286 -8.6683 0.0935 5.9286 -8.6203 0.0935 5.9343 -8.6683 0.1260 5.9343 -8.6203 0.1260 5.9508 -8.6683 0.1545 5.9508 -8.6203 0.1545 5.9761 -8.6683 0.1757 5.9761 -8.6203 0.1757 6.0071 -8.6683 0.1870 6.0071 -8.6203 0.1870 6.0400 -8.6683 0.1870 6.0400 -8.6203 0.1870 6.0710 -8.6683 0.1757 6.0710 -8.6203 0.1757 6.0963 -8.6683 0.1545 6.0963 -8.6203 0.1545 6.1127 -8.6683 0.1260 6.1127 -8.6203 0.1260 4.9115 -8.6683 0.0935 4.9115 -8.6203 0.0935 4.9173 -8.6203 0.0610 4.9173 -8.6683 0.0610 4.9337 -8.6203 0.0325 4.9337 -8.6683 0.0325 4.9590 -8.6203 0.0113 4.9590 -8.6683 0.0113 4.9900 -8.6203 0.0000 4.9900 -8.6683 0.0000 5.0229 -8.6203 0.0000 5.0229 -8.6683 0.0000 5.0539 -8.6203 0.0113 5.0539 -8.6683 0.0113 5.0792 -8.6203 0.0325 5.0792 -8.6683 0.0325 5.0957 -8.6203 0.0610 5.0957 -8.6683 0.0610 5.1014 -8.6203 0.0935 5.1014 -8.6683 0.0935 5.0957 -8.6203 0.1260 5.0957 -8.6683 0.1260 5.0792 -8.6203 0.1545 5.0792 -8.6683 0.1545 5.0539 -8.6203 0.1757 5.0539 -8.6683 0.1757 5.0229 -8.6203 0.1870 5.0229 -8.6683 0.1870 4.9900 -8.6203 0.1870 4.9900 -8.6683 0.1870 4.9590 -8.6203 0.1757 4.9590 -8.6683 0.1757 4.9337 -8.6203 0.1545 4.9337 -8.6683 0.1545 4.9173 -8.6203 0.1260 4.9173 -8.6683 0.1260 6.1185 -8.0537 0.0935 6.1185 -8.1017 0.0935 6.1127 -8.1017 0.0610 6.1127 -8.0537 0.0610 6.0963 -8.1017 0.0325 6.0963 -8.0537 0.0325 6.0710 -8.1017 0.0113 6.0710 -8.0537 0.0113 6.0400 -8.1017 0.0000 6.0400 -8.0537 0.0000 6.0071 -8.1017 0.0000 6.0071 -8.0537 0.0000 5.9761 -8.1017 0.0113 5.9761 -8.0537 0.0113 5.9508 -8.1017 0.0325 5.9508 -8.0537 0.0325 5.9343 -8.1017 0.0610 5.9343 -8.0537 0.0610 5.9286 -8.1017 0.0935 5.9286 -8.0537 0.0935 5.9343 -8.1017 0.1260 5.9343 -8.0537 0.1260 5.9508 -8.1017 0.1545 5.9508 -8.0537 0.1545 5.9761 -8.1017 0.1757 5.9761 -8.0537 0.1757 6.0071 -8.1017 0.1870 6.0071 -8.0537 0.1870 6.0400 -8.1017 0.1870 6.0400 -8.0537 0.1870 6.0710 -8.1017 0.1757 6.0710 -8.0537 0.1757 6.0963 -8.1017 0.1545 6.0963 -8.0537 0.1545 6.1127 -8.1017 0.1260 6.1127 -8.0537 0.1260 4.9115 -8.0537 0.0935 4.9173 -8.0537 0.0610 4.9173 -8.1017 0.0610 4.9115 -8.1017 0.0935 4.9337 -8.0537 0.0325 4.9337 -8.1017 0.0325 4.9590 -8.0537 0.0113 4.9590 -8.1017 0.0113 4.9900 -8.0537 0.0000 4.9900 -8.1017 0.0000 5.0229 -8.0537 0.0000 5.0229 -8.1017 0.0000 5.0539 -8.0537 0.0113 5.0539 -8.1017 0.0113 5.0792 -8.0537 0.0325 5.0792 -8.1017 0.0325 5.0957 -8.0537 0.0610 5.0957 -8.1017 0.0610 5.1014 -8.0537 0.0935 5.1014 -8.1017 0.0935 5.0957 -8.0537 0.1260 5.0957 -8.1017 0.1260 5.0792 -8.0537 0.1545 5.0792 -8.1017 0.1545 5.0539 -8.0537 0.1757 5.0539 -8.1017 0.1757 5.0229 -8.0537 0.1870 5.0229 -8.1017 0.1870 4.9900 -8.0537 0.1870 4.9900 -8.1017 0.1870 4.9590 -8.0537 0.1757 4.9590 -8.1017 0.1757 4.9337 -8.0537 0.1545 4.9337 -8.1017 0.1545 4.9173 -8.0537 0.1260 4.9173 -8.1017 0.1260 6.0346 -8.6793 0.2118 6.0067 -8.6793 0.0924 6.0402 -8.6793 0.0924 6.0682 -8.6793 0.2118 6.0346 -8.6083 0.2118 6.0682 -8.6083 0.2118 6.0402 -8.6083 0.0924 6.0067 -8.6083 0.0924 6.0123 -8.6793 0.0890 6.0346 -8.6793 0.0890 6.0179 -8.6793 0.0870 6.0290 -8.6793 0.0870 6.0234 -8.6793 0.0863 6.0346 -8.6083 0.0890 6.0123 -8.6083 0.0890 6.0290 -8.6083 0.0870 6.0179 -8.6083 0.0870 6.0234 -8.6083 0.0863 6.0402 -8.6765 0.0924 6.0067 -8.6765 0.0924 6.0346 -8.6765 0.2118 6.0682 -8.6765 0.2118 6.0402 -8.6111 0.0924 6.0682 -8.6111 0.2118 6.0346 -8.6111 0.2118 6.0067 -8.6111 0.0924 6.0123 -8.6765 0.0890 6.0346 -8.6765 0.0890 6.0179 -8.6765 0.0870 6.0290 -8.6765 0.0870 6.0234 -8.6765 0.0863 6.0346 -8.6111 0.0890 6.0123 -8.6111 0.0890 6.0290 -8.6111 0.0870 6.0179 -8.6111 0.0870 6.0234 -8.6111 0.0863 6.0354 -8.6772 0.1022 6.0324 -8.6772 0.0970 6.0324 -8.6098 0.0970 6.0354 -8.6098 0.1022 6.0267 -8.6772 0.0949 6.0267 -8.6098 0.0949 6.0210 -8.6772 0.0970 6.0210 -8.6098 0.0970 6.0180 -8.6772 0.1022 6.0180 -8.6098 0.1022 6.0191 -8.6772 0.1081 6.0191 -8.6098 0.1081 6.0237 -8.6772 0.1120 6.0237 -8.6098 0.1120 6.0297 -8.6772 0.1120 6.0297 -8.6098 0.1120 6.0343 -8.6772 0.1081 6.0343 -8.6098 0.1081 4.9954 -8.6793 0.2118 4.9618 -8.6793 0.2118 4.9898 -8.6793 0.0924 5.0233 -8.6793 0.0924 4.9954 -8.6083 0.2118 5.0233 -8.6083 0.0924 4.9898 -8.6083 0.0924 4.9618 -8.6083 0.2118 4.9954 -8.6793 0.0890 5.0177 -8.6793 0.0890 5.0010 -8.6793 0.0870 5.0121 -8.6793 0.0870 5.0066 -8.6793 0.0863 5.0177 -8.6083 0.0890 4.9954 -8.6083 0.0890 5.0121 -8.6083 0.0870 5.0010 -8.6083 0.0870 5.0066 -8.6083 0.0863 4.9898 -8.6765 0.0924 4.9618 -8.6765 0.2118 4.9954 -8.6765 0.2118 5.0233 -8.6765 0.0924 4.9898 -8.6111 0.0924 5.0233 -8.6111 0.0924 4.9954 -8.6111 0.2118 4.9618 -8.6111 0.2118 5.0177 -8.6765 0.0890 4.9954 -8.6765 0.0890 5.0121 -8.6765 0.0870 5.0010 -8.6765 0.0870 5.0066 -8.6765 0.0863 4.9954 -8.6111 0.0890 5.0177 -8.6111 0.0890 5.0010 -8.6111 0.0870 5.0121 -8.6111 0.0870 5.0066 -8.6111 0.0863 4.9946 -8.6772 0.1022 4.9946 -8.6098 0.1022 4.9976 -8.6098 0.0970 4.9976 -8.6772 0.0970 5.0033 -8.6098 0.0949 5.0033 -8.6772 0.0949 5.0090 -8.6098 0.0970 5.0090 -8.6772 0.0970 5.0120 -8.6098 0.1022 5.0120 -8.6772 0.1022 5.0109 -8.6098 0.1081 5.0109 -8.6772 0.1081 5.0063 -8.6098 0.1120 5.0063 -8.6772 0.1120 5.0003 -8.6098 0.1120 5.0003 -8.6772 0.1120 4.9957 -8.6098 0.1081 4.9957 -8.6772 0.1081 6.0346 -8.0427 0.2118 6.0682 -8.0427 0.2118 6.0402 -8.0427 0.0924 6.0067 -8.0427 0.0924 6.0346 -8.1137 0.2118 6.0067 -8.1137 0.0924 6.0402 -8.1137 0.0924 6.0682 -8.1137 0.2118 6.0346 -8.0427 0.0890 6.0123 -8.0427 0.0890 6.0290 -8.0427 0.0870 6.0179 -8.0427 0.0870 6.0234 -8.0427 0.0863 6.0123 -8.1137 0.0890 6.0346 -8.1137 0.0890 6.0179 -8.1137 0.0870 6.0290 -8.1137 0.0870 6.0234 -8.1137 0.0863 6.0402 -8.0455 0.0924 6.0682 -8.0455 0.2118 6.0346 -8.0455 0.2118 6.0067 -8.0455 0.0924 6.0402 -8.1109 0.0924 6.0067 -8.1109 0.0924 6.0346 -8.1109 0.2118 6.0682 -8.1109 0.2118 6.0123 -8.0455 0.0890 6.0346 -8.0455 0.0890 6.0179 -8.0455 0.0870 6.0290 -8.0455 0.0870 6.0234 -8.0455 0.0863 6.0346 -8.1109 0.0890 6.0123 -8.1109 0.0890 6.0290 -8.1109 0.0870 6.0179 -8.1109 0.0870 6.0234 -8.1109 0.0863 6.0354 -8.0448 0.1022 6.0354 -8.1122 0.1022 6.0324 -8.1122 0.0970 6.0324 -8.0448 0.0970 6.0267 -8.1122 0.0949 6.0267 -8.0448 0.0949 6.0210 -8.1122 0.0970 6.0210 -8.0448 0.0970 6.0180 -8.1122 0.1022 6.0180 -8.0448 0.1022 6.0191 -8.1122 0.1081 6.0191 -8.0448 0.1081 6.0237 -8.1122 0.1120 6.0237 -8.0448 0.1120 6.0297 -8.1122 0.1120 6.0297 -8.0448 0.1120 6.0343 -8.1122 0.1081 6.0343 -8.0448 0.1081 4.9954 -8.0427 0.2118 5.0233 -8.0427 0.0924 4.9898 -8.0427 0.0924 4.9618 -8.0427 0.2118 4.9954 -8.1137 0.2118 4.9618 -8.1137 0.2118 4.9898 -8.1137 0.0924 5.0233 -8.1137 0.0924 5.0177 -8.0427 0.0890 4.9954 -8.0427 0.0890 5.0121 -8.0427 0.0870 5.0010 -8.0427 0.0870 5.0066 -8.0427 0.0863 4.9954 -8.1137 0.0890 5.0177 -8.1137 0.0890 5.0010 -8.1137 0.0870 5.0121 -8.1137 0.0870 5.0066 -8.1137 0.0863 4.9898 -8.0455 0.0924 5.0233 -8.0455 0.0924 4.9954 -8.0455 0.2118 4.9618 -8.0455 0.2118 4.9898 -8.1109 0.0924 4.9618 -8.1109 0.2118 4.9954 -8.1109 0.2118 5.0233 -8.1109 0.0924 5.0177 -8.0455 0.0890 4.9954 -8.0455 0.0890 5.0121 -8.0455 0.0870 5.0010 -8.0455 0.0870 5.0066 -8.0455 0.0863 4.9954 -8.1109 0.0890 5.0177 -8.1109 0.0890 5.0010 -8.1109 0.0870 5.0121 -8.1109 0.0870 5.0066 -8.1109 0.0863 4.9946 -8.0448 0.1022 4.9976 -8.0448 0.0970 4.9976 -8.1122 0.0970 4.9946 -8.1122 0.1022 5.0033 -8.0448 0.0949 5.0033 -8.1122 0.0949 5.0090 -8.0448 0.0970 5.0090 -8.1122 0.0970 5.0120 -8.0448 0.1022 5.0120 -8.1122 0.1022 5.0109 -8.0448 0.1081 5.0109 -8.1122 0.1081 5.0063 -8.0448 0.1120 5.0063 -8.1122 0.1120 5.0003 -8.0448 0.1120 5.0003 -8.1122 0.1120 4.9957 -8.0448 0.1081 4.9957 -8.1122 0.1081 5.7991 -7.9293 1.2213 5.7991 -7.9412 1.2263 5.9027 -7.9412 1.2263 5.9027 -7.9293 1.2213 5.7991 -7.9244 1.2095 5.9027 -7.9244 1.2095 5.7991 -7.9293 1.1976 5.9027 -7.9293 1.1976 5.7991 -7.9412 1.1926 5.9027 -7.9412 1.1926 5.7991 -7.9531 1.1976 5.9027 -7.9531 1.1976 5.7991 -7.9580 1.2095 5.9027 -7.9580 1.2095 5.7991 -7.9531 1.2213 5.9027 -7.9531 1.2213 5.8635 -7.9412 1.2026 5.8662 -7.9346 1.2026 5.8662 -7.9346 1.1449 5.8635 -7.9412 1.1449 5.8729 -7.9318 1.2026 5.8729 -7.9318 1.1449 5.8795 -7.9346 1.2026 5.8795 -7.9346 1.1449 5.8822 -7.9412 1.2026 5.8822 -7.9412 1.1449 5.8795 -7.9478 1.2026 5.8795 -7.9478 1.1449 5.8729 -7.9506 1.2026 5.8729 -7.9506 1.1449 5.8662 -7.9478 1.2026 5.8662 -7.9478 1.1449 5.8196 -7.9412 1.2026 5.8223 -7.9346 1.2026 5.8223 -7.9346 1.1449 5.8196 -7.9412 1.1449 5.8289 -7.9318 1.2026 5.8289 -7.9318 1.1449 5.8356 -7.9346 1.2026 5.8356 -7.9346 1.1449 5.8383 -7.9412 1.2026 5.8383 -7.9412 1.1449 5.8356 -7.9478 1.2026 5.8356 -7.9478 1.1449 5.8289 -7.9506 1.2026 5.8289 -7.9506 1.1449 5.8223 -7.9478 1.2026 5.8223 -7.9478 1.1449 5.2309 -7.9293 1.2213 5.1273 -7.9293 1.2213 5.1273 -7.9412 1.2263 5.2309 -7.9412 1.2263 5.2309 -7.9244 1.2095 5.1273 -7.9244 1.2095 5.2309 -7.9293 1.1976 5.1273 -7.9293 1.1976 5.2309 -7.9412 1.1926 5.1273 -7.9412 1.1926 5.2309 -7.9531 1.1976 5.1273 -7.9531 1.1976 5.2309 -7.9580 1.2095 5.1273 -7.9580 1.2095 5.2309 -7.9531 1.2213 5.1273 -7.9531 1.2213 5.1665 -7.9412 1.2026 5.1665 -7.9412 1.1449 5.1638 -7.9346 1.1449 5.1638 -7.9346 1.2026 5.1571 -7.9318 1.1449 5.1571 -7.9318 1.2026 5.1505 -7.9346 1.1449 5.1505 -7.9346 1.2026 5.1478 -7.9412 1.1449 5.1478 -7.9412 1.2026 5.1505 -7.9478 1.1449 5.1505 -7.9478 1.2026 5.1571 -7.9506 1.1449 5.1571 -7.9506 1.2026 5.1638 -7.9478 1.1449 5.1638 -7.9478 1.2026 5.2104 -7.9412 1.2026 5.2104 -7.9412 1.1449 5.2077 -7.9346 1.1449 5.2077 -7.9346 1.2026 5.2011 -7.9318 1.1449 5.2011 -7.9318 1.2026 5.1944 -7.9346 1.1449 5.1944 -7.9346 1.2026 5.1917 -7.9412 1.1449 5.1917 -7.9412 1.2026 5.1944 -7.9478 1.1449 5.1944 -7.9478 1.2026 5.2011 -7.9506 1.1449 5.2011 -7.9506 1.2026 5.2077 -7.9478 1.1449 5.2077 -7.9478 1.2026 -4.2860 -4.1930 1.1551 -4.2860 -3.3852 1.1551 -4.2860 -3.3852 1.2095 -4.2860 -4.1930 1.2095 -5.0000 -3.3547 1.1551 -5.0000 -3.3546 1.2684 -4.7111 -3.3552 1.2095 -4.7111 -3.3547 1.1551 -4.3000 -3.3624 1.2095 -4.3420 -3.3552 1.2095 -4.3420 -4.0001 1.2095 -4.3420 -3.3552 1.2547 -4.3420 -4.0001 1.2547 -4.7111 -3.3552 1.2547 -4.3003 -3.3624 1.2547 -4.2864 -3.3851 1.2547 -4.2864 -4.1376 1.2547 -4.2864 -3.3851 1.2684 -4.2864 -4.1376 1.2684 -4.3487 -3.3546 1.2684 -4.3495 -4.1681 1.2684 -4.3018 -4.2159 1.2095 -4.3491 -4.2235 1.2095 -4.3491 -4.2235 1.1551 -4.3018 -4.2159 1.1551 -4.3002 -3.3623 1.1551 -4.3771 -4.0624 1.2095 -4.4052 -4.1195 1.2095 -4.3771 -4.0624 1.2547 -4.4052 -4.1195 1.2547 -4.3021 -4.1605 1.2547 -4.3495 -4.1681 1.2547 -4.3021 -4.1605 1.2684 -4.3019 -3.3622 1.2684 -4.3430 -3.3547 1.1551 -4.6184 -3.3547 1.1551 -4.6184 -3.3552 1.2095 -4.6184 -3.3552 1.2547 -4.6184 -3.4111 1.2547 -4.7111 -3.4111 1.2547 -4.7111 -3.4111 1.2095 -4.7111 -3.4106 1.1551 -4.6184 -3.4106 1.1551 -4.6184 -3.4111 1.2095 -5.7140 -4.1930 1.1551 -5.7140 -4.1930 1.2095 -5.7140 -3.3852 1.2095 -5.7140 -3.3852 1.1551 -5.2889 -3.3547 1.1551 -5.2889 -3.3552 1.2095 -5.6580 -4.0001 1.2095 -5.6580 -3.3552 1.2095 -5.7000 -3.3624 1.2095 -5.6580 -4.0001 1.2547 -5.6580 -3.3552 1.2547 -5.2889 -3.3552 1.2547 -5.7136 -4.1376 1.2547 -5.7136 -3.3851 1.2547 -5.6997 -3.3624 1.2547 -5.7136 -4.1376 1.2684 -5.7136 -3.3851 1.2684 -5.6505 -4.1681 1.2684 -5.5948 -4.1195 1.2095 -5.6509 -4.2235 1.2095 -5.5948 -4.1195 1.2547 -5.6505 -4.1681 1.2547 -5.6982 -4.2159 1.2095 -5.6982 -4.2159 1.1551 -5.6509 -4.2235 1.1551 -5.6998 -3.3623 1.1551 -5.6229 -4.0624 1.2095 -5.6229 -4.0624 1.2547 -5.6979 -4.1605 1.2547 -5.6979 -4.1605 1.2684 -5.6981 -3.3622 1.2684 -5.6570 -3.3547 1.1551 -5.6513 -3.3546 1.2684 -5.3816 -3.3552 1.2095 -5.3816 -3.3547 1.1551 -5.3816 -3.3552 1.2547 -5.2889 -3.4111 1.2547 -5.3816 -3.4111 1.2547 -5.2889 -3.4106 1.1551 -5.2889 -3.4111 1.2095 -5.3816 -3.4111 1.2095 -5.3816 -3.4106 1.1551 -5.5868 -3.4477 0.2047 -4.4132 -3.4477 0.2047 -4.4132 -4.1523 0.2047 -5.5868 -4.1523 0.2047 -4.3766 -4.1728 1.1057 -5.6234 -4.1728 1.1057 -4.3692 -4.1083 0.2047 -4.3692 -3.4917 0.2047 -4.3326 -3.4712 1.1057 -4.3326 -4.1288 1.1057 -5.6234 -3.4272 1.1057 -4.3766 -3.4272 1.1057 -5.6308 -3.4917 0.2047 -5.6308 -4.1083 0.2047 -5.6674 -4.1288 1.1057 -5.6674 -3.4712 1.1057 -4.3212 -4.2458 1.0794 -5.6788 -4.2458 1.0794 -4.2772 -3.3982 1.0794 -4.2772 -4.2018 1.0794 -5.6788 -3.3542 1.0794 -4.3212 -3.3542 1.0794 -5.7228 -4.2018 1.0794 -5.7228 -3.3982 1.0794 -4.3212 -4.2458 1.1575 -5.6788 -4.2458 1.1575 -4.2772 -3.3982 1.1575 -4.2772 -4.2018 1.1575 -5.6788 -3.3542 1.1575 -4.3212 -3.3542 1.1575 -5.7228 -4.2018 1.1575 -5.7228 -3.3982 1.1575 -4.4286 -4.1033 1.1575 -5.5714 -4.1033 1.1575 -4.3846 -3.5407 1.1575 -4.3846 -4.0593 1.1575 -5.5714 -3.4967 1.1575 -4.4286 -3.4967 1.1575 -5.6154 -4.0593 1.1575 -5.6154 -3.5407 1.1575 -4.3436 -4.1618 1.1057 -4.3802 -4.1413 0.2047 -5.6198 -4.1413 0.2047 -5.6564 -4.1618 1.1057 -4.3436 -3.4382 1.1057 -4.3802 -3.4587 0.2047 -5.6564 -3.4382 1.1057 -5.6198 -3.4587 0.2047 -5.7118 -4.2348 1.0794 -4.2882 -4.2348 1.0794 -5.7118 -3.3652 1.0794 -4.2882 -3.3652 1.0794 -5.7118 -4.2348 1.1575 -4.2882 -4.2348 1.1575 -5.7118 -3.3652 1.1575 -4.2882 -3.3652 1.1575 -5.6044 -4.0923 1.1575 -4.3956 -4.0923 1.1575 -5.6044 -3.5077 1.1575 -4.3956 -3.5077 1.1575 -4.4706 -3.4370 0.9485 -4.4706 -3.3620 1.1055 -4.4706 -3.4370 1.1055 -4.4911 -3.4370 0.9485 -4.4911 -3.3620 1.1055 -4.4911 -3.4370 1.1055 -4.6004 -3.4370 0.9485 -4.6004 -3.3620 1.1055 -4.6004 -3.4370 1.1055 -4.6209 -3.4370 0.9485 -4.6209 -3.3620 1.1055 -4.6209 -3.4370 1.1055 -4.7302 -3.4370 0.9485 -4.7302 -3.3620 1.1055 -4.7302 -3.4370 1.1055 -4.7506 -3.4370 0.9485 -4.7506 -3.3620 1.1055 -4.7506 -3.4370 1.1055 -4.8600 -3.4370 0.9485 -4.8600 -3.3620 1.1055 -4.8600 -3.4370 1.1055 -4.8804 -3.4370 0.9485 -4.8804 -3.3620 1.1055 -4.8804 -3.4370 1.1055 -4.9898 -3.4370 0.9485 -4.9898 -3.3620 1.1055 -4.9898 -3.4370 1.1055 -5.0051 -3.4370 0.9485 -5.0102 -3.3620 1.1055 -5.5294 -3.4370 0.9485 -5.5294 -3.4370 1.1055 -5.5294 -3.3620 1.1055 -5.5089 -3.3620 1.1055 -5.5089 -3.4370 0.9485 -5.5089 -3.4370 1.1055 -5.3996 -3.4370 0.9485 -5.3996 -3.4370 1.1055 -5.3996 -3.3620 1.1055 -5.3791 -3.3620 1.1055 -5.3791 -3.4370 0.9485 -5.3791 -3.4370 1.1055 -5.2698 -3.4370 0.9485 -5.2698 -3.4370 1.1055 -5.2698 -3.3620 1.1055 -5.2494 -3.3620 1.1055 -5.2494 -3.4370 0.9485 -5.2494 -3.4370 1.1055 -5.1400 -3.4370 0.9485 -5.1400 -3.4370 1.1055 -5.1400 -3.3620 1.1055 -5.1196 -3.3620 1.1055 -5.1196 -3.4370 0.9485 -5.1196 -3.4370 1.1055 -5.0102 -3.4370 1.1055 -4.4706 -4.1630 0.9485 -4.4706 -4.1630 1.1055 -4.4706 -4.2380 1.1055 -4.4911 -4.2380 1.1055 -4.4911 -4.1630 0.9485 -4.4911 -4.1630 1.1055 -4.6004 -4.1630 0.9485 -4.6004 -4.1630 1.1055 -4.6004 -4.2380 1.1055 -4.6209 -4.2380 1.1055 -4.6209 -4.1630 0.9485 -4.6209 -4.1630 1.1055 -4.7302 -4.1630 0.9485 -4.7302 -4.1630 1.1055 -4.7302 -4.2380 1.1055 -4.7506 -4.2380 1.1055 -4.7506 -4.1630 0.9485 -4.7506 -4.1630 1.1055 -4.8600 -4.1630 0.9485 -4.8600 -4.1630 1.1055 -4.8600 -4.2380 1.1055 -4.8804 -4.2380 1.1055 -4.8804 -4.1630 0.9485 -4.8804 -4.1630 1.1055 -4.9898 -4.1630 0.9485 -4.9898 -4.1630 1.1055 -4.9898 -4.2380 1.1055 -5.0051 -4.1630 0.9485 -5.0102 -4.2380 1.1055 -5.5294 -4.1630 0.9485 -5.5294 -4.2380 1.1055 -5.5294 -4.1630 1.1055 -5.5089 -4.1630 0.9485 -5.5089 -4.2380 1.1055 -5.5089 -4.1630 1.1055 -5.3996 -4.1630 0.9485 -5.3996 -4.2380 1.1055 -5.3996 -4.1630 1.1055 -5.3791 -4.1630 0.9485 -5.3791 -4.2380 1.1055 -5.3791 -4.1630 1.1055 -5.2698 -4.1630 0.9485 -5.2698 -4.2380 1.1055 -5.2698 -4.1630 1.1055 -5.2494 -4.1630 0.9485 -5.2494 -4.2380 1.1055 -5.2494 -4.1630 1.1055 -5.1400 -4.1630 0.9485 -5.1400 -4.2380 1.1055 -5.1400 -4.1630 1.1055 -5.1196 -4.1630 0.9485 -5.1196 -4.2380 1.1055 -5.1196 -4.1630 1.1055 -5.0102 -4.1630 1.1055 -5.6462 -3.6600 0.9485 -5.7212 -3.6600 1.1055 -5.6462 -3.6600 1.1055 -5.6462 -3.6804 0.9485 -5.7212 -3.6804 1.1055 -5.6462 -3.6804 1.1055 -5.6462 -3.7898 0.9485 -5.7212 -3.7898 1.1055 -5.6462 -3.7898 1.1055 -5.6462 -3.8102 0.9485 -5.7212 -3.8102 1.1055 -5.6462 -3.8102 1.1055 -5.6462 -3.9196 0.9485 -5.7212 -3.9196 1.1055 -5.6462 -3.9196 1.1055 -5.6462 -3.9400 0.9485 -5.7212 -3.9400 1.1055 -5.6462 -3.9400 1.1055 -4.3538 -3.6600 0.9485 -4.3538 -3.6600 1.1055 -4.2788 -3.6600 1.1055 -4.2788 -3.6804 1.1055 -4.3538 -3.6804 0.9485 -4.3538 -3.6804 1.1055 -4.3538 -3.7898 0.9485 -4.3538 -3.7898 1.1055 -4.2788 -3.7898 1.1055 -4.2788 -3.8102 1.1055 -4.3538 -3.8102 0.9485 -4.3538 -3.8102 1.1055 -4.3538 -3.9196 0.9485 -4.3538 -3.9196 1.1055 -4.2788 -3.9196 1.1055 -4.2788 -3.9400 1.1055 -4.3538 -3.9400 0.9485 -4.3538 -3.9400 1.1055 -4.3965 -4.1073 0.0935 -4.4023 -4.1073 0.0610 -4.4023 -4.0593 0.0610 -4.3965 -4.0593 0.0935 -4.4187 -4.1073 0.0325 -4.4187 -4.0593 0.0325 -4.4440 -4.1073 0.0113 -4.4440 -4.0593 0.0113 -4.4750 -4.1073 0.0000 -4.4750 -4.0593 0.0000 -4.5079 -4.1073 0.0000 -4.5079 -4.0593 0.0000 -4.5389 -4.1073 0.0113 -4.5389 -4.0593 0.0113 -4.5642 -4.1073 0.0325 -4.5642 -4.0593 0.0325 -4.5807 -4.1073 0.0610 -4.5807 -4.0593 0.0610 -4.5864 -4.1073 0.0935 -4.5864 -4.0593 0.0935 -4.5807 -4.1073 0.1260 -4.5807 -4.0593 0.1260 -4.5642 -4.1073 0.1545 -4.5642 -4.0593 0.1545 -4.5389 -4.1073 0.1757 -4.5389 -4.0593 0.1757 -4.5079 -4.1073 0.1870 -4.5079 -4.0593 0.1870 -4.4750 -4.1073 0.1870 -4.4750 -4.0593 0.1870 -4.4440 -4.1073 0.1757 -4.4440 -4.0593 0.1757 -4.4187 -4.1073 0.1545 -4.4187 -4.0593 0.1545 -4.4023 -4.1073 0.1260 -4.4023 -4.0593 0.1260 -5.6035 -4.1073 0.0935 -5.6035 -4.0593 0.0935 -5.5977 -4.0593 0.0610 -5.5977 -4.1073 0.0610 -5.5813 -4.0593 0.0325 -5.5813 -4.1073 0.0325 -5.5560 -4.0593 0.0113 -5.5560 -4.1073 0.0113 -5.5250 -4.0593 0.0000 -5.5250 -4.1073 0.0000 -5.4921 -4.0593 0.0000 -5.4921 -4.1073 0.0000 -5.4611 -4.0593 0.0113 -5.4611 -4.1073 0.0113 -5.4358 -4.0593 0.0325 -5.4358 -4.1073 0.0325 -5.4193 -4.0593 0.0610 -5.4193 -4.1073 0.0610 -5.4136 -4.0593 0.0935 -5.4136 -4.1073 0.0935 -5.4193 -4.0593 0.1260 -5.4193 -4.1073 0.1260 -5.4358 -4.0593 0.1545 -5.4358 -4.1073 0.1545 -5.4611 -4.0593 0.1757 -5.4611 -4.1073 0.1757 -5.4921 -4.0593 0.1870 -5.4921 -4.1073 0.1870 -5.5250 -4.0593 0.1870 -5.5250 -4.1073 0.1870 -5.5560 -4.0593 0.1757 -5.5560 -4.1073 0.1757 -5.5813 -4.0593 0.1545 -5.5813 -4.1073 0.1545 -5.5977 -4.0593 0.1260 -5.5977 -4.1073 0.1260 -4.3965 -3.4927 0.0935 -4.3965 -3.5407 0.0935 -4.4023 -3.5407 0.0610 -4.4023 -3.4927 0.0610 -4.4187 -3.5407 0.0325 -4.4187 -3.4927 0.0325 -4.4440 -3.5407 0.0113 -4.4440 -3.4927 0.0113 -4.4750 -3.5407 0.0000 -4.4750 -3.4927 0.0000 -4.5079 -3.5407 0.0000 -4.5079 -3.4927 0.0000 -4.5389 -3.5407 0.0113 -4.5389 -3.4927 0.0113 -4.5642 -3.5407 0.0325 -4.5642 -3.4927 0.0325 -4.5807 -3.5407 0.0610 -4.5807 -3.4927 0.0610 -4.5864 -3.5407 0.0935 -4.5864 -3.4927 0.0935 -4.5807 -3.5407 0.1260 -4.5807 -3.4927 0.1260 -4.5642 -3.5407 0.1545 -4.5642 -3.4927 0.1545 -4.5389 -3.5407 0.1757 -4.5389 -3.4927 0.1757 -4.5079 -3.5407 0.1870 -4.5079 -3.4927 0.1870 -4.4750 -3.5407 0.1870 -4.4750 -3.4927 0.1870 -4.4440 -3.5407 0.1757 -4.4440 -3.4927 0.1757 -4.4187 -3.5407 0.1545 -4.4187 -3.4927 0.1545 -4.4023 -3.5407 0.1260 -4.4023 -3.4927 0.1260 -5.6035 -3.4927 0.0935 -5.5977 -3.4927 0.0610 -5.5977 -3.5407 0.0610 -5.6035 -3.5407 0.0935 -5.5813 -3.4927 0.0325 -5.5813 -3.5407 0.0325 -5.5560 -3.4927 0.0113 -5.5560 -3.5407 0.0113 -5.5250 -3.4927 0.0000 -5.5250 -3.5407 0.0000 -5.4921 -3.4927 0.0000 -5.4921 -3.5407 0.0000 -5.4611 -3.4927 0.0113 -5.4611 -3.5407 0.0113 -5.4358 -3.4927 0.0325 -5.4358 -3.5407 0.0325 -5.4193 -3.4927 0.0610 -5.4193 -3.5407 0.0610 -5.4136 -3.4927 0.0935 -5.4136 -3.5407 0.0935 -5.4193 -3.4927 0.1260 -5.4193 -3.5407 0.1260 -5.4358 -3.4927 0.1545 -5.4358 -3.5407 0.1545 -5.4611 -3.4927 0.1757 -5.4611 -3.5407 0.1757 -5.4921 -3.4927 0.1870 -5.4921 -3.5407 0.1870 -5.5250 -3.4927 0.1870 -5.5250 -3.5407 0.1870 -5.5560 -3.4927 0.1757 -5.5560 -3.5407 0.1757 -5.5813 -3.4927 0.1545 -5.5813 -3.5407 0.1545 -5.5977 -3.4927 0.1260 -5.5977 -3.5407 0.1260 -4.4804 -4.1183 0.2118 -4.5083 -4.1183 0.0924 -4.4748 -4.1183 0.0924 -4.4468 -4.1183 0.2118 -4.4804 -4.0473 0.2118 -4.4468 -4.0473 0.2118 -4.4748 -4.0473 0.0924 -4.5083 -4.0473 0.0924 -4.5027 -4.1183 0.0890 -4.4804 -4.1183 0.0890 -4.4971 -4.1183 0.0870 -4.4860 -4.1183 0.0870 -4.4916 -4.1183 0.0863 -4.4804 -4.0473 0.0890 -4.5027 -4.0473 0.0890 -4.4860 -4.0473 0.0870 -4.4971 -4.0473 0.0870 -4.4916 -4.0473 0.0863 -4.4748 -4.1155 0.0924 -4.5083 -4.1155 0.0924 -4.4804 -4.1155 0.2118 -4.4468 -4.1155 0.2118 -4.4748 -4.0501 0.0924 -4.4468 -4.0501 0.2118 -4.4804 -4.0501 0.2118 -4.5083 -4.0501 0.0924 -4.5027 -4.1155 0.0890 -4.4804 -4.1155 0.0890 -4.4971 -4.1155 0.0870 -4.4860 -4.1155 0.0870 -4.4916 -4.1155 0.0863 -4.4804 -4.0501 0.0890 -4.5027 -4.0501 0.0890 -4.4860 -4.0501 0.0870 -4.4971 -4.0501 0.0870 -4.4916 -4.0501 0.0863 -4.4796 -4.1162 0.1022 -4.4826 -4.1162 0.0970 -4.4826 -4.0488 0.0970 -4.4796 -4.0488 0.1022 -4.4883 -4.1162 0.0949 -4.4883 -4.0488 0.0949 -4.4940 -4.1162 0.0970 -4.4940 -4.0488 0.0970 -4.4970 -4.1162 0.1022 -4.4970 -4.0488 0.1022 -4.4959 -4.1162 0.1081 -4.4959 -4.0488 0.1081 -4.4913 -4.1162 0.1120 -4.4913 -4.0488 0.1120 -4.4853 -4.1162 0.1120 -4.4853 -4.0488 0.1120 -4.4807 -4.1162 0.1081 -4.4807 -4.0488 0.1081 -5.5196 -4.1183 0.2118 -5.5532 -4.1183 0.2118 -5.5252 -4.1183 0.0924 -5.4917 -4.1183 0.0924 -5.5196 -4.0473 0.2118 -5.4917 -4.0473 0.0924 -5.5252 -4.0473 0.0924 -5.5532 -4.0473 0.2118 -5.5196 -4.1183 0.0890 -5.4973 -4.1183 0.0890 -5.5140 -4.1183 0.0870 -5.5029 -4.1183 0.0870 -5.5084 -4.1183 0.0863 -5.4973 -4.0473 0.0890 -5.5196 -4.0473 0.0890 -5.5029 -4.0473 0.0870 -5.5140 -4.0473 0.0870 -5.5084 -4.0473 0.0863 -5.5252 -4.1155 0.0924 -5.5532 -4.1155 0.2118 -5.5196 -4.1155 0.2118 -5.4917 -4.1155 0.0924 -5.5252 -4.0501 0.0924 -5.4917 -4.0501 0.0924 -5.5196 -4.0501 0.2118 -5.5532 -4.0501 0.2118 -5.4973 -4.1155 0.0890 -5.5196 -4.1155 0.0890 -5.5029 -4.1155 0.0870 -5.5140 -4.1155 0.0870 -5.5084 -4.1155 0.0863 -5.5196 -4.0501 0.0890 -5.4973 -4.0501 0.0890 -5.5140 -4.0501 0.0870 -5.5029 -4.0501 0.0870 -5.5084 -4.0501 0.0863 -5.5204 -4.1162 0.1022 -5.5204 -4.0488 0.1022 -5.5174 -4.0488 0.0970 -5.5174 -4.1162 0.0970 -5.5117 -4.0488 0.0949 -5.5117 -4.1162 0.0949 -5.5060 -4.0488 0.0970 -5.5060 -4.1162 0.0970 -5.5030 -4.0488 0.1022 -5.5030 -4.1162 0.1022 -5.5041 -4.0488 0.1081 -5.5041 -4.1162 0.1081 -5.5087 -4.0488 0.1120 -5.5087 -4.1162 0.1120 -5.5147 -4.0488 0.1120 -5.5147 -4.1162 0.1120 -5.5193 -4.0488 0.1081 -5.5193 -4.1162 0.1081 -4.4804 -3.4817 0.2118 -4.4468 -3.4817 0.2118 -4.4748 -3.4817 0.0924 -4.5083 -3.4817 0.0924 -4.4804 -3.5527 0.2118 -4.5083 -3.5527 0.0924 -4.4748 -3.5527 0.0924 -4.4468 -3.5527 0.2118 -4.4804 -3.4817 0.0890 -4.5027 -3.4817 0.0890 -4.4860 -3.4817 0.0870 -4.4971 -3.4817 0.0870 -4.4916 -3.4817 0.0863 -4.5027 -3.5527 0.0890 -4.4804 -3.5527 0.0890 -4.4971 -3.5527 0.0870 -4.4860 -3.5527 0.0870 -4.4916 -3.5527 0.0863 -4.4748 -3.4845 0.0924 -4.4468 -3.4845 0.2118 -4.4804 -3.4845 0.2118 -4.5083 -3.4845 0.0924 -4.4748 -3.5499 0.0924 -4.5083 -3.5499 0.0924 -4.4804 -3.5499 0.2118 -4.4468 -3.5499 0.2118 -4.5027 -3.4845 0.0890 -4.4804 -3.4845 0.0890 -4.4971 -3.4845 0.0870 -4.4860 -3.4845 0.0870 -4.4916 -3.4845 0.0863 -4.4804 -3.5499 0.0890 -4.5027 -3.5499 0.0890 -4.4860 -3.5499 0.0870 -4.4971 -3.5499 0.0870 -4.4916 -3.5499 0.0863 -4.4796 -3.4838 0.1022 -4.4796 -3.5512 0.1022 -4.4826 -3.5512 0.0970 -4.4826 -3.4838 0.0970 -4.4883 -3.5512 0.0949 -4.4883 -3.4838 0.0949 -4.4940 -3.5512 0.0970 -4.4940 -3.4838 0.0970 -4.4970 -3.5512 0.1022 -4.4970 -3.4838 0.1022 -4.4959 -3.5512 0.1081 -4.4959 -3.4838 0.1081 -4.4913 -3.5512 0.1120 -4.4913 -3.4838 0.1120 -4.4853 -3.5512 0.1120 -4.4853 -3.4838 0.1120 -4.4807 -3.5512 0.1081 -4.4807 -3.4838 0.1081 -5.5196 -3.4817 0.2118 -5.4917 -3.4817 0.0924 -5.5252 -3.4817 0.0924 -5.5532 -3.4817 0.2118 -5.5196 -3.5527 0.2118 -5.5532 -3.5527 0.2118 -5.5252 -3.5527 0.0924 -5.4917 -3.5527 0.0924 -5.4973 -3.4817 0.0890 -5.5196 -3.4817 0.0890 -5.5029 -3.4817 0.0870 -5.5140 -3.4817 0.0870 -5.5084 -3.4817 0.0863 -5.5196 -3.5527 0.0890 -5.4973 -3.5527 0.0890 -5.5140 -3.5527 0.0870 -5.5029 -3.5527 0.0870 -5.5084 -3.5527 0.0863 -5.5252 -3.4845 0.0924 -5.4917 -3.4845 0.0924 -5.5196 -3.4845 0.2118 -5.5532 -3.4845 0.2118 -5.5252 -3.5499 0.0924 -5.5532 -3.5499 0.2118 -5.5196 -3.5499 0.2118 -5.4917 -3.5499 0.0924 -5.4973 -3.4845 0.0890 -5.5196 -3.4845 0.0890 -5.5029 -3.4845 0.0870 -5.5140 -3.4845 0.0870 -5.5084 -3.4845 0.0863 -5.5196 -3.5499 0.0890 -5.4973 -3.5499 0.0890 -5.5140 -3.5499 0.0870 -5.5029 -3.5499 0.0870 -5.5084 -3.5499 0.0863 -5.5204 -3.4838 0.1022 -5.5174 -3.4838 0.0970 -5.5174 -3.5512 0.0970 -5.5204 -3.5512 0.1022 -5.5117 -3.4838 0.0949 -5.5117 -3.5512 0.0949 -5.5060 -3.4838 0.0970 -5.5060 -3.5512 0.0970 -5.5030 -3.4838 0.1022 -5.5030 -3.5512 0.1022 -5.5041 -3.4838 0.1081 -5.5041 -3.5512 0.1081 -5.5087 -3.4838 0.1120 -5.5087 -3.5512 0.1120 -5.5147 -3.4838 0.1120 -5.5147 -3.5512 0.1120 -5.5193 -3.4838 0.1081 -5.5193 -3.5512 0.1081 -4.7159 -3.3683 1.2213 -4.7159 -3.3802 1.2263 -4.6123 -3.3802 1.2263 -4.6123 -3.3683 1.2213 -4.7159 -3.3634 1.2095 -4.6123 -3.3634 1.2095 -4.7159 -3.3683 1.1976 -4.6123 -3.3683 1.1976 -4.7159 -3.3802 1.1926 -4.6123 -3.3802 1.1926 -4.7159 -3.3921 1.1976 -4.6123 -3.3921 1.1976 -4.7159 -3.3970 1.2095 -4.6123 -3.3970 1.2095 -4.7159 -3.3921 1.2213 -4.6123 -3.3921 1.2213 -4.6515 -3.3802 1.2026 -4.6488 -3.3736 1.2026 -4.6488 -3.3736 1.1449 -4.6515 -3.3802 1.1449 -4.6421 -3.3708 1.2026 -4.6421 -3.3708 1.1449 -4.6355 -3.3736 1.2026 -4.6355 -3.3736 1.1449 -4.6328 -3.3802 1.2026 -4.6328 -3.3802 1.1449 -4.6355 -3.3868 1.2026 -4.6355 -3.3868 1.1449 -4.6421 -3.3896 1.2026 -4.6421 -3.3896 1.1449 -4.6488 -3.3868 1.2026 -4.6488 -3.3868 1.1449 -4.6954 -3.3802 1.2026 -4.6927 -3.3736 1.2026 -4.6927 -3.3736 1.1449 -4.6954 -3.3802 1.1449 -4.6861 -3.3708 1.2026 -4.6861 -3.3708 1.1449 -4.6794 -3.3736 1.2026 -4.6794 -3.3736 1.1449 -4.6767 -3.3802 1.2026 -4.6767 -3.3802 1.1449 -4.6794 -3.3868 1.2026 -4.6794 -3.3868 1.1449 -4.6861 -3.3896 1.2026 -4.6861 -3.3896 1.1449 -4.6927 -3.3868 1.2026 -4.6927 -3.3868 1.1449 -5.2841 -3.3683 1.2213 -5.3877 -3.3683 1.2213 -5.3877 -3.3802 1.2263 -5.2841 -3.3802 1.2263 -5.2841 -3.3634 1.2095 -5.3877 -3.3634 1.2095 -5.2841 -3.3683 1.1976 -5.3877 -3.3683 1.1976 -5.2841 -3.3802 1.1926 -5.3877 -3.3802 1.1926 -5.2841 -3.3921 1.1976 -5.3877 -3.3921 1.1976 -5.2841 -3.3970 1.2095 -5.3877 -3.3970 1.2095 -5.2841 -3.3921 1.2213 -5.3877 -3.3921 1.2213 -5.3485 -3.3802 1.2026 -5.3485 -3.3802 1.1449 -5.3512 -3.3736 1.1449 -5.3512 -3.3736 1.2026 -5.3579 -3.3708 1.1449 -5.3579 -3.3708 1.2026 -5.3645 -3.3736 1.1449 -5.3645 -3.3736 1.2026 -5.3672 -3.3802 1.1449 -5.3672 -3.3802 1.2026 -5.3645 -3.3868 1.1449 -5.3645 -3.3868 1.2026 -5.3579 -3.3896 1.1449 -5.3579 -3.3896 1.2026 -5.3512 -3.3868 1.1449 -5.3512 -3.3868 1.2026 -5.3046 -3.3802 1.2026 -5.3046 -3.3802 1.1449 -5.3073 -3.3736 1.1449 -5.3073 -3.3736 1.2026 -5.3139 -3.3708 1.1449 -5.3139 -3.3708 1.2026 -5.3206 -3.3736 1.1449 -5.3206 -3.3736 1.2026 -5.3233 -3.3802 1.1449 -5.3233 -3.3802 1.2026 -5.3206 -3.3868 1.1449 -5.3206 -3.3868 1.2026 -5.3139 -3.3896 1.1449 -5.3139 -3.3896 1.2026 -5.3073 -3.3868 1.1449 -5.3073 -3.3868 1.2026 -0.7755 -9.7004 1.4041 -0.7755 -9.7004 0.2448 -0.7755 -10.2970 1.4041 -0.7755 -10.2970 0.2448 -0.3397 -9.7004 1.4041 -0.3397 -9.7004 0.2448 -0.3397 -10.2970 1.4041 -0.3397 -10.2970 0.2448 -0.7542 -9.7278 0.0004 -0.7542 -10.2696 0.0004 -0.3610 -9.7278 0.0004 -0.3610 -10.2696 0.0004 -0.7605 -9.7161 1.4041 -0.7605 -10.2813 1.4041 -0.3547 -10.2813 1.4041 -0.3547 -9.7161 1.4041 -0.7400 -9.7448 1.0709 -0.7400 -10.2545 1.0709 -0.3753 -10.2545 1.0709 -0.3753 -9.7448 1.0709 -0.7361 -9.0941 1.1917 -0.7361 -9.0941 0.2443 -0.7361 -9.6908 1.1917 -0.7361 -9.6908 0.2443 -0.3003 -9.0941 1.1917 -0.3003 -9.0941 0.2443 -0.3003 -9.6908 1.1917 -0.3003 -9.6908 0.2443 -0.7148 -9.1216 0.0000 -0.7148 -9.6634 0.0000 -0.3216 -9.1216 0.0000 -0.3216 -9.6634 0.0000 -0.7211 -9.1099 1.1917 -0.7211 -9.6751 1.1917 -0.3153 -9.6751 1.1917 -0.3153 -9.1099 1.1917 -0.7005 -9.1386 0.8587 -0.7005 -9.6483 0.8587 -0.3358 -9.6483 0.8587 -0.3358 -9.1386 0.8587 -0.2703 -9.0941 0.2443 -0.2703 -9.6908 0.8730 -0.2703 -9.0941 0.8730 -0.2703 -9.6908 0.2443 0.1655 -9.0941 0.8730 0.1655 -9.0941 0.2443 0.1655 -9.6908 0.2443 0.1655 -9.6908 0.8730 -0.2490 -9.1216 0.0000 -0.2490 -9.6634 0.0000 0.1442 -9.1216 0.0000 0.1442 -9.6634 0.0000 -0.2553 -9.1099 0.8730 -0.2553 -9.6751 0.8730 0.1505 -9.6751 0.8730 0.1505 -9.1099 0.8730 -0.2347 -9.1386 0.5403 -0.2347 -9.6483 0.5403 0.1300 -9.6483 0.5403 0.1300 -9.1386 0.5403 -0.2895 -9.7152 1.2979 -0.2895 -9.7152 0.2448 -0.2895 -10.3119 1.2979 -0.2895 -10.3119 0.2448 0.1463 -9.7152 1.2979 0.1463 -9.7152 0.2448 0.1463 -10.3119 1.2979 0.1463 -10.3119 0.2448 -0.2682 -9.7426 0.0004 -0.2682 -10.2844 0.0004 0.1250 -9.7426 0.0004 0.1250 -10.2844 0.0004 -0.2745 -9.7309 1.2979 -0.2745 -10.2961 1.2979 0.1313 -10.2961 1.2979 0.1313 -9.7309 1.2979 -0.2540 -9.7596 0.9650 -0.2540 -10.2693 0.9650 0.1107 -10.2693 0.9650 0.1107 -9.7596 0.9650 10.0295 2.5026 1.4041 10.0295 2.5026 0.2448 10.0295 1.9060 1.4041 10.0295 1.9060 0.2448 10.4653 2.5026 1.4041 10.4653 2.5026 0.2448 10.4653 1.9060 1.4041 10.4653 1.9060 0.2448 10.0508 2.4752 0.0004 10.0508 1.9334 0.0004 10.4440 2.4752 0.0004 10.4440 1.9334 0.0004 10.0445 2.4869 1.4041 10.0445 1.9217 1.4041 10.4503 1.9217 1.4041 10.4503 2.4869 1.4041 10.0650 2.4582 1.0709 10.0650 1.9485 1.0709 10.4297 1.9485 1.0709 10.4297 2.4582 1.0709 10.0689 3.1089 1.1917 10.0689 3.1089 0.2443 10.0689 2.5122 1.1917 10.0689 2.5122 0.2443 10.5047 3.1089 1.1917 10.5047 3.1089 0.2443 10.5047 2.5122 1.1917 10.5047 2.5122 0.2443 10.0902 3.0814 0.0000 10.0902 2.5396 0.0000 10.4834 3.0814 0.0000 10.4834 2.5396 0.0000 10.0839 3.0931 1.1917 10.0839 2.5279 1.1917 10.4897 2.5279 1.1917 10.4897 3.0931 1.1917 10.1045 3.0644 0.8587 10.1045 2.5547 0.8587 10.4692 2.5547 0.8587 10.4692 3.0644 0.8587 10.5347 3.1089 0.2443 10.5347 2.5122 0.8730 10.5347 3.1089 0.8730 10.5347 2.5122 0.2443 10.9705 3.1089 0.8730 10.9705 3.1089 0.2443 10.9705 2.5122 0.2443 10.9705 2.5122 0.8730 10.5560 3.0814 0.0000 10.5560 2.5396 0.0000 10.9492 3.0814 0.0000 10.9492 2.5396 0.0000 10.5497 3.0931 0.8730 10.5497 2.5279 0.8730 10.9555 2.5279 0.8730 10.9555 3.0931 0.8730 10.5703 3.0644 0.5403 10.5703 2.5547 0.5403 10.9350 2.5547 0.5403 10.9350 3.0644 0.5403 10.5155 2.4878 1.2979 10.5155 2.4878 0.2448 10.5155 1.8911 1.2979 10.5155 1.8911 0.2448 10.9513 2.4878 1.2979 10.9513 2.4878 0.2448 10.9513 1.8911 1.2979 10.9513 1.8911 0.2448 10.5368 2.4604 0.0004 10.5368 1.9186 0.0004 10.9300 2.4604 0.0004 10.9300 1.9186 0.0004 10.5305 2.4721 1.2979 10.5305 1.9069 1.2979 10.9363 1.9069 1.2979 10.9363 2.4721 1.2979 10.5510 2.4434 0.9650 10.5510 1.9337 0.9650 10.9157 1.9337 0.9650 10.9157 2.4434 0.9650</float_array><technique_common><accessor source="#pos-arr" count="4744" stride="3"><param name="X" type="float"/><param name="Y" type="float"/><param name="Z" type="float"/></accessor></technique_common></source>
      <source id="norm"><float_array id="norm-arr" count="6939">0.0000 0.0000 1.0000 0.0000 0.0000 -1.0000 0.0000 1.0000 0.0000 0.0000 -1.0000 0.0000 1.0000 0.0000 0.0000 -1.0000 0.0000 0.0000 -1.0000 0.0000 0.0000 0.0000 1.0000 0.0000 -0.0000 -1.0000 -0.0000 1.0000 -0.0000 -0.0000 -0.0000 0.0000 -1.0000 0.0000 -0.0000 1.0000 -1.0000 0.0000 -0.0000 0.0000 1.0000 0.0000 -0.0000 -1.0000 -0.0000 1.0000 -0.0000 0.0000 0.0000 0.0000 -1.0000 -0.0000 -0.0000 1.0000 -1.0000 0.0000 0.0000 0.0000 1.0000 -0.0000 -0.0000 -1.0000 0.0000 1.0000 -0.0000 0.0000 0.0000 -0.0000 -1.0000 -0.0000 0.0000 1.0000 0.0000 -0.8302 -0.5575 -1.0000 -0.0000 0.0000 1.0000 0.0000 -0.0000 -0.0000 0.8302 0.5575 -0.0000 0.5575 -0.8302 0.0000 -0.5575 0.8302 0.0000 0.8372 -0.5470 -1.0000 -0.0000 -0.0000 1.0000 0.0000 0.0000 -0.0000 -0.8372 0.5470 -0.0000 0.5470 0.8372 0.0000 -0.5470 -0.8372 0.0000 -0.8216 -0.5700 -1.0000 -0.0000 0.0000 1.0000 0.0000 -0.0000 -0.0000 0.8216 0.5700 -0.0000 0.5700 -0.8216 0.0000 -0.5700 0.8216 -0.0000 1.0000 0.0000 1.0000 0.0000 -0.0000 -1.0000 -0.0000 0.0000 0.0000 -1.0000 -0.0000 -0.0000 0.0000 -1.0000 0.0000 -0.0000 1.0000 0.0001 -0.0000 -1.0000 1.0000 0.0000 0.0001 -1.0000 -0.0000 -0.0001 -0.0001 0.0000 1.0000 0.0000 -1.0000 0.0000 -0.0000 1.0000 -0.0000 0.0001 -0.0000 -1.0000 1.0000 0.0000 0.0001 -1.0000 -0.0000 -0.0001 -0.0001 0.0000 1.0000 0.0000 -1.0000 0.0000 -0.0000 1.0000 -0.0000 -1.0000 -0.0000 -0.0000 -0.0000 0.0000 1.0000 0.0000 -0.0000 -1.0000 1.0000 0.0000 0.0000 -0.0000 1.0000 -0.0000 0.0000 -1.0000 0.0000 -0.0018 -1.0000 0.0000 -0.0018 -1.0000 -0.0000 -0.0000 0.0000 -1.0000 -0.0000 0.0000 -1.0000 1.0000 -0.0018 -0.0000 1.0000 -0.0018 -0.0000 -0.0000 0.0000 1.0000 -0.0000 -0.0000 1.0000 -1.0000 0.0018 -0.0000 -1.0000 0.0018 0.0000 0.0018 1.0000 0.0000 0.0018 1.0000 -0.0000 -0.0018 -1.0000 0.0000 -0.0018 -1.0000 -0.0000 1.0000 -0.0018 -0.0000 1.0000 -0.0018 -0.0000 0.0000 -0.0000 -1.0000 0.0000 -0.0000 -1.0000 1.0000 -0.0018 -0.0000 1.0000 -0.0018 -0.0000 -0.0000 0.0000 1.0000 -0.0000 -0.0000 1.0000 -1.0000 0.0018 -0.0000 -1.0000 0.0018 -0.0000 0.0018 1.0000 0.0000 0.0018 1.0000 -0.0000 1.0000 -0.0018 -0.0000 1.0000 -0.0018 -0.0000 -0.0000 -0.0000 -1.0000 -0.0000 -0.0000 -1.0000 0.0018 1.0000 -0.0000 0.0018 1.0000 -0.0000 -0.0000 -0.0000 1.0000 0.0000 -0.0000 1.0000 -0.0018 -1.0000 -0.0000 -0.0018 -1.0000 -0.0000 -1.0000 0.0018 -0.0000 -1.0000 0.0018 -0.0000 -1.0000 0.0018 -0.0000 -1.0000 0.0018 -0.0000 0.0000 0.0000 -1.0000 0.0000 0.0000 -1.0000 -0.0018 -1.0000 -0.0000 -0.0018 -1.0000 0.0000 -0.0000 0.0000 1.0000 0.0018 1.0000 -0.0000 0.0018 1.0000 0.0000 1.0000 -0.0018 -0.0000 1.0000 -0.0018 -0.0000 0.0000 -0.0000 1.0000 0.0018 1.0000 -0.0000 0.0018 1.0000 -0.0000 0.0000 -0.0000 -1.0000 0.0000 -0.0000 -1.0000 -1.0000 0.0018 -0.0000 -1.0000 0.0018 -0.0000 0.0000 0.0000 1.0000 1.0000 -0.0018 -0.0000 1.0000 -0.0018 -0.0000 -0.0018 -1.0000 0.0000 -0.0018 -1.0000 -0.0000 0.1953 0.9807 -0.0000 0.1953 0.9807 -0.0000 -0.0000 0.0000 -1.0000 -0.0000 0.0000 -1.0000 -0.9807 0.1953 0.0000 -0.9807 0.1953 -0.0000 0.0000 0.0000 1.0000 0.9807 -0.1953 -0.0000 0.9807 -0.1953 0.0000 -0.1953 -0.9807 -0.0000 -0.1953 -0.9807 -0.0000 0.0018 1.0000 -0.0000 0.0018 1.0000 -0.0000 -1.0000 0.0018 -0.0000 -1.0000 0.0018 -0.0000 0.0000 -0.0000 1.0000 0.0000 -0.0000 1.0000 1.0000 -0.0018 -0.0000 1.0000 -0.0018 0.0000 -0.0018 -1.0000 0.0000 -0.0018 -1.0000 -0.0000 0.0018 1.0000 -0.0000 0.0018 1.0000 -0.0000 0.0000 0.0000 -1.0000 -1.0000 0.0018 -0.0000 -1.0000 0.0018 -0.0000 0.0000 -0.0000 1.0000 0.0000 -0.0000 1.0000 1.0000 -0.0018 -0.0000 1.0000 -0.0018 0.0000 -0.0018 -1.0000 0.0000 -0.0018 -1.0000 -0.0000 -0.0000 -0.0000 -1.0000 -0.0000 -0.0000 -1.0000 0.0000 0.0000 1.0000 0.0000 0.0000 1.0000 0.0000 -1.0000 -0.0000 1.0000 -0.0000 -0.0000 -0.0000 1.0000 0.0000 -1.0000 0.0000 0.0000 -0.0000 -0.0000 -1.0000 -0.0000 -0.0000 -1.0000 0.0000 -0.0000 1.0000 -0.0000 0.0000 -1.0000 0.0000 -0.0000 1.0000 -0.0000 1.0000 0.0000 0.0000 0.0000 1.0000 -0.0000 1.0000 0.0000 -0.0000 -0.0000 -1.0000 -0.0000 0.0000 -1.0000 0.0000 -0.0000 -1.0000 -0.0000 0.0000 1.0000 -0.1650 -0.9863 -0.0000 0.9863 -0.1650 0.0000 0.1650 0.9863 0.0000 -0.9863 0.1650 -0.0000 0.0000 -0.0000 1.0000 -0.0000 0.0000 -1.0000 0.0000 -0.0000 1.0000 -0.0000 0.0000 1.0000 -0.9801 -0.1984 0.0000 0.1983 -0.9801 0.0000 0.9801 0.1984 0.0000 -0.1983 0.9801 -0.0000 0.0000 -0.0000 1.0000 -0.9801 -0.1983 0.0000 0.1983 -0.9801 0.0000 0.9801 0.1983 -0.0000 -0.1983 0.9801 -0.0000 0.0000 -0.0000 1.0000 0.1983 -0.9801 0.0000 0.9801 0.1984 0.0000 -0.1983 0.9801 -0.0000 1.0000 0.0054 -0.0000 0.0000 -0.0000 -1.0000 -0.0000 0.0000 1.0000 -0.0024 1.0000 0.0000 0.0024 -1.0000 -0.0000 0.0024 -1.0000 -0.0000 -1.0000 -0.0054 0.0000 -1.0000 -0.0054 0.0000 -0.0024 1.0000 -0.0000 -0.0024 1.0000 -0.0000 1.0000 0.0054 -0.0000 -0.0000 -0.0000 -1.0000 0.0000 0.0000 1.0000 0.0000 -0.0000 1.0000 -0.0024 1.0000 0.0000 0.0024 -1.0000 0.0000 -1.0000 -0.0054 0.0000 -1.0000 -0.0054 -0.0000 -0.0024 1.0000 0.0000 -0.0024 1.0000 -0.0000 1.0000 0.0054 0.0000 1.0000 0.0054 -0.0000 -0.0024 1.0000 0.0000 -1.0000 -0.0054 0.0000 -1.0000 -0.0054 0.0000 0.9096 -0.4155 -0.0000 0.9096 -0.4155 -0.0000 -0.8980 0.4390 0.0301 -0.4182 -0.9083 -0.0000 -0.4182 -0.9083 -0.0000 -0.9096 0.4155 0.0000 -0.9096 0.4155 0.0000 0.4182 0.9083 -0.0000 0.4182 0.9083 -0.0000 -1.0000 0.0000 0.0000 0.0000 1.0000 0.0000 -0.0000 -1.0000 -0.0000 1.0000 -0.0000 -0.0000 -0.0000 0.0000 -1.0000 0.0000 -0.0000 1.0000 -1.0000 0.0000 -0.0000 0.0000 1.0000 0.0000 -0.0000 -1.0000 -0.0000 1.0000 -0.0000 0.0000 0.0000 0.0000 -1.0000 -0.0000 -0.0000 1.0000 -1.0000 0.0000 0.0000 0.0000 1.0000 -0.0000 -0.0000 -1.0000 0.0000 1.0000 -0.0000 0.0000 0.0000 -0.0000 -1.0000 -0.0000 0.0000 1.0000 0.0000 -0.8302 -0.5575 -1.0000 -0.0000 0.0000 1.0000 0.0000 -0.0000 -0.0000 0.8302 0.5575 -0.0000 0.5575 -0.8302 0.0000 -0.5575 0.8302 0.0000 0.8372 -0.5470 -1.0000 -0.0000 -0.0000 1.0000 0.0000 0.0000 -0.0000 -0.8372 0.5470 -0.0000 0.5470 0.8372 0.0000 -0.5470 -0.8372 0.0000 -0.8216 -0.5700 -1.0000 -0.0000 0.0000 1.0000 0.0000 -0.0000 -0.0000 0.8216 0.5700 -0.0000 0.5700 -0.8216 0.0000 -0.5700 0.8216 -0.0000 1.0000 0.0000 1.0000 0.0000 -0.0000 -1.0000 -0.0000 0.0000 0.0000 -1.0000 -0.0000 -0.0000 0.0000 -1.0000 0.0000 -0.0000 1.0000 0.0001 -0.0000 -1.0000 1.0000 0.0000 0.0001 -1.0000 -0.0000 -0.0001 -0.0001 0.0000 1.0000 0.0000 -1.0000 0.0000 -0.0000 1.0000 -0.0000 0.0001 -0.0000 -1.0000 1.0000 0.0000 0.0001 -1.0000 -0.0000 -0.0001 -0.0001 0.0000 1.0000 0.0000 -1.0000 0.0000 -0.0000 1.0000 -0.0000 -1.0000 -0.0000 -0.0000 -0.0000 0.0000 1.0000 0.0000 -0.0000 -1.0000 1.0000 0.0000 0.0000 -0.0000 1.0000 -0.0000 0.0000 -1.0000 0.0000 -0.0018 -1.0000 0.0000 -0.0018 -1.0000 -0.0000 -0.0000 0.0000 -1.0000 -0.0000 0.0000 -1.0000 1.0000 -0.0018 -0.0000 1.0000 -0.0018 -0.0000 -0.0000 0.0000 1.0000 -0.0000 -0.0000 1.0000 -1.0000 0.0018 -0.0000 -1.0000 0.0018 0.0000 0.0018 1.0000 0.0000 0.0018 1.0000 -0.0000 -0.0018 -1.0000 0.0000 -0.0018 -1.0000 -0.0000 1.0000 -0.0018 -0.0000 1.0000 -0.0018 -0.0000 0.0000 -0.0000 -1.0000 0.0000 -0.0000 -1.0000 1.0000 -0.0018 -0.0000 1.0000 -0.0018 -0.0000 -0.0000 0.0000 1.0000 -0.0000 -0.0000 1.0000 -1.0000 0.0018 -0.0000 -1.0000 0.0018 -0.0000 0.0018 1.0000 0.0000 0.0018 1.0000 -0.0000 1.0000 -0.0018 -0.0000 1.0000 -0.0018 -0.0000 -0.0000 -0.0000 -1.0000 -0.0000 -0.0000 -1.0000 0.0018 1.0000 -0.0000 0.0018 1.0000 -0.0000 -0.0000 -0.0000 1.0000 0.0000 -0.0000 1.0000 -0.0018 -1.0000 -0.0000 -0.0018 -1.0000 -0.0000 -1.0000 0.0018 -0.0000 -1.0000 0.0018 -0.0000 -1.0000 0.0018 -0.0000 -1.0000 0.0018 -0.0000 0.0000 0.0000 -1.0000 0.0000 0.0000 -1.0000 -0.0018 -1.0000 -0.0000 -0.0018 -1.0000 0.0000 -0.0000 0.0000 1.0000 0.0018 1.0000 -0.0000 0.0018 1.0000 0.0000 1.0000 -0.0018 -0.0000 1.0000 -0.0018 -0.0000 0.0000 -0.0000 1.0000 0.0018 1.0000 -0.0000 0.0018 1.0000 -0.0000 0.0000 -0.0000 -1.0000 0.0000 -0.0000 -1.0000 -1.0000 0.0018 -0.0000 -1.0000 0.0018 -0.0000 0.0000 0.0000 1.0000 1.0000 -0.0018 -0.0000 1.0000 -0.0018 -0.0000 -0.0018 -1.0000 0.0000 -0.0018 -1.0000 -0.0000 0.1953 0.9807 -0.0000 0.1953 0.9807 -0.0000 -0.0000 0.0000 -1.0000 -0.0000 0.0000 -1.0000 -0.9807 0.1953 0.0000 -0.9807 0.1953 -0.0000 0.0000 0.0000 1.0000 0.9807 -0.1953 -0.0000 0.9807 -0.1953 0.0000 -0.1953 -0.9807 -0.0000 -0.1953 -0.9807 -0.0000 0.0018 1.0000 -0.0000 0.0018 1.0000 -0.0000 -1.0000 0.0018 -0.0000 -1.0000 0.0018 -0.0000 0.0000 -0.0000 1.0000 0.0000 -0.0000 1.0000 1.0000 -0.0018 -0.0000 1.0000 -0.0018 0.0000 -0.0018 -1.0000 0.0000 -0.0018 -1.0000 -0.0000 0.0018 1.0000 -0.0000 0.0018 1.0000 -0.0000 0.0000 0.0000 -1.0000 -1.0000 0.0018 -0.0000 -1.0000 0.0018 -0.0000 0.0000 -0.0000 1.0000 0.0000 -0.0000 1.0000 1.0000 -0.0018 -0.0000 1.0000 -0.0018 0.0000 -0.0018 -1.0000 0.0000 -0.0018 -1.0000 -0.0000 -0.0000 -0.0000 -1.0000 -0.0000 -0.0000 -1.0000 0.0000 0.0000 1.0000 0.0000 0.0000 1.0000 0.0000 -1.0000 -0.0000 1.0000 -0.0000 -0.0000 -0.0000 1.0000 0.0000 -1.0000 0.0000 0.0000 -0.0000 -0.0000 -1.0000 -0.0000 -0.0000 -1.0000 0.0000 -0.0000 1.0000 -0.0000 0.0000 -1.0000 0.0000 -0.0000 1.0000 -0.0000 1.0000 0.0000 0.0000 0.0000 1.0000 -0.0000 1.0000 0.0000 -0.0000 -0.0000 -1.0000 -0.0000 0.0000 -1.0000 0.0000 -0.0000 -1.0000 -0.0000 0.0000 1.0000 -0.1650 -0.9863 -0.0000 0.9863 -0.1650 0.0000 0.1650 0.9863 0.0000 -0.9863 0.1650 -0.0000 0.0000 -0.0000 1.0000 -0.0000 0.0000 -1.0000 0.0000 -0.0000 1.0000 -0.0000 0.0000 1.0000 -0.9801 -0.1984 0.0000 0.1983 -0.9801 0.0000 0.9801 0.1984 0.0000 -0.1983 0.9801 -0.0000 0.0000 -0.0000 1.0000 -0.9801 -0.1983 0.0000 0.1983 -0.9801 0.0000 0.9801 0.1983 -0.0000 -0.1983 0.9801 -0.0000 0.0000 -0.0000 1.0000 0.1983 -0.9801 0.0000 0.9801 0.1984 0.0000 -0.1983 0.9801 -0.0000 1.0000 0.0054 -0.0000 0.0000 -0.0000 -1.0000 -0.0000 0.0000 1.0000 -0.0024 1.0000 0.0000 0.0024 -1.0000 -0.0000 0.0024 -1.0000 -0.0000 -1.0000 -0.0054 0.0000 -1.0000 -0.0054 0.0000 -0.0024 1.0000 -0.0000 -0.0024 1.0000 -0.0000 1.0000 0.0054 -0.0000 -0.0000 -0.0000 -1.0000 0.0000 0.0000 1.0000 0.0000 -0.0000 1.0000 -0.0024 1.0000 0.0000 0.0024 -1.0000 0.0000 -1.0000 -0.0054 0.0000 -1.0000 -0.0054 -0.0000 -0.0024 1.0000 0.0000 -0.0024 1.0000 -0.0000 1.0000 0.0054 0.0000 1.0000 0.0054 -0.0000 -0.0024 1.0000 0.0000 -1.0000 -0.0054 0.0000 -1.0000 -0.0054 0.0000 0.9096 -0.4155 -0.0000 0.9096 -0.4155 -0.0000 -0.8980 0.4390 0.0301 -0.4182 -0.9083 -0.0000 -0.4182 -0.9083 -0.0000 -0.9096 0.4155 0.0000 -0.9096 0.4155 0.0000 0.4182 0.9083 -0.0000 0.4182 0.9083 -0.0000 -1.0000 0.0000 0.0000 0.0000 1.0000 0.0000 -0.0000 -1.0000 -0.0000 1.0000 -0.0000 -0.0000 -0.0000 0.0000 -1.0000 0.0000 -0.0000 1.0000 -1.0000 0.0000 -0.0000 0.0000 1.0000 0.0000 -0.0000 -1.0000 -0.0000 1.0000 -0.0000 0.0000 0.0000 0.0000 -1.0000 -0.0000 -0.0000 1.0000 -1.0000 0.0000 0.0000 0.0000 1.0000 -0.0000 -0.0000 -1.0000 0.0000 1.0000 -0.0000 0.0000 0.0000 -0.0000 -1.0000 -0.0000 0.0000 1.0000 0.0000 -0.8302 -0.5575 -1.0000 -0.0000 0.0000 1.0000 0.0000 -0.0000 -0.0000 0.8302 0.5575 -0.0000 0.5575 -0.8302 0.0000 -0.5575 0.8302 0.0000 0.8372 -0.5470 -1.0000 -0.0000 -0.0000 1.0000 0.0000 0.0000 -0.0000 -0.8372 0.5470 -0.0000 0.5470 0.8372 0.0000 -0.5470 -0.8372 0.0000 -0.8216 -0.5700 -1.0000 -0.0000 0.0000 1.0000 0.0000 -0.0000 -0.0000 0.8216 0.5700 -0.0000 0.5700 -0.8216 0.0000 -0.5700 0.8216 -0.0000 1.0000 0.0000 1.0000 0.0000 -0.0000 -1.0000 -0.0000 0.0000 0.0000 -1.0000 -0.0000 -0.0000 0.0000 -1.0000 0.0000 -0.0000 1.0000 0.0001 -0.0000 -1.0000 1.0000 0.0000 0.0001 -1.0000 -0.0000 -0.0001 -0.0001 0.0000 1.0000 0.0000 -1.0000 0.0000 -0.0000 1.0000 -0.0000 0.0001 -0.0000 -1.0000 1.0000 0.0000 0.0001 -1.0000 -0.0000 -0.0001 -0.0001 0.0000 1.0000 0.0000 -1.0000 0.0000 -0.0000 1.0000 -0.0000 -1.0000 -0.0000 -0.0000 -0.0000 0.0000 1.0000 0.0000 -0.0000 -1.0000 1.0000 0.0000 0.0000 -0.0000 1.0000 -0.0000 0.0000 -1.0000 0.0000 -0.0018 -1.0000 0.0000 -0.0018 -1.0000 -0.0000 -0.0000 0.0000 -1.0000 -0.0000 0.0000 -1.0000 1.0000 -0.0018 -0.0000 1.0000 -0.0018 -0.0000 -0.0000 0.0000 1.0000 -0.0000 -0.0000 1.0000 -1.0000 0.0018 -0.0000 -1.0000 0.0018 0.0000 0.0018 1.0000 0.0000 0.0018 1.0000 -0.0000 -0.0018 -1.0000 0.0000 -0.0018 -1.0000 -0.0000 1.0000 -0.0018 -0.0000 1.0000 -0.0018 -0.0000 0.0000 -0.0000 -1.0000 0.0000 -0.0000 -1.0000 1.0000 -0.0018 -0.0000 1.0000 -0.0018 -0.0000 -0.0000 0.0000 1.0000 -0.0000 -0.0000 1.0000 -1.0000 0.0018 -0.0000 -1.0000 0.0018 -0.0000 0.0018 1.0000 0.0000 0.0018 1.0000 -0.0000 1.0000 -0.0018 -0.0000 1.0000 -0.0018 -0.0000 -0.0000 -0.0000 -1.0000 -0.0000 -0.0000 -1.0000 0.0018 1.0000 -0.0000 0.0018 1.0000 -0.0000 -0.0000 -0.0000 1.0000 0.0000 -0.0000 1.0000 -0.0018 -1.0000 -0.0000 -0.0018 -1.0000 -0.0000 -1.0000 0.0018 -0.0000 -1.0000 0.0018 -0.0000 -1.0000 0.0018 -0.0000 -1.0000 0.0018 -0.0000 0.0000 0.0000 -1.0000 0.0000 0.0000 -1.0000 -0.0018 -1.0000 -0.0000 -0.0018 -1.0000 0.0000 -0.0000 0.0000 1.0000 0.0018 1.0000 -0.0000 0.0018 1.0000 0.0000 1.0000 -0.0018 -0.0000 1.0000 -0.0018 -0.0000 0.0000 -0.0000 1.0000 0.0018 1.0000 -0.0000 0.0018 1.0000 -0.0000 0.0000 -0.0000 -1.0000 0.0000 -0.0000 -1.0000 -1.0000 0.0018 -0.0000 -1.0000 0.0018 -0.0000 0.0000 0.0000 1.0000 1.0000 -0.0018 -0.0000 1.0000 -0.0018 -0.0000 -0.0018 -1.0000 0.0000 -0.0018 -1.0000 -0.0000 0.1953 0.9807 -0.0000 0.1953 0.9807 -0.0000 -0.0000 0.0000 -1.0000 -0.0000 0.0000 -1.0000 -0.9807 0.1953 0.0000 -0.9807 0.1953 -0.0000 0.0000 0.0000 1.0000 0.9807 -0.1953 -0.0000 0.9807 -0.1953 0.0000 -0.1953 -0.9807 -0.0000 -0.1953 -0.9807 -0.0000 0.0018 1.0000 -0.0000 0.0018 1.0000 -0.0000 -1.0000 0.0018 -0.0000 -1.0000 0.0018 -0.0000 0.0000 -0.0000 1.0000 0.0000 -0.0000 1.0000 1.0000 -0.0018 -0.0000 1.0000 -0.0018 0.0000 -0.0018 -1.0000 0.0000 -0.0018 -1.0000 -0.0000 0.0018 1.0000 -0.0000 0.0018 1.0000 -0.0000 0.0000 0.0000 -1.0000 -1.0000 0.0018 -0.0000 -1.0000 0.0018 -0.0000 0.0000 -0.0000 1.0000 0.0000 -0.0000 1.0000 1.0000 -0.0018 -0.0000 1.0000 -0.0018 0.0000 -0.0018 -1.0000 0.0000 -0.0018 -1.0000 -0.0000 -0.0000 -0.0000 -1.0000 -0.0000 -0.0000 -1.0000 0.0000 0.0000 1.0000 0.0000 0.0000 1.0000 0.0000 -1.0000 -0.0000 1.0000 -0.0000 -0.0000 -0.0000 1.0000 0.0000 -1.0000 0.0000 0.0000 -0.0000 -0.0000 -1.0000 -0.0000 -0.0000 -1.0000 0.0000 -0.0000 1.0000 -0.0000 0.0000 -1.0000 0.0000 -0.0000 1.0000 -0.0000 1.0000 0.0000 0.0000 0.0000 1.0000 -0.0000 1.0000 0.0000 -0.0000 -0.0000 -1.0000 -0.0000 0.0000 -1.0000 0.0000 -0.0000 -1.0000 -0.0000 0.0000 1.0000 -0.1650 -0.9863 -0.0000 0.9863 -0.1650 0.0000 0.1650 0.9863 0.0000 -0.9863 0.1650 -0.0000 0.0000 -0.0000 1.0000 -0.0000 0.0000 -1.0000 0.0000 -0.0000 1.0000 -0.0000 0.0000 1.0000 -0.9801 -0.1984 0.0000 0.1983 -0.9801 0.0000 0.9801 0.1984 0.0000 -0.1983 0.9801 -0.0000 0.0000 -0.0000 1.0000 -0.9801 -0.1983 0.0000 0.1983 -0.9801 0.0000 0.9801 0.1983 -0.0000 -0.1983 0.9801 -0.0000 0.0000 -0.0000 1.0000 0.1983 -0.9801 0.0000 0.9801 0.1984 0.0000 -0.1983 0.9801 -0.0000 1.0000 0.0054 -0.0000 0.0000 -0.0000 -1.0000 -0.0000 0.0000 1.0000 -0.0024 1.0000 0.0000 0.0024 -1.0000 -0.0000 0.0024 -1.0000 -0.0000 -1.0000 -0.0054 0.0000 -1.0000 -0.0054 0.0000 -0.0024 1.0000 -0.0000 -0.0024 1.0000 -0.0000 1.0000 0.0054 -0.0000 -0.0000 -0.0000 -1.0000 0.0000 0.0000 1.0000 0.0000 -0.0000 1.0000 -0.0024 1.0000 0.0000 0.0024 -1.0000 0.0000 -1.0000 -0.0054 0.0000 -1.0000 -0.0054 -0.0000 -0.0024 1.0000 0.0000 -0.0024 1.0000 -0.0000 1.0000 0.0054 0.0000 1.0000 0.0054 -0.0000 -0.0024 1.0000 0.0000 -1.0000 -0.0054 0.0000 -1.0000 -0.0054 0.0000 0.9096 -0.4155 -0.0000 0.9096 -0.4155 -0.0000 -0.8980 0.4390 0.0301 -0.4182 -0.9083 -0.0000 -0.4182 -0.9083 -0.0000 -0.9096 0.4155 0.0000 -0.9096 0.4155 0.0000 0.4182 0.9083 -0.0000 0.4182 0.9083 -0.0000 -1.0000 0.0000 0.0000 0.0000 1.0000 0.0000 -0.0000 -1.0000 -0.0000 1.0000 -0.0000 -0.0000 -0.0000 0.0000 -1.0000 0.0000 -0.0000 1.0000 -1.0000 0.0000 -0.0000 0.0000 1.0000 0.0000 -0.0000 -1.0000 -0.0000 1.0000 -0.0000 0.0000 0.0000 0.0000 -1.0000 -0.0000 -0.0000 1.0000 -1.0000 0.0000 0.0000 0.0000 1.0000 -0.0000 -0.0000 -1.0000 0.0000 1.0000 -0.0000 0.0000 0.0000 -0.0000 -1.0000 -0.0000 0.0000 1.0000 0.0000 -0.8302 -0.5575 -1.0000 -0.0000 0.0000 1.0000 0.0000 -0.0000 -0.0000 0.8302 0.5575 -0.0000 0.5575 -0.8302 0.0000 -0.5575 0.8302 0.0000 0.8372 -0.5470 -1.0000 -0.0000 -0.0000 1.0000 0.0000 0.0000 -0.0000 -0.8372 0.5470 -0.0000 0.5470 0.8372 0.0000 -0.5470 -0.8372 0.0000 -0.8216 -0.5700 -1.0000 -0.0000 0.0000 1.0000 0.0000 -0.0000 -0.0000 0.8216 0.5700 -0.0000 0.5700 -0.8216 0.0000 -0.5700 0.8216 -0.0000 1.0000 0.0000 1.0000 0.0000 -0.0000 -1.0000 -0.0000 0.0000 0.0000 -1.0000 -0.0000 -0.0000 0.0000 -1.0000 0.0000 -0.0000 1.0000 0.0001 -0.0000 -1.0000 1.0000 0.0000 0.0001 -1.0000 -0.0000 -0.0001 -0.0001 0.0000 1.0000 0.0000 -1.0000 0.0000 -0.0000 1.0000 -0.0000 0.0001 -0.0000 -1.0000 1.0000 0.0000 0.0001 -1.0000 -0.0000 -0.0001 -0.0001 0.0000 1.0000 0.0000 -1.0000 0.0000 -0.0000 1.0000 -0.0000 -1.0000 -0.0000 -0.0000 -0.0000 0.0000 1.0000 0.0000 -0.0000 -1.0000 1.0000 0.0000 0.0000 -0.0000 1.0000 -0.0000 0.0000 -1.0000 0.0000 -0.0018 -1.0000 0.0000 -0.0018 -1.0000 -0.0000 -0.0000 0.0000 -1.0000 -0.0000 0.0000 -1.0000 1.0000 -0.0018 -0.0000 1.0000 -0.0018 -0.0000 -0.0000 0.0000 1.0000 -0.0000 -0.0000 1.0000 -1.0000 0.0018 -0.0000 -1.0000 0.0018 0.0000 0.0018 1.0000 0.0000 0.0018 1.0000 -0.0000 -0.0018 -1.0000 0.0000 -0.0018 -1.0000 -0.0000 1.0000 -0.0018 -0.0000 1.0000 -0.0018 -0.0000 0.0000 -0.0000 -1.0000 0.0000 -0.0000 -1.0000 1.0000 -0.0018 -0.0000 1.0000 -0.0018 -0.0000 -0.0000 0.0000 1.0000 -0.0000 -0.0000 1.0000 -1.0000 0.0018 -0.0000 -1.0000 0.0018 -0.0000 0.0018 1.0000 0.0000 0.0018 1.0000 -0.0000 1.0000 -0.0018 -0.0000 1.0000 -0.0018 -0.0000 -0.0000 -0.0000 -1.0000 -0.0000 -0.0000 -1.0000 0.0018 1.0000 -0.0000 0.0018 1.0000 -0.0000 -0.0000 -0.0000 1.0000 0.0000 -0.0000 1.0000 -0.0018 -1.0000 -0.0000 -0.0018 -1.0000 -0.0000 -1.0000 0.0018 -0.0000 -1.0000 0.0018 -0.0000 -1.0000 0.0018 -0.0000 -1.0000 0.0018 -0.0000 0.0000 0.0000 -1.0000 0.0000 0.0000 -1.0000 -0.0018 -1.0000 -0.0000 -0.0018 -1.0000 0.0000 -0.0000 0.0000 1.0000 0.0018 1.0000 -0.0000 0.0018 1.0000 0.0000 1.0000 -0.0018 -0.0000 1.0000 -0.0018 -0.0000 0.0000 -0.0000 1.0000 0.0018 1.0000 -0.0000 0.0018 1.0000 -0.0000 0.0000 -0.0000 -1.0000 0.0000 -0.0000 -1.0000 -1.0000 0.0018 -0.0000 -1.0000 0.0018 -0.0000 0.0000 0.0000 1.0000 1.0000 -0.0018 -0.0000 1.0000 -0.0018 -0.0000 -0.0018 -1.0000 0.0000 -0.0018 -1.0000 -0.0000 0.1953 0.9807 -0.0000 0.1953 0.9807 -0.0000 -0.0000 0.0000 -1.0000 -0.0000 0.0000 -1.0000 -0.9807 0.1953 0.0000 -0.9807 0.1953 -0.0000 0.0000 0.0000 1.0000 0.9807 -0.1953 -0.0000 0.9807 -0.1953 0.0000 -0.1953 -0.9807 -0.0000 -0.1953 -0.9807 -0.0000 0.0018 1.0000 -0.0000 0.0018 1.0000 -0.0000 -1.0000 0.0018 -0.0000 -1.0000 0.0018 -0.0000 0.0000 -0.0000 1.0000 0.0000 -0.0000 1.0000 1.0000 -0.0018 -0.0000 1.0000 -0.0018 0.0000 -0.0018 -1.0000 0.0000 -0.0018 -1.0000 -0.0000 0.0018 1.0000 -0.0000 0.0018 1.0000 -0.0000 0.0000 0.0000 -1.0000 -1.0000 0.0018 -0.0000 -1.0000 0.0018 -0.0000 0.0000 -0.0000 1.0000 0.0000 -0.0000 1.0000 1.0000 -0.0018 -0.0000 1.0000 -0.0018 0.0000 -0.0018 -1.0000 0.0000 -0.0018 -1.0000 -0.0000 -0.0000 -0.0000 -1.0000 -0.0000 -0.0000 -1.0000 0.0000 0.0000 1.0000 0.0000 0.0000 1.0000 0.0000 -1.0000 -0.0000 1.0000 -0.0000 -0.0000 -0.0000 1.0000 0.0000 -1.0000 0.0000 0.0000 -0.0000 -0.0000 -1.0000 -0.0000 -0.0000 -1.0000 0.0000 -0.0000 1.0000 -0.0000 0.0000 -1.0000 0.0000 -0.0000 1.0000 -0.0000 1.0000 0.0000 0.0000 0.0000 1.0000 -0.0000 1.0000 0.0000 -0.0000 -0.0000 -1.0000 -0.0000 0.0000 -1.0000 0.0000 -0.0000 -1.0000 -0.0000 0.0000 1.0000 -0.1650 -0.9863 -0.0000 0.9863 -0.1650 0.0000 0.1650 0.9863 0.0000 -0.9863 0.1650 -0.0000 0.0000 -0.0000 1.0000 -0.0000 0.0000 -1.0000 0.0000 -0.0000 1.0000 -0.0000 0.0000 1.0000 -0.9801 -0.1984 0.0000 0.1983 -0.9801 0.0000 0.9801 0.1984 0.0000 -0.1983 0.9801 -0.0000 0.0000 -0.0000 1.0000 -0.9801 -0.1983 0.0000 0.1983 -0.9801 0.0000 0.9801 0.1983 -0.0000 -0.1983 0.9801 -0.0000 0.0000 -0.0000 1.0000 0.1983 -0.9801 0.0000 0.9801 0.1984 0.0000 -0.1983 0.9801 -0.0000 1.0000 0.0054 -0.0000 0.0000 -0.0000 -1.0000 -0.0000 0.0000 1.0000 -0.0024 1.0000 0.0000 0.0024 -1.0000 -0.0000 0.0024 -1.0000 -0.0000 -1.0000 -0.0054 0.0000 -1.0000 -0.0054 0.0000 -0.0024 1.0000 -0.0000 -0.0024 1.0000 -0.0000 1.0000 0.0054 -0.0000 -0.0000 -0.0000 -1.0000 0.0000 0.0000 1.0000 0.0000 -0.0000 1.0000 -0.0024 1.0000 0.0000 0.0024 -1.0000 0.0000 -1.0000 -0.0054 0.0000 -1.0000 -0.0054 -0.0000 -0.0024 1.0000 0.0000 -0.0024 1.0000 -0.0000 1.0000 0.0054 0.0000 1.0000 0.0054 -0.0000 -0.0024 1.0000 0.0000 -1.0000 -0.0054 0.0000 -1.0000 -0.0054 0.0000 0.9096 -0.4155 -0.0000 0.9096 -0.4155 -0.0000 -0.8980 0.4390 0.0301 -0.4182 -0.9083 -0.0000 -0.4182 -0.9083 -0.0000 -0.9096 0.4155 0.0000 -0.9096 0.4155 0.0000 0.4182 0.9083 -0.0000 0.4182 0.9083 -0.0000 -1.0000 0.0000 0.0000 0.0000 1.0000 0.0000 -0.0000 -1.0000 -0.0000 1.0000 -0.0000 -0.0000 -0.0000 0.0000 -1.0000 0.0000 -0.0000 1.0000 -1.0000 0.0000 -0.0000 0.0000 1.0000 0.0000 -0.0000 -1.0000 -0.0000 1.0000 -0.0000 0.0000 0.0000 0.0000 -1.0000 -0.0000 -0.0000 1.0000 -1.0000 0.0000 0.0000 0.0000 1.0000 -0.0000 -0.0000 -1.0000 0.0000 1.0000 -0.0000 0.0000 0.0000 -0.0000 -1.0000 -0.0000 0.0000 1.0000 0.0000 -0.8302 -0.5575 -1.0000 -0.0000 0.0000 1.0000 0.0000 -0.0000 -0.0000 0.8302 0.5575 -0.0000 0.5575 -0.8302 0.0000 -0.5575 0.8302 0.0000 0.8372 -0.5470 -1.0000 -0.0000 -0.0000 1.0000 0.0000 0.0000 -0.0000 -0.8372 0.5470 -0.0000 0.5470 0.8372 0.0000 -0.5470 -0.8372 0.0000 -0.8216 -0.5700 -1.0000 -0.0000 0.0000 1.0000 0.0000 -0.0000 -0.0000 0.8216 0.5700 -0.0000 0.5700 -0.8216 0.0000 -0.5700 0.8216 -0.0000 1.0000 0.0000 1.0000 0.0000 -0.0000 -1.0000 -0.0000 0.0000 0.0000 -1.0000 -0.0000 -0.0000 0.0000 -1.0000 0.0000 -0.0000 1.0000 0.0001 -0.0000 -1.0000 1.0000 0.0000 0.0001 -1.0000 -0.0000 -0.0001 -0.0001 0.0000 1.0000 0.0000 -1.0000 0.0000 -0.0000 1.0000 -0.0000 0.0001 -0.0000 -1.0000 1.0000 0.0000 0.0001 -1.0000 -0.0000 -0.0001 -0.0001 0.0000 1.0000 0.0000 -1.0000 0.0000 -0.0000 1.0000 -0.0000 -1.0000 -0.0000 -0.0000 -0.0000 0.0000 1.0000 0.0000 -0.0000 -1.0000 1.0000 0.0000 0.0000 -0.0000 1.0000 -0.0000 0.0000 -1.0000 0.0000 -0.0018 -1.0000 0.0000 -0.0018 -1.0000 -0.0000 -0.0000 0.0000 -1.0000 -0.0000 0.0000 -1.0000 1.0000 -0.0018 -0.0000 1.0000 -0.0018 -0.0000 -0.0000 0.0000 1.0000 -0.0000 -0.0000 1.0000 -1.0000 0.0018 -0.0000 -1.0000 0.0018 0.0000 0.0018 1.0000 0.0000 0.0018 1.0000 -0.0000 -0.0018 -1.0000 0.0000 -0.0018 -1.0000 -0.0000 1.0000 -0.0018 -0.0000 1.0000 -0.0018 -0.0000 0.0000 -0.0000 -1.0000 0.0000 -0.0000 -1.0000 1.0000 -0.0018 -0.0000 1.0000 -0.0018 -0.0000 -0.0000 0.0000 1.0000 -0.0000 -0.0000 1.0000 -1.0000 0.0018 -0.0000 -1.0000 0.0018 -0.0000 0.0018 1.0000 0.0000 0.0018 1.0000 -0.0000 1.0000 -0.0018 -0.0000 1.0000 -0.0018 -0.0000 -0.0000 -0.0000 -1.0000 -0.0000 -0.0000 -1.0000 0.0018 1.0000 -0.0000 0.0018 1.0000 -0.0000 -0.0000 -0.0000 1.0000 0.0000 -0.0000 1.0000 -0.0018 -1.0000 -0.0000 -0.0018 -1.0000 -0.0000 -1.0000 0.0018 -0.0000 -1.0000 0.0018 -0.0000 -1.0000 0.0018 -0.0000 -1.0000 0.0018 -0.0000 0.0000 0.0000 -1.0000 0.0000 0.0000 -1.0000 -0.0018 -1.0000 -0.0000 -0.0018 -1.0000 0.0000 -0.0000 0.0000 1.0000 0.0018 1.0000 -0.0000 0.0018 1.0000 0.0000 1.0000 -0.0018 -0.0000 1.0000 -0.0018 -0.0000 0.0000 -0.0000 1.0000 0.0018 1.0000 -0.0000 0.0018 1.0000 -0.0000 0.0000 -0.0000 -1.0000 0.0000 -0.0000 -1.0000 -1.0000 0.0018 -0.0000 -1.0000 0.0018 -0.0000 0.0000 0.0000 1.0000 1.0000 -0.0018 -0.0000 1.0000 -0.0018 -0.0000 -0.0018 -1.0000 0.0000 -0.0018 -1.0000 -0.0000 0.1953 0.9807 -0.0000 0.1953 0.9807 -0.0000 -0.0000 0.0000 -1.0000 -0.0000 0.0000 -1.0000 -0.9807 0.1953 0.0000 -0.9807 0.1953 -0.0000 0.0000 0.0000 1.0000 0.9807 -0.1953 -0.0000 0.9807 -0.1953 0.0000 -0.1953 -0.9807 -0.0000 -0.1953 -0.9807 -0.0000 0.0018 1.0000 -0.0000 0.0018 1.0000 -0.0000 -1.0000 0.0018 -0.0000 -1.0000 0.0018 -0.0000 0.0000 -0.0000 1.0000 0.0000 -0.0000 1.0000 1.0000 -0.0018 -0.0000 1.0000 -0.0018 0.0000 -0.0018 -1.0000 0.0000 -0.0018 -1.0000 -0.0000 0.0018 1.0000 -0.0000 0.0018 1.0000 -0.0000 0.0000 0.0000 -1.0000 -1.0000 0.0018 -0.0000 -1.0000 0.0018 -0.0000 0.0000 -0.0000 1.0000 0.0000 -0.0000 1.0000 1.0000 -0.0018 -0.0000 1.0000 -0.0018 0.0000 -0.0018 -1.0000 0.0000 -0.0018 -1.0000 -0.0000 -0.0000 -0.0000 -1.0000 -0.0000 -0.0000 -1.0000 0.0000 0.0000 1.0000 0.0000 0.0000 1.0000 0.0000 -1.0000 -0.0000 1.0000 -0.0000 -0.0000 -0.0000 1.0000 0.0000 -1.0000 0.0000 0.0000 -0.0000 -0.0000 -1.0000 -0.0000 -0.0000 -1.0000 0.0000 -0.0000 1.0000 -0.0000 0.0000 -1.0000 0.0000 -0.0000 1.0000 -0.0000 1.0000 0.0000 0.0000 0.0000 1.0000 -0.0000 1.0000 0.0000 -0.0000 -0.0000 -1.0000 -0.0000 0.0000 -1.0000 0.0000 -0.0000 -1.0000 -0.0000 0.0000 1.0000 -0.1650 -0.9863 -0.0000 0.9863 -0.1650 0.0000 0.1650 0.9863 0.0000 -0.9863 0.1650 -0.0000 0.0000 -0.0000 1.0000 -0.0000 0.0000 -1.0000 0.0000 -0.0000 1.0000 -0.0000 0.0000 1.0000 -0.9801 -0.1984 0.0000 0.1983 -0.9801 0.0000 0.9801 0.1984 0.0000 -0.1983 0.9801 -0.0000 0.0000 -0.0000 1.0000 -0.9801 -0.1983 0.0000 0.1983 -0.9801 0.0000 0.9801 0.1983 -0.0000 -0.1983 0.9801 -0.0000 0.0000 -0.0000 1.0000 0.1983 -0.9801 0.0000 0.9801 0.1984 0.0000 -0.1983 0.9801 -0.0000 1.0000 0.0054 -0.0000 0.0000 -0.0000 -1.0000 -0.0000 0.0000 1.0000 -0.0024 1.0000 0.0000 0.0024 -1.0000 -0.0000 0.0024 -1.0000 -0.0000 -1.0000 -0.0054 0.0000 -1.0000 -0.0054 0.0000 -0.0024 1.0000 -0.0000 -0.0024 1.0000 -0.0000 1.0000 0.0054 -0.0000 -0.0000 -0.0000 -1.0000 0.0000 0.0000 1.0000 0.0000 -0.0000 1.0000 -0.0024 1.0000 0.0000 0.0024 -1.0000 0.0000 -1.0000 -0.0054 0.0000 -1.0000 -0.0054 -0.0000 -0.0024 1.0000 0.0000 -0.0024 1.0000 -0.0000 1.0000 0.0054 0.0000 1.0000 0.0054 -0.0000 -0.0024 1.0000 0.0000 -1.0000 -0.0054 0.0000 -1.0000 -0.0054 0.0000 0.9096 -0.4155 -0.0000 0.9096 -0.4155 -0.0000 -0.8980 0.4390 0.0301 -0.4182 -0.9083 -0.0000 -0.4182 -0.9083 -0.0000 -0.9096 0.4155 0.0000 -0.9096 0.4155 0.0000 0.4182 0.9083 -0.0000 0.4182 0.9083 -0.0000 -0.0002 1.0000 0.0000 0.0000 0.0000 -1.0000 -0.0000 0.0000 1.0000 1.0000 0.0076 0.0000 0.0002 -1.0000 0.0000 0.0002 -1.0000 0.0000 -1.0000 -0.0076 0.0000 -1.0000 -0.0076 0.0000 -1.0000 -0.0076 0.0000 1.0000 0.0002 -0.0000 0.0076 -1.0000 -0.0000 0.0076 -1.0000 -0.0000 -1.0000 -0.0002 0.0000 -1.0000 -0.0002 0.0000 -0.0077 1.0000 0.0000 -0.0076 1.0000 -0.0000 -0.0076 1.0000 0.0000 0.0076 -1.0000 -0.0000 -1.0000 -0.0002 0.0000 -0.0076 1.0000 -0.0000 0.0076 -1.0000 -0.0000 -1.0000 -0.0002 0.0000 -0.0076 1.0000 -0.0000 1.0000 0.0002 0.0000 0.0076 -1.0000 0.0000 -1.0000 -0.0002 0.0000 -0.0077 1.0000 -0.0000 -0.0076 1.0000 -0.0000 -0.0076 1.0000 0.0000 -0.0076 1.0000 -0.0000 1.0000 0.0002 -0.0000 0.0076 -1.0000 0.0000 -1.0000 -0.0002 0.0000 -0.0076 1.0000 -0.0000 -0.0076 1.0000 0.0000 -0.0076 1.0000 -0.0000 -0.0002 1.0000 0.0000 1.0000 0.0076 -0.0000 0.0002 -1.0000 0.0000 -1.0000 -0.0076 0.0000 -1.0000 -0.0076 0.0000 -1.0000 -0.0076 -0.0000 -1.0000 -0.0076 0.0000 -0.0002 1.0000 0.0000 1.0000 0.0076 -0.0000 0.0002 -1.0000 0.0000 0.0002 -1.0000 -0.0000 -1.0000 -0.0076 0.0000 -1.0000 -0.0076 0.0000 -1.0000 -0.0076 -0.0000 -1.0000 -0.0076 0.0000 -1.0000 -0.0076 0.0000 0.0002 -1.0000 0.0000 -1.0000 -0.0076 0.0000 -1.0000 -0.0076 0.0000 1.0000 0.0002 0.0000 0.0076 -1.0000 0.0000 0.0076 -1.0000 -0.0000 -1.0000 -0.0002 0.0000 -1.0000 -0.0002 0.0000 -0.0077 1.0000 0.0000 -0.0076 1.0000 -0.0000 -0.0076 1.0000 0.0000 -0.0002 1.0000 -0.0000 1.0000 0.0076 -0.0000 1.0000 0.0076 -0.0000 0.0002 -1.0000 0.0000 0.0002 -1.0000 0.0000 -1.0000 -0.0076 0.0000 -1.0000 -0.0076 0.0000 -1.0000 -0.0076 -0.0000 1.0000 0.0076 -0.0000 0.0002 -1.0000 0.0000 -1.0000 -0.0076 0.0000 1.0000 0.0076 -0.0000 1.0000 0.0076 -0.0000 0.0002 -1.0000 0.0000 -1.0000 -0.0076 0.0000 -1.0000 -0.0076 0.0000 -0.0002 1.0000 0.0000 1.0000 0.0076 0.0000 1.0000 0.0076 -0.0000 -1.0000 -0.0076 0.0000 -1.0000 -0.0076 0.0000 -1.0000 -0.0076 0.0000 1.0000 0.0076 -0.0000 -1.0000 -0.0076 0.0000 1.0000 0.0076 -0.0000 -1.0000 -0.0076 0.0000 -0.0002 1.0000 0.0000 1.0000 0.0076 -0.0000 1.0000 0.0076 -0.0000 0.0002 -1.0000 0.0000 0.0002 -1.0000 0.0000 -1.0000 -0.0076 -0.0000 -1.0000 -0.0076 0.0000 -1.0000 -0.0076 0.0000 1.0000 0.0002 0.0000 0.0076 -1.0000 -0.0000 0.0076 -1.0000 -0.0000 -1.0000 -0.0002 -0.0000 -1.0000 -0.0002 0.0000 -0.0076 1.0000 0.0000 -0.0076 1.0000 0.0000 -0.0076 1.0000 -0.0000 0.0076 -1.0000 -0.0000 -0.0076 1.0000 0.0000 -0.0076 1.0000 -0.0000 0.0076 -1.0000 -0.0000 -1.0000 -0.0002 0.0000 -0.0076 1.0000 0.0000 -0.0002 1.0000 0.0000 0.0000 0.0000 -1.0000 -0.0000 0.0000 1.0000 1.0000 0.0076 0.0000 0.0002 -1.0000 0.0000 0.0002 -1.0000 0.0000 -1.0000 -0.0076 0.0000 -1.0000 -0.0076 0.0000 -1.0000 -0.0076 0.0000 1.0000 0.0002 -0.0000 0.0076 -1.0000 -0.0000 0.0076 -1.0000 -0.0000 -1.0000 -0.0002 0.0000 -1.0000 -0.0002 0.0000 -0.0077 1.0000 0.0000 -0.0076 1.0000 -0.0000 -0.0076 1.0000 0.0000 0.0076 -1.0000 -0.0000 -1.0000 -0.0002 0.0000 -0.0076 1.0000 -0.0000 0.0076 -1.0000 -0.0000 -1.0000 -0.0002 0.0000 -0.0076 1.0000 -0.0000 1.0000 0.0002 0.0000 0.0076 -1.0000 0.0000 -1.0000 -0.0002 0.0000 -0.0077 1.0000 -0.0000 -0.0076 1.0000 -0.0000 -0.0076 1.0000 0.0000 -0.0076 1.0000 -0.0000 1.0000 0.0002 -0.0000 0.0076 -1.0000 0.0000 -1.0000 -0.0002 0.0000 -0.0076 1.0000 -0.0000 -0.0076 1.0000 0.0000 -0.0076 1.0000 -0.0000 -0.0002 1.0000 0.0000 1.0000 0.0076 -0.0000 0.0002 -1.0000 0.0000 -1.0000 -0.0076 0.0000 -1.0000 -0.0076 0.0000 -1.0000 -0.0076 -0.0000 -1.0000 -0.0076 0.0000 -0.0002 1.0000 0.0000 1.0000 0.0076 -0.0000 0.0002 -1.0000 0.0000 0.0002 -1.0000 -0.0000 -1.0000 -0.0076 0.0000 -1.0000 -0.0076 0.0000 -1.0000 -0.0076 -0.0000 -1.0000 -0.0076 0.0000 -1.0000 -0.0076 0.0000 0.0002 -1.0000 0.0000 -1.0000 -0.0076 0.0000 -1.0000 -0.0076 0.0000 1.0000 0.0002 0.0000 0.0076 -1.0000 0.0000 0.0076 -1.0000 -0.0000 -1.0000 -0.0002 0.0000 -1.0000 -0.0002 0.0000 -0.0077 1.0000 0.0000 -0.0076 1.0000 -0.0000 -0.0076 1.0000 0.0000 -0.0002 1.0000 -0.0000 1.0000 0.0076 -0.0000 1.0000 0.0076 -0.0000 0.0002 -1.0000 0.0000 0.0002 -1.0000 0.0000 -1.0000 -0.0076 0.0000 -1.0000 -0.0076 0.0000 -1.0000 -0.0076 -0.0000 1.0000 0.0076 -0.0000 0.0002 -1.0000 0.0000 -1.0000 -0.0076 0.0000 1.0000 0.0076 -0.0000 1.0000 0.0076 -0.0000 0.0002 -1.0000 0.0000 -1.0000 -0.0076 0.0000 -1.0000 -0.0076 0.0000 -0.0002 1.0000 0.0000 1.0000 0.0076 0.0000 1.0000 0.0076 -0.0000 -1.0000 -0.0076 0.0000 -1.0000 -0.0076 0.0000 -1.0000 -0.0076 0.0000 1.0000 0.0076 -0.0000 -1.0000 -0.0076 0.0000 1.0000 0.0076 -0.0000 -1.0000 -0.0076 0.0000 -0.0002 1.0000 0.0000 1.0000 0.0076 -0.0000 1.0000 0.0076 -0.0000 0.0002 -1.0000 0.0000 0.0002 -1.0000 0.0000 -1.0000 -0.0076 -0.0000 -1.0000 -0.0076 0.0000 -1.0000 -0.0076 0.0000 1.0000 0.0002 0.0000 0.0076 -1.0000 -0.0000 0.0076 -1.0000 -0.0000 -1.0000 -0.0002 -0.0000 -1.0000 -0.0002 0.0000 -0.0076 1.0000 0.0000 -0.0076 1.0000 0.0000 -0.0076 1.0000 -0.0000 0.0076 -1.0000 -0.0000 -0.0076 1.0000 0.0000 -0.0076 1.0000 -0.0000 0.0076 -1.0000 -0.0000 -1.0000 -0.0002 0.0000 -0.0076 1.0000 0.0000 -0.0002 1.0000 0.0000 0.0000 0.0000 -1.0000 -0.0000 0.0000 1.0000 1.0000 0.0076 0.0000 0.0002 -1.0000 0.0000 0.0002 -1.0000 0.0000 -1.0000 -0.0076 0.0000 -1.0000 -0.0076 0.0000 -1.0000 -0.0076 0.0000 1.0000 0.0002 -0.0000 0.0076 -1.0000 -0.0000 0.0076 -1.0000 -0.0000 -1.0000 -0.0002 0.0000 -1.0000 -0.0002 0.0000 -0.0077 1.0000 0.0000 -0.0076 1.0000 -0.0000 -0.0076 1.0000 0.0000 0.0076 -1.0000 -0.0000 -1.0000 -0.0002 0.0000 -0.0076 1.0000 -0.0000 0.0076 -1.0000 -0.0000 -1.0000 -0.0002 0.0000 -0.0076 1.0000 -0.0000 1.0000 0.0002 0.0000 0.0076 -1.0000 0.0000 -1.0000 -0.0002 0.0000 -0.0077 1.0000 -0.0000 -0.0076 1.0000 -0.0000 -0.0076 1.0000 0.0000 -0.0076 1.0000 -0.0000 1.0000 0.0002 -0.0000 0.0076 -1.0000 0.0000 -1.0000 -0.0002 0.0000 -0.0076 1.0000 -0.0000 -0.0076 1.0000 0.0000 -0.0076 1.0000 -0.0000 -0.0002 1.0000 0.0000 1.0000 0.0076 -0.0000 0.0002 -1.0000 0.0000 -1.0000 -0.0076 0.0000 -1.0000 -0.0076 0.0000 -1.0000 -0.0076 -0.0000 -1.0000 -0.0076 0.0000 -0.0002 1.0000 0.0000 1.0000 0.0076 -0.0000 0.0002 -1.0000 0.0000 0.0002 -1.0000 -0.0000 -1.0000 -0.0076 0.0000 -1.0000 -0.0076 0.0000 -1.0000 -0.0076 -0.0000 -1.0000 -0.0076 0.0000 -1.0000 -0.0076 0.0000 0.0002 -1.0000 0.0000 -1.0000 -0.0076 0.0000 -1.0000 -0.0076 0.0000 1.0000 0.0002 0.0000 0.0076 -1.0000 0.0000 0.0076 -1.0000 -0.0000 -1.0000 -0.0002 0.0000 -1.0000 -0.0002 0.0000 -0.0077 1.0000 0.0000 -0.0076 1.0000 -0.0000 -0.0076 1.0000 0.0000 -0.0002 1.0000 -0.0000 1.0000 0.0076 -0.0000 1.0000 0.0076 -0.0000 0.0002 -1.0000 0.0000 0.0002 -1.0000 0.0000 -1.0000 -0.0076 0.0000 -1.0000 -0.0076 0.0000 -1.0000 -0.0076 -0.0000 1.0000 0.0076 -0.0000 0.0002 -1.0000 0.0000 -1.0000 -0.0076 0.0000 1.0000 0.0076 -0.0000 1.0000 0.0076 -0.0000 0.0002 -1.0000 0.0000 -1.0000 -0.0076 0.0000 -1.0000 -0.0076 0.0000 -0.0002 1.0000 0.0000 1.0000 0.0076 0.0000 1.0000 0.0076 -0.0000 -1.0000 -0.0076 0.0000 -1.0000 -0.0076 0.0000 -1.0000 -0.0076 0.0000 1.0000 0.0076 -0.0000 -1.0000 -0.0076 0.0000 1.0000 0.0076 -0.0000 -1.0000 -0.0076 0.0000 -0.0002 1.0000 0.0000 1.0000 0.0076 -0.0000 1.0000 0.0076 -0.0000 0.0002 -1.0000 0.0000 0.0002 -1.0000 0.0000 -1.0000 -0.0076 -0.0000 -1.0000 -0.0076 0.0000 -1.0000 -0.0076 0.0000 1.0000 0.0002 0.0000 0.0076 -1.0000 -0.0000 0.0076 -1.0000 -0.0000 -1.0000 -0.0002 -0.0000 -1.0000 -0.0002 0.0000 -0.0076 1.0000 0.0000 -0.0076 1.0000 0.0000 -0.0076 1.0000 -0.0000 0.0076 -1.0000 -0.0000 -0.0076 1.0000 0.0000 -0.0076 1.0000 -0.0000 0.0076 -1.0000 -0.0000 -1.0000 -0.0002 0.0000 -0.0076 1.0000 0.0000 1.0000 -0.0000 0.0000 1.0000 -0.0000 0.0000 0.0018 1.0000 -0.0006 0.0000 1.0000 0.0088 -0.0000 -0.0000 1.0000 -0.0000 -0.0000 1.0000 -0.0000 -0.0000 1.0000 1.0000 -0.0000 -0.0000 0.0019 1.0000 -0.0000 -0.0000 -0.0000 -1.0000 -0.0000 0.0000 -1.0000 0.0000 0.0000 -1.0000 1.0000 -0.0000 -0.0000 1.0000 -0.0000 -0.0000 0.0000 0.9992 -0.0397 -0.0000 -0.0000 1.0000 0.1591 -0.9873 0.0000 0.8516 0.5242 -0.0000 0.8487 0.5288 -0.0027 0.8977 -0.4405 0.0000 0.0000 0.0000 -1.0000 -0.0000 -0.0000 -1.0000 0.1591 -0.9873 0.0000 0.8267 0.5626 0.0000 0.8490 0.5194 0.0977 0.8233 -0.5677 -0.0000 0.8233 -0.5677 0.0000 0.1704 0.9854 0.0014 0.1756 0.9845 0.0055 0.8711 -0.4911 -0.0000 0.0000 -0.0000 -1.0000 0.0000 -0.0000 -1.0000 0.8233 -0.5677 -0.0000 0.1611 0.9869 0.0097 0.1703 0.9844 0.0434 0.0000 1.0000 0.0000 1.0000 -0.0000 -0.0000 1.0000 -0.0000 0.0000 -1.0000 0.0000 0.0000 -1.0000 0.0000 -0.0000 -1.0000 -0.0000 0.0000 -1.0000 -0.0000 -0.0000 -0.0018 1.0000 -0.0006 0.0000 -0.0000 1.0000 0.0000 -0.0000 1.0000 0.0000 -0.0000 1.0000 -1.0000 -0.0000 0.0000 -0.0019 1.0000 0.0000 -0.0000 0.0000 -1.0000 0.0000 -0.0000 -1.0000 0.0000 0.0000 -1.0000 -1.0000 -0.0000 0.0000 -1.0000 -0.0000 -0.0000 -0.0000 -1.0000 -0.0000 -0.1591 -0.9873 -0.0000 -0.8487 0.5288 -0.0027 -0.8516 0.5242 0.0000 -0.8977 -0.4405 -0.0000 0.0000 -0.0000 -1.0000 -0.1591 -0.9873 0.0000 -0.8490 0.5194 0.0977 -0.8267 0.5626 0.0000 -0.8233 -0.5677 0.0000 -0.8233 -0.5677 -0.0000 -0.1756 0.9845 0.0055 -0.1704 0.9854 0.0014 -0.8711 -0.4911 -0.0000 -0.0000 -0.0000 -1.0000 -0.0000 -0.0000 -1.0000 -0.8233 -0.5677 -0.0000 -0.1703 0.9844 0.0434 -0.1611 0.9869 0.0097 -1.0000 -0.0000 -0.0000 -1.0000 -0.0000 -0.0000 1.0000 0.0000 0.0000 1.0000 0.0000 0.0000 0.0000 -0.9997 -0.0227 0.9992 0.0000 -0.0406 -0.0000 0.9997 -0.0227 -0.9992 -0.0000 -0.0406 0.0000 0.3397 -0.9405 -0.4302 -0.0000 -0.9028 0.0000 -0.3397 -0.9405 0.4302 -0.0000 -0.9028 -0.0000 -1.0000 0.0000 1.0000 -0.0000 0.0000 -1.0000 0.0000 0.0000 -0.0000 0.0000 1.0000 -0.0000 -0.0000 1.0000 0.0000 -0.0000 1.0000 0.0000 -0.0000 1.0000 0.3160 -0.9481 -0.0344 0.3160 -0.9481 -0.0344 -0.3160 -0.9481 -0.0344 -0.3160 -0.9481 -0.0344 0.9477 0.3159 -0.0457 0.9477 0.3159 -0.0457 -0.3160 0.9481 -0.0344 -0.3160 0.9481 -0.0344 0.3125 0.1042 -0.9442 0.3125 0.1042 -0.9442 -0.0920 0.2759 -0.9568 -0.0920 0.2759 -0.9568 0.0920 -0.2759 -0.9568 0.0920 -0.2759 -0.9568 -0.3125 -0.1042 -0.9442 -0.3125 -0.1042 -0.9442 -0.9487 -0.3162 0.0000 -0.9487 -0.3162 0.0000 0.3162 -0.9487 0.0000 -0.3162 0.9487 0.0000 -0.3162 0.9487 0.0000 0.9487 0.3162 0.0000 0.9487 0.3162 0.0000 0.0000 0.0000 1.0000 0.0000 0.0000 1.0000 -0.0000 0.0000 1.0000 -0.0000 0.0000 1.0000 0.0000 -0.0000 1.0000 0.0000 -0.0000 1.0000 -0.0000 -0.0000 1.0000 -0.0000 -0.0000 1.0000 0.9477 -0.3159 -0.0457 0.9477 -0.3159 -0.0457 -0.9477 -0.3159 -0.0457 -0.9477 -0.3159 -0.0457 0.3160 0.9481 -0.0344 0.3160 0.9481 -0.0344 -0.9477 0.3159 -0.0457 -0.9477 0.3159 -0.0457 0.0920 0.2759 -0.9568 0.0920 0.2759 -0.9568 -0.3125 0.1042 -0.9442 -0.3125 0.1042 -0.9442 0.3125 -0.1042 -0.9442 0.3125 -0.1042 -0.9442 -0.0920 -0.2759 -0.9568 -0.0920 -0.2759 -0.9568 -0.3162 -0.9487 0.0000 0.9487 -0.3162 0.0000 0.9487 -0.3162 0.0000 -0.9487 0.3162 0.0000 -0.9487 0.3162 0.0000 0.3162 0.9487 0.0000 0.3162 0.9487 0.0000 0.0000 0.0000 1.0000 0.0000 0.0000 1.0000 -0.0000 0.0000 1.0000 -0.0000 0.0000 1.0000 0.0000 -0.0000 1.0000 0.0000 -0.0000 1.0000 -0.0000 -0.0000 1.0000 -0.0000 -0.0000 1.0000 1.0000 -0.0000 0.0000 -0.0000 0.9024 -0.4309 -1.0000 0.0000 -0.0000 -0.9995 -0.0000 -0.0325 0.0000 -0.9024 -0.4309 -0.9024 0.0000 -0.4309 0.9024 -0.0000 -0.4309 0.9848 -0.0000 -0.1736 0.9848 -0.0000 -0.1736 0.8660 -0.0000 -0.5000 0.6428 0.0000 -0.7660 0.3420 -0.0000 -0.9397 -0.3420 0.0000 -0.9397 -0.6428 -0.0000 -0.7660 -0.8660 -0.0000 -0.5000 -0.9848 0.0000 -0.1736 -0.9848 -0.0000 0.1736 -0.8660 -0.0000 0.5000 -0.6428 0.0000 0.7660 -0.3420 -0.0000 0.9397 0.3420 0.0000 0.9397 0.6428 -0.0000 0.7660 0.8660 0.0000 0.5000 0.9848 0.0000 0.1736 0.9848 -0.0000 0.1736 -0.9848 -0.0000 -0.1736 -0.9848 -0.0000 -0.1736 -0.8660 0.0000 -0.5000 -0.6428 0.0000 -0.7660 0.3420 0.0000 -0.9397 0.6428 0.0000 -0.7660 0.8660 0.0000 -0.5000 0.9848 0.0000 -0.1736 0.9848 -0.0000 0.1736 0.8660 -0.0000 0.5000 0.6428 -0.0000 0.7660 0.3420 0.0000 0.9397 -0.3420 0.0000 0.9397 -0.6428 -0.0000 0.7660 -0.8660 -0.0000 0.5000 -0.9848 0.0000 0.1736 -0.9848 0.0000 0.1736 0.9848 0.0000 -0.1736 0.8660 -0.0000 -0.5000 0.8660 -0.0000 -0.5000 0.6428 -0.0000 -0.7660 0.6428 -0.0000 -0.7660 0.3420 -0.0000 -0.9397 -0.3420 -0.0000 -0.9397 -0.6428 -0.0000 -0.7660 -0.6428 -0.0000 -0.7660 -0.8660 -0.0000 -0.5000 -0.8660 0.0000 -0.5000 -0.9848 0.0000 -0.1736 -0.9848 -0.0000 -0.1736 -0.9848 0.0000 0.1736 -0.9848 0.0000 0.1736 -0.8660 0.0000 0.5000 -0.6428 -0.0000 0.7660 -0.3420 0.0000 0.9397 -0.0000 -0.0000 1.0000 0.3420 0.0000 0.9397 0.6428 0.0000 0.7660 0.6428 0.0000 0.7660 0.8660 0.0000 0.5000 0.8660 0.0000 0.5000 -0.9848 0.0000 -0.1736 -0.8660 -0.0000 -0.5000 -0.8660 0.0000 -0.5000 -0.6428 0.0000 -0.7660 -0.6428 -0.0000 -0.7660 -0.3420 0.0000 -0.9397 0.3420 0.0000 -0.9397 0.6428 -0.0000 -0.7660 0.6428 -0.0000 -0.7660 0.8660 -0.0000 -0.5000 0.9848 -0.0000 -0.1736 0.9848 -0.0000 -0.1736 0.9848 0.0000 0.1736 0.9848 0.0000 0.1736 0.6428 0.0000 0.7660 0.3420 -0.0000 0.9397 0.0000 -0.0000 1.0000 -0.3420 -0.0000 0.9397 -0.6428 0.0000 0.7660 -0.6428 -0.0000 0.7660 -0.8660 0.0000 0.5000 -0.8660 0.0000 0.5000 -0.0000 -1.0000 -0.0000 -0.0000 -1.0000 0.0000 -0.0000 -1.0000 0.0001 0.9737 0.0000 -0.2277 -0.9737 0.0000 0.2277 -0.9737 0.0000 0.2277 -0.9737 0.0000 0.2277 -0.9737 -0.0000 0.2277 0.5177 0.0000 -0.8556 0.5177 -0.0000 -0.8556 -0.5177 -0.0000 -0.8556 -0.5177 -0.0000 -0.8556 0.3413 -0.0000 -0.9400 0.3413 -0.0000 -0.9400 -0.3413 0.0000 -0.9400 -0.3413 -0.0000 -0.9400 -0.1201 -0.0000 -0.9928 0.1201 0.0000 -0.9928 -0.5177 0.0000 -0.8556 -0.5177 0.0001 -0.8556 -0.3413 0.0001 -0.9400 -0.3415 -0.0003 -0.9399 0.3413 -0.0000 -0.9400 0.3413 -0.0000 -0.9400 0.1201 0.0001 -0.9928 0.1200 -0.0001 -0.9928 -0.1201 -0.0004 -0.9928 -0.1199 0.0001 -0.9928 0.8660 0.0000 -0.5000 0.3420 -0.0000 -0.9397 -0.3420 0.0000 -0.9397 -0.8660 -0.0000 -0.5000 -0.9848 -0.0000 0.1736 -0.6428 0.0000 0.7660 0.6428 -0.0000 0.7660 0.9848 -0.0000 0.1737 0.0000 -1.0000 -0.0000 0.0000 -1.0000 0.0000 -0.9737 -0.0000 -0.2277 0.9737 -0.0000 0.2277 0.9737 0.0000 0.2277 0.9737 -0.0000 0.2277 0.9737 -0.0000 0.2277 -0.5177 -0.0000 -0.8556 -0.5177 -0.0000 -0.8556 0.5177 -0.0000 -0.8556 0.5177 -0.0000 -0.8556 -0.3413 -0.0000 -0.9400 -0.3413 -0.0000 -0.9400 0.3413 -0.0000 -0.9400 0.3413 0.0000 -0.9400 0.1201 -0.0000 -0.9928 -0.1201 0.0000 -0.9928 0.5177 0.0001 -0.8556 0.5177 0.0000 -0.8556 0.3415 -0.0003 -0.9399 0.3413 0.0001 -0.9400 -0.3413 0.0000 -0.9400 -0.3413 -0.0000 -0.9400 -0.1200 -0.0001 -0.9928 -0.1201 0.0001 -0.9928 0.1199 0.0001 -0.9928 0.1201 -0.0004 -0.9928 -0.3420 0.0000 -0.9397 0.3420 0.0000 -0.9397 0.6428 0.0000 0.7660 -0.6428 0.0000 0.7660 -0.9848 -0.0000 0.1737 0.9737 0.0000 -0.2277 -0.9737 -0.0000 0.2277 -0.9737 0.0000 0.2277 0.5177 0.0000 -0.8556 0.5177 -0.0000 -0.8556 -0.5177 0.0000 -0.8556 -0.5177 0.0000 -0.8556 0.3413 -0.0000 -0.9400 0.3413 0.0000 -0.9400 -0.3413 0.0000 -0.9400 -0.3413 0.0000 -0.9400 -0.1201 -0.0000 -0.9928 -0.5177 -0.0001 -0.8556 -0.5177 -0.0000 -0.8556 -0.3415 0.0003 -0.9399 -0.3413 -0.0001 -0.9400 0.3413 -0.0000 -0.9400 0.3413 0.0000 -0.9400 0.1200 0.0001 -0.9928 0.1201 -0.0001 -0.9928 -0.1199 -0.0001 -0.9928 -0.1201 0.0004 -0.9928 0.8660 -0.0000 -0.5000 0.9848 -0.0000 0.1736 0.9737 -0.0000 0.2277 0.9737 0.0000 0.2277 -0.5177 0.0000 -0.8556 0.5177 0.0000 -0.8556 0.5177 0.0000 -0.8556 -0.3413 0.0000 -0.9400 0.3413 0.0000 -0.9400 0.5177 -0.0000 -0.8556 0.5177 -0.0001 -0.8556 0.3413 -0.0001 -0.9400 0.3415 0.0003 -0.9399 -0.3413 0.0000 -0.9400 -0.1201 -0.0001 -0.9928 -0.1200 0.0001 -0.9928 0.1201 0.0004 -0.9928 0.1199 -0.0001 -0.9928 -0.0000 0.3827 0.9239 0.0000 0.9239 0.3827 -0.0000 0.9239 -0.3827 -0.0000 0.3827 -0.9239 0.0000 -0.3827 -0.9239 0.0000 -0.9239 -0.3827 0.0000 -0.9239 0.3827 -0.0000 -0.3827 0.9239 -0.9239 0.3827 -0.0000 -0.3827 0.9239 -0.0000 0.3827 0.9239 0.0000 0.9239 0.3827 0.0000 0.9239 -0.3827 -0.0000 0.3827 -0.9239 -0.0000 -0.3827 -0.9239 -0.0000 -0.9239 -0.3827 0.0000 -0.9239 0.3827 -0.0000 -0.3827 0.9239 -0.0000 -0.3827 0.9239 -0.0000 0.0000 0.3827 0.9239 0.0000 0.9239 0.3827 0.0000 -0.9239 0.3827 -0.0000 -0.3827 0.9239 0.9239 0.3827 0.0000 0.3827 0.9239 0.0000 -0.3827 -0.9239 0.0000 0.3827 -0.9239 0.0000 0.9239 -0.3827 0.0000 0.9239 0.3827 -0.0000 -0.3827 0.9239 -0.0000 -0.9239 0.3827 0.0000 -0.9239 -0.3827 -0.0000 -0.3827 -0.9239 -0.0000 0.9239 -0.3827 0.0000 1.0000 -0.0000 0.0000 1.0000 -0.0000 0.0000 0.0018 1.0000 -0.0006 0.0000 1.0000 0.0088 -0.0000 -0.0000 1.0000 -0.0000 -0.0000 1.0000 -0.0000 -0.0000 1.0000 1.0000 -0.0000 -0.0000 0.0019 1.0000 -0.0000 -0.0000 -0.0000 -1.0000 -0.0000 0.0000 -1.0000 0.0000 0.0000 -1.0000 1.0000 -0.0000 -0.0000 1.0000 -0.0000 -0.0000 0.0000 0.9992 -0.0397 -0.0000 -0.0000 1.0000 0.1591 -0.9873 0.0000 0.8516 0.5242 -0.0000 0.8487 0.5288 -0.0027 0.8977 -0.4405 0.0000 0.0000 0.0000 -1.0000 -0.0000 -0.0000 -1.0000 0.1591 -0.9873 0.0000 0.8267 0.5626 0.0000 0.8490 0.5194 0.0977 0.8233 -0.5677 -0.0000 0.8233 -0.5677 0.0000 0.1704 0.9854 0.0014 0.1756 0.9845 0.0055 0.8711 -0.4911 -0.0000 0.0000 -0.0000 -1.0000 0.0000 -0.0000 -1.0000 0.8233 -0.5677 -0.0000 0.1611 0.9869 0.0097 0.1703 0.9844 0.0434 0.0000 1.0000 0.0000 1.0000 -0.0000 -0.0000 1.0000 -0.0000 0.0000 -1.0000 0.0000 0.0000 -1.0000 0.0000 -0.0000 -1.0000 -0.0000 0.0000 -1.0000 -0.0000 -0.0000 -0.0018 1.0000 -0.0006 0.0000 -0.0000 1.0000 0.0000 -0.0000 1.0000 0.0000 -0.0000 1.0000 -1.0000 -0.0000 0.0000 -0.0019 1.0000 0.0000 -0.0000 0.0000 -1.0000 0.0000 -0.0000 -1.0000 0.0000 0.0000 -1.0000 -1.0000 -0.0000 0.0000 -1.0000 -0.0000 -0.0000 -0.0000 -1.0000 -0.0000 -0.1591 -0.9873 -0.0000 -0.8487 0.5288 -0.0027 -0.8516 0.5242 0.0000 -0.8977 -0.4405 -0.0000 0.0000 -0.0000 -1.0000 -0.1591 -0.9873 0.0000 -0.8490 0.5194 0.0977 -0.8267 0.5626 0.0000 -0.8233 -0.5677 0.0000 -0.8233 -0.5677 -0.0000 -0.1756 0.9845 0.0055 -0.1704 0.9854 0.0014 -0.8711 -0.4911 -0.0000 -0.0000 -0.0000 -1.0000 -0.0000 -0.0000 -1.0000 -0.8233 -0.5677 -0.0000 -0.1703 0.9844 0.0434 -0.1611 0.9869 0.0097 -1.0000 -0.0000 -0.0000 -1.0000 -0.0000 -0.0000 1.0000 0.0000 0.0000 1.0000 0.0000 0.0000 0.0000 -0.9997 -0.0227 0.9992 0.0000 -0.0406 -0.0000 0.9997 -0.0227 -0.9992 -0.0000 -0.0406 0.0000 0.3397 -0.9405 -0.4302 -0.0000 -0.9028 0.0000 -0.3397 -0.9405 0.4302 -0.0000 -0.9028 -0.0000 -1.0000 0.0000 1.0000 -0.0000 0.0000 -1.0000 0.0000 0.0000 -0.0000 0.0000 1.0000 -0.0000 -0.0000 1.0000 0.0000 -0.0000 1.0000 0.0000 -0.0000 1.0000 0.3160 -0.9481 -0.0344 0.3160 -0.9481 -0.0344 -0.3160 -0.9481 -0.0344 -0.3160 -0.9481 -0.0344 0.9477 0.3159 -0.0457 0.9477 0.3159 -0.0457 -0.3160 0.9481 -0.0344 -0.3160 0.9481 -0.0344 0.3125 0.1042 -0.9442 0.3125 0.1042 -0.9442 -0.0920 0.2759 -0.9568 -0.0920 0.2759 -0.9568 0.0920 -0.2759 -0.9568 0.0920 -0.2759 -0.9568 -0.3125 -0.1042 -0.9442 -0.3125 -0.1042 -0.9442 -0.9487 -0.3162 0.0000 -0.9487 -0.3162 0.0000 0.3162 -0.9487 0.0000 -0.3162 0.9487 0.0000 -0.3162 0.9487 0.0000 0.9487 0.3162 0.0000 0.9487 0.3162 0.0000 0.0000 0.0000 1.0000 0.0000 0.0000 1.0000 -0.0000 0.0000 1.0000 -0.0000 0.0000 1.0000 0.0000 -0.0000 1.0000 0.0000 -0.0000 1.0000 -0.0000 -0.0000 1.0000 -0.0000 -0.0000 1.0000 0.9477 -0.3159 -0.0457 0.9477 -0.3159 -0.0457 -0.9477 -0.3159 -0.0457 -0.9477 -0.3159 -0.0457 0.3160 0.9481 -0.0344 0.3160 0.9481 -0.0344 -0.9477 0.3159 -0.0457 -0.9477 0.3159 -0.0457 0.0920 0.2759 -0.9568 0.0920 0.2759 -0.9568 -0.3125 0.1042 -0.9442 -0.3125 0.1042 -0.9442 0.3125 -0.1042 -0.9442 0.3125 -0.1042 -0.9442 -0.0920 -0.2759 -0.9568 -0.0920 -0.2759 -0.9568 -0.3162 -0.9487 0.0000 0.9487 -0.3162 0.0000 0.9487 -0.3162 0.0000 -0.9487 0.3162 0.0000 -0.9487 0.3162 0.0000 0.3162 0.9487 0.0000 0.3162 0.9487 0.0000 0.0000 0.0000 1.0000 0.0000 0.0000 1.0000 -0.0000 0.0000 1.0000 -0.0000 0.0000 1.0000 0.0000 -0.0000 1.0000 0.0000 -0.0000 1.0000 -0.0000 -0.0000 1.0000 -0.0000 -0.0000 1.0000 1.0000 -0.0000 0.0000 -0.0000 0.9024 -0.4309 -1.0000 0.0000 -0.0000 -0.9995 -0.0000 -0.0325 0.0000 -0.9024 -0.4309 -0.9024 0.0000 -0.4309 0.9024 -0.0000 -0.4309 0.9848 -0.0000 -0.1736 0.9848 -0.0000 -0.1736 0.8660 -0.0000 -0.5000 0.6428 0.0000 -0.7660 0.3420 -0.0000 -0.9397 -0.3420 0.0000 -0.9397 -0.6428 -0.0000 -0.7660 -0.8660 -0.0000 -0.5000 -0.9848 0.0000 -0.1736 -0.9848 -0.0000 0.1736 -0.8660 -0.0000 0.5000 -0.6428 0.0000 0.7660 -0.3420 -0.0000 0.9397 0.3420 0.0000 0.9397 0.6428 -0.0000 0.7660 0.8660 0.0000 0.5000 0.9848 0.0000 0.1736 0.9848 -0.0000 0.1736 -0.9848 -0.0000 -0.1736 -0.9848 -0.0000 -0.1736 -0.8660 0.0000 -0.5000 -0.6428 0.0000 -0.7660 0.3420 0.0000 -0.9397 0.6428 0.0000 -0.7660 0.8660 0.0000 -0.5000 0.9848 0.0000 -0.1736 0.9848 -0.0000 0.1736 0.8660 -0.0000 0.5000 0.6428 -0.0000 0.7660 0.3420 0.0000 0.9397 -0.3420 0.0000 0.9397 -0.6428 -0.0000 0.7660 -0.8660 -0.0000 0.5000 -0.9848 0.0000 0.1736 -0.9848 0.0000 0.1736 0.9848 0.0000 -0.1736 0.8660 -0.0000 -0.5000 0.8660 -0.0000 -0.5000 0.6428 -0.0000 -0.7660 0.6428 -0.0000 -0.7660 0.3420 -0.0000 -0.9397 -0.3420 -0.0000 -0.9397 -0.6428 -0.0000 -0.7660 -0.6428 -0.0000 -0.7660 -0.8660 -0.0000 -0.5000 -0.8660 0.0000 -0.5000 -0.9848 0.0000 -0.1736 -0.9848 -0.0000 -0.1736 -0.9848 0.0000 0.1736 -0.9848 0.0000 0.1736 -0.8660 0.0000 0.5000 -0.6428 -0.0000 0.7660 -0.3420 0.0000 0.9397 -0.0000 -0.0000 1.0000 0.3420 0.0000 0.9397 0.6428 0.0000 0.7660 0.6428 0.0000 0.7660 0.8660 0.0000 0.5000 0.8660 0.0000 0.5000 -0.9848 0.0000 -0.1736 -0.8660 -0.0000 -0.5000 -0.8660 0.0000 -0.5000 -0.6428 0.0000 -0.7660 -0.6428 -0.0000 -0.7660 -0.3420 0.0000 -0.9397 0.3420 0.0000 -0.9397 0.6428 -0.0000 -0.7660 0.6428 -0.0000 -0.7660 0.8660 -0.0000 -0.5000 0.9848 -0.0000 -0.1736 0.9848 -0.0000 -0.1736 0.9848 0.0000 0.1736 0.9848 0.0000 0.1736 0.6428 0.0000 0.7660 0.3420 -0.0000 0.9397 0.0000 -0.0000 1.0000 -0.3420 -0.0000 0.9397 -0.6428 0.0000 0.7660 -0.6428 -0.0000 0.7660 -0.8660 0.0000 0.5000 -0.8660 0.0000 0.5000 -0.0000 -1.0000 -0.0000 -0.0000 -1.0000 0.0000 -0.0000 -1.0000 0.0001 0.9737 0.0000 -0.2277 -0.9737 0.0000 0.2277 -0.9737 0.0000 0.2277 -0.9737 0.0000 0.2277 -0.9737 -0.0000 0.2277 0.5177 0.0000 -0.8556 0.5177 -0.0000 -0.8556 -0.5177 -0.0000 -0.8556 -0.5177 -0.0000 -0.8556 0.3413 -0.0000 -0.9400 0.3413 -0.0000 -0.9400 -0.3413 0.0000 -0.9400 -0.3413 -0.0000 -0.9400 -0.1201 -0.0000 -0.9928 0.1201 0.0000 -0.9928 -0.5177 0.0000 -0.8556 -0.5177 0.0001 -0.8556 -0.3413 0.0001 -0.9400 -0.3415 -0.0003 -0.9399 0.3413 -0.0000 -0.9400 0.3413 -0.0000 -0.9400 0.1201 0.0001 -0.9928 0.1200 -0.0001 -0.9928 -0.1201 -0.0004 -0.9928 -0.1199 0.0001 -0.9928 0.8660 0.0000 -0.5000 0.3420 -0.0000 -0.9397 -0.3420 0.0000 -0.9397 -0.8660 -0.0000 -0.5000 -0.9848 -0.0000 0.1736 -0.6428 0.0000 0.7660 0.6428 -0.0000 0.7660 0.9848 -0.0000 0.1737 0.0000 -1.0000 -0.0000 0.0000 -1.0000 0.0000 -0.9737 -0.0000 -0.2277 0.9737 -0.0000 0.2277 0.9737 0.0000 0.2277 0.9737 -0.0000 0.2277 0.9737 -0.0000 0.2277 -0.5177 -0.0000 -0.8556 -0.5177 -0.0000 -0.8556 0.5177 -0.0000 -0.8556 0.5177 -0.0000 -0.8556 -0.3413 -0.0000 -0.9400 -0.3413 -0.0000 -0.9400 0.3413 -0.0000 -0.9400 0.3413 0.0000 -0.9400 0.1201 -0.0000 -0.9928 -0.1201 0.0000 -0.9928 0.5177 0.0001 -0.8556 0.5177 0.0000 -0.8556 0.3415 -0.0003 -0.9399 0.3413 0.0001 -0.9400 -0.3413 0.0000 -0.9400 -0.3413 -0.0000 -0.9400 -0.1200 -0.0001 -0.9928 -0.1201 0.0001 -0.9928 0.1199 0.0001 -0.9928 0.1201 -0.0004 -0.9928 -0.3420 0.0000 -0.9397 0.3420 0.0000 -0.9397 0.6428 0.0000 0.7660 -0.6428 0.0000 0.7660 -0.9848 -0.0000 0.1737 0.9737 0.0000 -0.2277 -0.9737 -0.0000 0.2277 -0.9737 0.0000 0.2277 0.5177 0.0000 -0.8556 0.5177 -0.0000 -0.8556 -0.5177 0.0000 -0.8556 -0.5177 0.0000 -0.8556 0.3413 -0.0000 -0.9400 0.3413 0.0000 -0.9400 -0.3413 0.0000 -0.9400 -0.3413 0.0000 -0.9400 -0.1201 -0.0000 -0.9928 -0.5177 -0.0001 -0.8556 -0.5177 -0.0000 -0.8556 -0.3415 0.0003 -0.9399 -0.3413 -0.0001 -0.9400 0.3413 -0.0000 -0.9400 0.3413 0.0000 -0.9400 0.1200 0.0001 -0.9928 0.1201 -0.0001 -0.9928 -0.1199 -0.0001 -0.9928 -0.1201 0.0004 -0.9928 0.8660 -0.0000 -0.5000 0.9848 -0.0000 0.1736 0.9737 -0.0000 0.2277 0.9737 0.0000 0.2277 -0.5177 0.0000 -0.8556 0.5177 0.0000 -0.8556 0.5177 0.0000 -0.8556 -0.3413 0.0000 -0.9400 0.3413 0.0000 -0.9400 0.5177 -0.0000 -0.8556 0.5177 -0.0001 -0.8556 0.3413 -0.0001 -0.9400 0.3415 0.0003 -0.9399 -0.3413 0.0000 -0.9400 -0.1201 -0.0001 -0.9928 -0.1200 0.0001 -0.9928 0.1201 0.0004 -0.9928 0.1199 -0.0001 -0.9928 -0.0000 0.3827 0.9239 0.0000 0.9239 0.3827 -0.0000 0.9239 -0.3827 -0.0000 0.3827 -0.9239 0.0000 -0.3827 -0.9239 0.0000 -0.9239 -0.3827 0.0000 -0.9239 0.3827 -0.0000 -0.3827 0.9239 -0.9239 0.3827 -0.0000 -0.3827 0.9239 -0.0000 0.3827 0.9239 0.0000 0.9239 0.3827 0.0000 0.9239 -0.3827 -0.0000 0.3827 -0.9239 -0.0000 -0.3827 -0.9239 -0.0000 -0.9239 -0.3827 0.0000 -0.9239 0.3827 -0.0000 -0.3827 0.9239 -0.0000 -0.3827 0.9239 -0.0000 0.0000 0.3827 0.9239 0.0000 0.9239 0.3827 0.0000 -0.9239 0.3827 -0.0000 -0.3827 0.9239 0.9239 0.3827 0.0000 0.3827 0.9239 0.0000 -0.3827 -0.9239 0.0000 0.3827 -0.9239 0.0000 0.9239 -0.3827 0.0000 0.9239 0.3827 -0.0000 -0.3827 0.9239 -0.0000 -0.9239 0.3827 0.0000 -0.9239 -0.3827 -0.0000 -0.3827 -0.9239 -0.0000 0.9239 -0.3827 0.0000 -1.0000 -0.0000 0.0000 -0.0000 1.0000 -0.0000 1.0000 0.0000 -0.0000 0.0000 -1.0000 0.0000 -0.9962 0.0000 -0.0869 0.0000 0.9938 -0.1115 0.9962 -0.0000 -0.0869 0.0000 -0.9938 -0.1115 -0.0000 0.0000 -1.0000 0.0000 -0.0000 1.0000 0.9981 0.0000 0.0615 -0.0000 0.9968 0.0802 -0.9981 0.0000 0.0615 0.0000 -0.9963 0.0857 -0.9962 -0.0000 -0.0869 0.0000 0.9938 -0.1115 0.9962 -0.0000 -0.0869 -0.0000 -0.9938 -0.1115 0.9981 -0.0000 0.0616 -0.0000 0.9968 0.0802 -0.9981 0.0000 0.0616 0.0000 -0.9963 0.0858 -0.9962 -0.0000 -0.0869 0.9962 -0.0000 -0.0869 0.9981 -0.0000 0.0616 -0.0000 0.9968 0.0803 -0.9981 -0.0000 0.0616 0.0000 -0.9963 0.0859 -0.9962 -0.0000 -0.0869 0.0000 0.9938 -0.1115 0.9981 0.0000 0.0616 -0.0000 0.9968 0.0803 -0.9981 -0.0000 0.0616 0.0000 -0.9963 0.0858 -1.0000 -0.0000 0.0000 -0.0000 1.0000 -0.0000 1.0000 0.0000 -0.0000 0.0000 -1.0000 0.0000 -0.9962 0.0000 -0.0869 0.0000 0.9938 -0.1115 0.9962 -0.0000 -0.0869 0.0000 -0.9938 -0.1115 -0.0000 0.0000 -1.0000 0.0000 -0.0000 1.0000 0.9981 0.0000 0.0615 -0.0000 0.9968 0.0802 -0.9981 0.0000 0.0615 0.0000 -0.9963 0.0857 -0.9962 -0.0000 -0.0869 0.0000 0.9938 -0.1115 0.9962 -0.0000 -0.0869 -0.0000 -0.9938 -0.1115 0.9981 -0.0000 0.0616 -0.0000 0.9968 0.0802 -0.9981 0.0000 0.0616 0.0000 -0.9963 0.0858 -0.9962 -0.0000 -0.0869 0.9962 -0.0000 -0.0869 0.9981 -0.0000 0.0616 -0.0000 0.9968 0.0803 -0.9981 -0.0000 0.0616 0.0000 -0.9963 0.0859 -0.9962 -0.0000 -0.0869 0.0000 0.9938 -0.1115 0.9981 0.0000 0.0616 -0.0000 0.9968 0.0803 -0.9981 -0.0000 0.0616 0.0000 -0.9963 0.0858</float_array><technique_common><accessor source="#norm-arr" count="2313" stride="3"><param name="X" type="float"/><param name="Y" type="float"/><param name="Z" type="float"/></accessor></technique_common></source>
      <source id="uv"><float_array id="uv-arr" count="6876">0.0000 0.0000 1.0000 0.0000 1.0000 1.0000 0.0000 1.0000 0.0000 0.0000 12.5000 0.0000 12.5000 0.1000 0.0000 0.1000 0.0000 0.0000 12.5000 0.0000 12.5000 1.4000 0.0000 1.4000 0.0000 0.0000 12.5000 0.0000 12.5000 1.4000 0.0000 1.4000 0.0000 0.0000 0.1000 0.0000 0.1000 1.4000 0.0000 1.4000 0.0000 0.0000 0.1000 0.0000 0.1000 1.4000 0.0000 1.4000 0.0000 0.0000 12.5000 0.0000 12.5000 0.1000 0.0000 0.1000 0.0000 0.0000 12.5000 0.0000 12.5000 1.4000 0.0000 1.4000 0.0000 0.0000 12.5000 0.0000 12.5000 1.4000 0.0000 1.4000 0.0000 0.0000 0.1000 0.0000 0.1000 1.4000 0.0000 1.4000 0.0000 0.0000 0.1000 0.0000 0.1000 1.4000 0.0000 1.4000 0.0000 0.0000 0.1000 0.0000 0.1000 12.5000 0.0000 12.5000 0.0000 0.0000 0.1000 0.0000 0.1000 1.4000 0.0000 1.4000 0.0000 0.0000 0.1000 0.0000 0.1000 1.4000 0.0000 1.4000 0.0000 0.0000 12.5000 0.0000 12.5000 1.4000 0.0000 1.4000 0.0000 0.0000 12.5000 0.0000 12.5000 1.4000 0.0000 1.4000 0.0000 0.0000 0.1000 0.0000 0.1000 9.7500 0.0000 9.7500 0.0000 0.0000 0.1000 0.0000 0.1000 1.4000 0.0000 1.4000 0.0000 0.0000 0.1000 0.0000 0.1000 1.4000 0.0000 1.4000 0.0000 0.0000 9.7500 0.0000 9.7500 1.4000 0.0000 1.4000 0.0000 0.0000 9.7500 0.0000 9.7500 1.4000 0.0000 1.4000 0.0000 0.0000 0.1000 0.0000 0.1000 1.0000 0.0000 1.0000 0.0000 0.0000 0.1000 0.0000 0.1000 1.4000 0.0000 1.4000 0.0000 0.0000 0.1000 0.0000 0.1000 1.4000 0.0000 1.4000 0.0000 0.0000 1.0000 0.0000 1.0000 1.4000 0.0000 1.4000 0.0000 0.0000 1.0000 0.0000 1.0000 1.4000 0.0000 1.4000 0.0000 0.0000 2.1500 0.0000 2.1500 0.1000 0.0000 0.1000 0.0000 0.0000 2.1500 0.0000 2.1500 1.4000 0.0000 1.4000 0.0000 0.0000 2.1500 0.0000 2.1500 1.4000 0.0000 1.4000 0.0000 0.0000 0.1000 0.0000 0.1000 1.4000 0.0000 1.4000 0.0000 0.0000 0.1000 0.0000 0.1000 1.4000 0.0000 1.4000 0.0000 0.0000 0.6500 0.0000 0.6500 0.1000 0.0000 0.1000 0.0000 0.0000 0.6500 0.0000 0.6500 1.4000 0.0000 1.4000 0.0000 0.0000 0.6500 0.0000 0.6500 1.4000 0.0000 1.4000 0.0000 0.0000 0.1000 0.0000 0.1000 1.4000 0.0000 1.4000 0.0000 0.0000 0.1000 0.0000 0.1000 1.4000 0.0000 1.4000 0.0000 0.0000 0.1000 0.0000 0.1000 1.6500 0.0000 1.6500 0.0000 0.0000 0.1000 0.0000 0.1000 1.4000 0.0000 1.4000 0.0000 0.0000 0.1000 0.0000 0.1000 1.4000 0.0000 1.4000 0.0000 0.0000 1.6500 0.0000 1.6500 1.4000 0.0000 1.4000 0.0000 0.0000 1.6500 0.0000 1.6500 1.4000 0.0000 1.4000 0.0000 0.0000 0.1000 0.0000 0.1000 1.7500 0.0000 1.7500 0.0000 0.0000 0.1000 0.0000 0.1000 1.4000 0.0000 1.4000 0.0000 0.0000 0.1000 0.0000 0.1000 1.4000 0.0000 1.4000 0.0000 0.0000 1.7500 0.0000 1.7500 1.4000 0.0000 1.4000 0.0000 0.0000 1.7500 0.0000 1.7500 1.4000 0.0000 1.4000 0.0000 0.0000 0.1000 0.0000 0.1000 0.6500 0.0000 0.6500 0.0000 0.0000 0.1000 0.0000 0.1000 1.4000 0.0000 1.4000 0.0000 0.0000 0.1000 0.0000 0.1000 1.4000 0.0000 1.4000 0.0000 0.0000 0.6500 0.0000 0.6500 1.4000 0.0000 1.4000 0.0000 0.0000 0.6500 0.0000 0.6500 1.4000 0.0000 1.4000 0.0000 0.0000 0.1000 0.0000 0.1000 2.6000 0.0000 2.6000 0.0000 0.0000 0.1000 0.0000 0.1000 1.4000 0.0000 1.4000 0.0000 0.0000 0.1000 0.0000 0.1000 1.4000 0.0000 1.4000 0.0000 0.0000 2.6000 0.0000 2.6000 1.4000 0.0000 1.4000 0.0000 0.0000 2.6000 0.0000 2.6000 1.4000 0.0000 1.4000 0.0000 0.0000 0.1000 0.0000 0.1000 2.0000 0.0000 2.0000 0.0000 0.0000 0.1000 0.0000 0.1000 1.4000 0.0000 1.4000 0.0000 0.0000 0.1000 0.0000 0.1000 1.4000 0.0000 1.4000 0.0000 0.0000 2.0000 0.0000 2.0000 1.4000 0.0000 1.4000 0.0000 0.0000 2.0000 0.0000 2.0000 1.4000 0.0000 1.4000 0.0000 0.0000 0.1000 0.0000 0.1000 2.1500 0.0000 2.1500 0.0000 0.0000 0.1000 0.0000 0.1000 1.4000 0.0000 1.4000 0.0000 0.0000 0.1000 0.0000 0.1000 1.4000 0.0000 1.4000 0.0000 0.0000 2.1500 0.0000 2.1500 1.4000 0.0000 1.4000 0.0000 0.0000 2.1500 0.0000 2.1500 1.4000 0.0000 1.4000 0.0000 0.0000 2.0000 0.0000 2.0000 0.1000 0.0000 0.1000 0.0000 0.0000 2.0000 0.0000 2.0000 1.4000 0.0000 1.4000 0.0000 0.0000 2.0000 0.0000 2.0000 1.4000 0.0000 1.4000 0.0000 0.0000 0.1000 0.0000 0.1000 1.4000 0.0000 1.4000 0.0000 0.0000 0.1000 0.0000 0.1000 1.4000 0.0000 1.4000 0.0000 0.0000 2.1500 0.0000 2.1500 0.1000 0.0000 0.1000 0.0000 0.0000 2.1500 0.0000 2.1500 1.4000 0.0000 1.4000 0.0000 0.0000 2.1500 0.0000 2.1500 1.4000 0.0000 1.4000 0.0000 0.0000 0.1000 0.0000 0.1000 1.4000 0.0000 1.4000 0.0000 0.0000 0.1000 0.0000 0.1000 1.4000 0.0000 1.4000 0.0000 0.0000 0.3000 0.0000 0.3000 0.3000 0.0000 0.3000 0.0000 0.0000 0.3000 0.0000 0.3000 1.4000 0.0000 1.4000 0.0000 0.0000 0.3000 0.0000 0.3000 1.4000 0.0000 1.4000 0.0000 0.0000 0.3000 0.0000 0.3000 1.4000 0.0000 1.4000 0.0000 0.0000 0.3000 0.0000 0.3000 1.4000 0.0000 1.4000 0.0000 0.0000 0.3000 0.0000 0.3000 0.3000 0.0000 0.3000 0.0000 0.0000 0.3000 0.0000 0.3000 1.4000 0.0000 1.4000 0.0000 0.0000 0.3000 0.0000 0.3000 1.4000 0.0000 1.4000 0.0000 0.0000 0.3000 0.0000 0.3000 1.4000 0.0000 1.4000 0.0000 0.0000 0.3000 0.0000 0.3000 1.4000 0.0000 1.4000 0.0000 0.0000 0.3000 0.0000 0.3000 0.3000 0.0000 0.3000 0.0000 0.0000 0.3000 0.0000 0.3000 1.4000 0.0000 1.4000 0.0000 0.0000 0.3000 0.0000 0.3000 1.4000 0.0000 1.4000 0.0000 0.0000 0.3000 0.0000 0.3000 1.4000 0.0000 1.4000 0.0000 0.0000 0.3000 0.0000 0.3000 1.4000 0.0000 1.4000 0.0000 0.0000 0.3000 0.0000 0.3000 0.3000 0.0000 0.3000 0.0000 0.0000 0.3000 0.0000 0.3000 1.4000 0.0000 1.4000 0.0000 0.0000 0.3000 0.0000 0.3000 1.4000 0.0000 1.4000 0.0000 0.0000 0.3000 0.0000 0.3000 1.4000 0.0000 1.4000 0.0000 0.0000 0.3000 0.0000 0.3000 1.4000 0.0000 1.4000 0.0162 0.5223 0.7563 0.5223 0.0162 0.7158 0.7563 0.7158 0.7496 0.5145 0.0095 0.0610 0.7496 0.0610 0.0095 0.5145 0.9695 0.4804 0.9696 0.9387 0.7715 0.9383 0.7714 0.4807 0.0072 0.0394 0.7516 0.0394 0.0072 0.4990 0.7516 0.4990 0.7792 0.4991 0.7793 0.0407 0.9774 0.0411 0.9773 0.4987 0.0162 0.7181 0.7563 0.7181 0.0162 0.9116 0.7563 0.9116 0.2387 0.2061 0.9426 0.2061 0.2387 0.6920 0.9426 0.6920 0.2407 0.6920 0.2407 0.2061 0.9445 0.6920 0.9445 0.2061 1.0149 0.2061 1.0149 0.6920 0.9445 0.7624 0.2407 0.7624 0.1703 0.6920 0.1703 0.2061 0.2298 0.1026 0.9336 0.1026 0.2298 0.1730 0.9336 0.1730 0.0270 0.6920 0.0270 0.4248 0.4870 0.6920 0.4870 0.4248 0.5070 0.4017 0.5070 0.0362 0.9669 0.4017 0.9669 0.0362 0.0295 0.4152 0.0295 0.0434 0.4895 0.4152 0.4895 0.0354 0.0295 0.0354 0.0295 0.0354 0.4091 0.9717 0.0374 0.9715 0.4073 0.6988 0.0392 0.6987 0.5055 0.6769 0.5055 0.4096 0.9655 0.6769 0.9655 0.4096 0.5703 0.9624 0.5703 0.7050 0.9146 0.9624 0.9223 0.7050 0.0295 0.0354 0.0295 0.0354 0.0162 0.5223 0.7563 0.5223 0.0162 0.7158 0.7563 0.7158 0.7496 0.5145 0.0095 0.0610 0.7496 0.0610 0.0095 0.5145 0.9695 0.4804 0.9696 0.9387 0.7715 0.9383 0.7714 0.4807 0.0072 0.0394 0.7516 0.0394 0.0072 0.4990 0.7516 0.4990 0.7792 0.4991 0.7793 0.0407 0.9774 0.0411 0.9773 0.4987 0.0162 0.7181 0.7563 0.7181 0.0162 0.9116 0.7563 0.9116 0.2387 0.2061 0.9426 0.2061 0.2387 0.6920 0.9426 0.6920 0.2407 0.6920 0.2407 0.2061 0.9445 0.6920 0.9445 0.2061 1.0149 0.2061 1.0149 0.6920 0.9445 0.7624 0.2407 0.7624 0.1703 0.6920 0.1703 0.2061 0.2298 0.1026 0.9336 0.1026 0.2298 0.1730 0.9336 0.1730 0.0270 0.6920 0.0270 0.4248 0.4870 0.6920 0.4870 0.4248 0.5070 0.4017 0.5070 0.0362 0.9669 0.4017 0.9669 0.0362 0.0295 0.4152 0.0295 0.0434 0.4895 0.4152 0.4895 0.0354 0.0295 0.0354 0.0295 0.0354 0.4091 0.9717 0.0374 0.9715 0.4073 0.6988 0.0392 0.6987 0.5055 0.6769 0.5055 0.4096 0.9655 0.6769 0.9655 0.4096 0.5703 0.9624 0.5703 0.7050 0.9146 0.9624 0.9223 0.7050 0.0295 0.0354 0.0295 0.0354 0.0162 0.5223 0.7563 0.5223 0.0162 0.7158 0.7563 0.7158 0.7496 0.5145 0.0095 0.0610 0.7496 0.0610 0.0095 0.5145 0.9695 0.4804 0.9696 0.9387 0.7715 0.9383 0.7714 0.4807 0.0072 0.0394 0.7516 0.0394 0.0072 0.4990 0.7516 0.4990 0.7792 0.4991 0.7793 0.0407 0.9774 0.0411 0.9773 0.4987 0.0162 0.7181 0.7563 0.7181 0.0162 0.9116 0.7563 0.9116 0.2387 0.2061 0.9426 0.2061 0.2387 0.6920 0.9426 0.6920 0.2407 0.6920 0.2407 0.2061 0.9445 0.6920 0.9445 0.2061 1.0149 0.2061 1.0149 0.6920 0.9445 0.7624 0.2407 0.7624 0.1703 0.6920 0.1703 0.2061 0.2298 0.1026 0.9336 0.1026 0.2298 0.1730 0.9336 0.1730 0.0270 0.6920 0.0270 0.4248 0.4870 0.6920 0.4870 0.4248 0.5070 0.4017 0.5070 0.0362 0.9669 0.4017 0.9669 0.0362 0.0295 0.4152 0.0295 0.0434 0.4895 0.4152 0.4895 0.0354 0.0295 0.0354 0.0295 0.0354 0.4091 0.9717 0.0374 0.9715 0.4073 0.6988 0.0392 0.6987 0.5055 0.6769 0.5055 0.4096 0.9655 0.6769 0.9655 0.4096 0.5703 0.9624 0.5703 0.7050 0.9146 0.9624 0.9223 0.7050 0.0295 0.0354 0.0295 0.0354 0.0162 0.5223 0.7563 0.5223 0.0162 0.7158 0.7563 0.7158 0.7496 0.5145 0.0095 0.0610 0.7496 0.0610 0.0095 0.5145 0.9695 0.4804 0.9696 0.9387 0.7715 0.9383 0.7714 0.4807 0.0072 0.0394 0.7516 0.0394 0.0072 0.4990 0.7516 0.4990 0.7792 0.4991 0.7793 0.0407 0.9774 0.0411 0.9773 0.4987 0.0162 0.7181 0.7563 0.7181 0.0162 0.9116 0.7563 0.9116 0.2387 0.2061 0.9426 0.2061 0.2387 0.6920 0.9426 0.6920 0.2407 0.6920 0.2407 0.2061 0.9445 0.6920 0.9445 0.2061 1.0149 0.2061 1.0149 0.6920 0.9445 0.7624 0.2407 0.7624 0.1703 0.6920 0.1703 0.2061 0.2298 0.1026 0.9336 0.1026 0.2298 0.1730 0.9336 0.1730 0.0270 0.6920 0.0270 0.4248 0.4870 0.6920 0.4870 0.4248 0.5070 0.4017 0.5070 0.0362 0.9669 0.4017 0.9669 0.0362 0.0295 0.4152 0.0295 0.0434 0.4895 0.4152 0.4895 0.0354 0.0295 0.0354 0.0295 0.0354 0.4091 0.9717 0.0374 0.9715 0.4073 0.6988 0.0392 0.6987 0.5055 0.6769 0.5055 0.4096 0.9655 0.6769 0.9655 0.4096 0.5703 0.9624 0.5703 0.7050 0.9146 0.9624 0.9223 0.7050 0.0295 0.0354 0.0295 0.0354 0.0162 0.5223 0.7563 0.5223 0.0162 0.7158 0.7563 0.7158 0.7496 0.5145 0.0095 0.0610 0.7496 0.0610 0.0095 0.5145 0.9695 0.4804 0.9696 0.9387 0.7715 0.9383 0.7714 0.4807 0.0072 0.0394 0.7516 0.0394 0.0072 0.4990 0.7516 0.4990 0.7792 0.4991 0.7793 0.0407 0.9774 0.0411 0.9773 0.4987 0.0162 0.7181 0.7563 0.7181 0.0162 0.9116 0.7563 0.9116 0.2387 0.2061 0.9426 0.2061 0.2387 0.6920 0.9426 0.6920 0.2407 0.6920 0.2407 0.2061 0.9445 0.6920 0.9445 0.2061 1.0149 0.2061 1.0149 0.6920 0.9445 0.7624 0.2407 0.7624 0.1703 0.6920 0.1703 0.2061 0.2298 0.1026 0.9336 0.1026 0.2298 0.1730 0.9336 0.1730 0.0270 0.6920 0.0270 0.4248 0.4870 0.6920 0.4870 0.4248 0.5070 0.4017 0.5070 0.0362 0.9669 0.4017 0.9669 0.0362 0.0295 0.4152 0.0295 0.0434 0.4895 0.4152 0.4895 0.0354 0.0295 0.0354 0.0295 0.0354 0.4091 0.9717 0.0374 0.9715 0.4073 0.6988 0.0392 0.6987 0.5055 0.6769 0.5055 0.4096 0.9655 0.6769 0.9655 0.4096 0.5703 0.9624 0.5703 0.7050 0.9146 0.9624 0.9223 0.7050 0.0295 0.0354 0.0295 0.0354 0.0270 0.6920 0.4870 0.4248 0.4870 0.6920 0.0270 0.4248 0.5070 0.4017 0.9669 0.0362 0.9669 0.4017 0.5070 0.0362 0.0295 0.0434 0.4895 0.4152 0.0295 0.4152 0.4895 0.0354 0.0295 0.0354 0.0374 0.9715 0.4073 0.6988 0.4091 0.9717 0.0392 0.6987 0.9655 0.6769 0.5055 0.6769 0.5055 0.4096 0.9655 0.4096 0.9146 0.9624 0.9223 0.7050 0.9223 0.9624 0.5703 0.7050 0.5703 0.9624 0.0270 0.6920 0.4870 0.4248 0.4870 0.6920 0.0270 0.4248 0.5070 0.4017 0.9669 0.0362 0.9669 0.4017 0.5070 0.0362 0.0295 0.0434 0.4895 0.4152 0.0295 0.4152 0.4895 0.0354 0.0295 0.0354 0.0374 0.9715 0.4073 0.6988 0.4091 0.9717 0.0392 0.6987 0.9655 0.6769 0.5055 0.6769 0.5055 0.4096 0.9655 0.4096 0.9146 0.9624 0.9223 0.7050 0.9223 0.9624 0.5703 0.7050 0.5703 0.9624 0.0270 0.6920 0.4870 0.4248 0.4870 0.6920 0.0270 0.4248 0.5070 0.4017 0.9669 0.0362 0.9669 0.4017 0.5070 0.0362 0.0295 0.0434 0.4895 0.4152 0.0295 0.4152 0.4895 0.0354 0.0295 0.0354 0.0374 0.9715 0.4073 0.6988 0.4091 0.9717 0.0392 0.6987 0.9655 0.6769 0.5055 0.6769 0.5055 0.4096 0.9655 0.4096 0.9146 0.9624 0.9223 0.7050 0.9223 0.9624 0.5703 0.7050 0.5703 0.9624 0.9627 0.0975 0.7859 0.0977 0.7859 0.0858 0.9627 0.0856 0.4699 0.0651 0.4699 0.0532 0.5332 0.0530 0.5333 0.0650 0.8067 0.1171 0.9833 0.1173 0.9884 0.1204 0.9900 0.1297 0.8489 0.1294 0.9823 0.1456 0.8411 0.1455 0.8411 0.1356 0.9823 0.1358 0.5332 0.0431 0.3232 0.0208 0.3249 0.0117 0.3300 0.0087 0.4644 0.0227 0.4946 0.0109 0.2471 0.0849 0.0824 0.0852 0.0824 0.0822 0.2471 0.0819 0.5332 0.0401 0.4608 0.3748 0.5240 0.5529 0.3976 0.5529 0.3127 0.0210 0.3022 0.0210 0.1598 0.0091 0.3127 0.0091 0.7801 0.0858 0.7800 0.0977 0.2960 0.0868 0.2898 0.0743 0.3021 0.0515 0.3125 0.0532 0.3029 0.1063 0.2890 0.1063 0.2890 0.0964 0.3029 0.0964 0.6925 0.0710 0.7028 0.0693 0.7150 0.0800 0.7088 0.0925 0.3126 0.0431 0.1598 0.0427 0.3021 0.0400 0.3126 0.0401 0.0763 0.0822 0.0765 0.0852 0.9688 0.0856 0.9688 0.0975 0.7707 0.0858 0.7705 0.0977 0.8352 0.1371 0.8017 0.1205 0.9979 0.1358 0.9979 0.1457 0.4996 0.0144 0.4779 0.0305 0.2531 0.0819 0.2531 0.0849 0.0660 0.0817 0.0673 0.0848 0.6133 0.0518 0.6132 0.0636 0.5537 0.0644 0.5535 0.0527 0.6131 0.0421 0.5534 0.0429 0.6135 0.3765 0.6170 0.3815 0.6170 0.5462 0.6136 0.5512 0.3608 0.1187 0.3405 0.1188 0.3404 0.1065 0.3607 0.1065 0.3826 0.1187 0.3706 0.1187 0.3706 0.1064 0.3825 0.1065 0.3306 0.1188 0.3187 0.1190 0.3186 0.1067 0.3306 0.1066 0.0066 0.1145 0.0269 0.1145 0.0269 0.1264 0.0066 0.1265 0.0269 0.1363 0.0066 0.1363 0.8053 0.1156 0.8053 0.1037 0.9821 0.1038 0.9821 0.1157 0.4065 0.0653 0.4065 0.0533 0.6129 0.3313 0.5707 0.3435 0.4295 0.3432 0.4311 0.3340 0.4361 0.3309 0.6509 0.0148 0.6509 0.0247 0.5097 0.0247 0.5097 0.0148 0.4065 0.0434 0.5550 0.3552 0.5852 0.3672 0.4205 0.3683 0.4155 0.3653 0.4138 0.3562 0.0850 0.0314 0.0851 0.0284 0.2497 0.0296 0.2497 0.0326 0.3185 0.3748 0.0964 0.0743 0.0964 0.0515 0.0956 0.1063 0.0956 0.0964 0.9084 0.0696 0.9084 0.0803 0.0173 0.0430 0.0965 0.0398 0.0068 0.0210 0.0068 0.0091 0.0173 0.0091 0.0966 0.0210 0.9880 0.1038 0.9880 0.1158 0.0233 0.0868 0.0068 0.0532 0.0147 0.1063 0.0147 0.0964 0.9979 0.0713 0.9815 0.0928 0.0068 0.0431 0.0068 0.0401 0.2558 0.0297 0.2556 0.0327 0.7992 0.1156 0.7993 0.1037 0.9973 0.1039 0.9975 0.1158 0.6179 0.3348 0.5843 0.3512 0.6665 0.0148 0.6665 0.0247 0.5686 0.3474 0.5901 0.3637 0.0789 0.0313 0.0790 0.0283 0.2661 0.0293 0.2648 0.0323 0.3250 0.0525 0.3859 0.0533 0.3858 0.0653 0.3250 0.0645 0.3251 0.0425 0.3861 0.0433 0.3266 0.0395 0.3046 0.5462 0.3046 0.3815 0.3081 0.3765 0.3081 0.5512 0.3183 0.5529 0.3812 0.0900 0.3811 0.1022 0.3608 0.1021 0.3609 0.0899 0.4029 0.0900 0.4029 0.1022 0.3910 0.1023 0.3910 0.0900 0.3510 0.0898 0.3509 0.1020 0.3390 0.1019 0.3391 0.0896 0.6591 0.0609 0.6591 0.0490 0.6794 0.0490 0.6794 0.0609 0.6591 0.0391 0.6794 0.0391 0.4206 0.1725 0.6774 0.1720 0.6777 0.3262 0.4208 0.3267 0.0362 0.5661 0.6001 0.5665 0.6173 0.9995 0.0183 0.9991 0.2458 0.1217 0.3722 0.1235 0.3803 0.3197 0.2323 0.3204 0.0205 0.3610 0.2773 0.3612 0.2852 0.5584 0.0123 0.5583 0.0432 0.1219 0.1695 0.1242 0.1768 0.3204 0.0288 0.3205 0.9775 0.0630 0.7046 0.0630 0.6925 0.0460 0.9896 0.0460 0.3945 0.3340 0.2180 0.3340 0.6121 0.0875 0.3392 0.0866 0.3272 0.0696 0.6243 0.0705 0.1911 0.3347 0.0144 0.3340 0.9900 0.0407 0.6929 0.0407 0.6929 0.0236 0.9900 0.0236 0.3959 0.3508 0.2169 0.3514 0.9900 0.0200 0.6929 0.0200 0.6929 0.0029 0.9900 0.0029 0.1921 0.3517 0.0133 0.3514 0.4008 0.1305 0.6979 0.1318 0.6743 0.1628 0.4242 0.1617 0.8089 0.1822 0.9847 0.1832 0.9534 0.2065 0.8399 0.2059 0.6965 0.1268 0.3994 0.1255 0.4230 0.0944 0.6731 0.0955 0.9888 0.1758 0.8129 0.1746 0.8442 0.1513 0.9578 0.1521 0.6341 0.9994 0.6168 0.5664 0.0195 0.5659 0.0016 0.9989 0.3880 0.3186 0.3794 0.1232 0.2928 0.5583 0.2849 0.3611 0.1984 0.3336 0.1845 0.3193 0.6853 0.0483 0.6974 0.0652 0.3199 0.0719 0.3320 0.0889 0.4019 0.3329 0.2001 0.3510 0.6853 0.0236 0.6853 0.0407 0.6853 0.0029 0.6853 0.0200 0.4035 0.3501 0.8380 0.1457 0.8055 0.1673 0.6815 0.1653 0.7051 0.1342 0.4158 0.0920 0.3922 0.1231 0.9606 0.2089 0.9919 0.1856 0.2247 0.3191 0.2385 0.1213 0.1767 0.1240 0.0047 0.5582 0.0128 0.3609 0.0212 0.3191 0.0359 0.1215 0.9969 0.0483 0.9848 0.0652 0.2106 0.3328 0.0071 0.3328 0.6315 0.0728 0.6194 0.0898 0.9976 0.0236 0.9976 0.0407 0.2087 0.3507 0.0051 0.3506 0.9976 0.0029 0.9976 0.0200 0.4170 0.1641 0.3936 0.1328 0.8327 0.2082 0.8016 0.1846 0.9657 0.1531 0.9955 0.1784 0.6804 0.0932 0.7037 0.1244 0.4136 0.3243 0.4133 0.1749 0.4111 0.3171 0.4109 0.1824 0.6846 0.1744 0.6849 0.3238 0.6871 0.1816 0.6874 0.3164 0.7982 0.1652 0.7978 0.1269 0.8128 0.1338 0.7937 0.1652 0.7933 0.1269 0.7785 0.1342 0.7097 0.2121 0.7092 0.1738 0.7242 0.1807 0.7052 0.2121 0.7047 0.1738 0.6899 0.1811 0.2098 0.2024 0.2095 0.1641 0.2245 0.1711 0.2053 0.2024 0.2050 0.1641 0.1902 0.1714 0.7855 0.2117 0.7851 0.1733 0.8001 0.1803 0.7810 0.2117 0.7806 0.1734 0.7658 0.1807 0.2069 0.1609 0.2067 0.1226 0.2216 0.1296 0.2035 0.1609 0.2022 0.1226 0.7410 0.2120 0.7258 0.1810 0.7406 0.1737 0.7451 0.1736 0.7455 0.2119 0.7600 0.1806 0.2025 0.3262 0.1874 0.2951 0.2023 0.2879 0.2068 0.2879 0.2071 0.3262 0.2217 0.2949 0.2055 0.2440 0.1904 0.2129 0.2052 0.2057 0.2097 0.2056 0.2100 0.2439 0.2247 0.2126 0.2051 0.2848 0.1900 0.2537 0.2048 0.2464 0.2094 0.2464 0.2096 0.2847 0.2243 0.2534 0.1875 0.1302 0.9418 0.2472 0.9269 0.2160 0.9418 0.2089 0.9463 0.2089 0.9463 0.2472 0.9612 0.2160 0.9057 0.2472 0.8908 0.2160 0.9057 0.2089 0.9102 0.2089 0.9102 0.2472 0.9251 0.2160 0.9789 0.2472 0.9640 0.2160 0.9789 0.2089 0.9834 0.2089 0.9834 0.2472 0.9983 0.2160 0.8695 0.2472 0.8546 0.2160 0.8695 0.2089 0.8740 0.2089 0.8740 0.2472 0.8889 0.2160 0.7616 0.1792 0.7461 0.1483 0.7609 0.1409 0.7650 0.1792 0.7654 0.1408 0.8364 0.2485 0.8364 0.2102 0.8513 0.2173 0.8319 0.2485 0.8319 0.2102 0.8170 0.2173 0.7652 0.2442 0.7652 0.2059 0.7801 0.2130 0.7607 0.2442 0.7607 0.2059 0.7458 0.2130 0.7275 0.2458 0.7275 0.2075 0.7424 0.2146 0.7230 0.2458 0.7230 0.2075 0.7081 0.2146 0.7987 0.2491 0.7987 0.2108 0.8136 0.2179 0.7942 0.2491 0.7942 0.2108 0.7793 0.2179 0.7802 0.1481 0.7652 0.1398 0.7656 0.1015 0.7804 0.1088 0.7607 0.1398 0.7611 0.1015 0.7461 0.1084 0.7079 0.2806 0.7084 0.2423 0.7232 0.2496 0.7034 0.2806 0.7039 0.2423 0.6889 0.2492 0.7346 0.1641 0.7341 0.1258 0.7491 0.1327 0.7301 0.1641 0.7296 0.1258 0.7148 0.1331 0.7298 0.1240 0.7147 0.0929 0.7295 0.0857 0.7340 0.0857 0.7343 0.1240 0.7490 0.0927 0.7229 0.3158 0.7086 0.2844 0.7236 0.2775 0.7281 0.2776 0.7274 0.3159 0.7429 0.2849 0.7424 0.2791 0.7280 0.2476 0.7430 0.2408 0.7475 0.2409 0.7469 0.2792 0.7623 0.2482 0.7442 0.6780 0.7253 0.6780 0.7253 0.6505 0.7442 0.6505 0.7064 0.6780 0.7064 0.6505 0.6874 0.6780 0.6874 0.6505 0.6685 0.6780 0.6685 0.6505 0.6496 0.6780 0.6496 0.6505 0.9904 0.6780 0.9714 0.6780 0.9714 0.6505 0.9904 0.6505 0.9525 0.6780 0.9525 0.6505 0.9336 0.6780 0.9336 0.6505 0.9146 0.6780 0.9146 0.6505 0.8957 0.6780 0.8957 0.6505 0.8768 0.6780 0.8768 0.6505 0.8578 0.6780 0.8578 0.6505 0.8389 0.6780 0.8389 0.6505 0.8200 0.6780 0.8200 0.6505 0.8010 0.6780 0.8010 0.6505 0.7821 0.6780 0.7821 0.6505 0.7632 0.6780 0.7632 0.6505 0.9509 0.4879 0.9320 0.4880 0.9141 0.4817 0.9687 0.4813 0.8995 0.4696 0.9831 0.4690 0.8900 0.4533 0.9924 0.4525 0.8865 0.4347 0.9956 0.4339 0.8897 0.4160 0.9921 0.4153 0.8990 0.3995 0.9826 0.3989 0.9134 0.3873 0.9680 0.3869 0.9312 0.3807 0.9501 0.3805 0.8005 0.3807 0.8195 0.3810 0.8372 0.3877 0.7827 0.3869 0.8515 0.4001 0.7680 0.3989 0.8608 0.4166 0.7583 0.4152 0.8638 0.4353 0.7548 0.4338 0.8602 0.4539 0.7578 0.4525 0.8506 0.4701 0.7670 0.4690 0.8359 0.4821 0.7814 0.4814 0.8180 0.4883 0.7991 0.4881 0.7260 0.6839 0.7260 0.7115 0.7070 0.7115 0.7070 0.6839 0.6881 0.7115 0.6881 0.6839 0.6691 0.7115 0.6691 0.6839 0.6502 0.7115 0.6502 0.6839 0.9910 0.6839 0.9910 0.7115 0.9721 0.7115 0.9721 0.6839 0.9531 0.7115 0.9531 0.6839 0.9342 0.7115 0.9342 0.6839 0.9153 0.7115 0.9153 0.6839 0.8964 0.7115 0.8964 0.6839 0.8774 0.7115 0.8774 0.6839 0.8585 0.7115 0.8585 0.6839 0.8396 0.7115 0.8396 0.6839 0.8206 0.7115 0.8206 0.6839 0.8017 0.7115 0.8017 0.6839 0.7828 0.7115 0.7828 0.6839 0.7638 0.7115 0.7638 0.6839 0.7449 0.7115 0.7449 0.6839 0.7971 0.6070 0.7793 0.6005 0.8338 0.6005 0.8161 0.6070 0.7648 0.5883 0.8484 0.5883 0.7553 0.5719 0.8578 0.5719 0.7521 0.5533 0.8611 0.5533 0.7553 0.5346 0.8578 0.5346 0.7648 0.5182 0.8483 0.5182 0.7793 0.5061 0.8338 0.5060 0.7971 0.4996 0.8160 0.4996 0.6734 0.6059 0.6557 0.5992 0.7102 0.5999 0.6923 0.6061 0.6413 0.5868 0.7249 0.5879 0.6321 0.5703 0.7346 0.5716 0.6291 0.5516 0.7381 0.5530 0.6326 0.5330 0.7351 0.5343 0.6423 0.5167 0.7258 0.5178 0.6570 0.5047 0.7115 0.5055 0.6748 0.4985 0.6938 0.4987 0.7458 0.7169 0.7458 0.7444 0.7269 0.7444 0.7269 0.7169 0.7080 0.7444 0.7080 0.7169 0.6890 0.7444 0.6890 0.7169 0.6701 0.7444 0.6701 0.7169 0.6512 0.7444 0.6512 0.7169 0.9920 0.7169 0.9920 0.7444 0.9730 0.7444 0.9730 0.7169 0.9541 0.7444 0.9541 0.7169 0.9351 0.7444 0.9351 0.7169 0.9162 0.7444 0.9162 0.7169 0.8973 0.7444 0.8973 0.7169 0.8783 0.7444 0.8783 0.7169 0.8594 0.7444 0.8594 0.7169 0.8405 0.7444 0.8405 0.7169 0.8215 0.7444 0.8215 0.7169 0.8026 0.7444 0.8026 0.7169 0.7837 0.7444 0.7837 0.7169 0.7647 0.7444 0.7647 0.7169 0.9310 0.3702 0.9132 0.3638 0.9677 0.3637 0.9500 0.3702 0.8987 0.3516 0.9822 0.3515 0.8892 0.3353 0.9917 0.3351 0.8859 0.3166 0.9949 0.3164 0.8891 0.2980 0.9916 0.2978 0.8986 0.2816 0.9821 0.2814 0.9131 0.2694 0.9676 0.2693 0.9308 0.2629 0.9498 0.2628 0.6761 0.4857 0.6584 0.4792 0.7129 0.4793 0.6951 0.4858 0.6439 0.4670 0.7274 0.4672 0.6344 0.4506 0.7369 0.4508 0.6312 0.4320 0.7402 0.4322 0.6345 0.4133 0.7370 0.4135 0.6440 0.3969 0.7276 0.3971 0.6586 0.3848 0.7131 0.3849 0.6764 0.3784 0.6953 0.3784 0.7258 0.6457 0.7068 0.6457 0.7068 0.6181 0.7258 0.6181 0.6879 0.6457 0.6879 0.6181 0.6690 0.6457 0.6690 0.6181 0.6500 0.6457 0.6500 0.6181 0.9909 0.6457 0.9719 0.6457 0.9719 0.6181 0.9909 0.6181 0.9530 0.6457 0.9530 0.6181 0.9341 0.6457 0.9341 0.6181 0.9151 0.6457 0.9151 0.6181 0.8962 0.6457 0.8962 0.6181 0.8773 0.6457 0.8773 0.6181 0.8583 0.6457 0.8583 0.6181 0.8394 0.6457 0.8394 0.6181 0.8205 0.6457 0.8205 0.6181 0.8015 0.6457 0.8015 0.6181 0.7826 0.6457 0.7826 0.6181 0.7637 0.6457 0.7637 0.6181 0.7447 0.6457 0.7447 0.6181 0.9316 0.5012 0.9505 0.5013 0.9682 0.5079 0.9137 0.5075 0.9827 0.5202 0.8991 0.5196 0.9920 0.5366 0.8896 0.5359 0.9952 0.5553 0.8861 0.5545 0.9918 0.5739 0.8893 0.5732 0.9822 0.5902 0.8987 0.5897 0.9676 0.6023 0.9131 0.6019 0.9498 0.6087 0.9308 0.6085 0.8200 0.3712 0.8011 0.3710 0.7834 0.3643 0.8379 0.3649 0.7690 0.3520 0.8525 0.3529 0.7597 0.3355 0.8621 0.3366 0.7566 0.3169 0.8656 0.3179 0.7600 0.2982 0.8625 0.2993 0.7697 0.2819 0.8532 0.2828 0.7843 0.2699 0.8388 0.2705 0.8022 0.2636 0.8211 0.2638 0.9036 0.9920 0.9028 0.8915 0.9297 0.8976 0.9304 0.9981 0.9885 0.8869 0.9617 0.8931 0.9620 0.7925 0.9888 0.7863 0.9079 0.8898 0.9258 0.8939 0.9128 0.8892 0.9217 0.8912 0.9174 0.8897 0.9658 0.7888 0.9837 0.7847 0.9699 0.7861 0.9789 0.7841 0.9743 0.7846 0.8693 0.7906 0.8960 0.7840 0.8969 0.8846 0.8702 0.8911 0.8382 0.8977 0.8383 0.9983 0.8115 0.9920 0.8113 0.8915 0.8909 0.7824 0.8731 0.7868 0.8861 0.7819 0.8772 0.7841 0.8815 0.7824 0.8343 0.8940 0.8164 0.8898 0.8302 0.8913 0.8213 0.8893 0.8259 0.8898 0.8911 0.7543 0.9917 0.7543 0.9917 0.7566 0.8911 0.7566 0.7611 0.7543 0.8613 0.7543 0.8613 0.7566 0.7611 0.7566 0.8912 0.7694 0.9917 0.7694 0.9917 0.7718 0.8912 0.7718 0.7611 0.7694 0.8614 0.7694 0.8614 0.7718 0.7611 0.7718 0.8857 0.7543 0.8857 0.7566 0.8667 0.7543 0.8667 0.7566 0.8808 0.7543 0.8808 0.7566 0.8716 0.7543 0.8716 0.7566 0.8762 0.7543 0.8762 0.7566 0.8858 0.7694 0.8858 0.7718 0.8668 0.7694 0.8668 0.7718 0.8809 0.7694 0.8809 0.7718 0.8716 0.7694 0.8716 0.7718 0.8765 0.7694 0.8765 0.7718 0.6881 0.8257 0.6820 0.8257 0.6820 0.7886 0.6881 0.7886 0.6779 0.8257 0.6779 0.7886 0.6737 0.8257 0.6737 0.7886 0.6676 0.8257 0.6676 0.7886 0.6609 0.8257 0.6609 0.7886 0.6557 0.8257 0.6557 0.7886 0.6520 0.8257 0.6520 0.7886 0.7000 0.8257 0.6948 0.8257 0.6948 0.7886 0.7000 0.7886 0.8692 0.9916 0.8425 0.9981 0.8417 0.8976 0.8684 0.8911 0.6844 0.9929 0.6833 0.8923 0.7102 0.8983 0.7113 0.9988 0.8455 0.8938 0.8633 0.8895 0.8495 0.8911 0.8585 0.8889 0.8539 0.8895 0.6883 0.8906 0.7063 0.8946 0.6932 0.8900 0.7021 0.8920 0.6978 0.8904 0.8065 0.8970 0.8067 0.9975 0.7799 0.9913 0.7797 0.8908 0.8361 0.7911 0.8630 0.7850 0.8624 0.8855 0.8355 0.8916 0.7848 0.8891 0.8027 0.8933 0.7897 0.8885 0.7986 0.8906 0.7943 0.8890 0.8400 0.7874 0.8579 0.7833 0.8441 0.7847 0.8531 0.7827 0.8485 0.7832 0.8612 0.7474 0.8612 0.7497 0.7611 0.7497 0.7611 0.7474 0.9917 0.7474 0.9917 0.7497 0.8910 0.7497 0.8910 0.7474 0.8607 0.7511 0.8607 0.7534 0.7611 0.7534 0.7611 0.7511 0.9917 0.7511 0.9917 0.7534 0.8904 0.7534 0.8904 0.7511 0.8666 0.7474 0.8666 0.7497 0.8856 0.7497 0.8856 0.7474 0.8715 0.7474 0.8715 0.7497 0.8807 0.7497 0.8807 0.7474 0.8763 0.7497 0.8763 0.7474 0.8661 0.7511 0.8661 0.7534 0.8850 0.7534 0.8850 0.7511 0.8709 0.7511 0.8709 0.7534 0.8802 0.7534 0.8802 0.7511 0.8755 0.7534 0.8755 0.7511 0.7396 0.7882 0.7396 0.8253 0.7335 0.8253 0.7335 0.7882 0.7293 0.8253 0.7293 0.7882 0.7252 0.8253 0.7252 0.7882 0.7190 0.8253 0.7190 0.7882 0.7123 0.8253 0.7123 0.7882 0.7072 0.8253 0.7072 0.7882 0.7552 0.7882 0.7552 0.8253 0.7515 0.8253 0.7515 0.7882 0.7463 0.8253 0.7463 0.7882 0.9968 0.9924 0.9700 0.9987 0.9697 0.8982 0.9965 0.8918 0.9375 0.9930 0.9369 0.8924 0.9638 0.8985 0.9644 0.9991 0.9735 0.8944 0.9914 0.8902 0.9776 0.8918 0.9865 0.8896 0.9820 0.8902 0.9420 0.8907 0.9599 0.8948 0.9469 0.8901 0.9558 0.8922 0.9514 0.8906 0.9342 0.7893 0.9329 0.8898 0.9062 0.8832 0.9074 0.7827 0.6531 0.8979 0.6800 0.8919 0.6788 0.9924 0.6519 0.9984 0.9126 0.7811 0.9304 0.7855 0.9174 0.7806 0.9263 0.7828 0.9220 0.7811 0.6569 0.8942 0.6749 0.8902 0.6611 0.8915 0.6700 0.8896 0.6654 0.8900 0.8908 0.7640 0.8908 0.7616 0.9917 0.7616 0.9917 0.7640 0.7611 0.7640 0.7611 0.7616 0.8611 0.7616 0.8611 0.7640 0.8614 0.7653 0.8614 0.7676 0.7611 0.7676 0.7611 0.7653 0.9917 0.7653 0.9917 0.7676 0.8911 0.7676 0.8911 0.7653 0.8854 0.7640 0.8854 0.7616 0.8664 0.7616 0.8664 0.7640 0.8805 0.7640 0.8805 0.7616 0.8713 0.7616 0.8713 0.7640 0.8759 0.7616 0.8759 0.7640 0.8667 0.7653 0.8667 0.7676 0.8857 0.7676 0.8857 0.7653 0.8716 0.7653 0.8716 0.7676 0.8809 0.7676 0.8809 0.7653 0.8762 0.7676 0.8762 0.7653 0.6654 0.7862 0.6654 0.7491 0.6715 0.7491 0.6715 0.7862 0.6757 0.7491 0.6757 0.7862 0.6798 0.7491 0.6798 0.7862 0.6860 0.7491 0.6860 0.7862 0.6927 0.7491 0.6927 0.7862 0.6978 0.7491 0.6978 0.7862 0.7015 0.7491 0.7015 0.7862 0.6535 0.7862 0.6535 0.7491 0.6587 0.7491 0.6587 0.7862 0.7160 0.9920 0.7151 0.8915 0.7420 0.8975 0.7428 0.9980 0.9003 0.9917 0.8736 0.9981 0.8728 0.8976 0.8995 0.8911 0.7202 0.8898 0.7381 0.8938 0.7250 0.8891 0.7340 0.8912 0.7296 0.8896 0.8766 0.8938 0.8944 0.8895 0.8806 0.8911 0.8896 0.8890 0.8850 0.8895 0.8039 0.7905 0.8307 0.7843 0.8301 0.8849 0.8033 0.8910 0.7751 0.8980 0.7753 0.9985 0.7485 0.9923 0.7483 0.8918 0.8256 0.7827 0.8077 0.7867 0.8208 0.7820 0.8118 0.7841 0.8162 0.7825 0.7713 0.8943 0.7534 0.8901 0.7672 0.8916 0.7583 0.8895 0.7629 0.8900 0.8627 0.7762 0.7611 0.7762 0.7611 0.7739 0.8627 0.7739 0.9917 0.7762 0.8924 0.7762 0.8924 0.7739 0.9917 0.7739 0.8912 0.7581 0.9917 0.7581 0.9917 0.7605 0.8912 0.7605 0.7611 0.7581 0.8615 0.7581 0.8615 0.7605 0.7611 0.7605 0.8681 0.7762 0.8681 0.7739 0.8871 0.7762 0.8871 0.7739 0.8730 0.7762 0.8730 0.7739 0.8822 0.7762 0.8822 0.7739 0.8776 0.7762 0.8776 0.7739 0.8858 0.7581 0.8858 0.7605 0.8669 0.7581 0.8669 0.7605 0.8809 0.7581 0.8809 0.7605 0.8717 0.7581 0.8717 0.7605 0.8763 0.7581 0.8763 0.7605 0.7383 0.7862 0.7322 0.7862 0.7322 0.7491 0.7383 0.7491 0.7281 0.7862 0.7281 0.7491 0.7239 0.7862 0.7239 0.7491 0.7178 0.7862 0.7178 0.7491 0.7111 0.7862 0.7111 0.7491 0.7059 0.7862 0.7059 0.7491 0.7539 0.7862 0.7502 0.7862 0.7502 0.7491 0.7539 0.7491 0.7450 0.7862 0.7450 0.7491 0.6262 0.0614 0.6233 0.0614 0.6233 0.0397 0.6262 0.0397 0.6309 0.0614 0.6309 0.0397 0.6356 0.0614 0.6356 0.0397 0.6386 0.0614 0.6386 0.0397 0.6415 0.0614 0.6415 0.0397 0.6462 0.0614 0.6462 0.0397 0.6509 0.0614 0.6509 0.0397 0.6539 0.0397 0.6539 0.0614 0.6968 0.0909 0.6968 0.0924 0.6842 0.0926 0.6842 0.0910 0.6968 0.0940 0.6842 0.0941 0.6967 0.0814 0.6967 0.0830 0.6841 0.0831 0.6841 0.0816 0.6967 0.0846 0.6841 0.0847 0.6968 0.0862 0.6841 0.0863 0.6968 0.0877 0.6841 0.0878 0.6968 0.0893 0.6842 0.0894 0.6896 0.0765 0.6896 0.0781 0.6770 0.0780 0.6770 0.0764 0.6896 0.0796 0.6770 0.0795 0.6897 0.0671 0.6897 0.0686 0.6771 0.0685 0.6771 0.0670 0.6897 0.0702 0.6770 0.0701 0.6897 0.0718 0.6770 0.0717 0.6897 0.0734 0.6770 0.0732 0.6896 0.0749 0.6770 0.0748 0.6455 0.0672 0.6455 0.0889 0.6425 0.0889 0.6425 0.0672 0.6502 0.0672 0.6502 0.0889 0.6549 0.0672 0.6549 0.0889 0.6578 0.0672 0.6578 0.0889 0.6608 0.0672 0.6608 0.0889 0.6655 0.0672 0.6655 0.0889 0.6702 0.0672 0.6702 0.0889 0.6731 0.0672 0.6731 0.0889 0.6358 0.0884 0.6325 0.0884 0.6325 0.0880 0.6358 0.0881 0.6326 0.0876 0.6358 0.0877 0.6360 0.0906 0.6327 0.0910 0.6327 0.0906 0.6359 0.0902 0.6326 0.0902 0.6359 0.0899 0.6326 0.0898 0.6358 0.0895 0.6325 0.0893 0.6358 0.0891 0.6325 0.0889 0.6358 0.0888 0.6363 0.0804 0.6330 0.0804 0.6331 0.0799 0.6363 0.0800 0.6331 0.0795 0.6363 0.0796 0.6365 0.0825 0.6332 0.0830 0.6332 0.0826 0.6364 0.0822 0.6331 0.0821 0.6364 0.0818 0.6331 0.0817 0.6363 0.0814 0.6330 0.0812 0.6363 0.0811 0.6330 0.0808 0.6363 0.0807 0.9627 0.0975 0.7859 0.0977 0.7859 0.0858 0.9627 0.0856 0.4699 0.0651 0.4699 0.0532 0.5332 0.0530 0.5333 0.0650 0.8067 0.1171 0.9833 0.1173 0.9884 0.1204 0.9900 0.1297 0.8489 0.1294 0.9823 0.1456 0.8411 0.1455 0.8411 0.1356 0.9823 0.1358 0.5332 0.0431 0.3232 0.0208 0.3249 0.0117 0.3300 0.0087 0.4644 0.0227 0.4946 0.0109 0.2471 0.0849 0.0824 0.0852 0.0824 0.0822 0.2471 0.0819 0.5332 0.0401 0.4608 0.3748 0.5240 0.5529 0.3976 0.5529 0.3127 0.0210 0.3022 0.0210 0.1598 0.0091 0.3127 0.0091 0.7801 0.0858 0.7800 0.0977 0.2960 0.0868 0.2898 0.0743 0.3021 0.0515 0.3125 0.0532 0.3029 0.1063 0.2890 0.1063 0.2890 0.0964 0.3029 0.0964 0.6925 0.0710 0.7028 0.0693 0.7150 0.0800 0.7088 0.0925 0.3126 0.0431 0.1598 0.0427 0.3021 0.0400 0.3126 0.0401 0.0763 0.0822 0.0765 0.0852 0.9688 0.0856 0.9688 0.0975 0.7707 0.0858 0.7705 0.0977 0.8352 0.1371 0.8017 0.1205 0.9979 0.1358 0.9979 0.1457 0.4996 0.0144 0.4779 0.0305 0.2531 0.0819 0.2531 0.0849 0.0660 0.0817 0.0673 0.0848 0.6133 0.0518 0.6132 0.0636 0.5537 0.0644 0.5535 0.0527 0.6131 0.0421 0.5534 0.0429 0.6135 0.3765 0.6170 0.3815 0.6170 0.5462 0.6136 0.5512 0.3608 0.1187 0.3405 0.1188 0.3404 0.1065 0.3607 0.1065 0.3826 0.1187 0.3706 0.1187 0.3706 0.1064 0.3825 0.1065 0.3306 0.1188 0.3187 0.1190 0.3186 0.1067 0.3306 0.1066 0.0066 0.1145 0.0269 0.1145 0.0269 0.1264 0.0066 0.1265 0.0269 0.1363 0.0066 0.1363 0.8053 0.1156 0.8053 0.1037 0.9821 0.1038 0.9821 0.1157 0.4065 0.0653 0.4065 0.0533 0.6129 0.3313 0.5707 0.3435 0.4295 0.3432 0.4311 0.3340 0.4361 0.3309 0.6509 0.0148 0.6509 0.0247 0.5097 0.0247 0.5097 0.0148 0.4065 0.0434 0.5550 0.3552 0.5852 0.3672 0.4205 0.3683 0.4155 0.3653 0.4138 0.3562 0.0850 0.0314 0.0851 0.0284 0.2497 0.0296 0.2497 0.0326 0.3185 0.3748 0.0964 0.0743 0.0964 0.0515 0.0956 0.1063 0.0956 0.0964 0.9084 0.0696 0.9084 0.0803 0.0173 0.0430 0.0965 0.0398 0.0068 0.0210 0.0068 0.0091 0.0173 0.0091 0.0966 0.0210 0.9880 0.1038 0.9880 0.1158 0.0233 0.0868 0.0068 0.0532 0.0147 0.1063 0.0147 0.0964 0.9979 0.0713 0.9815 0.0928 0.0068 0.0431 0.0068 0.0401 0.2558 0.0297 0.2556 0.0327 0.7992 0.1156 0.7993 0.1037 0.9973 0.1039 0.9975 0.1158 0.6179 0.3348 0.5843 0.3512 0.6665 0.0148 0.6665 0.0247 0.5686 0.3474 0.5901 0.3637 0.0789 0.0313 0.0790 0.0283 0.2661 0.0293 0.2648 0.0323 0.3250 0.0525 0.3859 0.0533 0.3858 0.0653 0.3250 0.0645 0.3251 0.0425 0.3861 0.0433 0.3266 0.0395 0.3046 0.5462 0.3046 0.3815 0.3081 0.3765 0.3081 0.5512 0.3183 0.5529 0.3812 0.0900 0.3811 0.1022 0.3608 0.1021 0.3609 0.0899 0.4029 0.0900 0.4029 0.1022 0.3910 0.1023 0.3910 0.0900 0.3510 0.0898 0.3509 0.1020 0.3390 0.1019 0.3391 0.0896 0.6591 0.0609 0.6591 0.0490 0.6794 0.0490 0.6794 0.0609 0.6591 0.0391 0.6794 0.0391 0.4206 0.1725 0.6774 0.1720 0.6777 0.3262 0.4208 0.3267 0.0362 0.5661 0.6001 0.5665 0.6173 0.9995 0.0183 0.9991 0.2458 0.1217 0.3722 0.1235 0.3803 0.3197 0.2323 0.3204 0.0205 0.3610 0.2773 0.3612 0.2852 0.5584 0.0123 0.5583 0.0432 0.1219 0.1695 0.1242 0.1768 0.3204 0.0288 0.3205 0.9775 0.0630 0.7046 0.0630 0.6925 0.0460 0.9896 0.0460 0.3945 0.3340 0.2180 0.3340 0.6121 0.0875 0.3392 0.0866 0.3272 0.0696 0.6243 0.0705 0.1911 0.3347 0.0144 0.3340 0.9900 0.0407 0.6929 0.0407 0.6929 0.0236 0.9900 0.0236 0.3959 0.3508 0.2169 0.3514 0.9900 0.0200 0.6929 0.0200 0.6929 0.0029 0.9900 0.0029 0.1921 0.3517 0.0133 0.3514 0.4008 0.1305 0.6979 0.1318 0.6743 0.1628 0.4242 0.1617 0.8089 0.1822 0.9847 0.1832 0.9534 0.2065 0.8399 0.2059 0.6965 0.1268 0.3994 0.1255 0.4230 0.0944 0.6731 0.0955 0.9888 0.1758 0.8129 0.1746 0.8442 0.1513 0.9578 0.1521 0.6341 0.9994 0.6168 0.5664 0.0195 0.5659 0.0016 0.9989 0.3880 0.3186 0.3794 0.1232 0.2928 0.5583 0.2849 0.3611 0.1984 0.3336 0.1845 0.3193 0.6853 0.0483 0.6974 0.0652 0.3199 0.0719 0.3320 0.0889 0.4019 0.3329 0.2001 0.3510 0.6853 0.0236 0.6853 0.0407 0.6853 0.0029 0.6853 0.0200 0.4035 0.3501 0.8380 0.1457 0.8055 0.1673 0.6815 0.1653 0.7051 0.1342 0.4158 0.0920 0.3922 0.1231 0.9606 0.2089 0.9919 0.1856 0.2247 0.3191 0.2385 0.1213 0.1767 0.1240 0.0047 0.5582 0.0128 0.3609 0.0212 0.3191 0.0359 0.1215 0.9969 0.0483 0.9848 0.0652 0.2106 0.3328 0.0071 0.3328 0.6315 0.0728 0.6194 0.0898 0.9976 0.0236 0.9976 0.0407 0.2087 0.3507 0.0051 0.3506 0.9976 0.0029 0.9976 0.0200 0.4170 0.1641 0.3936 0.1328 0.8327 0.2082 0.8016 0.1846 0.9657 0.1531 0.9955 0.1784 0.6804 0.0932 0.7037 0.1244 0.4136 0.3243 0.4133 0.1749 0.4111 0.3171 0.4109 0.1824 0.6846 0.1744 0.6849 0.3238 0.6871 0.1816 0.6874 0.3164 0.7982 0.1652 0.7978 0.1269 0.8128 0.1338 0.7937 0.1652 0.7933 0.1269 0.7785 0.1342 0.7097 0.2121 0.7092 0.1738 0.7242 0.1807 0.7052 0.2121 0.7047 0.1738 0.6899 0.1811 0.2098 0.2024 0.2095 0.1641 0.2245 0.1711 0.2053 0.2024 0.2050 0.1641 0.1902 0.1714 0.7855 0.2117 0.7851 0.1733 0.8001 0.1803 0.7810 0.2117 0.7806 0.1734 0.7658 0.1807 0.2069 0.1609 0.2067 0.1226 0.2216 0.1296 0.2035 0.1609 0.2022 0.1226 0.7410 0.2120 0.7258 0.1810 0.7406 0.1737 0.7451 0.1736 0.7455 0.2119 0.7600 0.1806 0.2025 0.3262 0.1874 0.2951 0.2023 0.2879 0.2068 0.2879 0.2071 0.3262 0.2217 0.2949 0.2055 0.2440 0.1904 0.2129 0.2052 0.2057 0.2097 0.2056 0.2100 0.2439 0.2247 0.2126 0.2051 0.2848 0.1900 0.2537 0.2048 0.2464 0.2094 0.2464 0.2096 0.2847 0.2243 0.2534 0.1875 0.1302 0.9418 0.2472 0.9269 0.2160 0.9418 0.2089 0.9463 0.2089 0.9463 0.2472 0.9612 0.2160 0.9057 0.2472 0.8908 0.2160 0.9057 0.2089 0.9102 0.2089 0.9102 0.2472 0.9251 0.2160 0.9789 0.2472 0.9640 0.2160 0.9789 0.2089 0.9834 0.2089 0.9834 0.2472 0.9983 0.2160 0.8695 0.2472 0.8546 0.2160 0.8695 0.2089 0.8740 0.2089 0.8740 0.2472 0.8889 0.2160 0.7616 0.1792 0.7461 0.1483 0.7609 0.1409 0.7650 0.1792 0.7654 0.1408 0.8364 0.2485 0.8364 0.2102 0.8513 0.2173 0.8319 0.2485 0.8319 0.2102 0.8170 0.2173 0.7652 0.2442 0.7652 0.2059 0.7801 0.2130 0.7607 0.2442 0.7607 0.2059 0.7458 0.2130 0.7275 0.2458 0.7275 0.2075 0.7424 0.2146 0.7230 0.2458 0.7230 0.2075 0.7081 0.2146 0.7987 0.2491 0.7987 0.2108 0.8136 0.2179 0.7942 0.2491 0.7942 0.2108 0.7793 0.2179 0.7802 0.1481 0.7652 0.1398 0.7656 0.1015 0.7804 0.1088 0.7607 0.1398 0.7611 0.1015 0.7461 0.1084 0.7079 0.2806 0.7084 0.2423 0.7232 0.2496 0.7034 0.2806 0.7039 0.2423 0.6889 0.2492 0.7346 0.1641 0.7341 0.1258 0.7491 0.1327 0.7301 0.1641 0.7296 0.1258 0.7148 0.1331 0.7298 0.1240 0.7147 0.0929 0.7295 0.0857 0.7340 0.0857 0.7343 0.1240 0.7490 0.0927 0.7229 0.3158 0.7086 0.2844 0.7236 0.2775 0.7281 0.2776 0.7274 0.3159 0.7429 0.2849 0.7424 0.2791 0.7280 0.2476 0.7430 0.2408 0.7475 0.2409 0.7469 0.2792 0.7623 0.2482 0.7442 0.6780 0.7253 0.6780 0.7253 0.6505 0.7442 0.6505 0.7064 0.6780 0.7064 0.6505 0.6874 0.6780 0.6874 0.6505 0.6685 0.6780 0.6685 0.6505 0.6496 0.6780 0.6496 0.6505 0.9904 0.6780 0.9714 0.6780 0.9714 0.6505 0.9904 0.6505 0.9525 0.6780 0.9525 0.6505 0.9336 0.6780 0.9336 0.6505 0.9146 0.6780 0.9146 0.6505 0.8957 0.6780 0.8957 0.6505 0.8768 0.6780 0.8768 0.6505 0.8578 0.6780 0.8578 0.6505 0.8389 0.6780 0.8389 0.6505 0.8200 0.6780 0.8200 0.6505 0.8010 0.6780 0.8010 0.6505 0.7821 0.6780 0.7821 0.6505 0.7632 0.6780 0.7632 0.6505 0.9509 0.4879 0.9320 0.4880 0.9141 0.4817 0.9687 0.4813 0.8995 0.4696 0.9831 0.4690 0.8900 0.4533 0.9924 0.4525 0.8865 0.4347 0.9956 0.4339 0.8897 0.4160 0.9921 0.4153 0.8990 0.3995 0.9826 0.3989 0.9134 0.3873 0.9680 0.3869 0.9312 0.3807 0.9501 0.3805 0.8005 0.3807 0.8195 0.3810 0.8372 0.3877 0.7827 0.3869 0.8515 0.4001 0.7680 0.3989 0.8608 0.4166 0.7583 0.4152 0.8638 0.4353 0.7548 0.4338 0.8602 0.4539 0.7578 0.4525 0.8506 0.4701 0.7670 0.4690 0.8359 0.4821 0.7814 0.4814 0.8180 0.4883 0.7991 0.4881 0.7260 0.6839 0.7260 0.7115 0.7070 0.7115 0.7070 0.6839 0.6881 0.7115 0.6881 0.6839 0.6691 0.7115 0.6691 0.6839 0.6502 0.7115 0.6502 0.6839 0.9910 0.6839 0.9910 0.7115 0.9721 0.7115 0.9721 0.6839 0.9531 0.7115 0.9531 0.6839 0.9342 0.7115 0.9342 0.6839 0.9153 0.7115 0.9153 0.6839 0.8964 0.7115 0.8964 0.6839 0.8774 0.7115 0.8774 0.6839 0.8585 0.7115 0.8585 0.6839 0.8396 0.7115 0.8396 0.6839 0.8206 0.7115 0.8206 0.6839 0.8017 0.7115 0.8017 0.6839 0.7828 0.7115 0.7828 0.6839 0.7638 0.7115 0.7638 0.6839 0.7449 0.7115 0.7449 0.6839 0.7971 0.6070 0.7793 0.6005 0.8338 0.6005 0.8161 0.6070 0.7648 0.5883 0.8484 0.5883 0.7553 0.5719 0.8578 0.5719 0.7521 0.5533 0.8611 0.5533 0.7553 0.5346 0.8578 0.5346 0.7648 0.5182 0.8483 0.5182 0.7793 0.5061 0.8338 0.5060 0.7971 0.4996 0.8160 0.4996 0.6734 0.6059 0.6557 0.5992 0.7102 0.5999 0.6923 0.6061 0.6413 0.5868 0.7249 0.5879 0.6321 0.5703 0.7346 0.5716 0.6291 0.5516 0.7381 0.5530 0.6326 0.5330 0.7351 0.5343 0.6423 0.5167 0.7258 0.5178 0.6570 0.5047 0.7115 0.5055 0.6748 0.4985 0.6938 0.4987 0.7458 0.7169 0.7458 0.7444 0.7269 0.7444 0.7269 0.7169 0.7080 0.7444 0.7080 0.7169 0.6890 0.7444 0.6890 0.7169 0.6701 0.7444 0.6701 0.7169 0.6512 0.7444 0.6512 0.7169 0.9920 0.7169 0.9920 0.7444 0.9730 0.7444 0.9730 0.7169 0.9541 0.7444 0.9541 0.7169 0.9351 0.7444 0.9351 0.7169 0.9162 0.7444 0.9162 0.7169 0.8973 0.7444 0.8973 0.7169 0.8783 0.7444 0.8783 0.7169 0.8594 0.7444 0.8594 0.7169 0.8405 0.7444 0.8405 0.7169 0.8215 0.7444 0.8215 0.7169 0.8026 0.7444 0.8026 0.7169 0.7837 0.7444 0.7837 0.7169 0.7647 0.7444 0.7647 0.7169 0.9310 0.3702 0.9132 0.3638 0.9677 0.3637 0.9500 0.3702 0.8987 0.3516 0.9822 0.3515 0.8892 0.3353 0.9917 0.3351 0.8859 0.3166 0.9949 0.3164 0.8891 0.2980 0.9916 0.2978 0.8986 0.2816 0.9821 0.2814 0.9131 0.2694 0.9676 0.2693 0.9308 0.2629 0.9498 0.2628 0.6761 0.4857 0.6584 0.4792 0.7129 0.4793 0.6951 0.4858 0.6439 0.4670 0.7274 0.4672 0.6344 0.4506 0.7369 0.4508 0.6312 0.4320 0.7402 0.4322 0.6345 0.4133 0.7370 0.4135 0.6440 0.3969 0.7276 0.3971 0.6586 0.3848 0.7131 0.3849 0.6764 0.3784 0.6953 0.3784 0.7258 0.6457 0.7068 0.6457 0.7068 0.6181 0.7258 0.6181 0.6879 0.6457 0.6879 0.6181 0.6690 0.6457 0.6690 0.6181 0.6500 0.6457 0.6500 0.6181 0.9909 0.6457 0.9719 0.6457 0.9719 0.6181 0.9909 0.6181 0.9530 0.6457 0.9530 0.6181 0.9341 0.6457 0.9341 0.6181 0.9151 0.6457 0.9151 0.6181 0.8962 0.6457 0.8962 0.6181 0.8773 0.6457 0.8773 0.6181 0.8583 0.6457 0.8583 0.6181 0.8394 0.6457 0.8394 0.6181 0.8205 0.6457 0.8205 0.6181 0.8015 0.6457 0.8015 0.6181 0.7826 0.6457 0.7826 0.6181 0.7637 0.6457 0.7637 0.6181 0.7447 0.6457 0.7447 0.6181 0.9316 0.5012 0.9505 0.5013 0.9682 0.5079 0.9137 0.5075 0.9827 0.5202 0.8991 0.5196 0.9920 0.5366 0.8896 0.5359 0.9952 0.5553 0.8861 0.5545 0.9918 0.5739 0.8893 0.5732 0.9822 0.5902 0.8987 0.5897 0.9676 0.6023 0.9131 0.6019 0.9498 0.6087 0.9308 0.6085 0.8200 0.3712 0.8011 0.3710 0.7834 0.3643 0.8379 0.3649 0.7690 0.3520 0.8525 0.3529 0.7597 0.3355 0.8621 0.3366 0.7566 0.3169 0.8656 0.3179 0.7600 0.2982 0.8625 0.2993 0.7697 0.2819 0.8532 0.2828 0.7843 0.2699 0.8388 0.2705 0.8022 0.2636 0.8211 0.2638 0.9036 0.9920 0.9028 0.8915 0.9297 0.8976 0.9304 0.9981 0.9885 0.8869 0.9617 0.8931 0.9620 0.7925 0.9888 0.7863 0.9079 0.8898 0.9258 0.8939 0.9128 0.8892 0.9217 0.8912 0.9174 0.8897 0.9658 0.7888 0.9837 0.7847 0.9699 0.7861 0.9789 0.7841 0.9743 0.7846 0.8693 0.7906 0.8960 0.7840 0.8969 0.8846 0.8702 0.8911 0.8382 0.8977 0.8383 0.9983 0.8115 0.9920 0.8113 0.8915 0.8909 0.7824 0.8731 0.7868 0.8861 0.7819 0.8772 0.7841 0.8815 0.7824 0.8343 0.8940 0.8164 0.8898 0.8302 0.8913 0.8213 0.8893 0.8259 0.8898 0.8911 0.7543 0.9917 0.7543 0.9917 0.7566 0.8911 0.7566 0.7611 0.7543 0.8613 0.7543 0.8613 0.7566 0.7611 0.7566 0.8912 0.7694 0.9917 0.7694 0.9917 0.7718 0.8912 0.7718 0.7611 0.7694 0.8614 0.7694 0.8614 0.7718 0.7611 0.7718 0.8857 0.7543 0.8857 0.7566 0.8667 0.7543 0.8667 0.7566 0.8808 0.7543 0.8808 0.7566 0.8716 0.7543 0.8716 0.7566 0.8762 0.7543 0.8762 0.7566 0.8858 0.7694 0.8858 0.7718 0.8668 0.7694 0.8668 0.7718 0.8809 0.7694 0.8809 0.7718 0.8716 0.7694 0.8716 0.7718 0.8765 0.7694 0.8765 0.7718 0.6881 0.8257 0.6820 0.8257 0.6820 0.7886 0.6881 0.7886 0.6779 0.8257 0.6779 0.7886 0.6737 0.8257 0.6737 0.7886 0.6676 0.8257 0.6676 0.7886 0.6609 0.8257 0.6609 0.7886 0.6557 0.8257 0.6557 0.7886 0.6520 0.8257 0.6520 0.7886 0.7000 0.8257 0.6948 0.8257 0.6948 0.7886 0.7000 0.7886 0.8692 0.9916 0.8425 0.9981 0.8417 0.8976 0.8684 0.8911 0.6844 0.9929 0.6833 0.8923 0.7102 0.8983 0.7113 0.9988 0.8455 0.8938 0.8633 0.8895 0.8495 0.8911 0.8585 0.8889 0.8539 0.8895 0.6883 0.8906 0.7063 0.8946 0.6932 0.8900 0.7021 0.8920 0.6978 0.8904 0.8065 0.8970 0.8067 0.9975 0.7799 0.9913 0.7797 0.8908 0.8361 0.7911 0.8630 0.7850 0.8624 0.8855 0.8355 0.8916 0.7848 0.8891 0.8027 0.8933 0.7897 0.8885 0.7986 0.8906 0.7943 0.8890 0.8400 0.7874 0.8579 0.7833 0.8441 0.7847 0.8531 0.7827 0.8485 0.7832 0.8612 0.7474 0.8612 0.7497 0.7611 0.7497 0.7611 0.7474 0.9917 0.7474 0.9917 0.7497 0.8910 0.7497 0.8910 0.7474 0.8607 0.7511 0.8607 0.7534 0.7611 0.7534 0.7611 0.7511 0.9917 0.7511 0.9917 0.7534 0.8904 0.7534 0.8904 0.7511 0.8666 0.7474 0.8666 0.7497 0.8856 0.7497 0.8856 0.7474 0.8715 0.7474 0.8715 0.7497 0.8807 0.7497 0.8807 0.7474 0.8763 0.7497 0.8763 0.7474 0.8661 0.7511 0.8661 0.7534 0.8850 0.7534 0.8850 0.7511 0.8709 0.7511 0.8709 0.7534 0.8802 0.7534 0.8802 0.7511 0.8755 0.7534 0.8755 0.7511 0.7396 0.7882 0.7396 0.8253 0.7335 0.8253 0.7335 0.7882 0.7293 0.8253 0.7293 0.7882 0.7252 0.8253 0.7252 0.7882 0.7190 0.8253 0.7190 0.7882 0.7123 0.8253 0.7123 0.7882 0.7072 0.8253 0.7072 0.7882 0.7552 0.7882 0.7552 0.8253 0.7515 0.8253 0.7515 0.7882 0.7463 0.8253 0.7463 0.7882 0.9968 0.9924 0.9700 0.9987 0.9697 0.8982 0.9965 0.8918 0.9375 0.9930 0.9369 0.8924 0.9638 0.8985 0.9644 0.9991 0.9735 0.8944 0.9914 0.8902 0.9776 0.8918 0.9865 0.8896 0.9820 0.8902 0.9420 0.8907 0.9599 0.8948 0.9469 0.8901 0.9558 0.8922 0.9514 0.8906 0.9342 0.7893 0.9329 0.8898 0.9062 0.8832 0.9074 0.7827 0.6531 0.8979 0.6800 0.8919 0.6788 0.9924 0.6519 0.9984 0.9126 0.7811 0.9304 0.7855 0.9174 0.7806 0.9263 0.7828 0.9220 0.7811 0.6569 0.8942 0.6749 0.8902 0.6611 0.8915 0.6700 0.8896 0.6654 0.8900 0.8908 0.7640 0.8908 0.7616 0.9917 0.7616 0.9917 0.7640 0.7611 0.7640 0.7611 0.7616 0.8611 0.7616 0.8611 0.7640 0.8614 0.7653 0.8614 0.7676 0.7611 0.7676 0.7611 0.7653 0.9917 0.7653 0.9917 0.7676 0.8911 0.7676 0.8911 0.7653 0.8854 0.7640 0.8854 0.7616 0.8664 0.7616 0.8664 0.7640 0.8805 0.7640 0.8805 0.7616 0.8713 0.7616 0.8713 0.7640 0.8759 0.7616 0.8759 0.7640 0.8667 0.7653 0.8667 0.7676 0.8857 0.7676 0.8857 0.7653 0.8716 0.7653 0.8716 0.7676 0.8809 0.7676 0.8809 0.7653 0.8762 0.7676 0.8762 0.7653 0.6654 0.7862 0.6654 0.7491 0.6715 0.7491 0.6715 0.7862 0.6757 0.7491 0.6757 0.7862 0.6798 0.7491 0.6798 0.7862 0.6860 0.7491 0.6860 0.7862 0.6927 0.7491 0.6927 0.7862 0.6978 0.7491 0.6978 0.7862 0.7015 0.7491 0.7015 0.7862 0.6535 0.7862 0.6535 0.7491 0.6587 0.7491 0.6587 0.7862 0.7160 0.9920 0.7151 0.8915 0.7420 0.8975 0.7428 0.9980 0.9003 0.9917 0.8736 0.9981 0.8728 0.8976 0.8995 0.8911 0.7202 0.8898 0.7381 0.8938 0.7250 0.8891 0.7340 0.8912 0.7296 0.8896 0.8766 0.8938 0.8944 0.8895 0.8806 0.8911 0.8896 0.8890 0.8850 0.8895 0.8039 0.7905 0.8307 0.7843 0.8301 0.8849 0.8033 0.8910 0.7751 0.8980 0.7753 0.9985 0.7485 0.9923 0.7483 0.8918 0.8256 0.7827 0.8077 0.7867 0.8208 0.7820 0.8118 0.7841 0.8162 0.7825 0.7713 0.8943 0.7534 0.8901 0.7672 0.8916 0.7583 0.8895 0.7629 0.8900 0.8627 0.7762 0.7611 0.7762 0.7611 0.7739 0.8627 0.7739 0.9917 0.7762 0.8924 0.7762 0.8924 0.7739 0.9917 0.7739 0.8912 0.7581 0.9917 0.7581 0.9917 0.7605 0.8912 0.7605 0.7611 0.7581 0.8615 0.7581 0.8615 0.7605 0.7611 0.7605 0.8681 0.7762 0.8681 0.7739 0.8871 0.7762 0.8871 0.7739 0.8730 0.7762 0.8730 0.7739 0.8822 0.7762 0.8822 0.7739 0.8776 0.7762 0.8776 0.7739 0.8858 0.7581 0.8858 0.7605 0.8669 0.7581 0.8669 0.7605 0.8809 0.7581 0.8809 0.7605 0.8717 0.7581 0.8717 0.7605 0.8763 0.7581 0.8763 0.7605 0.7383 0.7862 0.7322 0.7862 0.7322 0.7491 0.7383 0.7491 0.7281 0.7862 0.7281 0.7491 0.7239 0.7862 0.7239 0.7491 0.7178 0.7862 0.7178 0.7491 0.7111 0.7862 0.7111 0.7491 0.7059 0.7862 0.7059 0.7491 0.7539 0.7862 0.7502 0.7862 0.7502 0.7491 0.7539 0.7491 0.7450 0.7862 0.7450 0.7491 0.6262 0.0614 0.6233 0.0614 0.6233 0.0397 0.6262 0.0397 0.6309 0.0614 0.6309 0.0397 0.6356 0.0614 0.6356 0.0397 0.6386 0.0614 0.6386 0.0397 0.6415 0.0614 0.6415 0.0397 0.6462 0.0614 0.6462 0.0397 0.6509 0.0614 0.6509 0.0397 0.6539 0.0397 0.6539 0.0614 0.6968 0.0909 0.6968 0.0924 0.6842 0.0926 0.6842 0.0910 0.6968 0.0940 0.6842 0.0941 0.6967 0.0814 0.6967 0.0830 0.6841 0.0831 0.6841 0.0816 0.6967 0.0846 0.6841 0.0847 0.6968 0.0862 0.6841 0.0863 0.6968 0.0877 0.6841 0.0878 0.6968 0.0893 0.6842 0.0894 0.6896 0.0765 0.6896 0.0781 0.6770 0.0780 0.6770 0.0764 0.6896 0.0796 0.6770 0.0795 0.6897 0.0671 0.6897 0.0686 0.6771 0.0685 0.6771 0.0670 0.6897 0.0702 0.6770 0.0701 0.6897 0.0718 0.6770 0.0717 0.6897 0.0734 0.6770 0.0732 0.6896 0.0749 0.6770 0.0748 0.6455 0.0672 0.6455 0.0889 0.6425 0.0889 0.6425 0.0672 0.6502 0.0672 0.6502 0.0889 0.6549 0.0672 0.6549 0.0889 0.6578 0.0672 0.6578 0.0889 0.6608 0.0672 0.6608 0.0889 0.6655 0.0672 0.6655 0.0889 0.6702 0.0672 0.6702 0.0889 0.6731 0.0672 0.6731 0.0889 0.6358 0.0884 0.6325 0.0884 0.6325 0.0880 0.6358 0.0881 0.6326 0.0876 0.6358 0.0877 0.6360 0.0906 0.6327 0.0910 0.6327 0.0906 0.6359 0.0902 0.6326 0.0902 0.6359 0.0899 0.6326 0.0898 0.6358 0.0895 0.6325 0.0893 0.6358 0.0891 0.6325 0.0889 0.6358 0.0888 0.6363 0.0804 0.6330 0.0804 0.6331 0.0799 0.6363 0.0800 0.6331 0.0795 0.6363 0.0796 0.6365 0.0825 0.6332 0.0830 0.6332 0.0826 0.6364 0.0822 0.6331 0.0821 0.6364 0.0818 0.6331 0.0817 0.6363 0.0814 0.6330 0.0812 0.6363 0.0811 0.6330 0.0808 0.6363 0.0807 0.2027 0.9960 0.2027 0.4680 0.4720 0.9960 0.4720 0.4680 0.0041 0.9960 0.0041 0.4680 0.6708 0.9960 0.6708 0.4680 0.9417 0.9960 0.9417 0.4680 0.2027 0.3566 0.4720 0.3566 0.0041 0.3566 0.6708 0.3566 0.9417 0.3566 0.2507 0.1832 0.0039 0.0041 0.2507 0.0041 0.0039 0.1832 0.2605 0.1822 0.4968 0.1761 0.5033 0.1822 0.2669 0.1761 0.2605 0.0048 0.2669 0.0109 0.5033 0.0048 0.4968 0.0109 0.2516 0.1925 0.0041 0.3458 0.0041 0.1925 0.2516 0.3458 0.4294 0.1925 0.4294 0.3458 0.6772 0.1925 0.6772 0.3458 0.8541 0.1925 0.8541 0.3458 0.5166 0.0041 0.7658 0.1824 0.5166 0.1824 0.7658 0.0041 0.2027 0.8991 0.4720 0.8991 0.0041 0.8991 0.6708 0.8991 0.9417 0.8991 0.4968 0.1761 0.2669 0.1761 0.6771 0.1925 0.4296 0.3458 0.4296 0.1925 0.6771 0.3458 0.2519 0.1925 0.2519 0.3458 0.9417 0.7548 0.6708 0.7548 0.4720 0.7548 0.2027 0.7548 0.0041 0.7548 0.4968 0.1761 0.2669 0.1761 0.2669 0.0109 0.6768 0.1925 0.4295 0.3458 0.4295 0.1925 0.6768 0.3458 0.2518 0.1925 0.2518 0.3458 0.6708 0.9497 0.9417 0.9497 0.4720 0.9497 0.2027 0.9497 0.0041 0.9497 0.4968 0.1761 0.2669 0.1761 0.2669 0.0109 0.6774 0.1925 0.4295 0.3458 0.4295 0.1925 0.6774 0.3458 0.2517 0.1925 0.2517 0.3458 0.2027 0.9960 0.2027 0.4680 0.4720 0.9960 0.4720 0.4680 0.0041 0.9960 0.0041 0.4680 0.6708 0.9960 0.6708 0.4680 0.9417 0.9960 0.9417 0.4680 0.2027 0.3566 0.4720 0.3566 0.0041 0.3566 0.6708 0.3566 0.9417 0.3566 0.2507 0.1832 0.0039 0.0041 0.2507 0.0041 0.0039 0.1832 0.2605 0.1822 0.4968 0.1761 0.5033 0.1822 0.2669 0.1761 0.2605 0.0048 0.2669 0.0109 0.5033 0.0048 0.4968 0.0109 0.2516 0.1925 0.0041 0.3458 0.0041 0.1925 0.2516 0.3458 0.4294 0.1925 0.4294 0.3458 0.6772 0.1925 0.6772 0.3458 0.8541 0.1925 0.8541 0.3458 0.5166 0.0041 0.7658 0.1824 0.5166 0.1824 0.7658 0.0041 0.2027 0.8991 0.4720 0.8991 0.0041 0.8991 0.6708 0.8991 0.9417 0.8991 0.4968 0.1761 0.2669 0.1761 0.6771 0.1925 0.4296 0.3458 0.4296 0.1925 0.6771 0.3458 0.2519 0.1925 0.2519 0.3458 0.9417 0.7548 0.6708 0.7548 0.4720 0.7548 0.2027 0.7548 0.0041 0.7548 0.4968 0.1761 0.2669 0.1761 0.2669 0.0109 0.6768 0.1925 0.4295 0.3458 0.4295 0.1925 0.6768 0.3458 0.2518 0.1925 0.2518 0.3458 0.6708 0.9497 0.9417 0.9497 0.4720 0.9497 0.2027 0.9497 0.0041 0.9497 0.4968 0.1761 0.2669 0.1761 0.2669 0.0109 0.6774 0.1925 0.4295 0.3458 0.4295 0.1925 0.6774 0.3458 0.2517 0.1925 0.2517 0.3458</float_array><technique_common><accessor source="#uv-arr" count="3438" stride="2"><param name="S" type="float"/><param name="T" type="float"/></accessor></technique_common></source>
      <vertices id="verts"><input semantic="POSITION" source="#pos"/></vertices>
      <polylist material="symbol_floor_material" count="2">
        <input semantic="VERTEX" source="#verts" offset="0"/>
        <input semantic="NORMAL" source="#norm" offset="1"/>
        <input semantic="TEXCOORD" source="#uv" offset="2" set="0"/>
        <vcount>3 3</vcount>
        <p>0 0 0 1 0 1 2 0 2 0 0 0 2 0 2 3 0 3</p>
      </polylist>
      <polylist material="symbol_wall_material" count="150">
        <input semantic="VERTEX" source="#verts" offset="0"/>
        <input semantic="NORMAL" source="#norm" offset="1"/>
        <input semantic="TEXCOORD" source="#uv" offset="2" set="0"/>
        <vcount>3 3 3 3 3 3 3 3 3 3 3 3 3 3 3 3 3 3 3 3 3 3 3 3 3 3 3 3 3 3 3 3 3 3 3 3 3 3 3 3 3 3 3 3 3 3 3 3 3 3 3 3 3 3 3 3 3 3 3 3 3 3 3 3 3 3 3 3 3 3 3 3 3 3 3 3 3 3 3 3 3 3 3 3 3 3 3 3 3 3 3 3 3 3 3 3 3 3 3 3 3 3 3 3 3 3 3 3 3 3 3 3 3 3 3 3 3 3 3 3 3 3 3 3 3 3 3 3 3 3 3 3 3 3 3 3 3 3 3 3 3 3 3 3 3 3 3 3 3 3</vcount>
        <p>4 0 4 5 0 5 6 0 6 4 0 4 6 0 6 7 0 7 8 2 8 9 2 9 10 2 10 8 2 8 10 2 10 11 2 11 12 3 12 13 3 13 14 3 14 12 3 12 14 3 14 15 3 15 16 4 16 17 4 17 18 4 18 16 4 16 18 4 18 19 4 19 20 5 20 21 5 21 22 5 22 20 5 20 22 5 22 23 5 23 24 0 24 25 0 25 26 0 26 24 0 24 26 0 26 27 0 27 28 2 28 29 2 29 30 2 30 28 2 28 30 2 30 31 2 31 32 3 32 33 3 33 34 3 34 32 3 32 34 3 34 35 3 35 36 4 36 37 4 37 38 4 38 36 4 36 38 4 38 39 4 39 40 5 40 41 5 41 42 5 42 40 5 40 42 5 42 43 5 43 44 0 44 45 0 45 46 0 46 44 0 44 46 0 46 47 0 47 48 2 48 49 2 49 50 2 50 48 2 48 50 2 50 51 2 51 52 3 52 53 3 53 54 3 54 52 3 52 54 3 54 55 3 55 56 4 56 57 4 57 58 4 58 56 4 56 58 4 58 59 4 59 60 5 60 61 5 61 62 5 62 60 5 60 62 5 62 63 5 63 64 0 64 65 0 65 66 0 66 64 0 64 66 0 66 67 0 67 68 2 68 69 2 69 70 2 70 68 2 68 70 2 70 71 2 71 72 3 72 73 3 73 74 3 74 72 3 72 74 3 74 75 3 75 76 4 76 77 4 77 78 4 78 76 4 76 78 4 78 79 4 79 80 5 80 81 5 81 82 5 82 80 5 80 82 5 82 83 5 83 84 0 84 85 0 85 86 0 86 84 0 84 86 0 86 87 0 87 88 2 88 89 2 89 90 2 90 88 2 88 90 2 90 91 2 91 92 3 92 93 3 93 94 3 94 92 3 92 94 3 94 95 3 95 96 4 96 97 4 97 98 4 98 96 4 96 98 4 98 99 4 99 100 5 100 101 5 101 102 5 102 100 5 100 102 5 102 103 5 103 104 0 104 105 0 105 106 0 106 104 0 104 106 0 106 107 0 107 108 2 108 109 2 109 110 2 110 108 2 108 110 2 110 111 2 111 112 3 112 113 3 113 114 3 114 112 3 112 114 3 114 115 3 115 116 4 116 117 4 117 118 4 118 116 4 116 118 4 118 119 4 119 120 5 120 121 5 121 122 5 122 120 5 120 122 5 122 123 5 123 124 0 124 125 0 125 126 0 126 124 0 124 126 0 126 127 0 127 128 2 128 129 2 129 130 2 130 128 2 128 130 2 130 131 2 131 132 3 132 133 3 133 134 3 134 132 3 132 134 3 134 135 3 135 136 4 136 137 4 137 138 4 138 136 4 136 138 4 138 139 4 139 140 5 140 141 5 141 142 5 142 140 5 140 142 5 142 143 5 143 144 0 144 145 0 145 146 0 146 144 0 144 146 0 146 147 0 147 148 2 148 149 2 149 150 2 150 148 2 148 150 2 150 151 2 151 152 3 152 153 3 153 154 3 154 152 3 152 154 3 154 155 3 155 156 4 156 157 4 157 158 4 158 156 4 156 158 4 158 159 4 159 160 5 160 161 5 161 162 5 162 160 5 160 162 5 162 163 5 163 164 0 164 165 0 165 166 0 166 164 0 164 166 0 166 167 0 167 168 2 168 169 2 169 170 2 170 168 2 168 170 2 170 171 2 171 172 3 172 173 3 173 174 3 174 172 3 172 174 3 174 175 3 175 176 4 176 177 4 177 178 4 178 176 4 176 178 4 178 179 4 179 180 5 180 181 5 181 182 5 182 180 5 180 182 5 182 183 5 183 184 0 184 185 0 185 186 0 186 184 0 184 186 0 186 187 0 187 188 2 188 189 2 189 190 2 190 188 2 188 190 2 190 191 2 191 192 3 192 193 3 193 194 3 194 192 3 192 194 3 194 195 3 195 196 4 196 197 4 197 198 4 198 196 4 196 198 4 198 199 4 199 200 5 200 201 5 201 202 5 202 200 5 200 202 5 202 203 5 203 204 0 204 205 0 205 206 0 206 204 0 204 206 0 206 207 0 207 208 2 208 209 2 209 210 2 210 208 2 208 210 2 210 211 2 211 212 3 212 213 3 213 214 3 214 212 3 212 214 3 214 215 3 215 216 4 216 217 4 217 218 4 218 216 4 216 218 4 218 219 4 219 220 5 220 221 5 221 222 5 222 220 5 220 222 5 222 223 5 223 224 0 224 225 0 225 226 0 226 224 0 224 226 0 226 227 0 227 228 2 228 229 2 229 230 2 230 228 2 228 230 2 230 231 2 231 232 3 232 233 3 233 234 3 234 232 3 232 234 3 234 235 3 235 236 4 236 237 4 237 238 4 238 236 4 236 238 4 238 239 4 239 240 5 240 241 5 241 242 5 242 240 5 240 242 5 242 243 5 243 244 0 244 245 0 245 246 0 246 244 0 244 246 0 246 247 0 247 248 2 248 249 2 249 250 2 250 248 2 248 250 2 250 251 2 251 252 3 252 253 3 253 254 3 254 252 3 252 254 3 254 255 3 255 256 4 256 257 4 257 258 4 258 256 4 256 258 4 258 259 4 259 260 5 260 261 5 261 262 5 262 260 5 260 262 5 262 263 5 263 264 0 264 265 0 265 266 0 266 264 0 264 266 0 266 267 0 267 268 2 268 269 2 269 270 2 270 268 2 268 270 2 270 271 2 271 272 3 272 273 3 273 274 3 274 272 3 272 274 3 274 275 3 275 276 4 276 277 4 277 278 4 278 276 4 276 278 4 278 279 4 279 280 5 280 281 5 281 282 5 282 280 5 280 282 5 282 283 5 283 284 0 284 285 0 285 286 0 286 284 0 284 286 0 286 287 0 287 288 2 288 289 2 289 290 2 290 288 2 288 290 2 290 291 2 291 292 3 292 293 3 293 294 3 294 292 3 292 294 3 294 295 3 295 296 4 296 297 4 297 298 4 298 296 4 296 298 4 298 299 4 299 300 5 300 301 5 301 302 5 302 300 5 300 302 5 302 303 5 303</p>
      </polylist>
      <polylist material="symbol_column_material" count="40">
        <input semantic="VERTEX" source="#verts" offset="0"/>
        <input semantic="NORMAL" source="#norm" offset="1"/>
        <input semantic="TEXCOORD" source="#uv" offset="2" set="0"/>
        <vcount>3 3 3 3 3 3 3 3 3 3 3 3 3 3 3 3 3 3 3 3 3 3 3 3 3 3 3 3 3 3 3 3 3 3 3 3 3 3 3 3</vcount>
        <p>304 0 304 305 0 305 306 0 306 304 0 304 306 0 306 307 0 307 308 2 308 309 2 309 310 2 310 308 2 308 310 2 310 311 2 311 312 3 312 313 3 313 314 3 314 312 3 312 314 3 314 315 3 315 316 4 316 317 4 317 318 4 318 316 4 316 318 4 318 319 4 319 320 5 320 321 5 321 322 5 322 320 5 320 322 5 322 323 5 323 324 0 324 325 0 325 326 0 326 324 0 324 326 0 326 327 0 327 328 2 328 329 2 329 330 2 330 328 2 328 330 2 330 331 2 331 332 3 332 333 3 333 334 3 334 332 3 332 334 3 334 335 3 335 336 4 336 337 4 337 338 4 338 336 4 336 338 4 338 339 4 339 340 5 340 341 5 341 342 5 342 340 5 340 342 5 342 343 5 343 344 0 344 345 0 345 346 0 346 344 0 344 346 0 346 347 0 347 348 2 348 349 2 349 350 2 350 348 2 348 350 2 350 351 2 351 352 3 352 353 3 353 354 3 354 352 3 352 354 3 354 355 3 355 356 4 356 357 4 357 358 4 358 356 4 356 358 4 358 359 4 359 360 5 360 361 5 361 362 5 362 360 5 360 362 5 362 363 5 363 364 0 364 365 0 365 366 0 366 364 0 364 366 0 366 367 0 367 368 2 368 369 2 369 370 2 370 368 2 368 370 2 370 371 2 371 372 3 372 373 3 373 374 3 374 372 3 372 374 3 374 375 3 375 376 4 376 377 4 377 378 4 378 376 4 376 378 4 378 379 4 379 380 5 380 381 5 381 382 5 382 380 5 380 382 5 382 383 5 383</p>
      </polylist>
      <polylist material="symbol_shelf_$Material_0" count="60">
        <input semantic="VERTEX" source="#verts" offset="0"/>
        <input semantic="NORMAL" source="#norm" offset="1"/>
        <input semantic="TEXCOORD" source="#uv" offset="2" set="0"/>
        <vcount>3 3 3 3 3 3 3 3 3 3 3 3 3 3 3 3 3 3 3 3 3 3 3 3 3 3 3 3 3 3 3 3 3 3 3 3 3 3 3 3 3 3 3 3 3 3 3 3 3 3 3 3 3 3 3 3 3 3 3 3</vcount>
        <p>384 6 0 385 6 0 386 6 0 386 6 0 385 6 0 387 6 0 385 7 0 384 7 0 388 7 0 385 7 0 388 7 0 389 7 0 386 8 0 387 8 0 390 8 0 390 8 0 387 8 0 391 8 0 390 9 0 391 9 0 388 9 0 388 9 0 391 9 0 389 9 0 387 10 0 385 10 0 391 10 0 391 10 0 385 10 0 389 10 0 384 11 0 386 11 0 390 11 0 384 11 0 390 11 0 388 11 0 796 234 0 797 234 0 798 234 0 798 234 0 797 234 0 799 234 0 797 235 0 796 235 0 800 235 0 797 235 0 800 235 0 801 235 0 798 236 0 799 236 0 802 236 0 802 236 0 799 236 0 803 236 0 802 237 0 803 237 0 800 237 0 800 237 0 803 237 0 801 237 0 799 238 0 797 238 0 803 238 0 803 238 0 797 238 0 801 238 0 796 239 0 798 239 0 802 239 0 796 239 0 802 239 0 800 239 0 1208 462 0 1209 462 0 1210 462 0 1210 462 0 1209 462 0 1211 462 0 1209 463 0 1208 463 0 1212 463 0 1209 463 0 1212 463 0 1213 463 0 1210 464 0 1211 464 0 1214 464 0 1214 464 0 1211 464 0 1215 464 0 1214 465 0 1215 465 0 1212 465 0 1212 465 0 1215 465 0 1213 465 0 1211 466 0 1209 466 0 1215 466 0 1215 466 0 1209 466 0 1213 466 0 1208 467 0 1210 467 0 1214 467 0 1208 467 0 1214 467 0 1212 467 0 1620 690 0 1621 690 0 1622 690 0 1622 690 0 1621 690 0 1623 690 0 1621 691 0 1620 691 0 1624 691 0 1621 691 0 1624 691 0 1625 691 0 1622 692 0 1623 692 0 1626 692 0 1626 692 0 1623 692 0 1627 692 0 1626 693 0 1627 693 0 1624 693 0 1624 693 0 1627 693 0 1625 693 0 1623 694 0 1621 694 0 1627 694 0 1627 694 0 1621 694 0 1625 694 0 1620 695 0 1622 695 0 1626 695 0 1620 695 0 1626 695 0 1624 695 0 2032 918 0 2033 918 0 2034 918 0 2034 918 0 2033 918 0 2035 918 0 2033 919 0 2032 919 0 2036 919 0 2033 919 0 2036 919 0 2037 919 0 2034 920 0 2035 920 0 2038 920 0 2038 920 0 2035 920 0 2039 920 0 2038 921 0 2039 921 0 2036 921 0 2036 921 0 2039 921 0 2037 921 0 2035 922 0 2033 922 0 2039 922 0 2039 922 0 2033 922 0 2037 922 0 2032 923 0 2034 923 0 2038 923 0 2032 923 0 2038 923 0 2036 923 0</p>
      </polylist>
      <polylist material="symbol_shelf_$Material_1" count="60">
        <input semantic="VERTEX" source="#verts" offset="0"/>
        <input semantic="NORMAL" source="#norm" offset="1"/>
        <input semantic="TEXCOORD" source="#uv" offset="2" set="0"/>
        <vcount>3 3 3 3 3 3 3 3 3 3 3 3 3 3 3 3 3 3 3 3 3 3 3 3 3 3 3 3 3 3 3 3 3 3 3 3 3 3 3 3 3 3 3 3 3 3 3 3 3 3 3 3 3 3 3 3 3 3 3 3</vcount>
        <p>392 12 0 393 12 0 394 12 0 394 12 0 393 12 0 395 12 0 393 13 0 392 13 0 396 13 0 393 13 0 396 13 0 397 13 0 394 14 0 395 14 0 398 14 0 398 14 0 395 14 0 399 14 0 398 15 0 399 15 0 396 15 0 396 15 0 399 15 0 397 15 0 395 16 0 393 16 0 399 16 0 399 16 0 393 16 0 397 16 0 392 17 0 394 17 0 398 17 0 392 17 0 398 17 0 396 17 0 804 240 0 805 240 0 806 240 0 806 240 0 805 240 0 807 240 0 805 241 0 804 241 0 808 241 0 805 241 0 808 241 0 809 241 0 806 242 0 807 242 0 810 242 0 810 242 0 807 242 0 811 242 0 810 243 0 811 243 0 808 243 0 808 243 0 811 243 0 809 243 0 807 244 0 805 244 0 811 244 0 811 244 0 805 244 0 809 244 0 804 245 0 806 245 0 810 245 0 804 245 0 810 245 0 808 245 0 1216 468 0 1217 468 0 1218 468 0 1218 468 0 1217 468 0 1219 468 0 1217 469 0 1216 469 0 1220 469 0 1217 469 0 1220 469 0 1221 469 0 1218 470 0 1219 470 0 1222 470 0 1222 470 0 1219 470 0 1223 470 0 1222 471 0 1223 471 0 1220 471 0 1220 471 0 1223 471 0 1221 471 0 1219 472 0 1217 472 0 1223 472 0 1223 472 0 1217 472 0 1221 472 0 1216 473 0 1218 473 0 1222 473 0 1216 473 0 1222 473 0 1220 473 0 1628 696 0 1629 696 0 1630 696 0 1630 696 0 1629 696 0 1631 696 0 1629 697 0 1628 697 0 1632 697 0 1629 697 0 1632 697 0 1633 697 0 1630 698 0 1631 698 0 1634 698 0 1634 698 0 1631 698 0 1635 698 0 1634 699 0 1635 699 0 1632 699 0 1632 699 0 1635 699 0 1633 699 0 1631 700 0 1629 700 0 1635 700 0 1635 700 0 1629 700 0 1633 700 0 1628 701 0 1630 701 0 1634 701 0 1628 701 0 1634 701 0 1632 701 0 2040 924 0 2041 924 0 2042 924 0 2042 924 0 2041 924 0 2043 924 0 2041 925 0 2040 925 0 2044 925 0 2041 925 0 2044 925 0 2045 925 0 2042 926 0 2043 926 0 2046 926 0 2046 926 0 2043 926 0 2047 926 0 2046 927 0 2047 927 0 2044 927 0 2044 927 0 2047 927 0 2045 927 0 2043 928 0 2041 928 0 2047 928 0 2047 928 0 2041 928 0 2045 928 0 2040 929 0 2042 929 0 2046 929 0 2040 929 0 2046 929 0 2044 929 0</p>
      </polylist>
      <polylist material="symbol_shelf_$Material_2" count="60">
        <input semantic="VERTEX" source="#verts" offset="0"/>
        <input semantic="NORMAL" source="#norm" offset="1"/>
        <input semantic="TEXCOORD" source="#uv" offset="2" set="0"/>
        <vcount>3 3 3 3 3 3 3 3 3 3 3 3 3 3 3 3 3 3 3 3 3 3 3 3 3 3 3 3 3 3 3 3 3 3 3 3 3 3 3 3 3 3 3 3 3 3 3 3 3 3 3 3 3 3 3 3 3 3 3 3</vcount>
        <p>400 18 0 401 18 0 402 18 0 402 18 0 401 18 0 403 18 0 401 19 0 400 19 0 404 19 0 401 19 0 404 19 0 405 19 0 402 20 0 403 20 0 406 20 0 406 20 0 403 20 0 407 20 0 406 21 0 407 21 0 404 21 0 404 21 0 407 21 0 405 21 0 403 22 0 401 22 0 407 22 0 407 22 0 401 22 0 405 22 0 400 23 0 402 23 0 406 23 0 400 23 0 406 23 0 404 23 0 812 246 0 813 246 0 814 246 0 814 246 0 813 246 0 815 246 0 813 247 0 812 247 0 816 247 0 813 247 0 816 247 0 817 247 0 814 248 0 815 248 0 818 248 0 818 248 0 815 248 0 819 248 0 818 249 0 819 249 0 816 249 0 816 249 0 819 249 0 817 249 0 815 250 0 813 250 0 819 250 0 819 250 0 813 250 0 817 250 0 812 251 0 814 251 0 818 251 0 812 251 0 818 251 0 816 251 0 1224 474 0 1225 474 0 1226 474 0 1226 474 0 1225 474 0 1227 474 0 1225 475 0 1224 475 0 1228 475 0 1225 475 0 1228 475 0 1229 475 0 1226 476 0 1227 476 0 1230 476 0 1230 476 0 1227 476 0 1231 476 0 1230 477 0 1231 477 0 1228 477 0 1228 477 0 1231 477 0 1229 477 0 1227 478 0 1225 478 0 1231 478 0 1231 478 0 1225 478 0 1229 478 0 1224 479 0 1226 479 0 1230 479 0 1224 479 0 1230 479 0 1228 479 0 1636 702 0 1637 702 0 1638 702 0 1638 702 0 1637 702 0 1639 702 0 1637 703 0 1636 703 0 1640 703 0 1637 703 0 1640 703 0 1641 703 0 1638 704 0 1639 704 0 1642 704 0 1642 704 0 1639 704 0 1643 704 0 1642 705 0 1643 705 0 1640 705 0 1640 705 0 1643 705 0 1641 705 0 1639 706 0 1637 706 0 1643 706 0 1643 706 0 1637 706 0 1641 706 0 1636 707 0 1638 707 0 1642 707 0 1636 707 0 1642 707 0 1640 707 0 2048 930 0 2049 930 0 2050 930 0 2050 930 0 2049 930 0 2051 930 0 2049 931 0 2048 931 0 2052 931 0 2049 931 0 2052 931 0 2053 931 0 2050 932 0 2051 932 0 2054 932 0 2054 932 0 2051 932 0 2055 932 0 2054 933 0 2055 933 0 2052 933 0 2052 933 0 2055 933 0 2053 933 0 2051 934 0 2049 934 0 2055 934 0 2055 934 0 2049 934 0 2053 934 0 2048 935 0 2050 935 0 2054 935 0 2048 935 0 2054 935 0 2052 935 0</p>
      </polylist>
      <polylist material="symbol_shelf_$Material_3" count="60">
        <input semantic="VERTEX" source="#verts" offset="0"/>
        <input semantic="NORMAL" source="#norm" offset="1"/>
        <input semantic="TEXCOORD" source="#uv" offset="2" set="0"/>
        <vcount>3 3 3 3 3 3 3 3 3 3 3 3 3 3 3 3 3 3 3 3 3 3 3 3 3 3 3 3 3 3 3 3 3 3 3 3 3 3 3 3 3 3 3 3 3 3 3 3 3 3 3 3 3 3 3 3 3 3 3 3</vcount>
        <p>408 24 0 409 24 0 410 24 0 410 24 0 409 24 0 411 24 0 409 25 0 408 25 0 412 25 0 409 25 0 412 25 0 413 25 0 410 26 0 411 26 0 414 26 0 414 26 0 411 26 0 415 26 0 414 27 0 415 27 0 412 27 0 412 27 0 415 27 0 413 27 0 411 28 0 409 28 0 415 28 0 415 28 0 409 28 0 413 28 0 408 29 0 410 29 0 414 29 0 408 29 0 414 29 0 412 29 0 820 252 0 821 252 0 822 252 0 822 252 0 821 252 0 823 252 0 821 253 0 820 253 0 824 253 0 821 253 0 824 253 0 825 253 0 822 254 0 823 254 0 826 254 0 826 254 0 823 254 0 827 254 0 826 255 0 827 255 0 824 255 0 824 255 0 827 255 0 825 255 0 823 256 0 821 256 0 827 256 0 827 256 0 821 256 0 825 256 0 820 257 0 822 257 0 826 257 0 820 257 0 826 257 0 824 257 0 1232 480 0 1233 480 0 1234 480 0 1234 480 0 1233 480 0 1235 480 0 1233 481 0 1232 481 0 1236 481 0 1233 481 0 1236 481 0 1237 481 0 1234 482 0 1235 482 0 1238 482 0 1238 482 0 1235 482 0 1239 482 0 1238 483 0 1239 483 0 1236 483 0 1236 483 0 1239 483 0 1237 483 0 1235 484 0 1233 484 0 1239 484 0 1239 484 0 1233 484 0 1237 484 0 1232 485 0 1234 485 0 1238 485 0 1232 485 0 1238 485 0 1236 485 0 1644 708 0 1645 708 0 1646 708 0 1646 708 0 1645 708 0 1647 708 0 1645 709 0 1644 709 0 1648 709 0 1645 709 0 1648 709 0 1649 709 0 1646 710 0 1647 710 0 1650 710 0 1650 710 0 1647 710 0 1651 710 0 1650 711 0 1651 711 0 1648 711 0 1648 711 0 1651 711 0 1649 711 0 1647 712 0 1645 712 0 1651 712 0 1651 712 0 1645 712 0 1649 712 0 1644 713 0 1646 713 0 1650 713 0 1644 713 0 1650 713 0 1648 713 0 2056 936 0 2057 936 0 2058 936 0 2058 936 0 2057 936 0 2059 936 0 2057 937 0 2056 937 0 2060 937 0 2057 937 0 2060 937 0 2061 937 0 2058 938 0 2059 938 0 2062 938 0 2062 938 0 2059 938 0 2063 938 0 2062 939 0 2063 939 0 2060 939 0 2060 939 0 2063 939 0 2061 939 0 2059 940 0 2057 940 0 2063 940 0 2063 940 0 2057 940 0 2061 940 0 2056 941 0 2058 941 0 2062 941 0 2056 941 0 2062 941 0 2060 941 0</p>
      </polylist>
      <polylist material="symbol_shelf_$Material_4" count="60">
        <input semantic="VERTEX" source="#verts" offset="0"/>
        <input semantic="NORMAL" source="#norm" offset="1"/>
        <input semantic="TEXCOORD" source="#uv" offset="2" set="0"/>
        <vcount>3 3 3 3 3 3 3 3 3 3 3 3 3 3 3 3 3 3 3 3 3 3 3 3 3 3 3 3 3 3 3 3 3 3 3 3 3 3 3 3 3 3 3 3 3 3 3 3 3 3 3 3 3 3 3 3 3 3 3 3</vcount>
        <p>416 30 0 417 30 0 418 30 0 418 30 0 417 30 0 419 30 0 417 31 0 416 31 0 420 31 0 417 31 0 420 31 0 421 31 0 418 32 0 419 32 0 422 32 0 422 32 0 419 32 0 423 32 0 422 33 0 423 33 0 420 33 0 420 33 0 423 33 0 421 33 0 419 34 0 417 34 0 423 34 0 423 34 0 417 34 0 421 34 0 416 35 0 418 35 0 422 35 0 416 35 0 422 35 0 420 35 0 828 258 0 829 258 0 830 258 0 830 258 0 829 258 0 831 258 0 829 259 0 828 259 0 832 259 0 829 259 0 832 259 0 833 259 0 830 260 0 831 260 0 834 260 0 834 260 0 831 260 0 835 260 0 834 261 0 835 261 0 832 261 0 832 261 0 835 261 0 833 261 0 831 262 0 829 262 0 835 262 0 835 262 0 829 262 0 833 262 0 828 263 0 830 263 0 834 263 0 828 263 0 834 263 0 832 263 0 1240 486 0 1241 486 0 1242 486 0 1242 486 0 1241 486 0 1243 486 0 1241 487 0 1240 487 0 1244 487 0 1241 487 0 1244 487 0 1245 487 0 1242 488 0 1243 488 0 1246 488 0 1246 488 0 1243 488 0 1247 488 0 1246 489 0 1247 489 0 1244 489 0 1244 489 0 1247 489 0 1245 489 0 1243 490 0 1241 490 0 1247 490 0 1247 490 0 1241 490 0 1245 490 0 1240 491 0 1242 491 0 1246 491 0 1240 491 0 1246 491 0 1244 491 0 1652 714 0 1653 714 0 1654 714 0 1654 714 0 1653 714 0 1655 714 0 1653 715 0 1652 715 0 1656 715 0 1653 715 0 1656 715 0 1657 715 0 1654 716 0 1655 716 0 1658 716 0 1658 716 0 1655 716 0 1659 716 0 1658 717 0 1659 717 0 1656 717 0 1656 717 0 1659 717 0 1657 717 0 1655 718 0 1653 718 0 1659 718 0 1659 718 0 1653 718 0 1657 718 0 1652 719 0 1654 719 0 1658 719 0 1652 719 0 1658 719 0 1656 719 0 2064 942 0 2065 942 0 2066 942 0 2066 942 0 2065 942 0 2067 942 0 2065 943 0 2064 943 0 2068 943 0 2065 943 0 2068 943 0 2069 943 0 2066 944 0 2067 944 0 2070 944 0 2070 944 0 2067 944 0 2071 944 0 2070 945 0 2071 945 0 2068 945 0 2068 945 0 2071 945 0 2069 945 0 2067 946 0 2065 946 0 2071 946 0 2071 946 0 2065 946 0 2069 946 0 2064 947 0 2066 947 0 2070 947 0 2064 947 0 2070 947 0 2068 947 0</p>
      </polylist>
      <polylist material="symbol_shelf_$Material_5" count="60">
        <input semantic="VERTEX" source="#verts" offset="0"/>
        <input semantic="NORMAL" source="#norm" offset="1"/>
        <input semantic="TEXCOORD" source="#uv" offset="2" set="0"/>
        <vcount>3 3 3 3 3 3 3 3 3 3 3 3 3 3 3 3 3 3 3 3 3 3 3 3 3 3 3 3 3 3 3 3 3 3 3 3 3 3 3 3 3 3 3 3 3 3 3 3 3 3 3 3 3 3 3 3 3 3 3 3</vcount>
        <p>424 36 0 425 36 0 426 36 0 426 36 0 425 36 0 427 36 0 425 37 0 424 37 0 428 37 0 425 37 0 428 37 0 429 37 0 426 38 0 427 38 0 430 38 0 430 38 0 427 38 0 431 38 0 430 39 0 431 39 0 428 39 0 428 39 0 431 39 0 429 39 0 427 40 0 425 40 0 431 40 0 431 40 0 425 40 0 429 40 0 424 41 0 426 41 0 430 41 0 424 41 0 430 41 0 428 41 0 836 264 0 837 264 0 838 264 0 838 264 0 837 264 0 839 264 0 837 265 0 836 265 0 840 265 0 837 265 0 840 265 0 841 265 0 838 266 0 839 266 0 842 266 0 842 266 0 839 266 0 843 266 0 842 267 0 843 267 0 840 267 0 840 267 0 843 267 0 841 267 0 839 268 0 837 268 0 843 268 0 843 268 0 837 268 0 841 268 0 836 269 0 838 269 0 842 269 0 836 269 0 842 269 0 840 269 0 1248 492 0 1249 492 0 1250 492 0 1250 492 0 1249 492 0 1251 492 0 1249 493 0 1248 493 0 1252 493 0 1249 493 0 1252 493 0 1253 493 0 1250 494 0 1251 494 0 1254 494 0 1254 494 0 1251 494 0 1255 494 0 1254 495 0 1255 495 0 1252 495 0 1252 495 0 1255 495 0 1253 495 0 1251 496 0 1249 496 0 1255 496 0 1255 496 0 1249 496 0 1253 496 0 1248 497 0 1250 497 0 1254 497 0 1248 497 0 1254 497 0 1252 497 0 1660 720 0 1661 720 0 1662 720 0 1662 720 0 1661 720 0 1663 720 0 1661 721 0 1660 721 0 1664 721 0 1661 721 0 1664 721 0 1665 721 0 1662 722 0 1663 722 0 1666 722 0 1666 722 0 1663 722 0 1667 722 0 1666 723 0 1667 723 0 1664 723 0 1664 723 0 1667 723 0 1665 723 0 1663 724 0 1661 724 0 1667 724 0 1667 724 0 1661 724 0 1665 724 0 1660 725 0 1662 725 0 1666 725 0 1660 725 0 1666 725 0 1664 725 0 2072 948 0 2073 948 0 2074 948 0 2074 948 0 2073 948 0 2075 948 0 2073 949 0 2072 949 0 2076 949 0 2073 949 0 2076 949 0 2077 949 0 2074 950 0 2075 950 0 2078 950 0 2078 950 0 2075 950 0 2079 950 0 2078 951 0 2079 951 0 2076 951 0 2076 951 0 2079 951 0 2077 951 0 2075 952 0 2073 952 0 2079 952 0 2079 952 0 2073 952 0 2077 952 0 2072 953 0 2074 953 0 2078 953 0 2072 953 0 2078 953 0 2076 953 0</p>
      </polylist>
      <polylist material="symbol_shelf_$Material_6" count="60">
        <input semantic="VERTEX" source="#verts" offset="0"/>
        <input semantic="NORMAL" source="#norm" offset="1"/>
        <input semantic="TEXCOORD" source="#uv" offset="2" set="0"/>
        <vcount>3 3 3 3 3 3 3 3 3 3 3 3 3 3 3 3 3 3 3 3 3 3 3 3 3 3 3 3 3 3 3 3 3 3 3 3 3 3 3 3 3 3 3 3 3 3 3 3 3 3 3 3 3 3 3 3 3 3 3 3</vcount>
        <p>432 42 0 433 42 0 434 42 0 434 42 0 433 42 0 435 42 0 433 43 0 432 43 0 436 43 0 433 43 0 436 43 0 437 43 0 434 44 0 435 44 0 438 44 0 438 44 0 435 44 0 439 44 0 438 45 0 439 45 0 436 45 0 436 45 0 439 45 0 437 45 0 435 46 0 433 46 0 439 46 0 439 46 0 433 46 0 437 46 0 432 47 0 434 47 0 438 47 0 432 47 0 438 47 0 436 47 0 844 270 0 845 270 0 846 270 0 846 270 0 845 270 0 847 270 0 845 271 0 844 271 0 848 271 0 845 271 0 848 271 0 849 271 0 846 272 0 847 272 0 850 272 0 850 272 0 847 272 0 851 272 0 850 273 0 851 273 0 848 273 0 848 273 0 851 273 0 849 273 0 847 274 0 845 274 0 851 274 0 851 274 0 845 274 0 849 274 0 844 275 0 846 275 0 850 275 0 844 275 0 850 275 0 848 275 0 1256 498 0 1257 498 0 1258 498 0 1258 498 0 1257 498 0 1259 498 0 1257 499 0 1256 499 0 1260 499 0 1257 499 0 1260 499 0 1261 499 0 1258 500 0 1259 500 0 1262 500 0 1262 500 0 1259 500 0 1263 500 0 1262 501 0 1263 501 0 1260 501 0 1260 501 0 1263 501 0 1261 501 0 1259 502 0 1257 502 0 1263 502 0 1263 502 0 1257 502 0 1261 502 0 1256 503 0 1258 503 0 1262 503 0 1256 503 0 1262 503 0 1260 503 0 1668 726 0 1669 726 0 1670 726 0 1670 726 0 1669 726 0 1671 726 0 1669 727 0 1668 727 0 1672 727 0 1669 727 0 1672 727 0 1673 727 0 1670 728 0 1671 728 0 1674 728 0 1674 728 0 1671 728 0 1675 728 0 1674 729 0 1675 729 0 1672 729 0 1672 729 0 1675 729 0 1673 729 0 1671 730 0 1669 730 0 1675 730 0 1675 730 0 1669 730 0 1673 730 0 1668 731 0 1670 731 0 1674 731 0 1668 731 0 1674 731 0 1672 731 0 2080 954 0 2081 954 0 2082 954 0 2082 954 0 2081 954 0 2083 954 0 2081 955 0 2080 955 0 2084 955 0 2081 955 0 2084 955 0 2085 955 0 2082 956 0 2083 956 0 2086 956 0 2086 956 0 2083 956 0 2087 956 0 2086 957 0 2087 957 0 2084 957 0 2084 957 0 2087 957 0 2085 957 0 2083 958 0 2081 958 0 2087 958 0 2087 958 0 2081 958 0 2085 958 0 2080 959 0 2082 959 0 2086 959 0 2080 959 0 2086 959 0 2084 959 0</p>
      </polylist>
      <polylist material="symbol_shelf_$Material_7" count="60">
        <input semantic="VERTEX" source="#verts" offset="0"/>
        <input semantic="NORMAL" source="#norm" offset="1"/>
        <input semantic="TEXCOORD" source="#uv" offset="2" set="0"/>
        <vcount>3 3 3 3 3 3 3 3 3 3 3 3 3 3 3 3 3 3 3 3 3 3 3 3 3 3 3 3 3 3 3 3 3 3 3 3 3 3 3 3 3 3 3 3 3 3 3 3 3 3 3 3 3 3 3 3 3 3 3 3</vcount>
        <p>440 48 0 441 48 0 442 48 0 442 48 0 441 48 0 443 48 0 441 49 0 440 49 0 444 49 0 441 49 0 444 49 0 445 49 0 442 50 0 443 50 0 446 50 0 446 50 0 443 50 0 447 50 0 446 51 0 447 51 0 444 51 0 444 51 0 447 51 0 445 51 0 443 52 0 441 52 0 447 52 0 447 52 0 441 52 0 445 52 0 440 53 0 442 53 0 446 53 0 440 53 0 446 53 0 444 53 0 852 276 0 853 276 0 854 276 0 854 276 0 853 276 0 855 276 0 853 277 0 852 277 0 856 277 0 853 277 0 856 277 0 857 277 0 854 278 0 855 278 0 858 278 0 858 278 0 855 278 0 859 278 0 858 279 0 859 279 0 856 279 0 856 279 0 859 279 0 857 279 0 855 280 0 853 280 0 859 280 0 859 280 0 853 280 0 857 280 0 852 281 0 854 281 0 858 281 0 852 281 0 858 281 0 856 281 0 1264 504 0 1265 504 0 1266 504 0 1266 504 0 1265 504 0 1267 504 0 1265 505 0 1264 505 0 1268 505 0 1265 505 0 1268 505 0 1269 505 0 1266 506 0 1267 506 0 1270 506 0 1270 506 0 1267 506 0 1271 506 0 1270 507 0 1271 507 0 1268 507 0 1268 507 0 1271 507 0 1269 507 0 1267 508 0 1265 508 0 1271 508 0 1271 508 0 1265 508 0 1269 508 0 1264 509 0 1266 509 0 1270 509 0 1264 509 0 1270 509 0 1268 509 0 1676 732 0 1677 732 0 1678 732 0 1678 732 0 1677 732 0 1679 732 0 1677 733 0 1676 733 0 1680 733 0 1677 733 0 1680 733 0 1681 733 0 1678 734 0 1679 734 0 1682 734 0 1682 734 0 1679 734 0 1683 734 0 1682 735 0 1683 735 0 1680 735 0 1680 735 0 1683 735 0 1681 735 0 1679 736 0 1677 736 0 1683 736 0 1683 736 0 1677 736 0 1681 736 0 1676 737 0 1678 737 0 1682 737 0 1676 737 0 1682 737 0 1680 737 0 2088 960 0 2089 960 0 2090 960 0 2090 960 0 2089 960 0 2091 960 0 2089 961 0 2088 961 0 2092 961 0 2089 961 0 2092 961 0 2093 961 0 2090 962 0 2091 962 0 2094 962 0 2094 962 0 2091 962 0 2095 962 0 2094 963 0 2095 963 0 2092 963 0 2092 963 0 2095 963 0 2093 963 0 2091 964 0 2089 964 0 2095 964 0 2095 964 0 2089 964 0 2093 964 0 2088 965 0 2090 965 0 2094 965 0 2088 965 0 2094 965 0 2092 965 0</p>
      </polylist>
      <polylist material="symbol_shelf_$Material_8" count="60">
        <input semantic="VERTEX" source="#verts" offset="0"/>
        <input semantic="NORMAL" source="#norm" offset="1"/>
        <input semantic="TEXCOORD" source="#uv" offset="2" set="0"/>
        <vcount>3 3 3 3 3 3 3 3 3 3 3 3 3 3 3 3 3 3 3 3 3 3 3 3 3 3 3 3 3 3 3 3 3 3 3 3 3 3 3 3 3 3 3 3 3 3 3 3 3 3 3 3 3 3 3 3 3 3 3 3</vcount>
        <p>448 54 0 449 54 0 450 54 0 450 54 0 449 54 0 451 54 0 449 55 0 448 55 0 452 55 0 449 55 0 452 55 0 453 55 0 450 56 0 451 56 0 454 56 0 454 56 0 451 56 0 455 56 0 454 57 0 455 57 0 452 57 0 452 57 0 455 57 0 453 57 0 451 58 0 449 58 0 455 58 0 455 58 0 449 58 0 453 58 0 448 59 0 450 59 0 454 59 0 448 59 0 454 59 0 452 59 0 860 282 0 861 282 0 862 282 0 862 282 0 861 282 0 863 282 0 861 283 0 860 283 0 864 283 0 861 283 0 864 283 0 865 283 0 862 284 0 863 284 0 866 284 0 866 284 0 863 284 0 867 284 0 866 285 0 867 285 0 864 285 0 864 285 0 867 285 0 865 285 0 863 286 0 861 286 0 867 286 0 867 286 0 861 286 0 865 286 0 860 287 0 862 287 0 866 287 0 860 287 0 866 287 0 864 287 0 1272 510 0 1273 510 0 1274 510 0 1274 510 0 1273 510 0 1275 510 0 1273 511 0 1272 511 0 1276 511 0 1273 511 0 1276 511 0 1277 511 0 1274 512 0 1275 512 0 1278 512 0 1278 512 0 1275 512 0 1279 512 0 1278 513 0 1279 513 0 1276 513 0 1276 513 0 1279 513 0 1277 513 0 1275 514 0 1273 514 0 1279 514 0 1279 514 0 1273 514 0 1277 514 0 1272 515 0 1274 515 0 1278 515 0 1272 515 0 1278 515 0 1276 515 0 1684 738 0 1685 738 0 1686 738 0 1686 738 0 1685 738 0 1687 738 0 1685 739 0 1684 739 0 1688 739 0 1685 739 0 1688 739 0 1689 739 0 1686 740 0 1687 740 0 1690 740 0 1690 740 0 1687 740 0 1691 740 0 1690 741 0 1691 741 0 1688 741 0 1688 741 0 1691 741 0 1689 741 0 1687 742 0 1685 742 0 1691 742 0 1691 742 0 1685 742 0 1689 742 0 1684 743 0 1686 743 0 1690 743 0 1684 743 0 1690 743 0 1688 743 0 2096 966 0 2097 966 0 2098 966 0 2098 966 0 2097 966 0 2099 966 0 2097 967 0 2096 967 0 2100 967 0 2097 967 0 2100 967 0 2101 967 0 2098 968 0 2099 968 0 2102 968 0 2102 968 0 2099 968 0 2103 968 0 2102 969 0 2103 969 0 2100 969 0 2100 969 0 2103 969 0 2101 969 0 2099 970 0 2097 970 0 2103 970 0 2103 970 0 2097 970 0 2101 970 0 2096 971 0 2098 971 0 2102 971 0 2096 971 0 2102 971 0 2100 971 0</p>
      </polylist>
      <polylist material="symbol_shelf_$Material_9" count="60">
        <input semantic="VERTEX" source="#verts" offset="0"/>
        <input semantic="NORMAL" source="#norm" offset="1"/>
        <input semantic="TEXCOORD" source="#uv" offset="2" set="0"/>
        <vcount>3 3 3 3 3 3 3 3 3 3 3 3 3 3 3 3 3 3 3 3 3 3 3 3 3 3 3 3 3 3 3 3 3 3 3 3 3 3 3 3 3 3 3 3 3 3 3 3 3 3 3 3 3 3 3 3 3 3 3 3</vcount>
        <p>456 24 0 457 24 0 458 24 0 458 24 0 457 24 0 459 24 0 457 25 0 456 25 0 460 25 0 457 25 0 460 25 0 461 25 0 458 26 0 459 26 0 462 26 0 462 26 0 459 26 0 463 26 0 462 27 0 463 27 0 460 27 0 460 27 0 463 27 0 461 27 0 459 28 0 457 28 0 463 28 0 463 28 0 457 28 0 461 28 0 456 29 0 458 29 0 462 29 0 456 29 0 462 29 0 460 29 0 868 252 0 869 252 0 870 252 0 870 252 0 869 252 0 871 252 0 869 253 0 868 253 0 872 253 0 869 253 0 872 253 0 873 253 0 870 254 0 871 254 0 874 254 0 874 254 0 871 254 0 875 254 0 874 255 0 875 255 0 872 255 0 872 255 0 875 255 0 873 255 0 871 256 0 869 256 0 875 256 0 875 256 0 869 256 0 873 256 0 868 257 0 870 257 0 874 257 0 868 257 0 874 257 0 872 257 0 1280 480 0 1281 480 0 1282 480 0 1282 480 0 1281 480 0 1283 480 0 1281 481 0 1280 481 0 1284 481 0 1281 481 0 1284 481 0 1285 481 0 1282 482 0 1283 482 0 1286 482 0 1286 482 0 1283 482 0 1287 482 0 1286 483 0 1287 483 0 1284 483 0 1284 483 0 1287 483 0 1285 483 0 1283 484 0 1281 484 0 1287 484 0 1287 484 0 1281 484 0 1285 484 0 1280 485 0 1282 485 0 1286 485 0 1280 485 0 1286 485 0 1284 485 0 1692 708 0 1693 708 0 1694 708 0 1694 708 0 1693 708 0 1695 708 0 1693 709 0 1692 709 0 1696 709 0 1693 709 0 1696 709 0 1697 709 0 1694 710 0 1695 710 0 1698 710 0 1698 710 0 1695 710 0 1699 710 0 1698 711 0 1699 711 0 1696 711 0 1696 711 0 1699 711 0 1697 711 0 1695 712 0 1693 712 0 1699 712 0 1699 712 0 1693 712 0 1697 712 0 1692 713 0 1694 713 0 1698 713 0 1692 713 0 1698 713 0 1696 713 0 2104 936 0 2105 936 0 2106 936 0 2106 936 0 2105 936 0 2107 936 0 2105 937 0 2104 937 0 2108 937 0 2105 937 0 2108 937 0 2109 937 0 2106 938 0 2107 938 0 2110 938 0 2110 938 0 2107 938 0 2111 938 0 2110 939 0 2111 939 0 2108 939 0 2108 939 0 2111 939 0 2109 939 0 2107 940 0 2105 940 0 2111 940 0 2111 940 0 2105 940 0 2109 940 0 2104 941 0 2106 941 0 2110 941 0 2104 941 0 2110 941 0 2108 941 0</p>
      </polylist>
      <polylist material="symbol_shelf_$Material_10" count="60">
        <input semantic="VERTEX" source="#verts" offset="0"/>
        <input semantic="NORMAL" source="#norm" offset="1"/>
        <input semantic="TEXCOORD" source="#uv" offset="2" set="0"/>
        <vcount>3 3 3 3 3 3 3 3 3 3 3 3 3 3 3 3 3 3 3 3 3 3 3 3 3 3 3 3 3 3 3 3 3 3 3 3 3 3 3 3 3 3 3 3 3 3 3 3 3 3 3 3 3 3 3 3 3 3 3 3</vcount>
        <p>464 30 0 465 30 0 466 30 0 466 30 0 465 30 0 467 30 0 465 31 0 464 31 0 468 31 0 465 31 0 468 31 0 469 31 0 466 32 0 467 32 0 470 32 0 470 32 0 467 32 0 471 32 0 470 33 0 471 33 0 468 33 0 468 33 0 471 33 0 469 33 0 467 34 0 465 34 0 471 34 0 471 34 0 465 34 0 469 34 0 464 35 0 466 35 0 470 35 0 464 35 0 470 35 0 468 35 0 876 258 0 877 258 0 878 258 0 878 258 0 877 258 0 879 258 0 877 259 0 876 259 0 880 259 0 877 259 0 880 259 0 881 259 0 878 260 0 879 260 0 882 260 0 882 260 0 879 260 0 883 260 0 882 261 0 883 261 0 880 261 0 880 261 0 883 261 0 881 261 0 879 262 0 877 262 0 883 262 0 883 262 0 877 262 0 881 262 0 876 263 0 878 263 0 882 263 0 876 263 0 882 263 0 880 263 0 1288 486 0 1289 486 0 1290 486 0 1290 486 0 1289 486 0 1291 486 0 1289 487 0 1288 487 0 1292 487 0 1289 487 0 1292 487 0 1293 487 0 1290 488 0 1291 488 0 1294 488 0 1294 488 0 1291 488 0 1295 488 0 1294 489 0 1295 489 0 1292 489 0 1292 489 0 1295 489 0 1293 489 0 1291 490 0 1289 490 0 1295 490 0 1295 490 0 1289 490 0 1293 490 0 1288 491 0 1290 491 0 1294 491 0 1288 491 0 1294 491 0 1292 491 0 1700 714 0 1701 714 0 1702 714 0 1702 714 0 1701 714 0 1703 714 0 1701 715 0 1700 715 0 1704 715 0 1701 715 0 1704 715 0 1705 715 0 1702 716 0 1703 716 0 1706 716 0 1706 716 0 1703 716 0 1707 716 0 1706 717 0 1707 717 0 1704 717 0 1704 717 0 1707 717 0 1705 717 0 1703 718 0 1701 718 0 1707 718 0 1707 718 0 1701 718 0 1705 718 0 1700 719 0 1702 719 0 1706 719 0 1700 719 0 1706 719 0 1704 719 0 2112 942 0 2113 942 0 2114 942 0 2114 942 0 2113 942 0 2115 942 0 2113 943 0 2112 943 0 2116 943 0 2113 943 0 2116 943 0 2117 943 0 2114 944 0 2115 944 0 2118 944 0 2118 944 0 2115 944 0 2119 944 0 2118 945 0 2119 945 0 2116 945 0 2116 945 0 2119 945 0 2117 945 0 2115 946 0 2113 946 0 2119 946 0 2119 946 0 2113 946 0 2117 946 0 2112 947 0 2114 947 0 2118 947 0 2112 947 0 2118 947 0 2116 947 0</p>
      </polylist>
      <polylist material="symbol_shelf_$Material_11" count="60">
        <input semantic="VERTEX" source="#verts" offset="0"/>
        <input semantic="NORMAL" source="#norm" offset="1"/>
        <input semantic="TEXCOORD" source="#uv" offset="2" set="0"/>
        <vcount>3 3 3 3 3 3 3 3 3 3 3 3 3 3 3 3 3 3 3 3 3 3 3 3 3 3 3 3 3 3 3 3 3 3 3 3 3 3 3 3 3 3 3 3 3 3 3 3 3 3 3 3 3 3 3 3 3 3 3 3</vcount>
        <p>472 36 0 473 36 0 474 36 0 474 36 0 473 36 0 475 36 0 473 37 0 472 37 0 476 37 0 473 37 0 476 37 0 477 37 0 474 38 0 475 38 0 478 38 0 478 38 0 475 38 0 479 38 0 478 39 0 479 39 0 476 39 0 476 39 0 479 39 0 477 39 0 475 40 0 473 40 0 479 40 0 479 40 0 473 40 0 477 40 0 472 41 0 474 41 0 478 41 0 472 41 0 478 41 0 476 41 0 884 264 0 885 264 0 886 264 0 886 264 0 885 264 0 887 264 0 885 265 0 884 265 0 888 265 0 885 265 0 888 265 0 889 265 0 886 266 0 887 266 0 890 266 0 890 266 0 887 266 0 891 266 0 890 267 0 891 267 0 888 267 0 888 267 0 891 267 0 889 267 0 887 268 0 885 268 0 891 268 0 891 268 0 885 268 0 889 268 0 884 269 0 886 269 0 890 269 0 884 269 0 890 269 0 888 269 0 1296 492 0 1297 492 0 1298 492 0 1298 492 0 1297 492 0 1299 492 0 1297 493 0 1296 493 0 1300 493 0 1297 493 0 1300 493 0 1301 493 0 1298 494 0 1299 494 0 1302 494 0 1302 494 0 1299 494 0 1303 494 0 1302 495 0 1303 495 0 1300 495 0 1300 495 0 1303 495 0 1301 495 0 1299 496 0 1297 496 0 1303 496 0 1303 496 0 1297 496 0 1301 496 0 1296 497 0 1298 497 0 1302 497 0 1296 497 0 1302 497 0 1300 497 0 1708 720 0 1709 720 0 1710 720 0 1710 720 0 1709 720 0 1711 720 0 1709 721 0 1708 721 0 1712 721 0 1709 721 0 1712 721 0 1713 721 0 1710 722 0 1711 722 0 1714 722 0 1714 722 0 1711 722 0 1715 722 0 1714 723 0 1715 723 0 1712 723 0 1712 723 0 1715 723 0 1713 723 0 1711 724 0 1709 724 0 1715 724 0 1715 724 0 1709 724 0 1713 724 0 1708 725 0 1710 725 0 1714 725 0 1708 725 0 1714 725 0 1712 725 0 2120 948 0 2121 948 0 2122 948 0 2122 948 0 2121 948 0 2123 948 0 2121 949 0 2120 949 0 2124 949 0 2121 949 0 2124 949 0 2125 949 0 2122 950 0 2123 950 0 2126 950 0 2126 950 0 2123 950 0 2127 950 0 2126 951 0 2127 951 0 2124 951 0 2124 951 0 2127 951 0 2125 951 0 2123 952 0 2121 952 0 2127 952 0 2127 952 0 2121 952 0 2125 952 0 2120 953 0 2122 953 0 2126 953 0 2120 953 0 2126 953 0 2124 953 0</p>
      </polylist>
      <polylist material="symbol_shelf_$Material_12" count="60">
        <input semantic="VERTEX" source="#verts" offset="0"/>
        <input semantic="NORMAL" source="#norm" offset="1"/>
        <input semantic="TEXCOORD" source="#uv" offset="2" set="0"/>
        <vcount>3 3 3 3 3 3 3 3 3 3 3 3 3 3 3 3 3 3 3 3 3 3 3 3 3 3 3 3 3 3 3 3 3 3 3 3 3 3 3 3 3 3 3 3 3 3 3 3 3 3 3 3 3 3 3 3 3 3 3 3</vcount>
        <p>480 42 0 481 42 0 482 42 0 482 42 0 481 42 0 483 42 0 481 43 0 480 43 0 484 43 0 481 43 0 484 43 0 485 43 0 482 44 0 483 44 0 486 44 0 486 44 0 483 44 0 487 44 0 486 45 0 487 45 0 484 45 0 484 45 0 487 45 0 485 45 0 483 46 0 481 46 0 487 46 0 487 46 0 481 46 0 485 46 0 480 47 0 482 47 0 486 47 0 480 47 0 486 47 0 484 47 0 892 270 0 893 270 0 894 270 0 894 270 0 893 270 0 895 270 0 893 271 0 892 271 0 896 271 0 893 271 0 896 271 0 897 271 0 894 272 0 895 272 0 898 272 0 898 272 0 895 272 0 899 272 0 898 273 0 899 273 0 896 273 0 896 273 0 899 273 0 897 273 0 895 274 0 893 274 0 899 274 0 899 274 0 893 274 0 897 274 0 892 275 0 894 275 0 898 275 0 892 275 0 898 275 0 896 275 0 1304 498 0 1305 498 0 1306 498 0 1306 498 0 1305 498 0 1307 498 0 1305 499 0 1304 499 0 1308 499 0 1305 499 0 1308 499 0 1309 499 0 1306 500 0 1307 500 0 1310 500 0 1310 500 0 1307 500 0 1311 500 0 1310 501 0 1311 501 0 1308 501 0 1308 501 0 1311 501 0 1309 501 0 1307 502 0 1305 502 0 1311 502 0 1311 502 0 1305 502 0 1309 502 0 1304 503 0 1306 503 0 1310 503 0 1304 503 0 1310 503 0 1308 503 0 1716 726 0 1717 726 0 1718 726 0 1718 726 0 1717 726 0 1719 726 0 1717 727 0 1716 727 0 1720 727 0 1717 727 0 1720 727 0 1721 727 0 1718 728 0 1719 728 0 1722 728 0 1722 728 0 1719 728 0 1723 728 0 1722 729 0 1723 729 0 1720 729 0 1720 729 0 1723 729 0 1721 729 0 1719 730 0 1717 730 0 1723 730 0 1723 730 0 1717 730 0 1721 730 0 1716 731 0 1718 731 0 1722 731 0 1716 731 0 1722 731 0 1720 731 0 2128 954 0 2129 954 0 2130 954 0 2130 954 0 2129 954 0 2131 954 0 2129 955 0 2128 955 0 2132 955 0 2129 955 0 2132 955 0 2133 955 0 2130 956 0 2131 956 0 2134 956 0 2134 956 0 2131 956 0 2135 956 0 2134 957 0 2135 957 0 2132 957 0 2132 957 0 2135 957 0 2133 957 0 2131 958 0 2129 958 0 2135 958 0 2135 958 0 2129 958 0 2133 958 0 2128 959 0 2130 959 0 2134 959 0 2128 959 0 2134 959 0 2132 959 0</p>
      </polylist>
      <polylist material="symbol_shelf_$Material_13" count="60">
        <input semantic="VERTEX" source="#verts" offset="0"/>
        <input semantic="NORMAL" source="#norm" offset="1"/>
        <input semantic="TEXCOORD" source="#uv" offset="2" set="0"/>
        <vcount>3 3 3 3 3 3 3 3 3 3 3 3 3 3 3 3 3 3 3 3 3 3 3 3 3 3 3 3 3 3 3 3 3 3 3 3 3 3 3 3 3 3 3 3 3 3 3 3 3 3 3 3 3 3 3 3 3 3 3 3</vcount>
        <p>488 48 0 489 48 0 490 48 0 490 48 0 489 48 0 491 48 0 489 49 0 488 49 0 492 49 0 489 49 0 492 49 0 493 49 0 490 50 0 491 50 0 494 50 0 494 50 0 491 50 0 495 50 0 494 51 0 495 51 0 492 51 0 492 51 0 495 51 0 493 51 0 491 52 0 489 52 0 495 52 0 495 52 0 489 52 0 493 52 0 488 53 0 490 53 0 494 53 0 488 53 0 494 53 0 492 53 0 900 276 0 901 276 0 902 276 0 902 276 0 901 276 0 903 276 0 901 277 0 900 277 0 904 277 0 901 277 0 904 277 0 905 277 0 902 278 0 903 278 0 906 278 0 906 278 0 903 278 0 907 278 0 906 279 0 907 279 0 904 279 0 904 279 0 907 279 0 905 279 0 903 280 0 901 280 0 907 280 0 907 280 0 901 280 0 905 280 0 900 281 0 902 281 0 906 281 0 900 281 0 906 281 0 904 281 0 1312 504 0 1313 504 0 1314 504 0 1314 504 0 1313 504 0 1315 504 0 1313 505 0 1312 505 0 1316 505 0 1313 505 0 1316 505 0 1317 505 0 1314 506 0 1315 506 0 1318 506 0 1318 506 0 1315 506 0 1319 506 0 1318 507 0 1319 507 0 1316 507 0 1316 507 0 1319 507 0 1317 507 0 1315 508 0 1313 508 0 1319 508 0 1319 508 0 1313 508 0 1317 508 0 1312 509 0 1314 509 0 1318 509 0 1312 509 0 1318 509 0 1316 509 0 1724 732 0 1725 732 0 1726 732 0 1726 732 0 1725 732 0 1727 732 0 1725 733 0 1724 733 0 1728 733 0 1725 733 0 1728 733 0 1729 733 0 1726 734 0 1727 734 0 1730 734 0 1730 734 0 1727 734 0 1731 734 0 1730 735 0 1731 735 0 1728 735 0 1728 735 0 1731 735 0 1729 735 0 1727 736 0 1725 736 0 1731 736 0 1731 736 0 1725 736 0 1729 736 0 1724 737 0 1726 737 0 1730 737 0 1724 737 0 1730 737 0 1728 737 0 2136 960 0 2137 960 0 2138 960 0 2138 960 0 2137 960 0 2139 960 0 2137 961 0 2136 961 0 2140 961 0 2137 961 0 2140 961 0 2141 961 0 2138 962 0 2139 962 0 2142 962 0 2142 962 0 2139 962 0 2143 962 0 2142 963 0 2143 963 0 2140 963 0 2140 963 0 2143 963 0 2141 963 0 2139 964 0 2137 964 0 2143 964 0 2143 964 0 2137 964 0 2141 964 0 2136 965 0 2138 965 0 2142 965 0 2136 965 0 2142 965 0 2140 965 0</p>
      </polylist>
      <polylist material="symbol_shelf_$Material_14" count="60">
        <input semantic="VERTEX" source="#verts" offset="0"/>
        <input semantic="NORMAL" source="#norm" offset="1"/>
        <input semantic="TEXCOORD" source="#uv" offset="2" set="0"/>
        <vcount>3 3 3 3 3 3 3 3 3 3 3 3 3 3 3 3 3 3 3 3 3 3 3 3 3 3 3 3 3 3 3 3 3 3 3 3 3 3 3 3 3 3 3 3 3 3 3 3 3 3 3 3 3 3 3 3 3 3 3 3</vcount>
        <p>496 54 0 497 54 0 498 54 0 498 54 0 497 54 0 499 54 0 497 55 0 496 55 0 500 55 0 497 55 0 500 55 0 501 55 0 498 56 0 499 56 0 502 56 0 502 56 0 499 56 0 503 56 0 502 57 0 503 57 0 500 57 0 500 57 0 503 57 0 501 57 0 499 58 0 497 58 0 503 58 0 503 58 0 497 58 0 501 58 0 496 59 0 498 59 0 502 59 0 496 59 0 502 59 0 500 59 0 908 282 0 909 282 0 910 282 0 910 282 0 909 282 0 911 282 0 909 283 0 908 283 0 912 283 0 909 283 0 912 283 0 913 283 0 910 284 0 911 284 0 914 284 0 914 284 0 911 284 0 915 284 0 914 285 0 915 285 0 912 285 0 912 285 0 915 285 0 913 285 0 911 286 0 909 286 0 915 286 0 915 286 0 909 286 0 913 286 0 908 287 0 910 287 0 914 287 0 908 287 0 914 287 0 912 287 0 1320 510 0 1321 510 0 1322 510 0 1322 510 0 1321 510 0 1323 510 0 1321 511 0 1320 511 0 1324 511 0 1321 511 0 1324 511 0 1325 511 0 1322 512 0 1323 512 0 1326 512 0 1326 512 0 1323 512 0 1327 512 0 1326 513 0 1327 513 0 1324 513 0 1324 513 0 1327 513 0 1325 513 0 1323 514 0 1321 514 0 1327 514 0 1327 514 0 1321 514 0 1325 514 0 1320 515 0 1322 515 0 1326 515 0 1320 515 0 1326 515 0 1324 515 0 1732 738 0 1733 738 0 1734 738 0 1734 738 0 1733 738 0 1735 738 0 1733 739 0 1732 739 0 1736 739 0 1733 739 0 1736 739 0 1737 739 0 1734 740 0 1735 740 0 1738 740 0 1738 740 0 1735 740 0 1739 740 0 1738 741 0 1739 741 0 1736 741 0 1736 741 0 1739 741 0 1737 741 0 1735 742 0 1733 742 0 1739 742 0 1739 742 0 1733 742 0 1737 742 0 1732 743 0 1734 743 0 1738 743 0 1732 743 0 1738 743 0 1736 743 0 2144 966 0 2145 966 0 2146 966 0 2146 966 0 2145 966 0 2147 966 0 2145 967 0 2144 967 0 2148 967 0 2145 967 0 2148 967 0 2149 967 0 2146 968 0 2147 968 0 2150 968 0 2150 968 0 2147 968 0 2151 968 0 2150 969 0 2151 969 0 2148 969 0 2148 969 0 2151 969 0 2149 969 0 2147 970 0 2145 970 0 2151 970 0 2151 970 0 2145 970 0 2149 970 0 2144 971 0 2146 971 0 2150 971 0 2144 971 0 2150 971 0 2148 971 0</p>
      </polylist>
      <polylist material="symbol_shelf_$Material_15" count="60">
        <input semantic="VERTEX" source="#verts" offset="0"/>
        <input semantic="NORMAL" source="#norm" offset="1"/>
        <input semantic="TEXCOORD" source="#uv" offset="2" set="0"/>
        <vcount>3 3 3 3 3 3 3 3 3 3 3 3 3 3 3 3 3 3 3 3 3 3 3 3 3 3 3 3 3 3 3 3 3 3 3 3 3 3 3 3 3 3 3 3 3 3 3 3 3 3 3 3 3 3 3 3 3 3 3 3</vcount>
        <p>504 24 0 505 24 0 506 24 0 506 24 0 505 24 0 507 24 0 505 25 0 504 25 0 508 25 0 505 25 0 508 25 0 509 25 0 506 26 0 507 26 0 510 26 0 510 26 0 507 26 0 511 26 0 510 27 0 511 27 0 508 27 0 508 27 0 511 27 0 509 27 0 507 28 0 505 28 0 511 28 0 511 28 0 505 28 0 509 28 0 504 29 0 506 29 0 510 29 0 504 29 0 510 29 0 508 29 0 916 252 0 917 252 0 918 252 0 918 252 0 917 252 0 919 252 0 917 253 0 916 253 0 920 253 0 917 253 0 920 253 0 921 253 0 918 254 0 919 254 0 922 254 0 922 254 0 919 254 0 923 254 0 922 255 0 923 255 0 920 255 0 920 255 0 923 255 0 921 255 0 919 256 0 917 256 0 923 256 0 923 256 0 917 256 0 921 256 0 916 257 0 918 257 0 922 257 0 916 257 0 922 257 0 920 257 0 1328 480 0 1329 480 0 1330 480 0 1330 480 0 1329 480 0 1331 480 0 1329 481 0 1328 481 0 1332 481 0 1329 481 0 1332 481 0 1333 481 0 1330 482 0 1331 482 0 1334 482 0 1334 482 0 1331 482 0 1335 482 0 1334 483 0 1335 483 0 1332 483 0 1332 483 0 1335 483 0 1333 483 0 1331 484 0 1329 484 0 1335 484 0 1335 484 0 1329 484 0 1333 484 0 1328 485 0 1330 485 0 1334 485 0 1328 485 0 1334 485 0 1332 485 0 1740 708 0 1741 708 0 1742 708 0 1742 708 0 1741 708 0 1743 708 0 1741 709 0 1740 709 0 1744 709 0 1741 709 0 1744 709 0 1745 709 0 1742 710 0 1743 710 0 1746 710 0 1746 710 0 1743 710 0 1747 710 0 1746 711 0 1747 711 0 1744 711 0 1744 711 0 1747 711 0 1745 711 0 1743 712 0 1741 712 0 1747 712 0 1747 712 0 1741 712 0 1745 712 0 1740 713 0 1742 713 0 1746 713 0 1740 713 0 1746 713 0 1744 713 0 2152 936 0 2153 936 0 2154 936 0 2154 936 0 2153 936 0 2155 936 0 2153 937 0 2152 937 0 2156 937 0 2153 937 0 2156 937 0 2157 937 0 2154 938 0 2155 938 0 2158 938 0 2158 938 0 2155 938 0 2159 938 0 2158 939 0 2159 939 0 2156 939 0 2156 939 0 2159 939 0 2157 939 0 2155 940 0 2153 940 0 2159 940 0 2159 940 0 2153 940 0 2157 940 0 2152 941 0 2154 941 0 2158 941 0 2152 941 0 2158 941 0 2156 941 0</p>
      </polylist>
      <polylist material="symbol_shelf_$Material_16" count="60">
        <input semantic="VERTEX" source="#verts" offset="0"/>
        <input semantic="NORMAL" source="#norm" offset="1"/>
        <input semantic="TEXCOORD" source="#uv" offset="2" set="0"/>
        <vcount>3 3 3 3 3 3 3 3 3 3 3 3 3 3 3 3 3 3 3 3 3 3 3 3 3 3 3 3 3 3 3 3 3 3 3 3 3 3 3 3 3 3 3 3 3 3 3 3 3 3 3 3 3 3 3 3 3 3 3 3</vcount>
        <p>512 30 0 513 30 0 514 30 0 514 30 0 513 30 0 515 30 0 513 31 0 512 31 0 516 31 0 513 31 0 516 31 0 517 31 0 514 32 0 515 32 0 518 32 0 518 32 0 515 32 0 519 32 0 518 33 0 519 33 0 516 33 0 516 33 0 519 33 0 517 33 0 515 34 0 513 34 0 519 34 0 519 34 0 513 34 0 517 34 0 512 35 0 514 35 0 518 35 0 512 35 0 518 35 0 516 35 0 924 258 0 925 258 0 926 258 0 926 258 0 925 258 0 927 258 0 925 259 0 924 259 0 928 259 0 925 259 0 928 259 0 929 259 0 926 260 0 927 260 0 930 260 0 930 260 0 927 260 0 931 260 0 930 261 0 931 261 0 928 261 0 928 261 0 931 261 0 929 261 0 927 262 0 925 262 0 931 262 0 931 262 0 925 262 0 929 262 0 924 263 0 926 263 0 930 263 0 924 263 0 930 263 0 928 263 0 1336 486 0 1337 486 0 1338 486 0 1338 486 0 1337 486 0 1339 486 0 1337 487 0 1336 487 0 1340 487 0 1337 487 0 1340 487 0 1341 487 0 1338 488 0 1339 488 0 1342 488 0 1342 488 0 1339 488 0 1343 488 0 1342 489 0 1343 489 0 1340 489 0 1340 489 0 1343 489 0 1341 489 0 1339 490 0 1337 490 0 1343 490 0 1343 490 0 1337 490 0 1341 490 0 1336 491 0 1338 491 0 1342 491 0 1336 491 0 1342 491 0 1340 491 0 1748 714 0 1749 714 0 1750 714 0 1750 714 0 1749 714 0 1751 714 0 1749 715 0 1748 715 0 1752 715 0 1749 715 0 1752 715 0 1753 715 0 1750 716 0 1751 716 0 1754 716 0 1754 716 0 1751 716 0 1755 716 0 1754 717 0 1755 717 0 1752 717 0 1752 717 0 1755 717 0 1753 717 0 1751 718 0 1749 718 0 1755 718 0 1755 718 0 1749 718 0 1753 718 0 1748 719 0 1750 719 0 1754 719 0 1748 719 0 1754 719 0 1752 719 0 2160 942 0 2161 942 0 2162 942 0 2162 942 0 2161 942 0 2163 942 0 2161 943 0 2160 943 0 2164 943 0 2161 943 0 2164 943 0 2165 943 0 2162 944 0 2163 944 0 2166 944 0 2166 944 0 2163 944 0 2167 944 0 2166 945 0 2167 945 0 2164 945 0 2164 945 0 2167 945 0 2165 945 0 2163 946 0 2161 946 0 2167 946 0 2167 946 0 2161 946 0 2165 946 0 2160 947 0 2162 947 0 2166 947 0 2160 947 0 2166 947 0 2164 947 0</p>
      </polylist>
      <polylist material="symbol_shelf_$Material_17" count="60">
        <input semantic="VERTEX" source="#verts" offset="0"/>
        <input semantic="NORMAL" source="#norm" offset="1"/>
        <input semantic="TEXCOORD" source="#uv" offset="2" set="0"/>
        <vcount>3 3 3 3 3 3 3 3 3 3 3 3 3 3 3 3 3 3 3 3 3 3 3 3 3 3 3 3 3 3 3 3 3 3 3 3 3 3 3 3 3 3 3 3 3 3 3 3 3 3 3 3 3 3 3 3 3 3 3 3</vcount>
        <p>520 36 0 521 36 0 522 36 0 522 36 0 521 36 0 523 36 0 521 37 0 520 37 0 524 37 0 521 37 0 524 37 0 525 37 0 522 38 0 523 38 0 526 38 0 526 38 0 523 38 0 527 38 0 526 39 0 527 39 0 524 39 0 524 39 0 527 39 0 525 39 0 523 40 0 521 40 0 527 40 0 527 40 0 521 40 0 525 40 0 520 41 0 522 41 0 526 41 0 520 41 0 526 41 0 524 41 0 932 264 0 933 264 0 934 264 0 934 264 0 933 264 0 935 264 0 933 265 0 932 265 0 936 265 0 933 265 0 936 265 0 937 265 0 934 266 0 935 266 0 938 266 0 938 266 0 935 266 0 939 266 0 938 267 0 939 267 0 936 267 0 936 267 0 939 267 0 937 267 0 935 268 0 933 268 0 939 268 0 939 268 0 933 268 0 937 268 0 932 269 0 934 269 0 938 269 0 932 269 0 938 269 0 936 269 0 1344 492 0 1345 492 0 1346 492 0 1346 492 0 1345 492 0 1347 492 0 1345 493 0 1344 493 0 1348 493 0 1345 493 0 1348 493 0 1349 493 0 1346 494 0 1347 494 0 1350 494 0 1350 494 0 1347 494 0 1351 494 0 1350 495 0 1351 495 0 1348 495 0 1348 495 0 1351 495 0 1349 495 0 1347 496 0 1345 496 0 1351 496 0 1351 496 0 1345 496 0 1349 496 0 1344 497 0 1346 497 0 1350 497 0 1344 497 0 1350 497 0 1348 497 0 1756 720 0 1757 720 0 1758 720 0 1758 720 0 1757 720 0 1759 720 0 1757 721 0 1756 721 0 1760 721 0 1757 721 0 1760 721 0 1761 721 0 1758 722 0 1759 722 0 1762 722 0 1762 722 0 1759 722 0 1763 722 0 1762 723 0 1763 723 0 1760 723 0 1760 723 0 1763 723 0 1761 723 0 1759 724 0 1757 724 0 1763 724 0 1763 724 0 1757 724 0 1761 724 0 1756 725 0 1758 725 0 1762 725 0 1756 725 0 1762 725 0 1760 725 0 2168 948 0 2169 948 0 2170 948 0 2170 948 0 2169 948 0 2171 948 0 2169 949 0 2168 949 0 2172 949 0 2169 949 0 2172 949 0 2173 949 0 2170 950 0 2171 950 0 2174 950 0 2174 950 0 2171 950 0 2175 950 0 2174 951 0 2175 951 0 2172 951 0 2172 951 0 2175 951 0 2173 951 0 2171 952 0 2169 952 0 2175 952 0 2175 952 0 2169 952 0 2173 952 0 2168 953 0 2170 953 0 2174 953 0 2168 953 0 2174 953 0 2172 953 0</p>
      </polylist>
      <polylist material="symbol_shelf_$Material_18" count="60">
        <input semantic="VERTEX" source="#verts" offset="0"/>
        <input semantic="NORMAL" source="#norm" offset="1"/>
        <input semantic="TEXCOORD" source="#uv" offset="2" set="0"/>
        <vcount>3 3 3 3 3 3 3 3 3 3 3 3 3 3 3 3 3 3 3 3 3 3 3 3 3 3 3 3 3 3 3 3 3 3 3 3 3 3 3 3 3 3 3 3 3 3 3 3 3 3 3 3 3 3 3 3 3 3 3 3</vcount>
        <p>528 42 0 529 42 0 530 42 0 530 42 0 529 42 0 531 42 0 529 43 0 528 43 0 532 43 0 529 43 0 532 43 0 533 43 0 530 44 0 531 44 0 534 44 0 534 44 0 531 44 0 535 44 0 534 45 0 535 45 0 532 45 0 532 45 0 535 45 0 533 45 0 531 46 0 529 46 0 535 46 0 535 46 0 529 46 0 533 46 0 528 47 0 530 47 0 534 47 0 528 47 0 534 47 0 532 47 0 940 270 0 941 270 0 942 270 0 942 270 0 941 270 0 943 270 0 941 271 0 940 271 0 944 271 0 941 271 0 944 271 0 945 271 0 942 272 0 943 272 0 946 272 0 946 272 0 943 272 0 947 272 0 946 273 0 947 273 0 944 273 0 944 273 0 947 273 0 945 273 0 943 274 0 941 274 0 947 274 0 947 274 0 941 274 0 945 274 0 940 275 0 942 275 0 946 275 0 940 275 0 946 275 0 944 275 0 1352 498 0 1353 498 0 1354 498 0 1354 498 0 1353 498 0 1355 498 0 1353 499 0 1352 499 0 1356 499 0 1353 499 0 1356 499 0 1357 499 0 1354 500 0 1355 500 0 1358 500 0 1358 500 0 1355 500 0 1359 500 0 1358 501 0 1359 501 0 1356 501 0 1356 501 0 1359 501 0 1357 501 0 1355 502 0 1353 502 0 1359 502 0 1359 502 0 1353 502 0 1357 502 0 1352 503 0 1354 503 0 1358 503 0 1352 503 0 1358 503 0 1356 503 0 1764 726 0 1765 726 0 1766 726 0 1766 726 0 1765 726 0 1767 726 0 1765 727 0 1764 727 0 1768 727 0 1765 727 0 1768 727 0 1769 727 0 1766 728 0 1767 728 0 1770 728 0 1770 728 0 1767 728 0 1771 728 0 1770 729 0 1771 729 0 1768 729 0 1768 729 0 1771 729 0 1769 729 0 1767 730 0 1765 730 0 1771 730 0 1771 730 0 1765 730 0 1769 730 0 1764 731 0 1766 731 0 1770 731 0 1764 731 0 1770 731 0 1768 731 0 2176 954 0 2177 954 0 2178 954 0 2178 954 0 2177 954 0 2179 954 0 2177 955 0 2176 955 0 2180 955 0 2177 955 0 2180 955 0 2181 955 0 2178 956 0 2179 956 0 2182 956 0 2182 956 0 2179 956 0 2183 956 0 2182 957 0 2183 957 0 2180 957 0 2180 957 0 2183 957 0 2181 957 0 2179 958 0 2177 958 0 2183 958 0 2183 958 0 2177 958 0 2181 958 0 2176 959 0 2178 959 0 2182 959 0 2176 959 0 2182 959 0 2180 959 0</p>
      </polylist>
      <polylist material="symbol_shelf_$Material_19" count="60">
        <input semantic="VERTEX" source="#verts" offset="0"/>
        <input semantic="NORMAL" source="#norm" offset="1"/>
        <input semantic="TEXCOORD" source="#uv" offset="2" set="0"/>
        <vcount>3 3 3 3 3 3 3 3 3 3 3 3 3 3 3 3 3 3 3 3 3 3 3 3 3 3 3 3 3 3 3 3 3 3 3 3 3 3 3 3 3 3 3 3 3 3 3 3 3 3 3 3 3 3 3 3 3 3 3 3</vcount>
        <p>536 48 0 537 48 0 538 48 0 538 48 0 537 48 0 539 48 0 537 49 0 536 49 0 540 49 0 537 49 0 540 49 0 541 49 0 538 50 0 539 50 0 542 50 0 542 50 0 539 50 0 543 50 0 542 51 0 543 51 0 540 51 0 540 51 0 543 51 0 541 51 0 539 52 0 537 52 0 543 52 0 543 52 0 537 52 0 541 52 0 536 53 0 538 53 0 542 53 0 536 53 0 542 53 0 540 53 0 948 276 0 949 276 0 950 276 0 950 276 0 949 276 0 951 276 0 949 277 0 948 277 0 952 277 0 949 277 0 952 277 0 953 277 0 950 278 0 951 278 0 954 278 0 954 278 0 951 278 0 955 278 0 954 279 0 955 279 0 952 279 0 952 279 0 955 279 0 953 279 0 951 280 0 949 280 0 955 280 0 955 280 0 949 280 0 953 280 0 948 281 0 950 281 0 954 281 0 948 281 0 954 281 0 952 281 0 1360 504 0 1361 504 0 1362 504 0 1362 504 0 1361 504 0 1363 504 0 1361 505 0 1360 505 0 1364 505 0 1361 505 0 1364 505 0 1365 505 0 1362 506 0 1363 506 0 1366 506 0 1366 506 0 1363 506 0 1367 506 0 1366 507 0 1367 507 0 1364 507 0 1364 507 0 1367 507 0 1365 507 0 1363 508 0 1361 508 0 1367 508 0 1367 508 0 1361 508 0 1365 508 0 1360 509 0 1362 509 0 1366 509 0 1360 509 0 1366 509 0 1364 509 0 1772 732 0 1773 732 0 1774 732 0 1774 732 0 1773 732 0 1775 732 0 1773 733 0 1772 733 0 1776 733 0 1773 733 0 1776 733 0 1777 733 0 1774 734 0 1775 734 0 1778 734 0 1778 734 0 1775 734 0 1779 734 0 1778 735 0 1779 735 0 1776 735 0 1776 735 0 1779 735 0 1777 735 0 1775 736 0 1773 736 0 1779 736 0 1779 736 0 1773 736 0 1777 736 0 1772 737 0 1774 737 0 1778 737 0 1772 737 0 1778 737 0 1776 737 0 2184 960 0 2185 960 0 2186 960 0 2186 960 0 2185 960 0 2187 960 0 2185 961 0 2184 961 0 2188 961 0 2185 961 0 2188 961 0 2189 961 0 2186 962 0 2187 962 0 2190 962 0 2190 962 0 2187 962 0 2191 962 0 2190 963 0 2191 963 0 2188 963 0 2188 963 0 2191 963 0 2189 963 0 2187 964 0 2185 964 0 2191 964 0 2191 964 0 2185 964 0 2189 964 0 2184 965 0 2186 965 0 2190 965 0 2184 965 0 2190 965 0 2188 965 0</p>
      </polylist>
      <polylist material="symbol_shelf_$Material_20" count="60">
        <input semantic="VERTEX" source="#verts" offset="0"/>
        <input semantic="NORMAL" source="#norm" offset="1"/>
        <input semantic="TEXCOORD" source="#uv" offset="2" set="0"/>
        <vcount>3 3 3 3 3 3 3 3 3 3 3 3 3 3 3 3 3 3 3 3 3 3 3 3 3 3 3 3 3 3 3 3 3 3 3 3 3 3 3 3 3 3 3 3 3 3 3 3 3 3 3 3 3 3 3 3 3 3 3 3</vcount>
        <p>544 54 0 545 54 0 546 54 0 546 54 0 545 54 0 547 54 0 545 55 0 544 55 0 548 55 0 545 55 0 548 55 0 549 55 0 546 56 0 547 56 0 550 56 0 550 56 0 547 56 0 551 56 0 550 57 0 551 57 0 548 57 0 548 57 0 551 57 0 549 57 0 547 58 0 545 58 0 551 58 0 551 58 0 545 58 0 549 58 0 544 59 0 546 59 0 550 59 0 544 59 0 550 59 0 548 59 0 956 282 0 957 282 0 958 282 0 958 282 0 957 282 0 959 282 0 957 283 0 956 283 0 960 283 0 957 283 0 960 283 0 961 283 0 958 284 0 959 284 0 962 284 0 962 284 0 959 284 0 963 284 0 962 285 0 963 285 0 960 285 0 960 285 0 963 285 0 961 285 0 959 286 0 957 286 0 963 286 0 963 286 0 957 286 0 961 286 0 956 287 0 958 287 0 962 287 0 956 287 0 962 287 0 960 287 0 1368 510 0 1369 510 0 1370 510 0 1370 510 0 1369 510 0 1371 510 0 1369 511 0 1368 511 0 1372 511 0 1369 511 0 1372 511 0 1373 511 0 1370 512 0 1371 512 0 1374 512 0 1374 512 0 1371 512 0 1375 512 0 1374 513 0 1375 513 0 1372 513 0 1372 513 0 1375 513 0 1373 513 0 1371 514 0 1369 514 0 1375 514 0 1375 514 0 1369 514 0 1373 514 0 1368 515 0 1370 515 0 1374 515 0 1368 515 0 1374 515 0 1372 515 0 1780 738 0 1781 738 0 1782 738 0 1782 738 0 1781 738 0 1783 738 0 1781 739 0 1780 739 0 1784 739 0 1781 739 0 1784 739 0 1785 739 0 1782 740 0 1783 740 0 1786 740 0 1786 740 0 1783 740 0 1787 740 0 1786 741 0 1787 741 0 1784 741 0 1784 741 0 1787 741 0 1785 741 0 1783 742 0 1781 742 0 1787 742 0 1787 742 0 1781 742 0 1785 742 0 1780 743 0 1782 743 0 1786 743 0 1780 743 0 1786 743 0 1784 743 0 2192 966 0 2193 966 0 2194 966 0 2194 966 0 2193 966 0 2195 966 0 2193 967 0 2192 967 0 2196 967 0 2193 967 0 2196 967 0 2197 967 0 2194 968 0 2195 968 0 2198 968 0 2198 968 0 2195 968 0 2199 968 0 2198 969 0 2199 969 0 2196 969 0 2196 969 0 2199 969 0 2197 969 0 2195 970 0 2193 970 0 2199 970 0 2199 970 0 2193 970 0 2197 970 0 2192 971 0 2194 971 0 2198 971 0 2192 971 0 2198 971 0 2196 971 0</p>
      </polylist>
      <polylist material="symbol_shelf_$Material_21" count="60">
        <input semantic="VERTEX" source="#verts" offset="0"/>
        <input semantic="NORMAL" source="#norm" offset="1"/>
        <input semantic="TEXCOORD" source="#uv" offset="2" set="0"/>
        <vcount>3 3 3 3 3 3 3 3 3 3 3 3 3 3 3 3 3 3 3 3 3 3 3 3 3 3 3 3 3 3 3 3 3 3 3 3 3 3 3 3 3 3 3 3 3 3 3 3 3 3 3 3 3 3 3 3 3 3 3 3</vcount>
        <p>552 60 0 553 60 0 554 60 0 554 60 0 553 60 0 555 60 0 553 61 0 552 61 0 556 61 0 553 61 0 556 61 0 557 61 0 554 62 0 555 62 0 558 62 0 558 62 0 555 62 0 559 62 0 558 63 0 559 63 0 556 63 0 556 63 0 559 63 0 557 63 0 555 64 0 553 64 0 559 64 0 559 64 0 553 64 0 557 64 0 552 65 0 554 65 0 558 65 0 552 65 0 558 65 0 556 65 0 964 288 0 965 288 0 966 288 0 966 288 0 965 288 0 967 288 0 965 289 0 964 289 0 968 289 0 965 289 0 968 289 0 969 289 0 966 290 0 967 290 0 970 290 0 970 290 0 967 290 0 971 290 0 970 291 0 971 291 0 968 291 0 968 291 0 971 291 0 969 291 0 967 292 0 965 292 0 971 292 0 971 292 0 965 292 0 969 292 0 964 293 0 966 293 0 970 293 0 964 293 0 970 293 0 968 293 0 1376 516 0 1377 516 0 1378 516 0 1378 516 0 1377 516 0 1379 516 0 1377 517 0 1376 517 0 1380 517 0 1377 517 0 1380 517 0 1381 517 0 1378 518 0 1379 518 0 1382 518 0 1382 518 0 1379 518 0 1383 518 0 1382 519 0 1383 519 0 1380 519 0 1380 519 0 1383 519 0 1381 519 0 1379 520 0 1377 520 0 1383 520 0 1383 520 0 1377 520 0 1381 520 0 1376 521 0 1378 521 0 1382 521 0 1376 521 0 1382 521 0 1380 521 0 1788 744 0 1789 744 0 1790 744 0 1790 744 0 1789 744 0 1791 744 0 1789 745 0 1788 745 0 1792 745 0 1789 745 0 1792 745 0 1793 745 0 1790 746 0 1791 746 0 1794 746 0 1794 746 0 1791 746 0 1795 746 0 1794 747 0 1795 747 0 1792 747 0 1792 747 0 1795 747 0 1793 747 0 1791 748 0 1789 748 0 1795 748 0 1795 748 0 1789 748 0 1793 748 0 1788 749 0 1790 749 0 1794 749 0 1788 749 0 1794 749 0 1792 749 0 2200 972 0 2201 972 0 2202 972 0 2202 972 0 2201 972 0 2203 972 0 2201 973 0 2200 973 0 2204 973 0 2201 973 0 2204 973 0 2205 973 0 2202 974 0 2203 974 0 2206 974 0 2206 974 0 2203 974 0 2207 974 0 2206 975 0 2207 975 0 2204 975 0 2204 975 0 2207 975 0 2205 975 0 2203 976 0 2201 976 0 2207 976 0 2207 976 0 2201 976 0 2205 976 0 2200 977 0 2202 977 0 2206 977 0 2200 977 0 2206 977 0 2204 977 0</p>
      </polylist>
      <polylist material="symbol_shelf_$Material_22" count="660">
        <input semantic="VERTEX" source="#verts" offset="0"/>
        <input semantic="NORMAL" source="#norm" offset="1"/>
        <input semantic="TEXCOORD" source="#uv" offset="2" set="0"/>
        <vcount>3 3 3 3 3 3 3 3 3 3 3 3 3 3 3 3 3 3 3 3 3 3 3 3 3 3 3 3 3 3 3 3 3 3 3 3 3 3 3 3 3 3 3 3 3 3 3 3 3 3 3 3 3 3 3 3 3 3 3 3 3 3 3 3 3 3 3 3 3 3 3 3 3 3 3 3 3 3 3 3 3 3 3 3 3 3 3 3 3 3 3 3 3 3 3 3 3 3 3 3 3 3 3 3 3 3 3 3 3 3 3 3 3 3 3 3 3 3 3 3 3 3 3 3 3 3 3 3 3 3 3 3 3 3 3 3 3 3 3 3 3 3 3 3 3 3 3 3 3 3 3 3 3 3 3 3 3 3 3 3 3 3 3 3 3 3 3 3 3 3 3 3 3 3 3 3 3 3 3 3 3 3 3 3 3 3 3 3 3 3 3 3 3 3 3 3 3 3 3 3 3 3 3 3 3 3 3 3 3 3 3 3 3 3 3 3 3 3 3 3 3 3 3 3 3 3 3 3 3 3 3 3 3 3 3 3 3 3 3 3 3 3 3 3 3 3 3 3 3 3 3 3 3 3 3 3 3 3 3 3 3 3 3 3 3 3 3 3 3 3 3 3 3 3 3 3 3 3 3 3 3 3 3 3 3 3 3 3 3 3 3 3 3 3 3 3 3 3 3 3 3 3 3 3 3 3 3 3 3 3 3 3 3 3 3 3 3 3 3 3 3 3 3 3 3 3 3 3 3 3 3 3 3 3 3 3 3 3 3 3 3 3 3 3 3 3 3 3 3 3 3 3 3 3 3 3 3 3 3 3 3 3 3 3 3 3 3 3 3 3 3 3 3 3 3 3 3 3 3 3 3 3 3 3 3 3 3 3 3 3 3 3 3 3 3 3 3 3 3 3 3 3 3 3 3 3 3 3 3 3 3 3 3 3 3 3 3 3 3 3 3 3 3 3 3 3 3 3 3 3 3 3 3 3 3 3 3 3 3 3 3 3 3 3 3 3 3 3 3 3 3 3 3 3 3 3 3 3 3 3 3 3 3 3 3 3 3 3 3 3 3 3 3 3 3 3 3 3 3 3 3 3 3 3 3 3 3 3 3 3 3 3 3 3 3 3 3 3 3 3 3 3 3 3 3 3 3 3 3 3 3 3 3 3 3 3 3 3 3 3 3 3 3 3 3 3 3 3 3 3 3 3 3 3 3 3 3 3 3 3 3 3 3 3 3 3 3 3 3 3 3 3 3 3 3 3 3 3 3 3 3 3 3 3 3 3 3 3 3 3 3 3 3 3 3 3 3 3 3 3 3 3 3 3 3 3 3 3 3 3 3 3 3 3 3 3 3 3 3 3 3 3 3 3 3 3 3 3 3 3 3 3 3 3 3 3 3 3 3 3 3 3 3 3 3 3 3 3 3 3 3 3 3 3 3 3 3 3 3 3 3 3 3 3 3 3 3 3 3 3 3 3 3 3 3 3 3 3 3 3</vcount>
        <p>560 66 384 561 66 385 562 66 386 563 67 387 562 67 386 561 67 385 564 68 388 561 68 389 560 68 390 561 69 389 564 69 388 565 69 391 566 70 392 563 70 393 561 70 394 566 71 392 561 71 394 565 71 395 566 72 396 567 72 397 563 72 398 567 73 397 562 73 399 563 73 398 562 74 400 567 74 401 564 74 402 562 75 400 564 75 402 560 75 403 565 76 404 564 76 405 566 76 406 567 77 407 566 77 406 564 77 405 568 78 384 569 78 385 570 78 386 571 79 387 570 79 386 569 79 385 572 68 388 569 68 389 568 68 390 569 69 389 572 69 388 573 69 391 574 80 392 571 80 393 569 80 394 574 81 392 569 81 394 573 81 395 574 72 396 575 72 397 571 72 398 575 73 397 570 73 399 571 73 398 570 74 400 575 74 401 572 74 402 570 75 400 572 75 402 568 75 403 573 76 404 572 76 405 574 76 406 575 77 407 574 77 406 572 77 405 576 78 384 577 78 385 578 78 386 579 79 387 578 79 386 577 79 385 580 82 388 577 82 389 576 82 390 577 83 389 580 83 388 581 83 391 582 84 392 579 84 393 577 84 394 582 85 392 577 85 394 581 85 395 582 86 396 583 86 397 579 86 398 583 87 397 578 87 399 579 87 398 578 88 400 583 88 401 580 88 402 578 89 400 580 89 402 576 89 403 583 90 407 582 90 406 581 90 404 583 91 407 581 91 404 580 91 405 584 92 384 585 92 385 586 92 386 587 93 387 586 93 386 585 93 385 588 94 388 585 94 389 584 94 390 585 95 389 588 95 388 589 95 391 585 96 394 590 96 392 587 96 393 590 97 392 585 97 394 589 97 395 587 98 398 590 98 396 591 98 397 587 99 398 591 99 397 586 99 399 586 100 400 591 100 401 588 100 402 586 101 400 588 101 402 584 101 403 589 102 404 588 102 405 590 102 406 591 103 407 590 103 406 588 103 405 592 104 384 593 104 385 594 104 386 595 105 387 594 105 386 593 105 385 596 106 391 593 106 389 597 106 388 593 107 389 592 107 390 597 107 388 598 108 392 595 108 393 593 108 394 598 109 392 593 109 394 596 109 395 594 110 399 595 110 398 599 110 397 599 98 397 595 98 398 598 98 396 594 111 400 599 111 401 597 111 402 594 112 400 597 112 402 592 112 403 596 113 404 597 113 405 598 113 406 599 114 407 598 114 406 597 114 405 600 92 384 601 92 385 602 92 386 603 93 387 602 93 386 601 93 385 604 94 388 601 94 389 600 94 390 601 95 389 604 95 388 605 95 391 601 96 394 606 96 392 603 96 393 606 97 392 601 97 394 605 97 395 603 98 398 606 98 396 607 98 397 603 115 398 607 115 397 602 115 399 602 100 400 607 100 401 604 100 402 602 101 400 604 101 402 600 101 403 605 102 404 604 102 405 606 102 406 607 103 407 606 103 406 604 103 405 608 116 384 609 116 385 610 116 386 611 117 387 610 117 386 609 117 385 612 118 388 613 118 391 609 118 389 612 119 388 609 119 389 608 119 390 609 120 394 614 120 392 611 120 393 614 121 392 609 121 394 613 121 395 611 122 398 615 122 397 610 122 399 615 98 397 611 98 398 614 98 396 610 123 400 615 123 401 612 123 402 610 124 400 612 124 402 608 124 403 613 125 404 612 125 405 614 125 406 615 126 407 614 126 406 612 126 405 616 127 384 617 127 387 618 127 386 617 128 387 616 128 384 619 128 385 620 129 388 621 129 391 619 129 389 619 130 389 616 130 390 620 130 388 622 131 392 617 131 393 619 131 394 622 132 392 619 132 394 621 132 395 617 133 398 623 133 397 618 133 399 623 98 397 617 98 398 622 98 396 618 134 400 623 134 401 620 134 402 618 135 400 620 135 402 616 135 403 621 136 404 623 136 407 622 136 406 623 137 407 621 137 404 620 137 405 624 138 384 625 138 385 626 138 386 627 139 387 626 139 386 625 139 385 628 83 388 629 83 391 625 83 389 628 82 388 625 82 389 624 82 390 630 140 392 627 140 393 625 140 394 630 141 392 625 141 394 629 141 395 627 142 398 631 142 397 626 142 399 631 143 397 627 143 398 630 143 396 626 144 400 631 144 401 628 144 402 626 145 400 628 145 402 624 145 403 629 146 404 631 146 407 630 146 406 631 147 407 629 147 404 628 147 405 632 148 384 633 148 385 634 148 386 635 149 387 634 149 386 633 149 385 636 150 388 637 150 391 633 150 389 636 150 388 633 150 389 632 150 390 638 151 392 635 151 393 633 151 394 638 152 392 633 152 394 637 152 395 635 153 398 639 153 397 634 153 399 639 154 397 635 154 398 638 154 396 634 155 400 639 155 401 636 155 402 634 156 400 636 156 402 632 156 403 639 157 407 638 157 406 637 157 404 639 158 407 637 158 404 636 158 405 640 138 384 641 138 385 642 138 386 643 139 387 642 139 386 641 139 385 644 150 388 645 150 391 641 150 389 644 150 388 641 150 389 640 150 390 646 140 392 643 140 393 641 140 394 646 141 392 641 141 394 645 141 395 643 142 398 647 142 397 642 142 399 647 143 397 643 143 398 646 143 396 642 144 400 647 144 401 644 144 402 642 145 400 644 145 402 640 145 403 645 146 404 647 146 407 646 146 406 647 147 407 645 147 404 644 147 405 972 294 454 973 294 455 974 294 456 975 295 457 974 295 456 973 295 455 976 296 458 973 296 459 972 296 460 973 297 459 976 297 458 977 297 461 978 298 462 975 298 463 973 298 464 978 299 462 973 299 464 977 299 465 978 300 466 979 300 467 975 300 468 979 301 467 974 301 469 975 301 468 974 302 470 979 302 471 976 302 472 974 303 470 976 303 472 972 303 473 977 304 474 976 304 475 978 304 476 979 305 477 978 305 476 976 305 475 980 306 454 981 306 455 982 306 456 983 307 457 982 307 456 981 307 455 984 296 458 981 296 459 980 296 460 981 297 459 984 297 458 985 297 461 986 308 462 983 308 463 981 308 464 986 309 462 981 309 464 985 309 465 986 300 466 987 300 467 983 300 468 987 301 467 982 301 469 983 301 468 982 302 470 987 302 471 984 302 472 982 303 470 984 303 472 980 303 473 985 304 474 984 304 475 986 304 476 987 305 477 986 305 476 984 305 475 988 306 454 989 306 455 990 306 456 991 307 457 990 307 456 989 307 455 992 310 458 989 310 459 988 310 460 989 311 459 992 311 458 993 311 461 994 312 462 991 312 463 989 312 464 994 313 462 989 313 464 993 313 465 994 314 466 995 314 467 991 314 468 995 315 467 990 315 469 991 315 468 990 316 470 995 316 471 992 316 472 990 317 470 992 317 472 988 317 473 995 318 477 994 318 476 993 318 474 995 319 477 993 319 474 992 319 475 996 320 454 997 320 455 998 320 456 999 321 457 998 321 456 997 321 455 1000 322 458 997 322 459 996 322 460 997 323 459 1000 323 458 1001 323 461 997 324 464 1002 324 462 999 324 463 1002 325 462 997 325 464 1001 325 465 999 326 468 1002 326 466 1003 326 467 999 327 468 1003 327 467 998 327 469 998 328 470 1003 328 471 1000 328 472 998 329 470 1000 329 472 996 329 473 1001 330 474 1000 330 475 1002 330 476 1003 331 477 1002 331 476 1000 331 475 1004 332 454 1005 332 455 1006 332 456 1007 333 457 1006 333 456 1005 333 455 1008 334 461 1005 334 459 1009 334 458 1005 335 459 1004 335 460 1009 335 458 1010 336 462 1007 336 463 1005 336 464 1010 337 462 1005 337 464 1008 337 465 1006 338 469 1007 338 468 1011 338 467 1011 326 467 1007 326 468 1010 326 466 1006 339 470 1011 339 471 1009 339 472 1006 340 470 1009 340 472 1004 340 473 1008 341 474 1009 341 475 1010 341 476 1011 342 477 1010 342 476 1009 342 475 1012 320 454 1013 320 455 1014 320 456 1015 321 457 1014 321 456 1013 321 455 1016 322 458 1013 322 459 1012 322 460 1013 323 459 1016 323 458 1017 323 461 1013 324 464 1018 324 462 1015 324 463 1018 325 462 1013 325 464 1017 325 465 1015 326 468 1018 326 466 1019 326 467 1015 343 468 1019 343 467 1014 343 469 1014 328 470 1019 328 471 1016 328 472 1014 329 470 1016 329 472 1012 329 473 1017 330 474 1016 330 475 1018 330 476 1019 331 477 1018 331 476 1016 331 475 1020 344 454 1021 344 455 1022 344 456 1023 345 457 1022 345 456 1021 345 455 1024 346 458 1025 346 461 1021 346 459 1024 347 458 1021 347 459 1020 347 460 1021 348 464 1026 348 462 1023 348 463 1026 349 462 1021 349 464 1025 349 465 1023 350 468 1027 350 467 1022 350 469 1027 326 467 1023 326 468 1026 326 466 1022 351 470 1027 351 471 1024 351 472 1022 352 470 1024 352 472 1020 352 473 1025 353 474 1024 353 475 1026 353 476 1027 354 477 1026 354 476 1024 354 475 1028 355 454 1029 355 457 1030 355 456 1029 356 457 1028 356 454 1031 356 455 1032 357 458 1033 357 461 1031 357 459 1031 358 459 1028 358 460 1032 358 458 1034 359 462 1029 359 463 1031 359 464 1034 360 462 1031 360 464 1033 360 465 1029 361 468 1035 361 467 1030 361 469 1035 326 467 1029 326 468 1034 326 466 1030 362 470 1035 362 471 1032 362 472 1030 363 470 1032 363 472 1028 363 473 1033 364 474 1035 364 477 1034 364 476 1035 365 477 1033 365 474 1032 365 475 1036 366 454 1037 366 455 1038 366 456 1039 367 457 1038 367 456 1037 367 455 1040 311 458 1041 311 461 1037 311 459 1040 310 458 1037 310 459 1036 310 460 1042 368 462 1039 368 463 1037 368 464 1042 369 462 1037 369 464 1041 369 465 1039 370 468 1043 370 467 1038 370 469 1043 371 467 1039 371 468 1042 371 466 1038 372 470 1043 372 471 1040 372 472 1038 373 470 1040 373 472 1036 373 473 1041 374 474 1043 374 477 1042 374 476 1043 375 477 1041 375 474 1040 375 475 1044 376 454 1045 376 455 1046 376 456 1047 377 457 1046 377 456 1045 377 455 1048 378 458 1049 378 461 1045 378 459 1048 378 458 1045 378 459 1044 378 460 1050 379 462 1047 379 463 1045 379 464 1050 380 462 1045 380 464 1049 380 465 1047 381 468 1051 381 467 1046 381 469 1051 382 467 1047 382 468 1050 382 466 1046 383 470 1051 383 471 1048 383 472 1046 384 470 1048 384 472 1044 384 473 1051 385 477 1050 385 476 1049 385 474 1051 386 477 1049 386 474 1048 386 475 1052 366 454 1053 366 455 1054 366 456 1055 367 457 1054 367 456 1053 367 455 1056 378 458 1057 378 461 1053 378 459 1056 378 458 1053 378 459 1052 378 460 1058 368 462 1055 368 463 1053 368 464 1058 369 462 1053 369 464 1057 369 465 1055 370 468 1059 370 467 1054 370 469 1059 371 467 1055 371 468 1058 371 466 1054 372 470 1059 372 471 1056 372 472 1054 373 470 1056 373 472 1052 373 473 1057 374 474 1059 374 477 1058 374 476 1059 375 477 1057 375 474 1056 375 475 1384 522 524 1385 522 525 1386 522 526 1387 523 527 1386 523 526 1385 523 525 1388 524 528 1385 524 529 1384 524 530 1385 525 529 1388 525 528 1389 525 531 1390 526 532 1387 526 533 1385 526 534 1390 527 532 1385 527 534 1389 527 535 1390 528 536 1391 528 537 1387 528 538 1391 529 537 1386 529 539 1387 529 538 1386 530 540 1391 530 541 1388 530 542 1386 531 540 1388 531 542 1384 531 543 1389 532 544 1388 532 545 1390 532 546 1391 533 547 1390 533 546 1388 533 545 1392 534 524 1393 534 525 1394 534 526 1395 535 527 1394 535 526 1393 535 525 1396 524 528 1393 524 529 1392 524 530 1393 525 529 1396 525 528 1397 525 531 1398 536 532 1395 536 533 1393 536 534 1398 537 532 1393 537 534 1397 537 535 1398 528 536 1399 528 537 1395 528 538 1399 529 537 1394 529 539 1395 529 538 1394 530 540 1399 530 541 1396 530 542 1394 531 540 1396 531 542 1392 531 543 1397 532 544 1396 532 545 1398 532 546 1399 533 547 1398 533 546 1396 533 545 1400 534 524 1401 534 525 1402 534 526 1403 535 527 1402 535 526 1401 535 525 1404 538 528 1401 538 529 1400 538 530 1401 539 529 1404 539 528 1405 539 531 1406 540 532 1403 540 533 1401 540 534 1406 541 532 1401 541 534 1405 541 535 1406 542 536 1407 542 537 1403 542 538 1407 543 537 1402 543 539 1403 543 538 1402 544 540 1407 544 541 1404 544 542 1402 545 540 1404 545 542 1400 545 543 1407 546 547 1406 546 546 1405 546 544 1407 547 547 1405 547 544 1404 547 545 1408 548 524 1409 548 525 1410 548 526 1411 549 527 1410 549 526 1409 549 525 1412 550 528 1409 550 529 1408 550 530 1409 551 529 1412 551 528 1413 551 531 1409 552 534 1414 552 532 1411 552 533 1414 553 532 1409 553 534 1413 553 535 1411 554 538 1414 554 536 1415 554 537 1411 555 538 1415 555 537 1410 555 539 1410 556 540 1415 556 541 1412 556 542 1410 557 540 1412 557 542 1408 557 543 1413 558 544 1412 558 545 1414 558 546 1415 559 547 1414 559 546 1412 559 545 1416 560 524 1417 560 525 1418 560 526 1419 561 527 1418 561 526 1417 561 525 1420 562 531 1417 562 529 1421 562 528 1417 563 529 1416 563 530 1421 563 528 1422 564 532 1419 564 533 1417 564 534 1422 565 532 1417 565 534 1420 565 535 1418 566 539 1419 566 538 1423 566 537 1423 554 537 1419 554 538 1422 554 536 1418 567 540 1423 567 541 1421 567 542 1418 568 540 1421 568 542 1416 568 543 1420 569 544 1421 569 545 1422 569 546 1423 570 547 1422 570 546 1421 570 545 1424 548 524 1425 548 525 1426 548 526 1427 549 527 1426 549 526 1425 549 525 1428 550 528 1425 550 529 1424 550 530 1425 551 529 1428 551 528 1429 551 531 1425 552 534 1430 552 532 1427 552 533 1430 553 532 1425 553 534 1429 553 535 1427 554 538 1430 554 536 1431 554 537 1427 571 538 1431 571 537 1426 571 539 1426 556 540 1431 556 541 1428 556 542 1426 557 540 1428 557 542 1424 557 543 1429 558 544 1428 558 545 1430 558 546 1431 559 547 1430 559 546 1428 559 545 1432 572 524 1433 572 525 1434 572 526 1435 573 527 1434 573 526 1433 573 525 1436 574 528 1437 574 531 1433 574 529 1436 575 528 1433 575 529 1432 575 530 1433 576 534 1438 576 532 1435 576 533 1438 577 532 1433 577 534 1437 577 535 1435 578 538 1439 578 537 1434 578 539 1439 554 537 1435 554 538 1438 554 536 1434 579 540 1439 579 541 1436 579 542 1434 580 540 1436 580 542 1432 580 543 1437 581 544 1436 581 545 1438 581 546 1439 582 547 1438 582 546 1436 582 545 1440 583 524 1441 583 527 1442 583 526 1441 584 527 1440 584 524 1443 584 525 1444 585 528 1445 585 531 1443 585 529 1443 586 529 1440 586 530 1444 586 528 1446 587 532 1441 587 533 1443 587 534 1446 588 532 1443 588 534 1445 588 535 1441 589 538 1447 589 537 1442 589 539 1447 554 537 1441 554 538 1446 554 536 1442 590 540 1447 590 541 1444 590 542 1442 591 540 1444 591 542 1440 591 543 1445 592 544 1447 592 547 1446 592 546 1447 593 547 1445 593 544 1444 593 545 1448 594 524 1449 594 525 1450 594 526 1451 595 527 1450 595 526 1449 595 525 1452 539 528 1453 539 531 1449 539 529 1452 538 528 1449 538 529 1448 538 530 1454 596 532 1451 596 533 1449 596 534 1454 597 532 1449 597 534 1453 597 535 1451 598 538 1455 598 537 1450 598 539 1455 599 537 1451 599 538 1454 599 536 1450 600 540 1455 600 541 1452 600 542 1450 601 540 1452 601 542 1448 601 543 1453 602 544 1455 602 547 1454 602 546 1455 603 547 1453 603 544 1452 603 545 1456 604 524 1457 604 525 1458 604 526 1459 605 527 1458 605 526 1457 605 525 1460 606 528 1461 606 531 1457 606 529 1460 606 528 1457 606 529 1456 606 530 1462 607 532 1459 607 533 1457 607 534 1462 608 532 1457 608 534 1461 608 535 1459 609 538 1463 609 537 1458 609 539 1463 610 537 1459 610 538 1462 610 536 1458 611 540 1463 611 541 1460 611 542 1458 612 540 1460 612 542 1456 612 543 1463 613 547 1462 613 546 1461 613 544 1463 614 547 1461 614 544 1460 614 545 1464 594 524 1465 594 525 1466 594 526 1467 595 527 1466 595 526 1465 595 525 1468 606 528 1469 606 531 1465 606 529 1468 606 528 1465 606 529 1464 606 530 1470 596 532 1467 596 533 1465 596 534 1470 597 532 1465 597 534 1469 597 535 1467 598 538 1471 598 537 1466 598 539 1471 599 537 1467 599 538 1470 599 536 1466 600 540 1471 600 541 1468 600 542 1466 601 540 1468 601 542 1464 601 543 1469 602 544 1471 602 547 1470 602 546 1471 603 547 1469 603 544 1468 603 545 1796 750 594 1797 750 595 1798 750 596 1799 751 597 1798 751 596 1797 751 595 1800 752 598 1797 752 599 1796 752 600 1797 753 599 1800 753 598 1801 753 601 1802 754 602 1799 754 603 1797 754 604 1802 755 602 1797 755 604 1801 755 605 1802 756 606 1803 756 607 1799 756 608 1803 757 607 1798 757 609 1799 757 608 1798 758 610 1803 758 611 1800 758 612 1798 759 610 1800 759 612 1796 759 613 1801 760 614 1800 760 615 1802 760 616 1803 761 617 1802 761 616 1800 761 615 1804 762 594 1805 762 595 1806 762 596 1807 763 597 1806 763 596 1805 763 595 1808 752 598 1805 752 599 1804 752 600 1805 753 599 1808 753 598 1809 753 601 1810 764 602 1807 764 603 1805 764 604 1810 765 602 1805 765 604 1809 765 605 1810 756 606 1811 756 607 1807 756 608 1811 757 607 1806 757 609 1807 757 608 1806 758 610 1811 758 611 1808 758 612 1806 759 610 1808 759 612 1804 759 613 1809 760 614 1808 760 615 1810 760 616 1811 761 617 1810 761 616 1808 761 615 1812 762 594 1813 762 595 1814 762 596 1815 763 597 1814 763 596 1813 763 595 1816 766 598 1813 766 599 1812 766 600 1813 767 599 1816 767 598 1817 767 601 1818 768 602 1815 768 603 1813 768 604 1818 769 602 1813 769 604 1817 769 605 1818 770 606 1819 770 607 1815 770 608 1819 771 607 1814 771 609 1815 771 608 1814 772 610 1819 772 611 1816 772 612 1814 773 610 1816 773 612 1812 773 613 1819 774 617 1818 774 616 1817 774 614 1819 775 617 1817 775 614 1816 775 615 1820 776 594 1821 776 595 1822 776 596 1823 777 597 1822 777 596 1821 777 595 1824 778 598 1821 778 599 1820 778 600 1821 779 599 1824 779 598 1825 779 601 1821 780 604 1826 780 602 1823 780 603 1826 781 602 1821 781 604 1825 781 605 1823 782 608 1826 782 606 1827 782 607 1823 783 608 1827 783 607 1822 783 609 1822 784 610 1827 784 611 1824 784 612 1822 785 610 1824 785 612 1820 785 613 1825 786 614 1824 786 615 1826 786 616 1827 787 617 1826 787 616 1824 787 615 1828 788 594 1829 788 595 1830 788 596 1831 789 597 1830 789 596 1829 789 595 1832 790 601 1829 790 599 1833 790 598 1829 791 599 1828 791 600 1833 791 598 1834 792 602 1831 792 603 1829 792 604 1834 793 602 1829 793 604 1832 793 605 1830 794 609 1831 794 608 1835 794 607 1835 782 607 1831 782 608 1834 782 606 1830 795 610 1835 795 611 1833 795 612 1830 796 610 1833 796 612 1828 796 613 1832 797 614 1833 797 615 1834 797 616 1835 798 617 1834 798 616 1833 798 615 1836 776 594 1837 776 595 1838 776 596 1839 777 597 1838 777 596 1837 777 595 1840 778 598 1837 778 599 1836 778 600 1837 779 599 1840 779 598 1841 779 601 1837 780 604 1842 780 602 1839 780 603 1842 781 602 1837 781 604 1841 781 605 1839 782 608 1842 782 606 1843 782 607 1839 799 608 1843 799 607 1838 799 609 1838 784 610 1843 784 611 1840 784 612 1838 785 610 1840 785 612 1836 785 613 1841 786 614 1840 786 615 1842 786 616 1843 787 617 1842 787 616 1840 787 615 1844 800 594 1845 800 595 1846 800 596 1847 801 597 1846 801 596 1845 801 595 1848 802 598 1849 802 601 1845 802 599 1848 803 598 1845 803 599 1844 803 600 1845 804 604 1850 804 602 1847 804 603 1850 805 602 1845 805 604 1849 805 605 1847 806 608 1851 806 607 1846 806 609 1851 782 607 1847 782 608 1850 782 606 1846 807 610 1851 807 611 1848 807 612 1846 808 610 1848 808 612 1844 808 613 1849 809 614 1848 809 615 1850 809 616 1851 810 617 1850 810 616 1848 810 615 1852 811 594 1853 811 597 1854 811 596 1853 812 597 1852 812 594 1855 812 595 1856 813 598 1857 813 601 1855 813 599 1855 814 599 1852 814 600 1856 814 598 1858 815 602 1853 815 603 1855 815 604 1858 816 602 1855 816 604 1857 816 605 1853 817 608 1859 817 607 1854 817 609 1859 782 607 1853 782 608 1858 782 606 1854 818 610 1859 818 611 1856 818 612 1854 819 610 1856 819 612 1852 819 613 1857 820 614 1859 820 617 1858 820 616 1859 821 617 1857 821 614 1856 821 615 1860 822 594 1861 822 595 1862 822 596 1863 823 597 1862 823 596 1861 823 595 1864 767 598 1865 767 601 1861 767 599 1864 766 598 1861 766 599 1860 766 600 1866 824 602 1863 824 603 1861 824 604 1866 825 602 1861 825 604 1865 825 605 1863 826 608 1867 826 607 1862 826 609 1867 827 607 1863 827 608 1866 827 606 1862 828 610 1867 828 611 1864 828 612 1862 829 610 1864 829 612 1860 829 613 1865 830 614 1867 830 617 1866 830 616 1867 831 617 1865 831 614 1864 831 615 1868 832 594 1869 832 595 1870 832 596 1871 833 597 1870 833 596 1869 833 595 1872 834 598 1873 834 601 1869 834 599 1872 834 598 1869 834 599 1868 834 600 1874 835 602 1871 835 603 1869 835 604 1874 836 602 1869 836 604 1873 836 605 1871 837 608 1875 837 607 1870 837 609 1875 838 607 1871 838 608 1874 838 606 1870 839 610 1875 839 611 1872 839 612 1870 840 610 1872 840 612 1868 840 613 1875 841 617 1874 841 616 1873 841 614 1875 842 617 1873 842 614 1872 842 615 1876 822 594 1877 822 595 1878 822 596 1879 823 597 1878 823 596 1877 823 595 1880 834 598 1881 834 601 1877 834 599 1880 834 598 1877 834 599 1876 834 600 1882 824 602 1879 824 603 1877 824 604 1882 825 602 1877 825 604 1881 825 605 1879 826 608 1883 826 607 1878 826 609 1883 827 607 1879 827 608 1882 827 606 1878 828 610 1883 828 611 1880 828 612 1878 829 610 1880 829 612 1876 829 613 1881 830 614 1883 830 617 1882 830 616 1883 831 617 1881 831 614 1880 831 615 2208 978 664 2209 978 665 2210 978 666 2211 979 667 2210 979 666 2209 979 665 2212 980 668 2209 980 669 2208 980 670 2209 981 669 2212 981 668 2213 981 671 2214 982 672 2211 982 673 2209 982 674 2214 983 672 2209 983 674 2213 983 675 2214 984 676 2215 984 677 2211 984 678 2215 985 677 2210 985 679 2211 985 678 2210 986 680 2215 986 681 2212 986 682 2210 987 680 2212 987 682 2208 987 683 2213 988 684 2212 988 685 2214 988 686 2215 989 687 2214 989 686 2212 989 685 2216 990 664 2217 990 665 2218 990 666 2219 991 667 2218 991 666 2217 991 665 2220 980 668 2217 980 669 2216 980 670 2217 981 669 2220 981 668 2221 981 671 2222 992 672 2219 992 673 2217 992 674 2222 993 672 2217 993 674 2221 993 675 2222 984 676 2223 984 677 2219 984 678 2223 985 677 2218 985 679 2219 985 678 2218 986 680 2223 986 681 2220 986 682 2218 987 680 2220 987 682 2216 987 683 2221 988 684 2220 988 685 2222 988 686 2223 989 687 2222 989 686 2220 989 685 2224 990 664 2225 990 665 2226 990 666 2227 991 667 2226 991 666 2225 991 665 2228 994 668 2225 994 669 2224 994 670 2225 995 669 2228 995 668 2229 995 671 2230 996 672 2227 996 673 2225 996 674 2230 997 672 2225 997 674 2229 997 675 2230 998 676 2231 998 677 2227 998 678 2231 999 677 2226 999 679 2227 999 678 2226 1000 680 2231 1000 681 2228 1000 682 2226 1001 680 2228 1001 682 2224 1001 683 2231 1002 687 2230 1002 686 2229 1002 684 2231 1003 687 2229 1003 684 2228 1003 685 2232 1004 664 2233 1004 665 2234 1004 666 2235 1005 667 2234 1005 666 2233 1005 665 2236 1006 668 2233 1006 669 2232 1006 670 2233 1007 669 2236 1007 668 2237 1007 671 2233 1008 674 2238 1008 672 2235 1008 673 2238 1009 672 2233 1009 674 2237 1009 675 2235 1010 678 2238 1010 676 2239 1010 677 2235 1011 678 2239 1011 677 2234 1011 679 2234 1012 680 2239 1012 681 2236 1012 682 2234 1013 680 2236 1013 682 2232 1013 683 2237 1014 684 2236 1014 685 2238 1014 686 2239 1015 687 2238 1015 686 2236 1015 685 2240 1016 664 2241 1016 665 2242 1016 666 2243 1017 667 2242 1017 666 2241 1017 665 2244 1018 671 2241 1018 669 2245 1018 668 2241 1019 669 2240 1019 670 2245 1019 668 2246 1020 672 2243 1020 673 2241 1020 674 2246 1021 672 2241 1021 674 2244 1021 675 2242 1022 679 2243 1022 678 2247 1022 677 2247 1010 677 2243 1010 678 2246 1010 676 2242 1023 680 2247 1023 681 2245 1023 682 2242 1024 680 2245 1024 682 2240 1024 683 2244 1025 684 2245 1025 685 2246 1025 686 2247 1026 687 2246 1026 686 2245 1026 685 2248 1004 664 2249 1004 665 2250 1004 666 2251 1005 667 2250 1005 666 2249 1005 665 2252 1006 668 2249 1006 669 2248 1006 670 2249 1007 669 2252 1007 668 2253 1007 671 2249 1008 674 2254 1008 672 2251 1008 673 2254 1009 672 2249 1009 674 2253 1009 675 2251 1010 678 2254 1010 676 2255 1010 677 2251 1027 678 2255 1027 677 2250 1027 679 2250 1012 680 2255 1012 681 2252 1012 682 2250 1013 680 2252 1013 682 2248 1013 683 2253 1014 684 2252 1014 685 2254 1014 686 2255 1015 687 2254 1015 686 2252 1015 685 2256 1028 664 2257 1028 665 2258 1028 666 2259 1029 667 2258 1029 666 2257 1029 665 2260 1030 668 2261 1030 671 2257 1030 669 2260 1031 668 2257 1031 669 2256 1031 670 2257 1032 674 2262 1032 672 2259 1032 673 2262 1033 672 2257 1033 674 2261 1033 675 2259 1034 678 2263 1034 677 2258 1034 679 2263 1010 677 2259 1010 678 2262 1010 676 2258 1035 680 2263 1035 681 2260 1035 682 2258 1036 680 2260 1036 682 2256 1036 683 2261 1037 684 2260 1037 685 2262 1037 686 2263 1038 687 2262 1038 686 2260 1038 685 2264 1039 664 2265 1039 667 2266 1039 666 2265 1040 667 2264 1040 664 2267 1040 665 2268 1041 668 2269 1041 671 2267 1041 669 2267 1042 669 2264 1042 670 2268 1042 668 2270 1043 672 2265 1043 673 2267 1043 674 2270 1044 672 2267 1044 674 2269 1044 675 2265 1045 678 2271 1045 677 2266 1045 679 2271 1010 677 2265 1010 678 2270 1010 676 2266 1046 680 2271 1046 681 2268 1046 682 2266 1047 680 2268 1047 682 2264 1047 683 2269 1048 684 2271 1048 687 2270 1048 686 2271 1049 687 2269 1049 684 2268 1049 685 2272 1050 664 2273 1050 665 2274 1050 666 2275 1051 667 2274 1051 666 2273 1051 665 2276 995 668 2277 995 671 2273 995 669 2276 994 668 2273 994 669 2272 994 670 2278 1052 672 2275 1052 673 2273 1052 674 2278 1053 672 2273 1053 674 2277 1053 675 2275 1054 678 2279 1054 677 2274 1054 679 2279 1055 677 2275 1055 678 2278 1055 676 2274 1056 680 2279 1056 681 2276 1056 682 2274 1057 680 2276 1057 682 2272 1057 683 2277 1058 684 2279 1058 687 2278 1058 686 2279 1059 687 2277 1059 684 2276 1059 685 2280 1060 664 2281 1060 665 2282 1060 666 2283 1061 667 2282 1061 666 2281 1061 665 2284 1062 668 2285 1062 671 2281 1062 669 2284 1062 668 2281 1062 669 2280 1062 670 2286 1063 672 2283 1063 673 2281 1063 674 2286 1064 672 2281 1064 674 2285 1064 675 2283 1065 678 2287 1065 677 2282 1065 679 2287 1066 677 2283 1066 678 2286 1066 676 2282 1067 680 2287 1067 681 2284 1067 682 2282 1068 680 2284 1068 682 2280 1068 683 2287 1069 687 2286 1069 686 2285 1069 684 2287 1070 687 2285 1070 684 2284 1070 685 2288 1050 664 2289 1050 665 2290 1050 666 2291 1051 667 2290 1051 666 2289 1051 665 2292 1062 668 2293 1062 671 2289 1062 669 2292 1062 668 2289 1062 669 2288 1062 670 2294 1052 672 2291 1052 673 2289 1052 674 2294 1053 672 2289 1053 674 2293 1053 675 2291 1054 678 2295 1054 677 2290 1054 679 2295 1055 677 2291 1055 678 2294 1055 676 2290 1056 680 2295 1056 681 2292 1056 682 2290 1057 680 2292 1057 682 2288 1057 683 2293 1058 684 2295 1058 687 2294 1058 686 2295 1059 687 2293 1059 684 2292 1059 685</p>
      </polylist>
      <polylist material="symbol_shelf_$Material_23" count="840">
        <input semantic="VERTEX" source="#verts" offset="0"/>
        <input semantic="NORMAL" source="#norm" offset="1"/>
        <input semantic="TEXCOORD" source="#uv" offset="2" set="0"/>
        <vcount>3 3 3 3 3 3 3 3 3 3 3 3 3 3 3 3 3 3 3 3 3 3 3 3 3 3 3 3 3 3 3 3 3 3 3 3 3 3 3 3 3 3 3 3 3 3 3 3 3 3 3 3 3 3 3 3 3 3 3 3 3 3 3 3 3 3 3 3 3 3 3 3 3 3 3 3 3 3 3 3 3 3 3 3 3 3 3 3 3 3 3 3 3 3 3 3 3 3 3 3 3 3 3 3 3 3 3 3 3 3 3 3 3 3 3 3 3 3 3 3 3 3 3 3 3 3 3 3 3 3 3 3 3 3 3 3 3 3 3 3 3 3 3 3 3 3 3 3 3 3 3 3 3 3 3 3 3 3 3 3 3 3 3 3 3 3 3 3 3 3 3 3 3 3 3 3 3 3 3 3 3 3 3 3 3 3 3 3 3 3 3 3 3 3 3 3 3 3 3 3 3 3 3 3 3 3 3 3 3 3 3 3 3 3 3 3 3 3 3 3 3 3 3 3 3 3 3 3 3 3 3 3 3 3 3 3 3 3 3 3 3 3 3 3 3 3 3 3 3 3 3 3 3 3 3 3 3 3 3 3 3 3 3 3 3 3 3 3 3 3 3 3 3 3 3 3 3 3 3 3 3 3 3 3 3 3 3 3 3 3 3 3 3 3 3 3 3 3 3 3 3 3 3 3 3 3 3 3 3 3 3 3 3 3 3 3 3 3 3 3 3 3 3 3 3 3 3 3 3 3 3 3 3 3 3 3 3 3 3 3 3 3 3 3 3 3 3 3 3 3 3 3 3 3 3 3 3 3 3 3 3 3 3 3 3 3 3 3 3 3 3 3 3 3 3 3 3 3 3 3 3 3 3 3 3 3 3 3 3 3 3 3 3 3 3 3 3 3 3 3 3 3 3 3 3 3 3 3 3 3 3 3 3 3 3 3 3 3 3 3 3 3 3 3 3 3 3 3 3 3 3 3 3 3 3 3 3 3 3 3 3 3 3 3 3 3 3 3 3 3 3 3 3 3 3 3 3 3 3 3 3 3 3 3 3 3 3 3 3 3 3 3 3 3 3 3 3 3 3 3 3 3 3 3 3 3 3 3 3 3 3 3 3 3 3 3 3 3 3 3 3 3 3 3 3 3 3 3 3 3 3 3 3 3 3 3 3 3 3 3 3 3 3 3 3 3 3 3 3 3 3 3 3 3 3 3 3 3 3 3 3 3 3 3 3 3 3 3 3 3 3 3 3 3 3 3 3 3 3 3 3 3 3 3 3 3 3 3 3 3 3 3 3 3 3 3 3 3 3 3 3 3 3 3 3 3 3 3 3 3 3 3 3 3 3 3 3 3 3 3 3 3 3 3 3 3 3 3 3 3 3 3 3 3 3 3 3 3 3 3 3 3 3 3 3 3 3 3 3 3 3 3 3 3 3 3 3 3 3 3 3 3 3 3 3 3 3 3 3 3 3 3 3 3 3 3 3 3 3 3 3 3 3 3 3 3 3 3 3 3 3 3 3 3 3 3 3 3 3 3 3 3 3 3 3 3 3 3 3 3 3 3 3 3 3 3 3 3 3 3 3 3 3 3 3 3 3 3 3 3 3 3 3 3 3 3 3 3 3 3 3 3 3 3 3 3 3 3 3 3 3 3 3 3 3 3 3 3 3 3 3 3 3 3 3 3 3 3 3 3 3 3 3 3 3 3 3 3 3 3 3 3 3 3 3 3 3 3 3 3 3 3 3 3 3 3 3 3 3 3 3 3 3 3 3 3 3 3 3 3 3 3 3 3 3 3 3 3 3 3 3 3 3 3 3 3 3 3 3 3 3 3 3 3 3 3 3 3 3 3 3 3 3 3 3 3 3 3 3 3 3 3 3 3 3 3 3 3 3 3</vcount>
        <p>648 159 408 649 159 409 650 159 410 650 160 410 649 160 409 651 160 411 652 161 412 653 161 413 654 161 414 653 162 413 655 162 415 654 162 414 654 163 414 655 163 415 648 163 416 654 163 414 648 163 416 650 163 417 652 164 412 654 164 414 650 164 418 652 164 412 650 164 418 651 164 419 651 165 420 649 165 421 652 165 412 653 165 413 652 165 412 649 165 421 649 166 422 648 166 423 653 166 424 655 166 425 653 166 424 648 166 423 656 167 408 657 167 409 658 167 410 658 168 410 657 168 409 659 168 411 660 169 412 661 169 413 662 169 414 661 169 413 663 169 415 662 169 414 662 163 414 663 163 415 656 163 416 662 163 414 656 163 416 658 163 417 660 164 412 662 164 414 658 164 418 660 164 412 658 164 418 659 164 419 659 165 420 657 165 421 660 165 412 661 165 413 660 165 412 657 165 421 657 166 422 656 166 423 661 166 424 663 166 425 661 166 424 656 166 423 664 170 408 665 170 409 666 170 410 666 170 410 665 170 409 667 170 411 668 171 412 669 171 413 670 171 414 669 171 413 671 171 415 670 171 414 670 163 414 671 163 415 664 163 416 670 163 414 664 163 416 666 163 417 668 164 412 670 164 414 666 164 418 668 164 412 666 164 418 667 164 419 669 172 413 668 172 412 667 172 420 669 172 413 667 172 420 665 172 421 671 166 425 669 166 424 665 166 422 671 166 425 665 166 422 664 166 423 672 170 408 673 170 409 674 170 410 674 160 410 673 160 409 675 160 411 676 171 412 677 171 413 678 171 414 677 173 413 679 173 415 678 173 414 678 163 414 679 163 415 672 163 416 678 163 414 672 163 416 674 163 417 676 164 412 678 164 414 674 164 418 676 164 412 674 164 418 675 164 419 675 174 420 673 174 421 676 174 412 677 174 413 676 174 412 673 174 421 673 166 422 672 166 423 677 166 424 679 166 425 677 166 424 672 166 423 680 175 408 681 175 409 682 175 410 682 176 410 681 176 409 683 176 411 684 171 412 685 171 413 686 171 414 685 171 413 687 171 415 686 171 414 680 163 416 686 163 414 687 163 415 686 163 414 680 163 416 682 163 417 684 164 412 686 164 414 682 164 418 684 164 412 682 164 418 683 164 419 683 174 420 681 174 421 684 174 412 685 174 413 684 174 412 681 174 421 681 166 422 680 166 423 685 166 424 687 166 425 685 166 424 680 166 423 688 170 408 689 170 409 690 170 410 690 170 410 689 170 409 691 170 411 692 171 412 693 171 413 694 171 414 693 171 413 695 171 415 694 171 414 688 163 416 694 163 414 695 163 415 694 163 414 688 163 416 690 163 417 692 164 412 694 164 414 690 164 418 692 164 412 690 164 418 691 164 419 693 172 413 692 172 412 691 172 420 693 172 413 691 172 420 689 172 421 695 166 425 693 166 424 689 166 422 695 166 425 689 166 422 688 166 423 696 177 409 697 177 410 698 177 408 697 177 410 696 177 409 699 177 411 700 178 414 701 178 412 702 178 413 702 178 413 703 178 415 700 178 414 698 179 416 697 179 417 703 179 415 700 179 414 703 179 415 697 179 417 701 180 412 700 180 414 697 180 418 701 180 412 697 180 418 699 180 419 702 181 413 701 181 412 699 181 420 702 181 413 699 181 420 696 181 421 703 182 425 702 182 424 696 182 422 703 182 425 696 182 422 698 182 423 704 177 409 705 177 410 706 177 408 705 177 410 704 177 409 707 177 411 708 183 414 709 183 412 710 183 413 710 183 413 711 183 415 708 183 414 708 179 414 711 179 415 706 179 416 708 179 414 706 179 416 705 179 417 709 180 412 708 180 414 705 180 418 709 180 412 705 180 418 707 180 419 707 181 420 710 181 413 709 181 412 710 181 413 707 181 420 704 181 421 711 182 425 710 182 424 704 182 422 711 182 425 704 182 422 706 182 423 712 170 408 713 170 409 714 170 410 714 160 410 713 160 409 715 160 411 716 171 412 717 171 413 718 171 414 717 173 413 719 173 415 718 173 414 718 163 414 719 163 415 712 163 416 718 163 414 712 163 416 714 163 417 716 164 412 718 164 414 714 164 418 716 164 412 714 164 418 715 164 419 715 174 420 713 174 421 716 174 412 717 174 413 716 174 412 713 174 421 713 166 422 712 166 423 717 166 424 719 166 425 717 166 424 712 166 423 720 175 408 721 175 409 722 175 410 722 176 410 721 176 409 723 176 411 724 171 412 725 171 413 726 171 414 725 171 413 727 171 415 726 171 414 720 163 416 726 163 414 727 163 415 726 163 414 720 163 416 722 163 417 724 164 412 726 164 414 722 164 418 724 164 412 722 164 418 723 164 419 723 174 420 721 174 421 724 174 412 725 174 413 724 174 412 721 174 421 721 166 422 720 166 423 725 166 424 727 166 425 725 166 424 720 166 423 728 184 411 729 184 410 730 184 409 729 184 410 731 184 408 730 184 409 732 185 414 733 185 413 734 185 415 733 186 413 732 186 414 735 186 412 732 187 414 734 187 415 731 187 416 732 187 414 731 187 416 729 187 417 732 188 414 728 188 419 735 188 412 728 188 419 732 188 414 729 188 418 728 189 420 733 189 413 735 189 412 733 189 413 728 189 420 730 189 421 730 190 422 731 190 423 733 190 424 734 190 425 733 190 424 731 190 423 736 184 411 737 184 410 738 184 409 737 184 410 739 184 408 738 184 409 740 191 414 741 191 413 742 191 415 741 191 413 740 191 414 743 191 412 740 187 414 742 187 415 739 187 416 740 187 414 739 187 416 737 187 417 743 188 412 740 188 414 737 188 418 743 188 412 737 188 418 736 188 419 736 189 420 738 189 421 743 189 412 741 189 413 743 189 412 738 189 421 738 190 422 739 190 423 741 190 424 742 190 425 741 190 424 739 190 423 744 170 411 745 170 410 746 170 409 745 170 410 747 170 408 746 170 409 748 171 414 749 171 413 750 171 415 749 171 413 748 171 414 751 171 412 748 192 414 750 192 415 747 192 416 748 192 414 747 192 416 745 192 417 751 193 412 748 193 414 745 193 418 751 193 412 745 193 418 744 193 419 749 194 413 751 194 412 744 194 420 749 194 413 744 194 420 746 194 421 750 195 425 749 195 424 746 195 422 750 195 425 746 195 422 747 195 423 752 170 411 753 170 410 754 170 409 753 170 410 755 170 408 754 170 409 756 196 414 757 196 413 758 196 415 757 171 413 756 171 414 759 171 412 756 187 414 758 187 415 755 187 416 756 187 414 755 187 416 753 187 417 759 197 412 756 197 414 753 197 418 759 197 412 753 197 418 752 197 419 757 198 413 759 198 412 752 198 420 757 198 413 752 198 420 754 198 421 754 199 422 755 199 423 757 199 424 758 199 425 757 199 424 755 199 423 1060 387 478 1061 387 479 1062 387 480 1062 388 480 1061 388 479 1063 388 481 1064 389 482 1065 389 483 1066 389 484 1065 390 483 1067 390 485 1066 390 484 1066 391 484 1067 391 485 1060 391 486 1066 391 484 1060 391 486 1062 391 487 1064 392 482 1066 392 484 1062 392 488 1064 392 482 1062 392 488 1063 392 489 1063 393 490 1061 393 491 1064 393 482 1065 393 483 1064 393 482 1061 393 491 1061 394 492 1060 394 493 1065 394 494 1067 394 495 1065 394 494 1060 394 493 1068 395 478 1069 395 479 1070 395 480 1070 396 480 1069 396 479 1071 396 481 1072 397 482 1073 397 483 1074 397 484 1073 397 483 1075 397 485 1074 397 484 1074 391 484 1075 391 485 1068 391 486 1074 391 484 1068 391 486 1070 391 487 1072 392 482 1074 392 484 1070 392 488 1072 392 482 1070 392 488 1071 392 489 1071 393 490 1069 393 491 1072 393 482 1073 393 483 1072 393 482 1069 393 491 1069 394 492 1068 394 493 1073 394 494 1075 394 495 1073 394 494 1068 394 493 1076 398 478 1077 398 479 1078 398 480 1078 398 480 1077 398 479 1079 398 481 1080 399 482 1081 399 483 1082 399 484 1081 399 483 1083 399 485 1082 399 484 1082 391 484 1083 391 485 1076 391 486 1082 391 484 1076 391 486 1078 391 487 1080 392 482 1082 392 484 1078 392 488 1080 392 482 1078 392 488 1079 392 489 1081 400 483 1080 400 482 1079 400 490 1081 400 483 1079 400 490 1077 400 491 1083 394 495 1081 394 494 1077 394 492 1083 394 495 1077 394 492 1076 394 493 1084 398 478 1085 398 479 1086 398 480 1086 388 480 1085 388 479 1087 388 481 1088 399 482 1089 399 483 1090 399 484 1089 401 483 1091 401 485 1090 401 484 1090 391 484 1091 391 485 1084 391 486 1090 391 484 1084 391 486 1086 391 487 1088 392 482 1090 392 484 1086 392 488 1088 392 482 1086 392 488 1087 392 489 1087 402 490 1085 402 491 1088 402 482 1089 402 483 1088 402 482 1085 402 491 1085 394 492 1084 394 493 1089 394 494 1091 394 495 1089 394 494 1084 394 493 1092 403 478 1093 403 479 1094 403 480 1094 404 480 1093 404 479 1095 404 481 1096 399 482 1097 399 483 1098 399 484 1097 399 483 1099 399 485 1098 399 484 1092 391 486 1098 391 484 1099 391 485 1098 391 484 1092 391 486 1094 391 487 1096 392 482 1098 392 484 1094 392 488 1096 392 482 1094 392 488 1095 392 489 1095 402 490 1093 402 491 1096 402 482 1097 402 483 1096 402 482 1093 402 491 1093 394 492 1092 394 493 1097 394 494 1099 394 495 1097 394 494 1092 394 493 1100 398 478 1101 398 479 1102 398 480 1102 398 480 1101 398 479 1103 398 481 1104 399 482 1105 399 483 1106 399 484 1105 399 483 1107 399 485 1106 399 484 1100 391 486 1106 391 484 1107 391 485 1106 391 484 1100 391 486 1102 391 487 1104 392 482 1106 392 484 1102 392 488 1104 392 482 1102 392 488 1103 392 489 1105 400 483 1104 400 482 1103 400 490 1105 400 483 1103 400 490 1101 400 491 1107 394 495 1105 394 494 1101 394 492 1107 394 495 1101 394 492 1100 394 493 1108 405 479 1109 405 480 1110 405 478 1109 405 480 1108 405 479 1111 405 481 1112 406 484 1113 406 482 1114 406 483 1114 406 483 1115 406 485 1112 406 484 1110 407 486 1109 407 487 1115 407 485 1112 407 484 1115 407 485 1109 407 487 1113 408 482 1112 408 484 1109 408 488 1113 408 482 1109 408 488 1111 408 489 1114 409 483 1113 409 482 1111 409 490 1114 409 483 1111 409 490 1108 409 491 1115 410 495 1114 410 494 1108 410 492 1115 410 495 1108 410 492 1110 410 493 1116 405 479 1117 405 480 1118 405 478 1117 405 480 1116 405 479 1119 405 481 1120 411 484 1121 411 482 1122 411 483 1122 411 483 1123 411 485 1120 411 484 1120 407 484 1123 407 485 1118 407 486 1120 407 484 1118 407 486 1117 407 487 1121 408 482 1120 408 484 1117 408 488 1121 408 482 1117 408 488 1119 408 489 1119 409 490 1122 409 483 1121 409 482 1122 409 483 1119 409 490 1116 409 491 1123 410 495 1122 410 494 1116 410 492 1123 410 495 1116 410 492 1118 410 493 1124 398 478 1125 398 479 1126 398 480 1126 388 480 1125 388 479 1127 388 481 1128 399 482 1129 399 483 1130 399 484 1129 401 483 1131 401 485 1130 401 484 1130 391 484 1131 391 485 1124 391 486 1130 391 484 1124 391 486 1126 391 487 1128 392 482 1130 392 484 1126 392 488 1128 392 482 1126 392 488 1127 392 489 1127 402 490 1125 402 491 1128 402 482 1129 402 483 1128 402 482 1125 402 491 1125 394 492 1124 394 493 1129 394 494 1131 394 495 1129 394 494 1124 394 493 1132 403 478 1133 403 479 1134 403 480 1134 404 480 1133 404 479 1135 404 481 1136 399 482 1137 399 483 1138 399 484 1137 399 483 1139 399 485 1138 399 484 1132 391 486 1138 391 484 1139 391 485 1138 391 484 1132 391 486 1134 391 487 1136 392 482 1138 392 484 1134 392 488 1136 392 482 1134 392 488 1135 392 489 1135 402 490 1133 402 491 1136 402 482 1137 402 483 1136 402 482 1133 402 491 1133 394 492 1132 394 493 1137 394 494 1139 394 495 1137 394 494 1132 394 493 1140 412 481 1141 412 480 1142 412 479 1141 412 480 1143 412 478 1142 412 479 1144 413 484 1145 413 483 1146 413 485 1145 414 483 1144 414 484 1147 414 482 1144 415 484 1146 415 485 1143 415 486 1144 415 484 1143 415 486 1141 415 487 1144 416 484 1140 416 489 1147 416 482 1140 416 489 1144 416 484 1141 416 488 1140 417 490 1145 417 483 1147 417 482 1145 417 483 1140 417 490 1142 417 491 1142 418 492 1143 418 493 1145 418 494 1146 418 495 1145 418 494 1143 418 493 1148 412 481 1149 412 480 1150 412 479 1149 412 480 1151 412 478 1150 412 479 1152 419 484 1153 419 483 1154 419 485 1153 419 483 1152 419 484 1155 419 482 1152 415 484 1154 415 485 1151 415 486 1152 415 484 1151 415 486 1149 415 487 1155 416 482 1152 416 484 1149 416 488 1155 416 482 1149 416 488 1148 416 489 1148 417 490 1150 417 491 1155 417 482 1153 417 483 1155 417 482 1150 417 491 1150 418 492 1151 418 493 1153 418 494 1154 418 495 1153 418 494 1151 418 493 1156 398 481 1157 398 480 1158 398 479 1157 398 480 1159 398 478 1158 398 479 1160 399 484 1161 399 483 1162 399 485 1161 399 483 1160 399 484 1163 399 482 1160 420 484 1162 420 485 1159 420 486 1160 420 484 1159 420 486 1157 420 487 1163 421 482 1160 421 484 1157 421 488 1163 421 482 1157 421 488 1156 421 489 1161 422 483 1163 422 482 1156 422 490 1161 422 483 1156 422 490 1158 422 491 1162 423 495 1161 423 494 1158 423 492 1162 423 495 1158 423 492 1159 423 493 1164 398 481 1165 398 480 1166 398 479 1165 398 480 1167 398 478 1166 398 479 1168 424 484 1169 424 483 1170 424 485 1169 399 483 1168 399 484 1171 399 482 1168 415 484 1170 415 485 1167 415 486 1168 415 484 1167 415 486 1165 415 487 1171 425 482 1168 425 484 1165 425 488 1171 425 482 1165 425 488 1164 425 489 1169 426 483 1171 426 482 1164 426 490 1169 426 483 1164 426 490 1166 426 491 1166 427 492 1167 427 493 1169 427 494 1170 427 495 1169 427 494 1167 427 493 1472 615 548 1473 615 549 1474 615 550 1474 616 550 1473 616 549 1475 616 551 1476 617 552 1477 617 553 1478 617 554 1477 618 553 1479 618 555 1478 618 554 1478 619 554 1479 619 555 1472 619 556 1478 619 554 1472 619 556 1474 619 557 1476 620 552 1478 620 554 1474 620 558 1476 620 552 1474 620 558 1475 620 559 1475 621 560 1473 621 561 1476 621 552 1477 621 553 1476 621 552 1473 621 561 1473 622 562 1472 622 563 1477 622 564 1479 622 565 1477 622 564 1472 622 563 1480 623 548 1481 623 549 1482 623 550 1482 624 550 1481 624 549 1483 624 551 1484 625 552 1485 625 553 1486 625 554 1485 625 553 1487 625 555 1486 625 554 1486 619 554 1487 619 555 1480 619 556 1486 619 554 1480 619 556 1482 619 557 1484 620 552 1486 620 554 1482 620 558 1484 620 552 1482 620 558 1483 620 559 1483 621 560 1481 621 561 1484 621 552 1485 621 553 1484 621 552 1481 621 561 1481 622 562 1480 622 563 1485 622 564 1487 622 565 1485 622 564 1480 622 563 1488 626 548 1489 626 549 1490 626 550 1490 626 550 1489 626 549 1491 626 551 1492 627 552 1493 627 553 1494 627 554 1493 627 553 1495 627 555 1494 627 554 1494 619 554 1495 619 555 1488 619 556 1494 619 554 1488 619 556 1490 619 557 1492 620 552 1494 620 554 1490 620 558 1492 620 552 1490 620 558 1491 620 559 1493 628 553 1492 628 552 1491 628 560 1493 628 553 1491 628 560 1489 628 561 1495 622 565 1493 622 564 1489 622 562 1495 622 565 1489 622 562 1488 622 563 1496 626 548 1497 626 549 1498 626 550 1498 616 550 1497 616 549 1499 616 551 1500 627 552 1501 627 553 1502 627 554 1501 629 553 1503 629 555 1502 629 554 1502 619 554 1503 619 555 1496 619 556 1502 619 554 1496 619 556 1498 619 557 1500 620 552 1502 620 554 1498 620 558 1500 620 552 1498 620 558 1499 620 559 1499 630 560 1497 630 561 1500 630 552 1501 630 553 1500 630 552 1497 630 561 1497 622 562 1496 622 563 1501 622 564 1503 622 565 1501 622 564 1496 622 563 1504 631 548 1505 631 549 1506 631 550 1506 632 550 1505 632 549 1507 632 551 1508 627 552 1509 627 553 1510 627 554 1509 627 553 1511 627 555 1510 627 554 1504 619 556 1510 619 554 1511 619 555 1510 619 554 1504 619 556 1506 619 557 1508 620 552 1510 620 554 1506 620 558 1508 620 552 1506 620 558 1507 620 559 1507 630 560 1505 630 561 1508 630 552 1509 630 553 1508 630 552 1505 630 561 1505 622 562 1504 622 563 1509 622 564 1511 622 565 1509 622 564 1504 622 563 1512 626 548 1513 626 549 1514 626 550 1514 626 550 1513 626 549 1515 626 551 1516 627 552 1517 627 553 1518 627 554 1517 627 553 1519 627 555 1518 627 554 1512 619 556 1518 619 554 1519 619 555 1518 619 554 1512 619 556 1514 619 557 1516 620 552 1518 620 554 1514 620 558 1516 620 552 1514 620 558 1515 620 559 1517 628 553 1516 628 552 1515 628 560 1517 628 553 1515 628 560 1513 628 561 1519 622 565 1517 622 564 1513 622 562 1519 622 565 1513 622 562 1512 622 563 1520 633 549 1521 633 550 1522 633 548 1521 633 550 1520 633 549 1523 633 551 1524 634 554 1525 634 552 1526 634 553 1526 634 553 1527 634 555 1524 634 554 1522 635 556 1521 635 557 1527 635 555 1524 635 554 1527 635 555 1521 635 557 1525 636 552 1524 636 554 1521 636 558 1525 636 552 1521 636 558 1523 636 559 1526 637 553 1525 637 552 1523 637 560 1526 637 553 1523 637 560 1520 637 561 1527 638 565 1526 638 564 1520 638 562 1527 638 565 1520 638 562 1522 638 563 1528 633 549 1529 633 550 1530 633 548 1529 633 550 1528 633 549 1531 633 551 1532 639 554 1533 639 552 1534 639 553 1534 639 553 1535 639 555 1532 639 554 1532 635 554 1535 635 555 1530 635 556 1532 635 554 1530 635 556 1529 635 557 1533 636 552 1532 636 554 1529 636 558 1533 636 552 1529 636 558 1531 636 559 1531 637 560 1534 637 553 1533 637 552 1534 637 553 1531 637 560 1528 637 561 1535 638 565 1534 638 564 1528 638 562 1535 638 565 1528 638 562 1530 638 563 1536 626 548 1537 626 549 1538 626 550 1538 616 550 1537 616 549 1539 616 551 1540 627 552 1541 627 553 1542 627 554 1541 629 553 1543 629 555 1542 629 554 1542 619 554 1543 619 555 1536 619 556 1542 619 554 1536 619 556 1538 619 557 1540 620 552 1542 620 554 1538 620 558 1540 620 552 1538 620 558 1539 620 559 1539 630 560 1537 630 561 1540 630 552 1541 630 553 1540 630 552 1537 630 561 1537 622 562 1536 622 563 1541 622 564 1543 622 565 1541 622 564 1536 622 563 1544 631 548 1545 631 549 1546 631 550 1546 632 550 1545 632 549 1547 632 551 1548 627 552 1549 627 553 1550 627 554 1549 627 553 1551 627 555 1550 627 554 1544 619 556 1550 619 554 1551 619 555 1550 619 554 1544 619 556 1546 619 557 1548 620 552 1550 620 554 1546 620 558 1548 620 552 1546 620 558 1547 620 559 1547 630 560 1545 630 561 1548 630 552 1549 630 553 1548 630 552 1545 630 561 1545 622 562 1544 622 563 1549 622 564 1551 622 565 1549 622 564 1544 622 563 1552 640 551 1553 640 550 1554 640 549 1553 640 550 1555 640 548 1554 640 549 1556 641 554 1557 641 553 1558 641 555 1557 642 553 1556 642 554 1559 642 552 1556 643 554 1558 643 555 1555 643 556 1556 643 554 1555 643 556 1553 643 557 1556 644 554 1552 644 559 1559 644 552 1552 644 559 1556 644 554 1553 644 558 1552 645 560 1557 645 553 1559 645 552 1557 645 553 1552 645 560 1554 645 561 1554 646 562 1555 646 563 1557 646 564 1558 646 565 1557 646 564 1555 646 563 1560 640 551 1561 640 550 1562 640 549 1561 640 550 1563 640 548 1562 640 549 1564 647 554 1565 647 553 1566 647 555 1565 647 553 1564 647 554 1567 647 552 1564 643 554 1566 643 555 1563 643 556 1564 643 554 1563 643 556 1561 643 557 1567 644 552 1564 644 554 1561 644 558 1567 644 552 1561 644 558 1560 644 559 1560 645 560 1562 645 561 1567 645 552 1565 645 553 1567 645 552 1562 645 561 1562 646 562 1563 646 563 1565 646 564 1566 646 565 1565 646 564 1563 646 563 1568 626 551 1569 626 550 1570 626 549 1569 626 550 1571 626 548 1570 626 549 1572 627 554 1573 627 553 1574 627 555 1573 627 553 1572 627 554 1575 627 552 1572 648 554 1574 648 555 1571 648 556 1572 648 554 1571 648 556 1569 648 557 1575 649 552 1572 649 554 1569 649 558 1575 649 552 1569 649 558 1568 649 559 1573 650 553 1575 650 552 1568 650 560 1573 650 553 1568 650 560 1570 650 561 1574 651 565 1573 651 564 1570 651 562 1574 651 565 1570 651 562 1571 651 563 1576 626 551 1577 626 550 1578 626 549 1577 626 550 1579 626 548 1578 626 549 1580 652 554 1581 652 553 1582 652 555 1581 627 553 1580 627 554 1583 627 552 1580 643 554 1582 643 555 1579 643 556 1580 643 554 1579 643 556 1577 643 557 1583 653 552 1580 653 554 1577 653 558 1583 653 552 1577 653 558 1576 653 559 1581 654 553 1583 654 552 1576 654 560 1581 654 553 1576 654 560 1578 654 561 1578 655 562 1579 655 563 1581 655 564 1582 655 565 1581 655 564 1579 655 563 1884 843 618 1885 843 619 1886 843 620 1886 844 620 1885 844 619 1887 844 621 1888 845 622 1889 845 623 1890 845 624 1889 846 623 1891 846 625 1890 846 624 1890 847 624 1891 847 625 1884 847 626 1890 847 624 1884 847 626 1886 847 627 1888 848 622 1890 848 624 1886 848 628 1888 848 622 1886 848 628 1887 848 629 1887 849 630 1885 849 631 1888 849 622 1889 849 623 1888 849 622 1885 849 631 1885 850 632 1884 850 633 1889 850 634 1891 850 635 1889 850 634 1884 850 633 1892 851 618 1893 851 619 1894 851 620 1894 852 620 1893 852 619 1895 852 621 1896 853 622 1897 853 623 1898 853 624 1897 853 623 1899 853 625 1898 853 624 1898 847 624 1899 847 625 1892 847 626 1898 847 624 1892 847 626 1894 847 627 1896 848 622 1898 848 624 1894 848 628 1896 848 622 1894 848 628 1895 848 629 1895 849 630 1893 849 631 1896 849 622 1897 849 623 1896 849 622 1893 849 631 1893 850 632 1892 850 633 1897 850 634 1899 850 635 1897 850 634 1892 850 633 1900 854 618 1901 854 619 1902 854 620 1902 854 620 1901 854 619 1903 854 621 1904 855 622 1905 855 623 1906 855 624 1905 855 623 1907 855 625 1906 855 624 1906 847 624 1907 847 625 1900 847 626 1906 847 624 1900 847 626 1902 847 627 1904 848 622 1906 848 624 1902 848 628 1904 848 622 1902 848 628 1903 848 629 1905 856 623 1904 856 622 1903 856 630 1905 856 623 1903 856 630 1901 856 631 1907 850 635 1905 850 634 1901 850 632 1907 850 635 1901 850 632 1900 850 633 1908 854 618 1909 854 619 1910 854 620 1910 844 620 1909 844 619 1911 844 621 1912 855 622 1913 855 623 1914 855 624 1913 857 623 1915 857 625 1914 857 624 1914 847 624 1915 847 625 1908 847 626 1914 847 624 1908 847 626 1910 847 627 1912 848 622 1914 848 624 1910 848 628 1912 848 622 1910 848 628 1911 848 629 1911 858 630 1909 858 631 1912 858 622 1913 858 623 1912 858 622 1909 858 631 1909 850 632 1908 850 633 1913 850 634 1915 850 635 1913 850 634 1908 850 633 1916 859 618 1917 859 619 1918 859 620 1918 860 620 1917 860 619 1919 860 621 1920 855 622 1921 855 623 1922 855 624 1921 855 623 1923 855 625 1922 855 624 1916 847 626 1922 847 624 1923 847 625 1922 847 624 1916 847 626 1918 847 627 1920 848 622 1922 848 624 1918 848 628 1920 848 622 1918 848 628 1919 848 629 1919 858 630 1917 858 631 1920 858 622 1921 858 623 1920 858 622 1917 858 631 1917 850 632 1916 850 633 1921 850 634 1923 850 635 1921 850 634 1916 850 633 1924 854 618 1925 854 619 1926 854 620 1926 854 620 1925 854 619 1927 854 621 1928 855 622 1929 855 623 1930 855 624 1929 855 623 1931 855 625 1930 855 624 1924 847 626 1930 847 624 1931 847 625 1930 847 624 1924 847 626 1926 847 627 1928 848 622 1930 848 624 1926 848 628 1928 848 622 1926 848 628 1927 848 629 1929 856 623 1928 856 622 1927 856 630 1929 856 623 1927 856 630 1925 856 631 1931 850 635 1929 850 634 1925 850 632 1931 850 635 1925 850 632 1924 850 633 1932 861 619 1933 861 620 1934 861 618 1933 861 620 1932 861 619 1935 861 621 1936 862 624 1937 862 622 1938 862 623 1938 862 623 1939 862 625 1936 862 624 1934 863 626 1933 863 627 1939 863 625 1936 863 624 1939 863 625 1933 863 627 1937 864 622 1936 864 624 1933 864 628 1937 864 622 1933 864 628 1935 864 629 1938 865 623 1937 865 622 1935 865 630 1938 865 623 1935 865 630 1932 865 631 1939 866 635 1938 866 634 1932 866 632 1939 866 635 1932 866 632 1934 866 633 1940 861 619 1941 861 620 1942 861 618 1941 861 620 1940 861 619 1943 861 621 1944 867 624 1945 867 622 1946 867 623 1946 867 623 1947 867 625 1944 867 624 1944 863 624 1947 863 625 1942 863 626 1944 863 624 1942 863 626 1941 863 627 1945 864 622 1944 864 624 1941 864 628 1945 864 622 1941 864 628 1943 864 629 1943 865 630 1946 865 623 1945 865 622 1946 865 623 1943 865 630 1940 865 631 1947 866 635 1946 866 634 1940 866 632 1947 866 635 1940 866 632 1942 866 633 1948 854 618 1949 854 619 1950 854 620 1950 844 620 1949 844 619 1951 844 621 1952 855 622 1953 855 623 1954 855 624 1953 857 623 1955 857 625 1954 857 624 1954 847 624 1955 847 625 1948 847 626 1954 847 624 1948 847 626 1950 847 627 1952 848 622 1954 848 624 1950 848 628 1952 848 622 1950 848 628 1951 848 629 1951 858 630 1949 858 631 1952 858 622 1953 858 623 1952 858 622 1949 858 631 1949 850 632 1948 850 633 1953 850 634 1955 850 635 1953 850 634 1948 850 633 1956 859 618 1957 859 619 1958 859 620 1958 860 620 1957 860 619 1959 860 621 1960 855 622 1961 855 623 1962 855 624 1961 855 623 1963 855 625 1962 855 624 1956 847 626 1962 847 624 1963 847 625 1962 847 624 1956 847 626 1958 847 627 1960 848 622 1962 848 624 1958 848 628 1960 848 622 1958 848 628 1959 848 629 1959 858 630 1957 858 631 1960 858 622 1961 858 623 1960 858 622 1957 858 631 1957 850 632 1956 850 633 1961 850 634 1963 850 635 1961 850 634 1956 850 633 1964 868 621 1965 868 620 1966 868 619 1965 868 620 1967 868 618 1966 868 619 1968 869 624 1969 869 623 1970 869 625 1969 870 623 1968 870 624 1971 870 622 1968 871 624 1970 871 625 1967 871 626 1968 871 624 1967 871 626 1965 871 627 1968 872 624 1964 872 629 1971 872 622 1964 872 629 1968 872 624 1965 872 628 1964 873 630 1969 873 623 1971 873 622 1969 873 623 1964 873 630 1966 873 631 1966 874 632 1967 874 633 1969 874 634 1970 874 635 1969 874 634 1967 874 633 1972 868 621 1973 868 620 1974 868 619 1973 868 620 1975 868 618 1974 868 619 1976 875 624 1977 875 623 1978 875 625 1977 875 623 1976 875 624 1979 875 622 1976 871 624 1978 871 625 1975 871 626 1976 871 624 1975 871 626 1973 871 627 1979 872 622 1976 872 624 1973 872 628 1979 872 622 1973 872 628 1972 872 629 1972 873 630 1974 873 631 1979 873 622 1977 873 623 1979 873 622 1974 873 631 1974 874 632 1975 874 633 1977 874 634 1978 874 635 1977 874 634 1975 874 633 1980 854 621 1981 854 620 1982 854 619 1981 854 620 1983 854 618 1982 854 619 1984 855 624 1985 855 623 1986 855 625 1985 855 623 1984 855 624 1987 855 622 1984 876 624 1986 876 625 1983 876 626 1984 876 624 1983 876 626 1981 876 627 1987 877 622 1984 877 624 1981 877 628 1987 877 622 1981 877 628 1980 877 629 1985 878 623 1987 878 622 1980 878 630 1985 878 623 1980 878 630 1982 878 631 1986 879 635 1985 879 634 1982 879 632 1986 879 635 1982 879 632 1983 879 633 1988 854 621 1989 854 620 1990 854 619 1989 854 620 1991 854 618 1990 854 619 1992 880 624 1993 880 623 1994 880 625 1993 855 623 1992 855 624 1995 855 622 1992 871 624 1994 871 625 1991 871 626 1992 871 624 1991 871 626 1989 871 627 1995 881 622 1992 881 624 1989 881 628 1995 881 622 1989 881 628 1988 881 629 1993 882 623 1995 882 622 1988 882 630 1993 882 623 1988 882 630 1990 882 631 1990 883 632 1991 883 633 1993 883 634 1994 883 635 1993 883 634 1991 883 633 2296 1071 688 2297 1071 689 2298 1071 690 2298 1072 690 2297 1072 689 2299 1072 691 2300 1073 692 2301 1073 693 2302 1073 694 2301 1074 693 2303 1074 695 2302 1074 694 2302 1075 694 2303 1075 695 2296 1075 696 2302 1075 694 2296 1075 696 2298 1075 697 2300 1076 692 2302 1076 694 2298 1076 698 2300 1076 692 2298 1076 698 2299 1076 699 2299 1077 700 2297 1077 701 2300 1077 692 2301 1077 693 2300 1077 692 2297 1077 701 2297 1078 702 2296 1078 703 2301 1078 704 2303 1078 705 2301 1078 704 2296 1078 703 2304 1079 688 2305 1079 689 2306 1079 690 2306 1080 690 2305 1080 689 2307 1080 691 2308 1081 692 2309 1081 693 2310 1081 694 2309 1081 693 2311 1081 695 2310 1081 694 2310 1075 694 2311 1075 695 2304 1075 696 2310 1075 694 2304 1075 696 2306 1075 697 2308 1076 692 2310 1076 694 2306 1076 698 2308 1076 692 2306 1076 698 2307 1076 699 2307 1077 700 2305 1077 701 2308 1077 692 2309 1077 693 2308 1077 692 2305 1077 701 2305 1078 702 2304 1078 703 2309 1078 704 2311 1078 705 2309 1078 704 2304 1078 703 2312 1082 688 2313 1082 689 2314 1082 690 2314 1082 690 2313 1082 689 2315 1082 691 2316 1083 692 2317 1083 693 2318 1083 694 2317 1083 693 2319 1083 695 2318 1083 694 2318 1075 694 2319 1075 695 2312 1075 696 2318 1075 694 2312 1075 696 2314 1075 697 2316 1076 692 2318 1076 694 2314 1076 698 2316 1076 692 2314 1076 698 2315 1076 699 2317 1084 693 2316 1084 692 2315 1084 700 2317 1084 693 2315 1084 700 2313 1084 701 2319 1078 705 2317 1078 704 2313 1078 702 2319 1078 705 2313 1078 702 2312 1078 703 2320 1082 688 2321 1082 689 2322 1082 690 2322 1072 690 2321 1072 689 2323 1072 691 2324 1083 692 2325 1083 693 2326 1083 694 2325 1085 693 2327 1085 695 2326 1085 694 2326 1075 694 2327 1075 695 2320 1075 696 2326 1075 694 2320 1075 696 2322 1075 697 2324 1076 692 2326 1076 694 2322 1076 698 2324 1076 692 2322 1076 698 2323 1076 699 2323 1086 700 2321 1086 701 2324 1086 692 2325 1086 693 2324 1086 692 2321 1086 701 2321 1078 702 2320 1078 703 2325 1078 704 2327 1078 705 2325 1078 704 2320 1078 703 2328 1087 688 2329 1087 689 2330 1087 690 2330 1088 690 2329 1088 689 2331 1088 691 2332 1083 692 2333 1083 693 2334 1083 694 2333 1083 693 2335 1083 695 2334 1083 694 2328 1075 696 2334 1075 694 2335 1075 695 2334 1075 694 2328 1075 696 2330 1075 697 2332 1076 692 2334 1076 694 2330 1076 698 2332 1076 692 2330 1076 698 2331 1076 699 2331 1086 700 2329 1086 701 2332 1086 692 2333 1086 693 2332 1086 692 2329 1086 701 2329 1078 702 2328 1078 703 2333 1078 704 2335 1078 705 2333 1078 704 2328 1078 703 2336 1082 688 2337 1082 689 2338 1082 690 2338 1082 690 2337 1082 689 2339 1082 691 2340 1083 692 2341 1083 693 2342 1083 694 2341 1083 693 2343 1083 695 2342 1083 694 2336 1075 696 2342 1075 694 2343 1075 695 2342 1075 694 2336 1075 696 2338 1075 697 2340 1076 692 2342 1076 694 2338 1076 698 2340 1076 692 2338 1076 698 2339 1076 699 2341 1084 693 2340 1084 692 2339 1084 700 2341 1084 693 2339 1084 700 2337 1084 701 2343 1078 705 2341 1078 704 2337 1078 702 2343 1078 705 2337 1078 702 2336 1078 703 2344 1089 689 2345 1089 690 2346 1089 688 2345 1089 690 2344 1089 689 2347 1089 691 2348 1090 694 2349 1090 692 2350 1090 693 2350 1090 693 2351 1090 695 2348 1090 694 2346 1091 696 2345 1091 697 2351 1091 695 2348 1091 694 2351 1091 695 2345 1091 697 2349 1092 692 2348 1092 694 2345 1092 698 2349 1092 692 2345 1092 698 2347 1092 699 2350 1093 693 2349 1093 692 2347 1093 700 2350 1093 693 2347 1093 700 2344 1093 701 2351 1094 705 2350 1094 704 2344 1094 702 2351 1094 705 2344 1094 702 2346 1094 703 2352 1089 689 2353 1089 690 2354 1089 688 2353 1089 690 2352 1089 689 2355 1089 691 2356 1095 694 2357 1095 692 2358 1095 693 2358 1095 693 2359 1095 695 2356 1095 694 2356 1091 694 2359 1091 695 2354 1091 696 2356 1091 694 2354 1091 696 2353 1091 697 2357 1092 692 2356 1092 694 2353 1092 698 2357 1092 692 2353 1092 698 2355 1092 699 2355 1093 700 2358 1093 693 2357 1093 692 2358 1093 693 2355 1093 700 2352 1093 701 2359 1094 705 2358 1094 704 2352 1094 702 2359 1094 705 2352 1094 702 2354 1094 703 2360 1082 688 2361 1082 689 2362 1082 690 2362 1072 690 2361 1072 689 2363 1072 691 2364 1083 692 2365 1083 693 2366 1083 694 2365 1085 693 2367 1085 695 2366 1085 694 2366 1075 694 2367 1075 695 2360 1075 696 2366 1075 694 2360 1075 696 2362 1075 697 2364 1076 692 2366 1076 694 2362 1076 698 2364 1076 692 2362 1076 698 2363 1076 699 2363 1086 700 2361 1086 701 2364 1086 692 2365 1086 693 2364 1086 692 2361 1086 701 2361 1078 702 2360 1078 703 2365 1078 704 2367 1078 705 2365 1078 704 2360 1078 703 2368 1087 688 2369 1087 689 2370 1087 690 2370 1088 690 2369 1088 689 2371 1088 691 2372 1083 692 2373 1083 693 2374 1083 694 2373 1083 693 2375 1083 695 2374 1083 694 2368 1075 696 2374 1075 694 2375 1075 695 2374 1075 694 2368 1075 696 2370 1075 697 2372 1076 692 2374 1076 694 2370 1076 698 2372 1076 692 2370 1076 698 2371 1076 699 2371 1086 700 2369 1086 701 2372 1086 692 2373 1086 693 2372 1086 692 2369 1086 701 2369 1078 702 2368 1078 703 2373 1078 704 2375 1078 705 2373 1078 704 2368 1078 703 2376 1096 691 2377 1096 690 2378 1096 689 2377 1096 690 2379 1096 688 2378 1096 689 2380 1097 694 2381 1097 693 2382 1097 695 2381 1098 693 2380 1098 694 2383 1098 692 2380 1099 694 2382 1099 695 2379 1099 696 2380 1099 694 2379 1099 696 2377 1099 697 2380 1100 694 2376 1100 699 2383 1100 692 2376 1100 699 2380 1100 694 2377 1100 698 2376 1101 700 2381 1101 693 2383 1101 692 2381 1101 693 2376 1101 700 2378 1101 701 2378 1102 702 2379 1102 703 2381 1102 704 2382 1102 705 2381 1102 704 2379 1102 703 2384 1096 691 2385 1096 690 2386 1096 689 2385 1096 690 2387 1096 688 2386 1096 689 2388 1103 694 2389 1103 693 2390 1103 695 2389 1103 693 2388 1103 694 2391 1103 692 2388 1099 694 2390 1099 695 2387 1099 696 2388 1099 694 2387 1099 696 2385 1099 697 2391 1100 692 2388 1100 694 2385 1100 698 2391 1100 692 2385 1100 698 2384 1100 699 2384 1101 700 2386 1101 701 2391 1101 692 2389 1101 693 2391 1101 692 2386 1101 701 2386 1102 702 2387 1102 703 2389 1102 704 2390 1102 705 2389 1102 704 2387 1102 703 2392 1082 691 2393 1082 690 2394 1082 689 2393 1082 690 2395 1082 688 2394 1082 689 2396 1083 694 2397 1083 693 2398 1083 695 2397 1083 693 2396 1083 694 2399 1083 692 2396 1104 694 2398 1104 695 2395 1104 696 2396 1104 694 2395 1104 696 2393 1104 697 2399 1105 692 2396 1105 694 2393 1105 698 2399 1105 692 2393 1105 698 2392 1105 699 2397 1106 693 2399 1106 692 2392 1106 700 2397 1106 693 2392 1106 700 2394 1106 701 2398 1107 705 2397 1107 704 2394 1107 702 2398 1107 705 2394 1107 702 2395 1107 703 2400 1082 691 2401 1082 690 2402 1082 689 2401 1082 690 2403 1082 688 2402 1082 689 2404 1108 694 2405 1108 693 2406 1108 695 2405 1083 693 2404 1083 694 2407 1083 692 2404 1099 694 2406 1099 695 2403 1099 696 2404 1099 694 2403 1099 696 2401 1099 697 2407 1109 692 2404 1109 694 2401 1109 698 2407 1109 692 2401 1109 698 2400 1109 699 2405 1110 693 2407 1110 692 2400 1110 700 2405 1110 693 2400 1110 700 2402 1110 701 2402 1111 702 2403 1111 703 2405 1111 704 2406 1111 705 2405 1111 704 2403 1111 703</p>
      </polylist>
      <polylist material="symbol_shelf_$Material_24" count="275">
        <input semantic="VERTEX" source="#verts" offset="0"/>
        <input semantic="NORMAL" source="#norm" offset="1"/>
        <input semantic="TEXCOORD" source="#uv" offset="2" set="0"/>
        <vcount>3 3 3 3 3 3 3 3 3 3 3 3 3 3 3 3 3 3 3 3 3 3 3 3 3 3 3 3 3 3 3 3 3 3 3 3 3 3 3 3 3 3 3 3 3 3 3 3 3 3 3 3 3 3 3 3 3 3 3 3 3 3 3 3 3 3 3 3 3 3 3 3 3 3 3 3 3 3 3 3 3 3 3 3 3 3 3 3 3 3 3 3 3 3 3 3 3 3 3 3 3 3 3 3 3 3 3 3 3 3 3 3 3 3 3 3 3 3 3 3 3 3 3 3 3 3 3 3 3 3 3 3 3 3 3 3 3 3 3 3 3 3 3 3 3 3 3 3 3 3 3 3 3 3 3 3 3 3 3 3 3 3 3 3 3 3 3 3 3 3 3 3 3 3 3 3 3 3 3 3 3 3 3 3 3 3 3 3 3 3 3 3 3 3 3 3 3 3 3 3 3 3 3 3 3 3 3 3 3 3 3 3 3 3 3 3 3 3 3 3 3 3 3 3 3 3 3 3 3 3 3 3 3 3 3 3 3 3 3 3 3 3 3 3 3 3 3 3 3 3 3 3 3 3 3 3 3 3 3 3 3 3 3 3 3 3 3 3 3 3 3 3 3 3 3</vcount>
        <p>760 200 426 761 200 427 762 200 428 762 200 428 761 200 427 763 200 429 761 201 430 764 201 431 763 201 432 764 201 431 765 201 433 763 201 432 762 202 434 766 202 435 760 202 436 766 202 435 767 202 437 760 202 436 767 202 437 766 202 435 768 202 438 766 203 435 765 203 439 768 203 438 760 204 440 767 204 441 761 204 442 767 205 441 764 205 443 761 205 442 768 206 444 765 206 445 767 206 446 767 207 446 765 207 445 764 207 447 762 208 448 763 208 449 766 208 450 766 209 450 763 209 449 765 209 451 769 210 428 770 210 426 771 210 429 770 210 426 772 210 427 771 210 429 772 211 430 773 211 431 771 211 432 773 211 431 774 211 433 771 211 432 769 212 434 775 212 435 770 212 436 775 213 435 776 213 437 770 213 436 776 202 437 775 202 435 777 202 438 775 214 435 774 214 452 777 214 438 770 215 440 776 215 441 773 215 443 770 215 440 773 215 443 772 215 442 777 216 444 774 216 445 776 216 446 776 217 446 774 217 445 773 217 447 769 218 448 771 218 449 775 218 450 775 219 450 771 219 449 774 219 451 778 220 426 779 220 427 780 220 428 780 221 428 779 221 427 781 221 429 779 201 430 782 201 431 781 201 432 782 201 431 783 201 433 781 201 432 780 202 434 784 202 435 778 202 436 784 202 435 785 202 437 778 202 436 785 202 437 784 202 435 786 202 438 784 222 435 783 222 439 786 222 438 778 204 440 785 204 441 779 204 442 785 205 441 782 205 443 779 205 442 786 223 444 783 223 445 785 223 446 785 224 446 783 224 445 782 224 447 780 208 448 781 208 449 784 208 450 784 209 450 781 209 449 783 209 451 787 225 426 788 225 427 789 225 428 789 226 428 788 226 427 790 226 429 791 201 433 790 201 432 792 201 431 792 201 431 790 201 432 788 201 430 787 202 436 789 202 434 793 202 435 787 202 436 793 202 435 794 202 437 793 227 435 791 227 453 794 227 437 787 228 440 794 228 441 788 228 442 794 229 441 792 229 443 788 229 442 795 230 444 792 230 447 794 230 446 792 231 447 795 231 444 791 231 445 789 232 448 790 232 449 793 232 450 793 233 450 790 233 449 791 233 451 1172 428 496 1173 428 497 1174 428 498 1174 428 498 1173 428 497 1175 428 499 1173 429 500 1176 429 501 1175 429 502 1176 429 501 1177 429 503 1175 429 502 1174 430 504 1178 430 505 1172 430 506 1178 430 505 1179 430 507 1172 430 506 1179 430 507 1178 430 505 1180 430 508 1178 431 505 1177 431 509 1180 431 508 1172 432 510 1179 432 511 1173 432 512 1179 433 511 1176 433 513 1173 433 512 1180 434 514 1177 434 515 1179 434 516 1179 435 516 1177 435 515 1176 435 517 1174 436 518 1175 436 519 1178 436 520 1178 437 520 1175 437 519 1177 437 521 1181 438 498 1182 438 496 1183 438 499 1182 438 496 1184 438 497 1183 438 499 1184 439 500 1185 439 501 1183 439 502 1185 439 501 1186 439 503 1183 439 502 1181 440 504 1187 440 505 1182 440 506 1187 441 505 1188 441 507 1182 441 506 1188 430 507 1187 430 505 1189 430 508 1187 442 505 1186 442 522 1189 442 508 1182 443 510 1188 443 511 1185 443 513 1182 443 510 1185 443 513 1184 443 512 1189 444 514 1186 444 515 1188 444 516 1188 445 516 1186 445 515 1185 445 517 1181 446 518 1183 446 519 1187 446 520 1187 447 520 1183 447 519 1186 447 521 1190 448 496 1191 448 497 1192 448 498 1192 449 498 1191 449 497 1193 449 499 1191 429 500 1194 429 501 1193 429 502 1194 429 501 1195 429 503 1193 429 502 1192 430 504 1196 430 505 1190 430 506 1196 430 505 1197 430 507 1190 430 506 1197 430 507 1196 430 505 1198 430 508 1196 450 505 1195 450 509 1198 450 508 1190 432 510 1197 432 511 1191 432 512 1197 433 511 1194 433 513 1191 433 512 1198 451 514 1195 451 515 1197 451 516 1197 452 516 1195 452 515 1194 452 517 1192 436 518 1193 436 519 1196 436 520 1196 437 520 1193 437 519 1195 437 521 1199 453 496 1200 453 497 1201 453 498 1201 454 498 1200 454 497 1202 454 499 1203 429 503 1202 429 502 1204 429 501 1204 429 501 1202 429 502 1200 429 500 1199 430 506 1201 430 504 1205 430 505 1199 430 506 1205 430 505 1206 430 507 1205 455 505 1203 455 523 1206 455 507 1199 456 510 1206 456 511 1200 456 512 1206 457 511 1204 457 513 1200 457 512 1207 458 514 1204 458 517 1206 458 516 1204 459 517 1207 459 514 1203 459 515 1201 460 518 1202 460 519 1205 460 520 1205 461 520 1202 461 519 1203 461 521 1584 656 566 1585 656 567 1586 656 568 1586 656 568 1585 656 567 1587 656 569 1585 657 570 1588 657 571 1587 657 572 1588 657 571 1589 657 573 1587 657 572 1586 658 574 1590 658 575 1584 658 576 1590 658 575 1591 658 577 1584 658 576 1591 658 577 1590 658 575 1592 658 578 1590 659 575 1589 659 579 1592 659 578 1584 660 580 1591 660 581 1585 660 582 1591 661 581 1588 661 583 1585 661 582 1592 662 584 1589 662 585 1591 662 586 1591 663 586 1589 663 585 1588 663 587 1586 664 588 1587 664 589 1590 664 590 1590 665 590 1587 665 589 1589 665 591 1593 666 568 1594 666 566 1595 666 569 1594 666 566 1596 666 567 1595 666 569 1596 667 570 1597 667 571 1595 667 572 1597 667 571 1598 667 573 1595 667 572 1593 668 574 1599 668 575 1594 668 576 1599 669 575 1600 669 577 1594 669 576 1600 658 577 1599 658 575 1601 658 578 1599 670 575 1598 670 592 1601 670 578 1594 671 580 1600 671 581 1597 671 583 1594 671 580 1597 671 583 1596 671 582 1601 672 584 1598 672 585 1600 672 586 1600 673 586 1598 673 585 1597 673 587 1593 674 588 1595 674 589 1599 674 590 1599 675 590 1595 675 589 1598 675 591 1602 676 566 1603 676 567 1604 676 568 1604 677 568 1603 677 567 1605 677 569 1603 657 570 1606 657 571 1605 657 572 1606 657 571 1607 657 573 1605 657 572 1604 658 574 1608 658 575 1602 658 576 1608 658 575 1609 658 577 1602 658 576 1609 658 577 1608 658 575 1610 658 578 1608 678 575 1607 678 579 1610 678 578 1602 660 580 1609 660 581 1603 660 582 1609 661 581 1606 661 583 1603 661 582 1610 679 584 1607 679 585 1609 679 586 1609 680 586 1607 680 585 1606 680 587 1604 664 588 1605 664 589 1608 664 590 1608 665 590 1605 665 589 1607 665 591 1611 681 566 1612 681 567 1613 681 568 1613 682 568 1612 682 567 1614 682 569 1615 657 573 1614 657 572 1616 657 571 1616 657 571 1614 657 572 1612 657 570 1611 658 576 1613 658 574 1617 658 575 1611 658 576 1617 658 575 1618 658 577 1617 683 575 1615 683 593 1618 683 577 1611 684 580 1618 684 581 1612 684 582 1618 685 581 1616 685 583 1612 685 582 1619 686 584 1616 686 587 1618 686 586 1616 687 587 1619 687 584 1615 687 585 1613 688 588 1614 688 589 1617 688 590 1617 689 590 1614 689 589 1615 689 591 1996 884 636 1997 884 637 1998 884 638 1998 884 638 1997 884 637 1999 884 639 1997 885 640 2000 885 641 1999 885 642 2000 885 641 2001 885 643 1999 885 642 1998 886 644 2002 886 645 1996 886 646 2002 886 645 2003 886 647 1996 886 646 2003 886 647 2002 886 645 2004 886 648 2002 887 645 2001 887 649 2004 887 648 1996 888 650 2003 888 651 1997 888 652 2003 889 651 2000 889 653 1997 889 652 2004 890 654 2001 890 655 2003 890 656 2003 891 656 2001 891 655 2000 891 657 1998 892 658 1999 892 659 2002 892 660 2002 893 660 1999 893 659 2001 893 661 2005 894 638 2006 894 636 2007 894 639 2006 894 636 2008 894 637 2007 894 639 2008 895 640 2009 895 641 2007 895 642 2009 895 641 2010 895 643 2007 895 642 2005 896 644 2011 896 645 2006 896 646 2011 897 645 2012 897 647 2006 897 646 2012 886 647 2011 886 645 2013 886 648 2011 898 645 2010 898 662 2013 898 648 2006 899 650 2012 899 651 2009 899 653 2006 899 650 2009 899 653 2008 899 652 2013 900 654 2010 900 655 2012 900 656 2012 901 656 2010 901 655 2009 901 657 2005 902 658 2007 902 659 2011 902 660 2011 903 660 2007 903 659 2010 903 661 2014 904 636 2015 904 637 2016 904 638 2016 905 638 2015 905 637 2017 905 639 2015 885 640 2018 885 641 2017 885 642 2018 885 641 2019 885 643 2017 885 642 2016 886 644 2020 886 645 2014 886 646 2020 886 645 2021 886 647 2014 886 646 2021 886 647 2020 886 645 2022 886 648 2020 906 645 2019 906 649 2022 906 648 2014 888 650 2021 888 651 2015 888 652 2021 889 651 2018 889 653 2015 889 652 2022 907 654 2019 907 655 2021 907 656 2021 908 656 2019 908 655 2018 908 657 2016 892 658 2017 892 659 2020 892 660 2020 893 660 2017 893 659 2019 893 661 2023 909 636 2024 909 637 2025 909 638 2025 910 638 2024 910 637 2026 910 639 2027 885 643 2026 885 642 2028 885 641 2028 885 641 2026 885 642 2024 885 640 2023 886 646 2025 886 644 2029 886 645 2023 886 646 2029 886 645 2030 886 647 2029 911 645 2027 911 663 2030 911 647 2023 912 650 2030 912 651 2024 912 652 2030 913 651 2028 913 653 2024 913 652 2031 914 654 2028 914 657 2030 914 656 2028 915 657 2031 915 654 2027 915 655 2025 916 658 2026 916 659 2029 916 660 2029 917 660 2026 917 659 2027 917 661 2408 1112 706 2409 1112 707 2410 1112 708 2410 1112 708 2409 1112 707 2411 1112 709 2409 1113 710 2412 1113 711 2411 1113 712 2412 1113 711 2413 1113 713 2411 1113 712 2410 1114 714 2414 1114 715 2408 1114 716 2414 1114 715 2415 1114 717 2408 1114 716 2415 1114 717 2414 1114 715 2416 1114 718 2414 1115 715 2413 1115 719 2416 1115 718 2408 1116 720 2415 1116 721 2409 1116 722 2415 1117 721 2412 1117 723 2409 1117 722 2416 1118 724 2413 1118 725 2415 1118 726 2415 1119 726 2413 1119 725 2412 1119 727 2410 1120 728 2411 1120 729 2414 1120 730 2414 1121 730 2411 1121 729 2413 1121 731 2417 1122 708 2418 1122 706 2419 1122 709 2418 1122 706 2420 1122 707 2419 1122 709 2420 1123 710 2421 1123 711 2419 1123 712 2421 1123 711 2422 1123 713 2419 1123 712 2417 1124 714 2423 1124 715 2418 1124 716 2423 1125 715 2424 1125 717 2418 1125 716 2424 1114 717 2423 1114 715 2425 1114 718 2423 1126 715 2422 1126 732 2425 1126 718 2418 1127 720 2424 1127 721 2421 1127 723 2418 1127 720 2421 1127 723 2420 1127 722 2425 1128 724 2422 1128 725 2424 1128 726 2424 1129 726 2422 1129 725 2421 1129 727 2417 1130 728 2419 1130 729 2423 1130 730 2423 1131 730 2419 1131 729 2422 1131 731 2426 1132 706 2427 1132 707 2428 1132 708 2428 1133 708 2427 1133 707 2429 1133 709 2427 1113 710 2430 1113 711 2429 1113 712 2430 1113 711 2431 1113 713 2429 1113 712 2428 1114 714 2432 1114 715 2426 1114 716 2432 1114 715 2433 1114 717 2426 1114 716 2433 1114 717 2432 1114 715 2434 1114 718 2432 1134 715 2431 1134 719 2434 1134 718 2426 1116 720 2433 1116 721 2427 1116 722 2433 1117 721 2430 1117 723 2427 1117 722 2434 1135 724 2431 1135 725 2433 1135 726 2433 1136 726 2431 1136 725 2430 1136 727 2428 1120 728 2429 1120 729 2432 1120 730 2432 1121 730 2429 1121 729 2431 1121 731 2435 1137 706 2436 1137 707 2437 1137 708 2437 1138 708 2436 1138 707 2438 1138 709 2439 1113 713 2438 1113 712 2440 1113 711 2440 1113 711 2438 1113 712 2436 1113 710 2435 1114 716 2437 1114 714 2441 1114 715 2435 1114 716 2441 1114 715 2442 1114 717 2441 1139 715 2439 1139 733 2442 1139 717 2435 1140 720 2442 1140 721 2436 1140 722 2442 1141 721 2440 1141 723 2436 1141 722 2443 1142 724 2440 1142 727 2442 1142 726 2440 1143 727 2443 1143 724 2439 1143 725 2437 1144 728 2438 1144 729 2441 1144 730 2441 1145 730 2438 1145 729 2439 1145 731</p>
      </polylist>
      <polylist material="symbol_boxes_$Material_0" count="1008">
        <input semantic="VERTEX" source="#verts" offset="0"/>
        <input semantic="NORMAL" source="#norm" offset="1"/>
        <input semantic="TEXCOORD" source="#uv" offset="2" set="0"/>
        <vcount>3 3 3 3 3 3 3 3 3 3 3 3 3 3 3 3 3 3 3 3 3 3 3 3 3 3 3 3 3 3 3 3 3 3 3 3 3 3 3 3 3 3 3 3 3 3 3 3 3 3 3 3 3 3 3 3 3 3 3 3 3 3 3 3 3 3 3 3 3 3 3 3 3 3 3 3 3 3 3 3 3 3 3 3 3 3 3 3 3 3 3 3 3 3 3 3 3 3 3 3 3 3 3 3 3 3 3 3 3 3 3 3 3 3 3 3 3 3 3 3 3 3 3 3 3 3 3 3 3 3 3 3 3 3 3 3 3 3 3 3 3 3 3 3 3 3 3 3 3 3 3 3 3 3 3 3 3 3 3 3 3 3 3 3 3 3 3 3 3 3 3 3 3 3 3 3 3 3 3 3 3 3 3 3 3 3 3 3 3 3 3 3 3 3 3 3 3 3 3 3 3 3 3 3 3 3 3 3 3 3 3 3 3 3 3 3 3 3 3 3 3 3 3 3 3 3 3 3 3 3 3 3 3 3 3 3 3 3 3 3 3 3 3 3 3 3 3 3 3 3 3 3 3 3 3 3 3 3 3 3 3 3 3 3 3 3 3 3 3 3 3 3 3 3 3 3 3 3 3 3 3 3 3 3 3 3 3 3 3 3 3 3 3 3 3 3 3 3 3 3 3 3 3 3 3 3 3 3 3 3 3 3 3 3 3 3 3 3 3 3 3 3 3 3 3 3 3 3 3 3 3 3 3 3 3 3 3 3 3 3 3 3 3 3 3 3 3 3 3 3 3 3 3 3 3 3 3 3 3 3 3 3 3 3 3 3 3 3 3 3 3 3 3 3 3 3 3 3 3 3 3 3 3 3 3 3 3 3 3 3 3 3 3 3 3 3 3 3 3 3 3 3 3 3 3 3 3 3 3 3 3 3 3 3 3 3 3 3 3 3 3 3 3 3 3 3 3 3 3 3 3 3 3 3 3 3 3 3 3 3 3 3 3 3 3 3 3 3 3 3 3 3 3 3 3 3 3 3 3 3 3 3 3 3 3 3 3 3 3 3 3 3 3 3 3 3 3 3 3 3 3 3 3 3 3 3 3 3 3 3 3 3 3 3 3 3 3 3 3 3 3 3 3 3 3 3 3 3 3 3 3 3 3 3 3 3 3 3 3 3 3 3 3 3 3 3 3 3 3 3 3 3 3 3 3 3 3 3 3 3 3 3 3 3 3 3 3 3 3 3 3 3 3 3 3 3 3 3 3 3 3 3 3 3 3 3 3 3 3 3 3 3 3 3 3 3 3 3 3 3 3 3 3 3 3 3 3 3 3 3 3 3 3 3 3 3 3 3 3 3 3 3 3 3 3 3 3 3 3 3 3 3 3 3 3 3 3 3 3 3 3 3 3 3 3 3 3 3 3 3 3 3 3 3 3 3 3 3 3 3 3 3 3 3 3 3 3 3 3 3 3 3 3 3 3 3 3 3 3 3 3 3 3 3 3 3 3 3 3 3 3 3 3 3 3 3 3 3 3 3 3 3 3 3 3 3 3 3 3 3 3 3 3 3 3 3 3 3 3 3 3 3 3 3 3 3 3 3 3 3 3 3 3 3 3 3 3 3 3 3 3 3 3 3 3 3 3 3 3 3 3 3 3 3 3 3 3 3 3 3 3 3 3 3 3 3 3 3 3 3 3 3 3 3 3 3 3 3 3 3 3 3 3 3 3 3 3 3 3 3 3 3 3 3 3 3 3 3 3 3 3 3 3 3 3 3 3 3 3 3 3 3 3 3 3 3 3 3 3 3 3 3 3 3 3 3 3 3 3 3 3 3 3 3 3 3 3 3 3 3 3 3 3 3 3 3 3 3 3 3 3 3 3 3 3 3 3 3 3 3 3 3 3 3 3 3 3 3 3 3 3 3 3 3 3 3 3 3 3 3 3 3 3 3 3 3 3 3 3 3 3 3 3 3 3 3 3 3 3 3 3 3 3 3 3 3 3 3 3 3 3 3 3 3 3 3 3 3 3 3 3 3 3 3 3 3 3 3 3 3 3 3 3 3 3 3 3 3 3 3 3 3 3 3 3 3 3 3 3 3 3 3 3 3 3 3 3 3 3 3 3 3 3 3 3 3 3 3 3 3 3 3 3 3 3 3 3 3 3 3 3 3 3 3 3 3 3 3 3 3 3 3 3 3 3 3 3 3 3 3 3 3 3 3 3 3 3 3 3 3 3 3 3 3 3 3 3 3 3 3 3 3 3 3 3 3 3 3</vcount>
        <p>2444 1146 734 2445 1146 735 2446 1146 736 2445 1146 735 2444 1146 734 2447 1146 737 2447 1147 738 2448 1147 739 2445 1147 740 2448 1147 739 2447 1147 738 2449 1147 741 2450 1148 742 2444 1148 743 2446 1148 744 2444 1148 743 2450 1148 742 2451 1148 745 2452 1148 746 2451 1148 745 2450 1148 742 2451 1149 747 2447 1149 748 2444 1149 749 2447 1149 748 2451 1149 747 2449 1149 750 2451 1150 751 2452 1150 752 2448 1150 753 2451 1151 751 2448 1151 753 2449 1151 754 2450 1152 755 2448 1152 756 2452 1152 757 2448 1153 756 2450 1153 755 2445 1153 758 2450 1154 755 2446 1154 759 2445 1154 758 2453 1155 734 2454 1155 735 2455 1155 736 2454 1155 735 2453 1155 734 2456 1155 737 2456 1147 738 2457 1147 739 2454 1147 740 2457 1147 739 2456 1147 738 2458 1147 741 2459 1148 745 2460 1148 742 2461 1148 746 2453 1148 743 2460 1148 742 2459 1148 745 2460 1148 742 2453 1148 743 2455 1148 744 2459 1156 747 2456 1156 748 2453 1156 749 2456 1157 748 2459 1157 747 2458 1157 750 2459 1158 751 2461 1158 752 2457 1158 753 2459 1159 751 2457 1159 753 2458 1159 754 2460 1160 755 2457 1160 756 2461 1160 757 2457 1161 756 2460 1161 755 2454 1161 758 2460 1162 755 2455 1162 759 2454 1162 758 2462 1155 734 2463 1155 735 2464 1155 736 2463 1155 735 2462 1155 734 2465 1155 737 2465 1147 738 2466 1147 739 2463 1147 740 2466 1147 739 2465 1147 738 2467 1147 741 2468 1148 745 2469 1148 742 2470 1148 746 2462 1148 743 2469 1148 742 2468 1148 745 2469 1148 742 2462 1148 743 2464 1148 744 2468 1156 747 2465 1156 748 2462 1156 749 2465 1163 748 2468 1163 747 2467 1163 750 2468 1158 751 2470 1158 752 2466 1158 753 2468 1164 751 2466 1164 753 2467 1164 754 2469 1160 755 2466 1160 756 2470 1160 757 2466 1165 756 2469 1165 755 2463 1165 758 2469 1162 755 2464 1162 759 2463 1162 758 2471 1155 734 2472 1155 735 2473 1155 736 2472 1155 735 2471 1155 734 2474 1155 737 2474 1147 738 2475 1147 739 2472 1147 740 2475 1147 739 2474 1147 738 2476 1147 741 2477 1148 745 2478 1148 742 2479 1148 746 2471 1148 743 2478 1148 742 2477 1148 745 2478 1148 742 2471 1148 743 2473 1148 744 2477 1156 747 2474 1156 748 2471 1156 749 2474 1166 748 2477 1166 747 2476 1166 750 2477 1158 751 2479 1158 752 2475 1158 753 2477 1167 751 2475 1167 753 2476 1167 754 2478 1160 755 2475 1160 756 2479 1160 757 2475 1168 756 2478 1168 755 2472 1168 758 2478 1162 755 2473 1162 759 2472 1162 758 2480 1169 734 2481 1169 735 2482 1169 736 2481 1169 735 2480 1169 734 2483 1169 737 2483 1147 738 2484 1147 739 2481 1147 740 2484 1147 739 2483 1147 738 2485 1147 741 2486 1148 745 2487 1148 742 2488 1148 746 2480 1148 743 2487 1148 742 2486 1148 745 2487 1148 742 2480 1148 743 2482 1148 744 2486 1170 747 2483 1170 748 2480 1170 749 2483 1170 748 2486 1170 747 2485 1170 750 2486 1171 751 2488 1171 752 2484 1171 753 2486 1171 751 2484 1171 753 2485 1171 754 2487 1172 755 2484 1172 756 2488 1172 757 2484 1173 756 2487 1173 755 2481 1173 758 2487 1174 755 2482 1174 759 2481 1174 758 2489 1169 734 2490 1169 735 2491 1169 736 2490 1169 735 2489 1169 734 2492 1169 737 2492 1147 738 2493 1147 739 2490 1147 740 2493 1147 739 2492 1147 738 2494 1147 741 2495 1148 745 2496 1148 742 2497 1148 746 2489 1148 743 2496 1148 742 2495 1148 745 2496 1148 742 2489 1148 743 2491 1148 744 2495 1170 747 2492 1170 748 2489 1170 749 2492 1170 748 2495 1170 747 2494 1170 750 2495 1171 751 2497 1171 752 2493 1171 753 2495 1171 751 2493 1171 753 2494 1171 754 2496 1172 755 2493 1172 756 2497 1172 757 2493 1173 756 2496 1173 755 2490 1173 758 2496 1174 755 2491 1174 759 2490 1174 758 2498 1169 734 2499 1169 735 2500 1169 736 2499 1169 735 2498 1169 734 2501 1169 737 2501 1147 738 2502 1147 739 2499 1147 740 2502 1147 739 2501 1147 738 2503 1147 741 2504 1148 745 2505 1148 742 2506 1148 746 2498 1148 743 2505 1148 742 2504 1148 745 2505 1148 742 2498 1148 743 2500 1148 744 2504 1170 747 2501 1170 748 2498 1170 749 2501 1170 748 2504 1170 747 2503 1170 750 2504 1171 751 2506 1171 752 2502 1171 753 2504 1171 751 2502 1171 753 2503 1171 754 2505 1172 755 2502 1172 756 2506 1172 757 2502 1175 756 2505 1175 755 2499 1175 758 2505 1174 755 2500 1174 759 2499 1174 758 2507 1176 734 2508 1176 735 2509 1176 736 2508 1176 735 2507 1176 734 2510 1176 737 2510 1147 738 2511 1147 739 2508 1147 740 2511 1147 739 2510 1147 738 2512 1147 741 2513 1148 745 2514 1148 742 2515 1148 746 2507 1148 743 2514 1148 742 2513 1148 745 2514 1148 742 2507 1148 743 2509 1148 744 2513 1177 747 2510 1177 748 2507 1177 749 2510 1177 748 2513 1177 747 2512 1177 750 2513 1178 751 2515 1178 752 2511 1178 753 2513 1178 751 2511 1178 753 2512 1178 754 2514 1179 755 2511 1179 756 2515 1179 757 2511 1180 756 2514 1180 755 2508 1180 758 2514 1181 755 2509 1181 759 2508 1181 758 2516 1182 734 2517 1182 735 2518 1182 736 2517 1182 735 2516 1182 734 2519 1182 737 2519 1147 738 2520 1147 739 2517 1147 740 2520 1147 739 2519 1147 738 2521 1147 741 2522 1148 742 2516 1148 743 2518 1148 744 2516 1148 743 2522 1148 742 2523 1148 745 2524 1148 746 2523 1148 745 2522 1148 742 2523 1183 747 2519 1183 748 2516 1183 749 2519 1183 748 2523 1183 747 2521 1183 750 2523 1184 751 2524 1184 752 2520 1184 753 2523 1151 751 2520 1151 753 2521 1151 754 2522 1185 755 2520 1185 756 2524 1185 757 2520 1186 756 2522 1186 755 2517 1186 758 2522 1187 755 2518 1187 759 2517 1187 758 2525 1182 734 2526 1182 735 2527 1182 736 2526 1182 735 2525 1182 734 2528 1182 737 2528 1147 738 2529 1147 739 2526 1147 740 2529 1147 739 2528 1147 738 2530 1147 741 2531 1148 742 2525 1148 743 2527 1148 744 2525 1148 743 2531 1148 742 2532 1148 745 2533 1148 746 2532 1148 745 2531 1148 742 2532 1183 747 2528 1183 748 2525 1183 749 2528 1183 748 2532 1183 747 2530 1183 750 2532 1184 751 2533 1184 752 2529 1184 753 2532 1151 751 2529 1151 753 2530 1151 754 2531 1188 755 2529 1188 756 2533 1188 757 2529 1186 756 2531 1186 755 2526 1186 758 2531 1187 755 2527 1187 759 2526 1187 758 2534 1189 734 2535 1189 735 2536 1189 736 2535 1189 735 2534 1189 734 2537 1189 737 2537 1147 738 2538 1147 739 2535 1147 740 2538 1147 739 2537 1147 738 2539 1147 741 2540 1148 742 2534 1148 743 2536 1148 744 2534 1148 743 2540 1148 742 2541 1148 745 2542 1148 746 2541 1148 745 2540 1148 742 2541 1190 747 2537 1190 748 2534 1190 749 2537 1190 748 2541 1190 747 2539 1190 750 2541 1191 751 2542 1191 752 2538 1191 753 2541 1192 751 2538 1192 753 2539 1192 754 2540 1193 755 2538 1193 756 2542 1193 757 2538 1194 756 2540 1194 755 2535 1194 758 2540 1195 755 2536 1195 759 2535 1195 758 2543 1189 734 2544 1189 735 2545 1189 736 2544 1189 735 2543 1189 734 2546 1189 737 2546 1147 738 2547 1147 739 2544 1147 740 2547 1147 739 2546 1147 738 2548 1147 741 2549 1148 742 2543 1148 743 2545 1148 744 2543 1148 743 2549 1148 742 2550 1148 745 2551 1148 746 2550 1148 745 2549 1148 742 2550 1190 747 2546 1190 748 2543 1190 749 2546 1190 748 2550 1190 747 2548 1190 750 2550 1191 751 2551 1191 752 2547 1191 753 2550 1192 751 2547 1192 753 2548 1192 754 2549 1196 755 2547 1196 756 2551 1196 757 2547 1197 756 2549 1197 755 2544 1197 758 2549 1195 755 2545 1195 759 2544 1195 758 2552 1189 734 2553 1189 735 2554 1189 736 2553 1189 735 2552 1189 734 2555 1189 737 2555 1147 738 2556 1147 739 2553 1147 740 2556 1147 739 2555 1147 738 2557 1147 741 2558 1148 742 2552 1148 743 2554 1148 744 2552 1148 743 2558 1148 742 2559 1148 745 2560 1148 746 2559 1148 745 2558 1148 742 2559 1190 747 2555 1190 748 2552 1190 749 2555 1190 748 2559 1190 747 2557 1190 750 2559 1198 751 2560 1198 752 2556 1198 753 2559 1192 751 2556 1192 753 2557 1192 754 2558 1199 755 2556 1199 756 2560 1199 757 2556 1200 756 2558 1200 755 2553 1200 758 2558 1195 755 2554 1195 759 2553 1195 758 2561 1201 734 2562 1201 735 2563 1201 736 2562 1201 735 2561 1201 734 2564 1201 737 2564 1147 738 2565 1147 739 2562 1147 740 2565 1147 739 2564 1147 738 2566 1147 741 2567 1148 745 2568 1148 742 2569 1148 746 2561 1148 743 2568 1148 742 2567 1148 745 2568 1148 742 2561 1148 743 2563 1148 744 2567 1202 747 2564 1202 748 2561 1202 749 2564 1203 748 2567 1203 747 2566 1203 750 2567 1204 751 2569 1204 752 2565 1204 753 2567 1205 751 2565 1205 753 2566 1205 754 2568 1206 755 2565 1206 756 2569 1206 757 2565 1207 756 2568 1207 755 2562 1207 758 2568 1208 755 2563 1208 759 2562 1208 758 2570 1209 734 2571 1209 735 2572 1209 736 2571 1209 735 2570 1209 734 2573 1209 737 2573 1147 738 2574 1147 739 2571 1147 740 2574 1147 739 2573 1147 738 2575 1147 741 2576 1148 742 2570 1148 743 2572 1148 744 2570 1148 743 2576 1148 742 2577 1148 745 2578 1148 746 2577 1148 745 2576 1148 742 2577 1210 747 2573 1210 748 2570 1210 749 2573 1211 748 2577 1211 747 2575 1211 750 2577 1212 751 2578 1212 752 2574 1212 753 2577 1213 751 2574 1213 753 2575 1213 754 2576 1214 755 2574 1214 756 2578 1214 757 2574 1215 756 2576 1215 755 2571 1215 758 2576 1216 755 2572 1216 759 2571 1216 758 2579 1209 734 2580 1209 735 2581 1209 736 2580 1209 735 2579 1209 734 2582 1209 737 2582 1147 738 2583 1147 739 2580 1147 740 2583 1147 739 2582 1147 738 2584 1147 741 2585 1148 742 2579 1148 743 2581 1148 744 2579 1148 743 2585 1148 742 2586 1148 745 2587 1148 746 2586 1148 745 2585 1148 742 2586 1210 747 2582 1210 748 2579 1210 749 2582 1217 748 2586 1217 747 2584 1217 750 2586 1212 751 2587 1212 752 2583 1212 753 2586 1218 751 2583 1218 753 2584 1218 754 2585 1214 755 2583 1214 756 2587 1214 757 2583 1219 756 2585 1219 755 2580 1219 758 2585 1216 755 2581 1216 759 2580 1216 758 2588 1209 734 2589 1209 735 2590 1209 736 2589 1209 735 2588 1209 734 2591 1209 737 2591 1147 738 2592 1147 739 2589 1147 740 2592 1147 739 2591 1147 738 2593 1147 741 2594 1148 742 2588 1148 743 2590 1148 744 2588 1148 743 2594 1148 742 2595 1148 745 2596 1148 746 2595 1148 745 2594 1148 742 2595 1220 747 2591 1220 748 2588 1220 749 2591 1221 748 2595 1221 747 2593 1221 750 2595 1212 751 2596 1212 752 2592 1212 753 2595 1222 751 2592 1222 753 2593 1222 754 2594 1223 755 2592 1223 756 2596 1223 757 2592 1224 756 2594 1224 755 2589 1224 758 2594 1216 755 2590 1216 759 2589 1216 758 2597 1225 734 2598 1225 735 2599 1225 736 2598 1225 735 2597 1225 734 2600 1225 737 2600 1147 738 2601 1147 739 2598 1147 740 2601 1147 739 2600 1147 738 2602 1147 741 2603 1148 742 2597 1148 743 2599 1148 744 2597 1148 743 2603 1148 742 2604 1148 745 2605 1148 746 2604 1148 745 2603 1148 742 2604 1226 747 2600 1226 748 2597 1226 749 2600 1227 748 2604 1227 747 2602 1227 750 2604 1151 751 2605 1151 752 2601 1151 753 2604 1184 751 2601 1184 753 2602 1184 754 2603 1228 755 2601 1228 756 2605 1228 757 2601 1229 756 2603 1229 755 2598 1229 758 2603 1230 755 2599 1230 759 2598 1230 758 2606 1225 734 2607 1225 735 2608 1225 736 2607 1225 735 2606 1225 734 2609 1225 737 2609 1147 738 2610 1147 739 2607 1147 740 2610 1147 739 2609 1147 738 2611 1147 741 2612 1148 742 2606 1148 743 2608 1148 744 2606 1148 743 2612 1148 742 2613 1148 745 2614 1148 746 2613 1148 745 2612 1148 742 2613 1226 747 2609 1226 748 2606 1226 749 2609 1231 748 2613 1231 747 2611 1231 750 2613 1151 751 2614 1151 752 2610 1151 753 2613 1184 751 2610 1184 753 2611 1184 754 2612 1228 755 2610 1228 756 2614 1228 757 2610 1232 756 2612 1232 755 2607 1232 758 2612 1230 755 2608 1230 759 2607 1230 758 2615 1225 734 2616 1225 735 2617 1225 736 2616 1225 735 2615 1225 734 2618 1225 737 2618 1147 738 2619 1147 739 2616 1147 740 2619 1147 739 2618 1147 738 2620 1147 741 2621 1148 742 2615 1148 743 2617 1148 744 2615 1148 743 2621 1148 742 2622 1148 745 2623 1148 746 2622 1148 745 2621 1148 742 2622 1226 747 2618 1226 748 2615 1226 749 2618 1233 748 2622 1233 747 2620 1233 750 2622 1151 751 2623 1151 752 2619 1151 753 2622 1150 751 2619 1150 753 2620 1150 754 2621 1228 755 2619 1228 756 2623 1228 757 2619 1234 756 2621 1234 755 2616 1234 758 2621 1230 755 2617 1230 759 2616 1230 758 2624 1235 734 2625 1235 735 2626 1235 736 2625 1235 735 2624 1235 734 2627 1235 737 2627 1147 738 2628 1147 739 2625 1147 740 2628 1147 739 2627 1147 738 2629 1147 741 2630 1148 742 2624 1148 743 2626 1148 744 2624 1148 743 2630 1148 742 2631 1148 745 2632 1148 746 2631 1148 745 2630 1148 742 2631 1236 747 2627 1236 748 2624 1236 749 2627 1237 748 2631 1237 747 2629 1237 750 2631 1238 751 2632 1238 752 2628 1238 753 2631 1239 751 2628 1239 753 2629 1239 754 2630 1240 755 2628 1240 756 2632 1240 757 2628 1241 756 2630 1241 755 2625 1241 758 2630 1242 755 2626 1242 759 2625 1242 758 2633 1243 734 2634 1243 735 2635 1243 736 2634 1243 735 2633 1243 734 2636 1243 737 2636 1147 738 2637 1147 739 2634 1147 740 2637 1147 739 2636 1147 738 2638 1147 741 2639 1148 745 2640 1148 742 2641 1148 746 2633 1148 743 2640 1148 742 2639 1148 745 2640 1148 742 2633 1148 743 2635 1148 744 2639 1244 747 2636 1244 748 2633 1244 749 2636 1245 748 2639 1245 747 2638 1245 750 2639 1246 751 2641 1246 752 2637 1246 753 2639 1247 751 2637 1247 753 2638 1247 754 2640 1248 755 2637 1248 756 2641 1248 757 2637 1249 756 2640 1249 755 2634 1249 758 2640 1250 755 2635 1250 759 2634 1250 758 2642 1243 734 2643 1243 735 2644 1243 736 2643 1243 735 2642 1243 734 2645 1243 737 2645 1147 738 2646 1147 739 2643 1147 740 2646 1147 739 2645 1147 738 2647 1147 741 2648 1148 745 2649 1148 742 2650 1148 746 2642 1148 743 2649 1148 742 2648 1148 745 2649 1148 742 2642 1148 743 2644 1148 744 2648 1244 747 2645 1244 748 2642 1244 749 2645 1251 748 2648 1251 747 2647 1251 750 2648 1246 751 2650 1246 752 2646 1246 753 2648 1247 751 2646 1247 753 2647 1247 754 2649 1248 755 2646 1248 756 2650 1248 757 2646 1252 756 2649 1252 755 2643 1252 758 2649 1253 755 2644 1253 759 2643 1253 758 2651 1243 734 2652 1243 735 2653 1243 736 2652 1243 735 2651 1243 734 2654 1243 737 2654 1147 738 2655 1147 739 2652 1147 740 2655 1147 739 2654 1147 738 2656 1147 741 2657 1148 745 2658 1148 742 2659 1148 746 2651 1148 743 2658 1148 742 2657 1148 745 2658 1148 742 2651 1148 743 2653 1148 744 2657 1244 747 2654 1244 748 2651 1244 749 2654 1254 748 2657 1254 747 2656 1254 750 2657 1246 751 2659 1246 752 2655 1246 753 2657 1255 751 2655 1255 753 2656 1255 754 2658 1248 755 2655 1248 756 2659 1248 757 2655 1256 756 2658 1256 755 2652 1256 758 2658 1253 755 2653 1253 759 2652 1253 758 2660 1257 760 2661 1257 761 2662 1257 762 2661 1257 761 2660 1257 760 2663 1257 763 2663 1258 764 2664 1258 765 2661 1258 766 2664 1258 765 2663 1258 764 2665 1258 767 2666 1259 768 2660 1259 769 2662 1259 770 2660 1259 769 2666 1259 768 2667 1259 771 2668 1259 772 2667 1259 771 2666 1259 768 2667 1260 773 2663 1260 774 2660 1260 775 2663 1260 774 2667 1260 773 2665 1260 776 2667 1261 777 2668 1261 778 2664 1261 779 2667 1262 777 2664 1262 779 2665 1262 780 2666 1263 781 2664 1263 782 2668 1263 783 2664 1264 782 2666 1264 781 2661 1264 784 2666 1265 781 2662 1265 785 2661 1265 784 2669 1266 760 2670 1266 761 2671 1266 762 2670 1266 761 2669 1266 760 2672 1266 763 2672 1258 764 2673 1258 765 2670 1258 766 2673 1258 765 2672 1258 764 2674 1258 767 2675 1259 771 2676 1259 768 2677 1259 772 2669 1259 769 2676 1259 768 2675 1259 771 2676 1259 768 2669 1259 769 2671 1259 770 2675 1267 773 2672 1267 774 2669 1267 775 2672 1268 774 2675 1268 773 2674 1268 776 2675 1269 777 2677 1269 778 2673 1269 779 2675 1270 777 2673 1270 779 2674 1270 780 2676 1271 781 2673 1271 782 2677 1271 783 2673 1272 782 2676 1272 781 2670 1272 784 2676 1273 781 2671 1273 785 2670 1273 784 2678 1266 760 2679 1266 761 2680 1266 762 2679 1266 761 2678 1266 760 2681 1266 763 2681 1258 764 2682 1258 765 2679 1258 766 2682 1258 765 2681 1258 764 2683 1258 767 2684 1259 771 2685 1259 768 2686 1259 772 2678 1259 769 2685 1259 768 2684 1259 771 2685 1259 768 2678 1259 769 2680 1259 770 2684 1267 773 2681 1267 774 2678 1267 775 2681 1274 774 2684 1274 773 2683 1274 776 2684 1269 777 2686 1269 778 2682 1269 779 2684 1275 777 2682 1275 779 2683 1275 780 2685 1271 781 2682 1271 782 2686 1271 783 2682 1276 782 2685 1276 781 2679 1276 784 2685 1273 781 2680 1273 785 2679 1273 784 2687 1266 760 2688 1266 761 2689 1266 762 2688 1266 761 2687 1266 760 2690 1266 763 2690 1258 764 2691 1258 765 2688 1258 766 2691 1258 765 2690 1258 764 2692 1258 767 2693 1259 771 2694 1259 768 2695 1259 772 2687 1259 769 2694 1259 768 2693 1259 771 2694 1259 768 2687 1259 769 2689 1259 770 2693 1267 773 2690 1267 774 2687 1267 775 2690 1277 774 2693 1277 773 2692 1277 776 2693 1269 777 2695 1269 778 2691 1269 779 2693 1278 777 2691 1278 779 2692 1278 780 2694 1271 781 2691 1271 782 2695 1271 783 2691 1279 782 2694 1279 781 2688 1279 784 2694 1273 781 2689 1273 785 2688 1273 784 2696 1280 760 2697 1280 761 2698 1280 762 2697 1280 761 2696 1280 760 2699 1280 763 2699 1258 764 2700 1258 765 2697 1258 766 2700 1258 765 2699 1258 764 2701 1258 767 2702 1259 771 2703 1259 768 2704 1259 772 2696 1259 769 2703 1259 768 2702 1259 771 2703 1259 768 2696 1259 769 2698 1259 770 2702 1281 773 2699 1281 774 2696 1281 775 2699 1281 774 2702 1281 773 2701 1281 776 2702 1282 777 2704 1282 778 2700 1282 779 2702 1282 777 2700 1282 779 2701 1282 780 2703 1283 781 2700 1283 782 2704 1283 783 2700 1284 782 2703 1284 781 2697 1284 784 2703 1285 781 2698 1285 785 2697 1285 784 2705 1280 760 2706 1280 761 2707 1280 762 2706 1280 761 2705 1280 760 2708 1280 763 2708 1258 764 2709 1258 765 2706 1258 766 2709 1258 765 2708 1258 764 2710 1258 767 2711 1259 771 2712 1259 768 2713 1259 772 2705 1259 769 2712 1259 768 2711 1259 771 2712 1259 768 2705 1259 769 2707 1259 770 2711 1281 773 2708 1281 774 2705 1281 775 2708 1281 774 2711 1281 773 2710 1281 776 2711 1282 777 2713 1282 778 2709 1282 779 2711 1282 777 2709 1282 779 2710 1282 780 2712 1283 781 2709 1283 782 2713 1283 783 2709 1284 782 2712 1284 781 2706 1284 784 2712 1285 781 2707 1285 785 2706 1285 784 2714 1280 760 2715 1280 761 2716 1280 762 2715 1280 761 2714 1280 760 2717 1280 763 2717 1258 764 2718 1258 765 2715 1258 766 2718 1258 765 2717 1258 764 2719 1258 767 2720 1259 771 2721 1259 768 2722 1259 772 2714 1259 769 2721 1259 768 2720 1259 771 2721 1259 768 2714 1259 769 2716 1259 770 2720 1281 773 2717 1281 774 2714 1281 775 2717 1281 774 2720 1281 773 2719 1281 776 2720 1282 777 2722 1282 778 2718 1282 779 2720 1282 777 2718 1282 779 2719 1282 780 2721 1283 781 2718 1283 782 2722 1283 783 2718 1286 782 2721 1286 781 2715 1286 784 2721 1285 781 2716 1285 785 2715 1285 784 2723 1287 760 2724 1287 761 2725 1287 762 2724 1287 761 2723 1287 760 2726 1287 763 2726 1258 764 2727 1258 765 2724 1258 766 2727 1258 765 2726 1258 764 2728 1258 767 2729 1259 771 2730 1259 768 2731 1259 772 2723 1259 769 2730 1259 768 2729 1259 771 2730 1259 768 2723 1259 769 2725 1259 770 2729 1288 773 2726 1288 774 2723 1288 775 2726 1288 774 2729 1288 773 2728 1288 776 2729 1289 777 2731 1289 778 2727 1289 779 2729 1289 777 2727 1289 779 2728 1289 780 2730 1290 781 2727 1290 782 2731 1290 783 2727 1291 782 2730 1291 781 2724 1291 784 2730 1292 781 2725 1292 785 2724 1292 784 2732 1293 760 2733 1293 761 2734 1293 762 2733 1293 761 2732 1293 760 2735 1293 763 2735 1258 764 2736 1258 765 2733 1258 766 2736 1258 765 2735 1258 764 2737 1258 767 2738 1259 768 2732 1259 769 2734 1259 770 2732 1259 769 2738 1259 768 2739 1259 771 2740 1259 772 2739 1259 771 2738 1259 768 2739 1294 773 2735 1294 774 2732 1294 775 2735 1294 774 2739 1294 773 2737 1294 776 2739 1295 777 2740 1295 778 2736 1295 779 2739 1262 777 2736 1262 779 2737 1262 780 2738 1296 781 2736 1296 782 2740 1296 783 2736 1297 782 2738 1297 781 2733 1297 784 2738 1298 781 2734 1298 785 2733 1298 784 2741 1293 760 2742 1293 761 2743 1293 762 2742 1293 761 2741 1293 760 2744 1293 763 2744 1258 764 2745 1258 765 2742 1258 766 2745 1258 765 2744 1258 764 2746 1258 767 2747 1259 768 2741 1259 769 2743 1259 770 2741 1259 769 2747 1259 768 2748 1259 771 2749 1259 772 2748 1259 771 2747 1259 768 2748 1294 773 2744 1294 774 2741 1294 775 2744 1294 774 2748 1294 773 2746 1294 776 2748 1295 777 2749 1295 778 2745 1295 779 2748 1262 777 2745 1262 779 2746 1262 780 2747 1299 781 2745 1299 782 2749 1299 783 2745 1297 782 2747 1297 781 2742 1297 784 2747 1298 781 2743 1298 785 2742 1298 784 2750 1300 760 2751 1300 761 2752 1300 762 2751 1300 761 2750 1300 760 2753 1300 763 2753 1258 764 2754 1258 765 2751 1258 766 2754 1258 765 2753 1258 764 2755 1258 767 2756 1259 768 2750 1259 769 2752 1259 770 2750 1259 769 2756 1259 768 2757 1259 771 2758 1259 772 2757 1259 771 2756 1259 768 2757 1301 773 2753 1301 774 2750 1301 775 2753 1301 774 2757 1301 773 2755 1301 776 2757 1302 777 2758 1302 778 2754 1302 779 2757 1303 777 2754 1303 779 2755 1303 780 2756 1304 781 2754 1304 782 2758 1304 783 2754 1305 782 2756 1305 781 2751 1305 784 2756 1306 781 2752 1306 785 2751 1306 784 2759 1300 760 2760 1300 761 2761 1300 762 2760 1300 761 2759 1300 760 2762 1300 763 2762 1258 764 2763 1258 765 2760 1258 766 2763 1258 765 2762 1258 764 2764 1258 767 2765 1259 768 2759 1259 769 2761 1259 770 2759 1259 769 2765 1259 768 2766 1259 771 2767 1259 772 2766 1259 771 2765 1259 768 2766 1301 773 2762 1301 774 2759 1301 775 2762 1301 774 2766 1301 773 2764 1301 776 2766 1302 777 2767 1302 778 2763 1302 779 2766 1303 777 2763 1303 779 2764 1303 780 2765 1307 781 2763 1307 782 2767 1307 783 2763 1308 782 2765 1308 781 2760 1308 784 2765 1306 781 2761 1306 785 2760 1306 784 2768 1300 760 2769 1300 761 2770 1300 762 2769 1300 761 2768 1300 760 2771 1300 763 2771 1258 764 2772 1258 765 2769 1258 766 2772 1258 765 2771 1258 764 2773 1258 767 2774 1259 768 2768 1259 769 2770 1259 770 2768 1259 769 2774 1259 768 2775 1259 771 2776 1259 772 2775 1259 771 2774 1259 768 2775 1301 773 2771 1301 774 2768 1301 775 2771 1301 774 2775 1301 773 2773 1301 776 2775 1309 777 2776 1309 778 2772 1309 779 2775 1303 777 2772 1303 779 2773 1303 780 2774 1310 781 2772 1310 782 2776 1310 783 2772 1311 782 2774 1311 781 2769 1311 784 2774 1306 781 2770 1306 785 2769 1306 784 2777 1312 760 2778 1312 761 2779 1312 762 2778 1312 761 2777 1312 760 2780 1312 763 2780 1258 764 2781 1258 765 2778 1258 766 2781 1258 765 2780 1258 764 2782 1258 767 2783 1259 771 2784 1259 768 2785 1259 772 2777 1259 769 2784 1259 768 2783 1259 771 2784 1259 768 2777 1259 769 2779 1259 770 2783 1313 773 2780 1313 774 2777 1313 775 2780 1314 774 2783 1314 773 2782 1314 776 2783 1315 777 2785 1315 778 2781 1315 779 2783 1316 777 2781 1316 779 2782 1316 780 2784 1317 781 2781 1317 782 2785 1317 783 2781 1318 782 2784 1318 781 2778 1318 784 2784 1319 781 2779 1319 785 2778 1319 784 2786 1320 760 2787 1320 761 2788 1320 762 2787 1320 761 2786 1320 760 2789 1320 763 2789 1258 764 2790 1258 765 2787 1258 766 2790 1258 765 2789 1258 764 2791 1258 767 2792 1259 768 2786 1259 769 2788 1259 770 2786 1259 769 2792 1259 768 2793 1259 771 2794 1259 772 2793 1259 771 2792 1259 768 2793 1321 773 2789 1321 774 2786 1321 775 2789 1322 774 2793 1322 773 2791 1322 776 2793 1323 777 2794 1323 778 2790 1323 779 2793 1324 777 2790 1324 779 2791 1324 780 2792 1325 781 2790 1325 782 2794 1325 783 2790 1326 782 2792 1326 781 2787 1326 784 2792 1327 781 2788 1327 785 2787 1327 784 2795 1320 760 2796 1320 761 2797 1320 762 2796 1320 761 2795 1320 760 2798 1320 763 2798 1258 764 2799 1258 765 2796 1258 766 2799 1258 765 2798 1258 764 2800 1258 767 2801 1259 768 2795 1259 769 2797 1259 770 2795 1259 769 2801 1259 768 2802 1259 771 2803 1259 772 2802 1259 771 2801 1259 768 2802 1321 773 2798 1321 774 2795 1321 775 2798 1328 774 2802 1328 773 2800 1328 776 2802 1323 777 2803 1323 778 2799 1323 779 2802 1329 777 2799 1329 779 2800 1329 780 2801 1325 781 2799 1325 782 2803 1325 783 2799 1330 782 2801 1330 781 2796 1330 784 2801 1327 781 2797 1327 785 2796 1327 784 2804 1320 760 2805 1320 761 2806 1320 762 2805 1320 761 2804 1320 760 2807 1320 763 2807 1258 764 2808 1258 765 2805 1258 766 2808 1258 765 2807 1258 764 2809 1258 767 2810 1259 768 2804 1259 769 2806 1259 770 2804 1259 769 2810 1259 768 2811 1259 771 2812 1259 772 2811 1259 771 2810 1259 768 2811 1331 773 2807 1331 774 2804 1331 775 2807 1332 774 2811 1332 773 2809 1332 776 2811 1323 777 2812 1323 778 2808 1323 779 2811 1333 777 2808 1333 779 2809 1333 780 2810 1334 781 2808 1334 782 2812 1334 783 2808 1335 782 2810 1335 781 2805 1335 784 2810 1327 781 2806 1327 785 2805 1327 784 2813 1336 760 2814 1336 761 2815 1336 762 2814 1336 761 2813 1336 760 2816 1336 763 2816 1258 764 2817 1258 765 2814 1258 766 2817 1258 765 2816 1258 764 2818 1258 767 2819 1259 768 2813 1259 769 2815 1259 770 2813 1259 769 2819 1259 768 2820 1259 771 2821 1259 772 2820 1259 771 2819 1259 768 2820 1337 773 2816 1337 774 2813 1337 775 2816 1338 774 2820 1338 773 2818 1338 776 2820 1262 777 2821 1262 778 2817 1262 779 2820 1295 777 2817 1295 779 2818 1295 780 2819 1339 781 2817 1339 782 2821 1339 783 2817 1340 782 2819 1340 781 2814 1340 784 2819 1341 781 2815 1341 785 2814 1341 784 2822 1336 760 2823 1336 761 2824 1336 762 2823 1336 761 2822 1336 760 2825 1336 763 2825 1258 764 2826 1258 765 2823 1258 766 2826 1258 765 2825 1258 764 2827 1258 767 2828 1259 768 2822 1259 769 2824 1259 770 2822 1259 769 2828 1259 768 2829 1259 771 2830 1259 772 2829 1259 771 2828 1259 768 2829 1337 773 2825 1337 774 2822 1337 775 2825 1342 774 2829 1342 773 2827 1342 776 2829 1262 777 2830 1262 778 2826 1262 779 2829 1295 777 2826 1295 779 2827 1295 780 2828 1339 781 2826 1339 782 2830 1339 783 2826 1343 782 2828 1343 781 2823 1343 784 2828 1341 781 2824 1341 785 2823 1341 784 2831 1336 760 2832 1336 761 2833 1336 762 2832 1336 761 2831 1336 760 2834 1336 763 2834 1258 764 2835 1258 765 2832 1258 766 2835 1258 765 2834 1258 764 2836 1258 767 2837 1259 768 2831 1259 769 2833 1259 770 2831 1259 769 2837 1259 768 2838 1259 771 2839 1259 772 2838 1259 771 2837 1259 768 2838 1337 773 2834 1337 774 2831 1337 775 2834 1344 774 2838 1344 773 2836 1344 776 2838 1262 777 2839 1262 778 2835 1262 779 2838 1261 777 2835 1261 779 2836 1261 780 2837 1339 781 2835 1339 782 2839 1339 783 2835 1345 782 2837 1345 781 2832 1345 784 2837 1341 781 2833 1341 785 2832 1341 784 2840 1346 760 2841 1346 761 2842 1346 762 2841 1346 761 2840 1346 760 2843 1346 763 2843 1258 764 2844 1258 765 2841 1258 766 2844 1258 765 2843 1258 764 2845 1258 767 2846 1259 768 2840 1259 769 2842 1259 770 2840 1259 769 2846 1259 768 2847 1259 771 2848 1259 772 2847 1259 771 2846 1259 768 2847 1347 773 2843 1347 774 2840 1347 775 2843 1348 774 2847 1348 773 2845 1348 776 2847 1349 777 2848 1349 778 2844 1349 779 2847 1350 777 2844 1350 779 2845 1350 780 2846 1351 781 2844 1351 782 2848 1351 783 2844 1352 782 2846 1352 781 2841 1352 784 2846 1353 781 2842 1353 785 2841 1353 784 2849 1354 760 2850 1354 761 2851 1354 762 2850 1354 761 2849 1354 760 2852 1354 763 2852 1258 764 2853 1258 765 2850 1258 766 2853 1258 765 2852 1258 764 2854 1258 767 2855 1259 771 2856 1259 768 2857 1259 772 2849 1259 769 2856 1259 768 2855 1259 771 2856 1259 768 2849 1259 769 2851 1259 770 2855 1355 773 2852 1355 774 2849 1355 775 2852 1356 774 2855 1356 773 2854 1356 776 2855 1357 777 2857 1357 778 2853 1357 779 2855 1358 777 2853 1358 779 2854 1358 780 2856 1359 781 2853 1359 782 2857 1359 783 2853 1360 782 2856 1360 781 2850 1360 784 2856 1361 781 2851 1361 785 2850 1361 784 2858 1354 760 2859 1354 761 2860 1354 762 2859 1354 761 2858 1354 760 2861 1354 763 2861 1258 764 2862 1258 765 2859 1258 766 2862 1258 765 2861 1258 764 2863 1258 767 2864 1259 771 2865 1259 768 2866 1259 772 2858 1259 769 2865 1259 768 2864 1259 771 2865 1259 768 2858 1259 769 2860 1259 770 2864 1355 773 2861 1355 774 2858 1355 775 2861 1362 774 2864 1362 773 2863 1362 776 2864 1357 777 2866 1357 778 2862 1357 779 2864 1358 777 2862 1358 779 2863 1358 780 2865 1359 781 2862 1359 782 2866 1359 783 2862 1363 782 2865 1363 781 2859 1363 784 2865 1364 781 2860 1364 785 2859 1364 784 2867 1354 760 2868 1354 761 2869 1354 762 2868 1354 761 2867 1354 760 2870 1354 763 2870 1258 764 2871 1258 765 2868 1258 766 2871 1258 765 2870 1258 764 2872 1258 767 2873 1259 771 2874 1259 768 2875 1259 772 2867 1259 769 2874 1259 768 2873 1259 771 2874 1259 768 2867 1259 769 2869 1259 770 2873 1355 773 2870 1355 774 2867 1355 775 2870 1365 774 2873 1365 773 2872 1365 776 2873 1357 777 2875 1357 778 2871 1357 779 2873 1366 777 2871 1366 779 2872 1366 780 2874 1359 781 2871 1359 782 2875 1359 783 2871 1367 782 2874 1367 781 2868 1367 784 2874 1364 781 2869 1364 785 2868 1364 784 2876 1368 786 2877 1368 787 2878 1368 788 2877 1368 787 2876 1368 786 2879 1368 789 2879 1369 790 2880 1369 791 2877 1369 792 2880 1369 791 2879 1369 790 2881 1369 793 2882 1370 794 2876 1370 795 2878 1370 796 2876 1370 795 2882 1370 794 2883 1370 797 2884 1370 798 2883 1370 797 2882 1370 794 2883 1371 799 2879 1371 800 2876 1371 801 2879 1371 800 2883 1371 799 2881 1371 802 2883 1372 803 2884 1372 804 2880 1372 805 2883 1373 803 2880 1373 805 2881 1373 806 2882 1374 807 2880 1374 808 2884 1374 809 2880 1375 808 2882 1375 807 2877 1375 810 2882 1376 807 2878 1376 811 2877 1376 810 2885 1377 786 2886 1377 787 2887 1377 788 2886 1377 787 2885 1377 786 2888 1377 789 2888 1369 790 2889 1369 791 2886 1369 792 2889 1369 791 2888 1369 790 2890 1369 793 2891 1370 797 2892 1370 794 2893 1370 798 2885 1370 795 2892 1370 794 2891 1370 797 2892 1370 794 2885 1370 795 2887 1370 796 2891 1378 799 2888 1378 800 2885 1378 801 2888 1379 800 2891 1379 799 2890 1379 802 2891 1380 803 2893 1380 804 2889 1380 805 2891 1381 803 2889 1381 805 2890 1381 806 2892 1382 807 2889 1382 808 2893 1382 809 2889 1383 808 2892 1383 807 2886 1383 810 2892 1384 807 2887 1384 811 2886 1384 810 2894 1377 786 2895 1377 787 2896 1377 788 2895 1377 787 2894 1377 786 2897 1377 789 2897 1369 790 2898 1369 791 2895 1369 792 2898 1369 791 2897 1369 790 2899 1369 793 2900 1370 797 2901 1370 794 2902 1370 798 2894 1370 795 2901 1370 794 2900 1370 797 2901 1370 794 2894 1370 795 2896 1370 796 2900 1378 799 2897 1378 800 2894 1378 801 2897 1385 800 2900 1385 799 2899 1385 802 2900 1380 803 2902 1380 804 2898 1380 805 2900 1386 803 2898 1386 805 2899 1386 806 2901 1382 807 2898 1382 808 2902 1382 809 2898 1387 808 2901 1387 807 2895 1387 810 2901 1384 807 2896 1384 811 2895 1384 810 2903 1377 786 2904 1377 787 2905 1377 788 2904 1377 787 2903 1377 786 2906 1377 789 2906 1369 790 2907 1369 791 2904 1369 792 2907 1369 791 2906 1369 790 2908 1369 793 2909 1370 797 2910 1370 794 2911 1370 798 2903 1370 795 2910 1370 794 2909 1370 797 2910 1370 794 2903 1370 795 2905 1370 796 2909 1378 799 2906 1378 800 2903 1378 801 2906 1388 800 2909 1388 799 2908 1388 802 2909 1380 803 2911 1380 804 2907 1380 805 2909 1389 803 2907 1389 805 2908 1389 806 2910 1382 807 2907 1382 808 2911 1382 809 2907 1390 808 2910 1390 807 2904 1390 810 2910 1384 807 2905 1384 811 2904 1384 810 2912 1391 786 2913 1391 787 2914 1391 788 2913 1391 787 2912 1391 786 2915 1391 789 2915 1369 790 2916 1369 791 2913 1369 792 2916 1369 791 2915 1369 790 2917 1369 793 2918 1370 797 2919 1370 794 2920 1370 798 2912 1370 795 2919 1370 794 2918 1370 797 2919 1370 794 2912 1370 795 2914 1370 796 2918 1392 799 2915 1392 800 2912 1392 801 2915 1392 800 2918 1392 799 2917 1392 802 2918 1393 803 2920 1393 804 2916 1393 805 2918 1393 803 2916 1393 805 2917 1393 806 2919 1394 807 2916 1394 808 2920 1394 809 2916 1395 808 2919 1395 807 2913 1395 810 2919 1396 807 2914 1396 811 2913 1396 810 2921 1391 786 2922 1391 787 2923 1391 788 2922 1391 787 2921 1391 786 2924 1391 789 2924 1369 790 2925 1369 791 2922 1369 792 2925 1369 791 2924 1369 790 2926 1369 793 2927 1370 797 2928 1370 794 2929 1370 798 2921 1370 795 2928 1370 794 2927 1370 797 2928 1370 794 2921 1370 795 2923 1370 796 2927 1392 799 2924 1392 800 2921 1392 801 2924 1392 800 2927 1392 799 2926 1392 802 2927 1393 803 2929 1393 804 2925 1393 805 2927 1393 803 2925 1393 805 2926 1393 806 2928 1394 807 2925 1394 808 2929 1394 809 2925 1395 808 2928 1395 807 2922 1395 810 2928 1396 807 2923 1396 811 2922 1396 810 2930 1391 786 2931 1391 787 2932 1391 788 2931 1391 787 2930 1391 786 2933 1391 789 2933 1369 790 2934 1369 791 2931 1369 792 2934 1369 791 2933 1369 790 2935 1369 793 2936 1370 797 2937 1370 794 2938 1370 798 2930 1370 795 2937 1370 794 2936 1370 797 2937 1370 794 2930 1370 795 2932 1370 796 2936 1392 799 2933 1392 800 2930 1392 801 2933 1392 800 2936 1392 799 2935 1392 802 2936 1393 803 2938 1393 804 2934 1393 805 2936 1393 803 2934 1393 805 2935 1393 806 2937 1394 807 2934 1394 808 2938 1394 809 2934 1397 808 2937 1397 807 2931 1397 810 2937 1396 807 2932 1396 811 2931 1396 810 2939 1398 786 2940 1398 787 2941 1398 788 2940 1398 787 2939 1398 786 2942 1398 789 2942 1369 790 2943 1369 791 2940 1369 792 2943 1369 791 2942 1369 790 2944 1369 793 2945 1370 797 2946 1370 794 2947 1370 798 2939 1370 795 2946 1370 794 2945 1370 797 2946 1370 794 2939 1370 795 2941 1370 796 2945 1399 799 2942 1399 800 2939 1399 801 2942 1399 800 2945 1399 799 2944 1399 802 2945 1400 803 2947 1400 804 2943 1400 805 2945 1400 803 2943 1400 805 2944 1400 806 2946 1401 807 2943 1401 808 2947 1401 809 2943 1402 808 2946 1402 807 2940 1402 810 2946 1403 807 2941 1403 811 2940 1403 810 2948 1404 786 2949 1404 787 2950 1404 788 2949 1404 787 2948 1404 786 2951 1404 789 2951 1369 790 2952 1369 791 2949 1369 792 2952 1369 791 2951 1369 790 2953 1369 793 2954 1370 794 2948 1370 795 2950 1370 796 2948 1370 795 2954 1370 794 2955 1370 797 2956 1370 798 2955 1370 797 2954 1370 794 2955 1405 799 2951 1405 800 2948 1405 801 2951 1405 800 2955 1405 799 2953 1405 802 2955 1406 803 2956 1406 804 2952 1406 805 2955 1373 803 2952 1373 805 2953 1373 806 2954 1407 807 2952 1407 808 2956 1407 809 2952 1408 808 2954 1408 807 2949 1408 810 2954 1409 807 2950 1409 811 2949 1409 810 2957 1404 786 2958 1404 787 2959 1404 788 2958 1404 787 2957 1404 786 2960 1404 789 2960 1369 790 2961 1369 791 2958 1369 792 2961 1369 791 2960 1369 790 2962 1369 793 2963 1370 794 2957 1370 795 2959 1370 796 2957 1370 795 2963 1370 794 2964 1370 797 2965 1370 798 2964 1370 797 2963 1370 794 2964 1405 799 2960 1405 800 2957 1405 801 2960 1405 800 2964 1405 799 2962 1405 802 2964 1406 803 2965 1406 804 2961 1406 805 2964 1373 803 2961 1373 805 2962 1373 806 2963 1410 807 2961 1410 808 2965 1410 809 2961 1408 808 2963 1408 807 2958 1408 810 2963 1409 807 2959 1409 811 2958 1409 810 2966 1411 786 2967 1411 787 2968 1411 788 2967 1411 787 2966 1411 786 2969 1411 789 2969 1369 790 2970 1369 791 2967 1369 792 2970 1369 791 2969 1369 790 2971 1369 793 2972 1370 794 2966 1370 795 2968 1370 796 2966 1370 795 2972 1370 794 2973 1370 797 2974 1370 798 2973 1370 797 2972 1370 794 2973 1412 799 2969 1412 800 2966 1412 801 2969 1412 800 2973 1412 799 2971 1412 802 2973 1413 803 2974 1413 804 2970 1413 805 2973 1414 803 2970 1414 805 2971 1414 806 2972 1415 807 2970 1415 808 2974 1415 809 2970 1416 808 2972 1416 807 2967 1416 810 2972 1417 807 2968 1417 811 2967 1417 810 2975 1411 786 2976 1411 787 2977 1411 788 2976 1411 787 2975 1411 786 2978 1411 789 2978 1369 790 2979 1369 791 2976 1369 792 2979 1369 791 2978 1369 790 2980 1369 793 2981 1370 794 2975 1370 795 2977 1370 796 2975 1370 795 2981 1370 794 2982 1370 797 2983 1370 798 2982 1370 797 2981 1370 794 2982 1412 799 2978 1412 800 2975 1412 801 2978 1412 800 2982 1412 799 2980 1412 802 2982 1413 803 2983 1413 804 2979 1413 805 2982 1414 803 2979 1414 805 2980 1414 806 2981 1418 807 2979 1418 808 2983 1418 809 2979 1419 808 2981 1419 807 2976 1419 810 2981 1417 807 2977 1417 811 2976 1417 810 2984 1411 786 2985 1411 787 2986 1411 788 2985 1411 787 2984 1411 786 2987 1411 789 2987 1369 790 2988 1369 791 2985 1369 792 2988 1369 791 2987 1369 790 2989 1369 793 2990 1370 794 2984 1370 795 2986 1370 796 2984 1370 795 2990 1370 794 2991 1370 797 2992 1370 798 2991 1370 797 2990 1370 794 2991 1412 799 2987 1412 800 2984 1412 801 2987 1412 800 2991 1412 799 2989 1412 802 2991 1420 803 2992 1420 804 2988 1420 805 2991 1414 803 2988 1414 805 2989 1414 806 2990 1421 807 2988 1421 808 2992 1421 809 2988 1422 808 2990 1422 807 2985 1422 810 2990 1417 807 2986 1417 811 2985 1417 810 2993 1423 786 2994 1423 787 2995 1423 788 2994 1423 787 2993 1423 786 2996 1423 789 2996 1369 790 2997 1369 791 2994 1369 792 2997 1369 791 2996 1369 790 2998 1369 793 2999 1370 797 3000 1370 794 3001 1370 798 2993 1370 795 3000 1370 794 2999 1370 797 3000 1370 794 2993 1370 795 2995 1370 796 2999 1424 799 2996 1424 800 2993 1424 801 2996 1425 800 2999 1425 799 2998 1425 802 2999 1426 803 3001 1426 804 2997 1426 805 2999 1427 803 2997 1427 805 2998 1427 806 3000 1428 807 2997 1428 808 3001 1428 809 2997 1429 808 3000 1429 807 2994 1429 810 3000 1430 807 2995 1430 811 2994 1430 810 3002 1431 786 3003 1431 787 3004 1431 788 3003 1431 787 3002 1431 786 3005 1431 789 3005 1369 790 3006 1369 791 3003 1369 792 3006 1369 791 3005 1369 790 3007 1369 793 3008 1370 794 3002 1370 795 3004 1370 796 3002 1370 795 3008 1370 794 3009 1370 797 3010 1370 798 3009 1370 797 3008 1370 794 3009 1432 799 3005 1432 800 3002 1432 801 3005 1433 800 3009 1433 799 3007 1433 802 3009 1434 803 3010 1434 804 3006 1434 805 3009 1435 803 3006 1435 805 3007 1435 806 3008 1436 807 3006 1436 808 3010 1436 809 3006 1437 808 3008 1437 807 3003 1437 810 3008 1438 807 3004 1438 811 3003 1438 810 3011 1431 786 3012 1431 787 3013 1431 788 3012 1431 787 3011 1431 786 3014 1431 789 3014 1369 790 3015 1369 791 3012 1369 792 3015 1369 791 3014 1369 790 3016 1369 793 3017 1370 794 3011 1370 795 3013 1370 796 3011 1370 795 3017 1370 794 3018 1370 797 3019 1370 798 3018 1370 797 3017 1370 794 3018 1432 799 3014 1432 800 3011 1432 801 3014 1439 800 3018 1439 799 3016 1439 802 3018 1434 803 3019 1434 804 3015 1434 805 3018 1440 803 3015 1440 805 3016 1440 806 3017 1436 807 3015 1436 808 3019 1436 809 3015 1441 808 3017 1441 807 3012 1441 810 3017 1438 807 3013 1438 811 3012 1438 810 3020 1431 786 3021 1431 787 3022 1431 788 3021 1431 787 3020 1431 786 3023 1431 789 3023 1369 790 3024 1369 791 3021 1369 792 3024 1369 791 3023 1369 790 3025 1369 793 3026 1370 794 3020 1370 795 3022 1370 796 3020 1370 795 3026 1370 794 3027 1370 797 3028 1370 798 3027 1370 797 3026 1370 794 3027 1442 799 3023 1442 800 3020 1442 801 3023 1443 800 3027 1443 799 3025 1443 802 3027 1434 803 3028 1434 804 3024 1434 805 3027 1444 803 3024 1444 805 3025 1444 806 3026 1445 807 3024 1445 808 3028 1445 809 3024 1446 808 3026 1446 807 3021 1446 810 3026 1438 807 3022 1438 811 3021 1438 810 3029 1447 786 3030 1447 787 3031 1447 788 3030 1447 787 3029 1447 786 3032 1447 789 3032 1369 790 3033 1369 791 3030 1369 792 3033 1369 791 3032 1369 790 3034 1369 793 3035 1370 794 3029 1370 795 3031 1370 796 3029 1370 795 3035 1370 794 3036 1370 797 3037 1370 798 3036 1370 797 3035 1370 794 3036 1448 799 3032 1448 800 3029 1448 801 3032 1449 800 3036 1449 799 3034 1449 802 3036 1373 803 3037 1373 804 3033 1373 805 3036 1406 803 3033 1406 805 3034 1406 806 3035 1450 807 3033 1450 808 3037 1450 809 3033 1451 808 3035 1451 807 3030 1451 810 3035 1452 807 3031 1452 811 3030 1452 810 3038 1447 786 3039 1447 787 3040 1447 788 3039 1447 787 3038 1447 786 3041 1447 789 3041 1369 790 3042 1369 791 3039 1369 792 3042 1369 791 3041 1369 790 3043 1369 793 3044 1370 794 3038 1370 795 3040 1370 796 3038 1370 795 3044 1370 794 3045 1370 797 3046 1370 798 3045 1370 797 3044 1370 794 3045 1448 799 3041 1448 800 3038 1448 801 3041 1453 800 3045 1453 799 3043 1453 802 3045 1373 803 3046 1373 804 3042 1373 805 3045 1406 803 3042 1406 805 3043 1406 806 3044 1450 807 3042 1450 808 3046 1450 809 3042 1454 808 3044 1454 807 3039 1454 810 3044 1452 807 3040 1452 811 3039 1452 810 3047 1447 786 3048 1447 787 3049 1447 788 3048 1447 787 3047 1447 786 3050 1447 789 3050 1369 790 3051 1369 791 3048 1369 792 3051 1369 791 3050 1369 790 3052 1369 793 3053 1370 794 3047 1370 795 3049 1370 796 3047 1370 795 3053 1370 794 3054 1370 797 3055 1370 798 3054 1370 797 3053 1370 794 3054 1448 799 3050 1448 800 3047 1448 801 3050 1455 800 3054 1455 799 3052 1455 802 3054 1373 803 3055 1373 804 3051 1373 805 3054 1372 803 3051 1372 805 3052 1372 806 3053 1450 807 3051 1450 808 3055 1450 809 3051 1456 808 3053 1456 807 3048 1456 810 3053 1452 807 3049 1452 811 3048 1452 810 3056 1457 786 3057 1457 787 3058 1457 788 3057 1457 787 3056 1457 786 3059 1457 789 3059 1369 790 3060 1369 791 3057 1369 792 3060 1369 791 3059 1369 790 3061 1369 793 3062 1370 794 3056 1370 795 3058 1370 796 3056 1370 795 3062 1370 794 3063 1370 797 3064 1370 798 3063 1370 797 3062 1370 794 3063 1458 799 3059 1458 800 3056 1458 801 3059 1459 800 3063 1459 799 3061 1459 802 3063 1460 803 3064 1460 804 3060 1460 805 3063 1461 803 3060 1461 805 3061 1461 806 3062 1462 807 3060 1462 808 3064 1462 809 3060 1463 808 3062 1463 807 3057 1463 810 3062 1464 807 3058 1464 811 3057 1464 810 3065 1465 786 3066 1465 787 3067 1465 788 3066 1465 787 3065 1465 786 3068 1465 789 3068 1369 790 3069 1369 791 3066 1369 792 3069 1369 791 3068 1369 790 3070 1369 793 3071 1370 797 3072 1370 794 3073 1370 798 3065 1370 795 3072 1370 794 3071 1370 797 3072 1370 794 3065 1370 795 3067 1370 796 3071 1466 799 3068 1466 800 3065 1466 801 3068 1467 800 3071 1467 799 3070 1467 802 3071 1468 803 3073 1468 804 3069 1468 805 3071 1469 803 3069 1469 805 3070 1469 806 3072 1470 807 3069 1470 808 3073 1470 809 3069 1471 808 3072 1471 807 3066 1471 810 3072 1472 807 3067 1472 811 3066 1472 810 3074 1465 786 3075 1465 787 3076 1465 788 3075 1465 787 3074 1465 786 3077 1465 789 3077 1369 790 3078 1369 791 3075 1369 792 3078 1369 791 3077 1369 790 3079 1369 793 3080 1370 797 3081 1370 794 3082 1370 798 3074 1370 795 3081 1370 794 3080 1370 797 3081 1370 794 3074 1370 795 3076 1370 796 3080 1466 799 3077 1466 800 3074 1466 801 3077 1473 800 3080 1473 799 3079 1473 802 3080 1468 803 3082 1468 804 3078 1468 805 3080 1469 803 3078 1469 805 3079 1469 806 3081 1470 807 3078 1470 808 3082 1470 809 3078 1474 808 3081 1474 807 3075 1474 810 3081 1475 807 3076 1475 811 3075 1475 810 3083 1465 786 3084 1465 787 3085 1465 788 3084 1465 787 3083 1465 786 3086 1465 789 3086 1369 790 3087 1369 791 3084 1369 792 3087 1369 791 3086 1369 790 3088 1369 793 3089 1370 797 3090 1370 794 3091 1370 798 3083 1370 795 3090 1370 794 3089 1370 797 3090 1370 794 3083 1370 795 3085 1370 796 3089 1466 799 3086 1466 800 3083 1466 801 3086 1476 800 3089 1476 799 3088 1476 802 3089 1468 803 3091 1468 804 3087 1468 805 3089 1477 803 3087 1477 805 3088 1477 806 3090 1470 807 3087 1470 808 3091 1470 809 3087 1478 808 3090 1478 807 3084 1478 810 3090 1475 807 3085 1475 811 3084 1475 810</p>
      </polylist>
      <polylist material="symbol_trash_$Material_0" count="2062">
        <input semantic="VERTEX" source="#verts" offset="0"/>
        <input semantic="NORMAL" source="#norm" offset="1"/>
        <input semantic="TEXCOORD" source="#uv" offset="2" set="0"/>
        <vcount>3 3 3 3 3 3 3 3 3 3 3 3 3 3 3 3 3 3 3 3 3 3 3 3 3 3 3 3 3 3 3 3 3 3 3 3 3 3 3 3 3 3 3 3 3 3 3 3 3 3 3 3 3 3 3 3 3 3 3 3 3 3 3 3 3 3 3 3 3 3 3 3 3 3 3 3 3 3 3 3 3 3 3 3 3 3 3 3 3 3 3 3 3 3 3 3 3 3 3 3 3 3 3 3 3 3 3 3 3 3 3 3 3 3 3 3 3 3 3 3 3 3 3 3 3 3 3 3 3 3 3 3 3 3 3 3 3 3 3 3 3 3 3 3 3 3 3 3 3 3 3 3 3 3 3 3 3 3 3 3 3 3 3 3 3 3 3 3 3 3 3 3 3 3 3 3 3 3 3 3 3 3 3 3 3 3 3 3 3 3 3 3 3 3 3 3 3 3 3 3 3 3 3 3 3 3 3 3 3 3 3 3 3 3 3 3 3 3 3 3 3 3 3 3 3 3 3 3 3 3 3 3 3 3 3 3 3 3 3 3 3 3 3 3 3 3 3 3 3 3 3 3 3 3 3 3 3 3 3 3 3 3 3 3 3 3 3 3 3 3 3 3 3 3 3 3 3 3 3 3 3 3 3 3 3 3 3 3 3 3 3 3 3 3 3 3 3 3 3 3 3 3 3 3 3 3 3 3 3 3 3 3 3 3 3 3 3 3 3 3 3 3 3 3 3 3 3 3 3 3 3 3 3 3 3 3 3 3 3 3 3 3 3 3 3 3 3 3 3 3 3 3 3 3 3 3 3 3 3 3 3 3 3 3 3 3 3 3 3 3 3 3 3 3 3 3 3 3 3 3 3 3 3 3 3 3 3 3 3 3 3 3 3 3 3 3 3 3 3 3 3 3 3 3 3 3 3 3 3 3 3 3 3 3 3 3 3 3 3 3 3 3 3 3 3 3 3 3 3 3 3 3 3 3 3 3 3 3 3 3 3 3 3 3 3 3 3 3 3 3 3 3 3 3 3 3 3 3 3 3 3 3 3 3 3 3 3 3 3 3 3 3 3 3 3 3 3 3 3 3 3 3 3 3 3 3 3 3 3 3 3 3 3 3 3 3 3 3 3 3 3 3 3 3 3 3 3 3 3 3 3 3 3 3 3 3 3 3 3 3 3 3 3 3 3 3 3 3 3 3 3 3 3 3 3 3 3 3 3 3 3 3 3 3 3 3 3 3 3 3 3 3 3 3 3 3 3 3 3 3 3 3 3 3 3 3 3 3 3 3 3 3 3 3 3 3 3 3 3 3 3 3 3 3 3 3 3 3 3 3 3 3 3 3 3 3 3 3 3 3 3 3 3 3 3 3 3 3 3 3 3 3 3 3 3 3 3 3 3 3 3 3 3 3 3 3 3 3 3 3 3 3 3 3 3 3 3 3 3 3 3 3 3 3 3 3 3 3 3 3 3 3 3 3 3 3 3 3 3 3 3 3 3 3 3 3 3 3 3 3 3 3 3 3 3 3 3 3 3 3 3 3 3 3 3 3 3 3 3 3 3 3 3 3 3 3 3 3 3 3 3 3 3 3 3 3 3 3 3 3 3 3 3 3 3 3 3 3 3 3 3 3 3 3 3 3 3 3 3 3 3 3 3 3 3 3 3 3 3 3 3 3 3 3 3 3 3 3 3 3 3 3 3 3 3 3 3 3 3 3 3 3 3 3 3 3 3 3 3 3 3 3 3 3 3 3 3 3 3 3 3 3 3 3 3 3 3 3 3 3 3 3 3 3 3 3 3 3 3 3 3 3 3 3 3 3 3 3 3 3 3 3 3 3 3 3 3 3 3 3 3 3 3 3 3 3 3 3 3 3 3 3 3 3 3 3 3 3 3 3 3 3 3 3 3 3 3 3 3 3 3 3 3 3 3 3 3 3 3 3 3 3 3 3 3 3 3 3 3 3 3 3 3 3 3 3 3 3 3 3 3 3 3 3 3 3 3 3 3 3 3 3 3 3 3 3 3 3 3 3 3 3 3 3 3 3 3 3 3 3 3 3 3 3 3 3 3 3 3 3 3 3 3 3 3 3 3 3 3 3 3 3 3 3 3 3 3 3 3 3 3 3 3 3 3 3 3 3 3 3 3 3 3 3 3 3 3 3 3 3 3 3 3 3 3 3 3 3 3 3 3 3 3 3 3 3 3 3 3 3 3 3 3 3 3 3 3 3 3 3 3 3 3 3 3 3 3 3 3 3 3 3 3 3 3 3 3 3 3 3 3 3 3 3 3 3 3 3 3 3 3 3 3 3 3 3 3 3 3 3 3 3 3 3 3 3 3 3 3 3 3 3 3 3 3 3 3 3 3 3 3 3 3 3 3 3 3 3 3 3 3 3 3 3 3 3 3 3 3 3 3 3 3 3 3 3 3 3 3 3 3 3 3 3 3 3 3 3 3 3 3 3 3 3 3 3 3 3 3 3 3 3 3 3 3 3 3 3 3 3 3 3 3 3 3 3 3 3 3 3 3 3 3 3 3 3 3 3 3 3 3 3 3 3 3 3 3 3 3 3 3 3 3 3 3 3 3 3 3 3 3 3 3 3 3 3 3 3 3 3 3 3 3 3 3 3 3 3 3 3 3 3 3 3 3 3 3 3 3 3 3 3 3 3 3 3 3 3 3 3 3 3 3 3 3 3 3 3 3 3 3 3 3 3 3 3 3 3 3 3 3 3 3 3 3 3 3 3 3 3 3 3 3 3 3 3 3 3 3 3 3 3 3 3 3 3 3 3 3 3 3 3 3 3 3 3 3 3 3 3 3 3 3 3 3 3 3 3 3 3 3 3 3 3 3 3 3 3 3 3 3 3 3 3 3 3 3 3 3 3 3 3 3 3 3 3 3 3 3 3 3 3 3 3 3 3 3 3 3 3 3 3 3 3 3 3 3 3 3 3 3 3 3 3 3 3 3 3 3 3 3 3 3 3 3 3 3 3 3 3 3 3 3 3 3 3 3 3 3 3 3 3 3 3 3 3 3 3 3 3 3 3 3 3 3 3 3 3 3 3 3 3 3 3 3 3 3 3 3 3 3 3 3 3 3 3 3 3 3 3 3 3 3 3 3 3 3 3 3 3 3 3 3 3 3 3 3 3 3 3 3 3 3 3 3 3 3 3 3 3 3 3 3 3 3 3 3 3 3 3 3 3 3 3 3 3 3 3 3 3 3 3 3 3 3 3 3 3 3 3 3 3 3 3 3 3 3 3 3 3 3 3 3 3 3 3 3 3 3 3 3 3 3 3 3 3 3 3 3 3 3 3 3 3 3 3 3 3 3 3 3 3 3 3 3 3 3 3 3 3 3 3 3 3 3 3 3 3 3 3 3 3 3 3 3 3 3 3 3 3 3 3 3 3 3 3 3 3 3 3 3 3 3 3 3 3 3 3 3 3 3 3 3 3 3 3 3 3 3 3 3 3 3 3 3 3 3 3 3 3 3 3 3 3 3 3 3 3 3 3 3 3 3 3 3 3 3 3 3 3 3 3 3 3 3 3 3 3 3 3 3 3 3 3 3 3 3 3 3 3 3 3 3 3 3 3 3 3 3 3 3 3 3 3 3 3 3 3 3 3 3 3 3 3 3 3 3 3 3 3 3 3 3 3 3 3 3 3 3 3 3 3 3 3 3 3 3 3 3 3 3 3 3 3 3 3 3 3 3 3 3 3 3 3 3 3 3 3 3 3 3 3 3 3 3 3 3 3 3 3 3 3 3 3 3 3 3 3 3 3 3 3 3 3 3 3 3 3 3 3 3 3 3 3 3 3 3 3 3 3 3 3 3 3 3 3 3 3 3 3 3 3 3 3 3 3 3 3 3 3 3 3 3 3 3 3 3 3 3 3 3 3 3 3 3 3 3 3 3 3 3 3 3 3 3 3 3 3 3 3 3 3 3 3 3 3 3 3 3 3 3 3 3 3 3 3 3 3 3 3 3 3 3 3 3 3 3 3 3 3 3 3 3 3 3 3 3 3 3 3 3 3 3 3 3 3 3 3 3 3 3 3 3 3 3 3 3 3 3 3 3 3 3 3 3 3 3 3 3 3 3 3 3 3 3 3 3 3 3 3 3 3 3 3 3 3 3 3 3 3 3 3 3 3 3 3 3 3 3 3 3 3 3 3 3 3 3 3 3 3 3 3 3 3 3 3 3 3 3 3 3 3 3 3 3 3 3 3 3 3 3 3 3 3 3 3 3 3 3 3 3 3 3 3 3 3 3 3 3 3 3 3 3 3 3 3 3 3 3 3 3 3 3 3 3 3 3 3 3 3 3 3 3 3 3 3 3 3 3 3 3 3 3 3 3 3 3 3 3 3 3 3 3 3 3 3 3 3 3 3 3 3 3 3 3 3 3 3 3 3 3 3 3 3 3 3 3 3 3 3 3 3 3 3 3 3 3 3 3 3 3 3 3 3 3 3 3 3 3 3 3 3 3 3 3 3 3 3 3 3 3 3 3 3 3 3 3 3 3 3 3 3 3 3 3 3 3 3 3 3 3 3 3 3 3 3 3 3 3 3 3 3 3 3 3 3 3 3 3 3 3 3 3 3 3 3 3 3 3 3 3 3 3 3 3 3 3 3 3 3 3 3</vcount>
        <p>3092 1479 812 3093 1479 813 3094 1479 814 3094 1480 814 3095 1480 815 3092 1480 812 3096 1481 816 3097 1481 817 3098 1481 818 3098 1482 818 3099 1482 819 3096 1482 816 3095 1483 820 3094 1483 821 3100 1483 822 3095 1484 820 3100 1484 822 3101 1484 823 3095 1485 820 3101 1485 823 3102 1485 824 3102 1486 825 3101 1486 826 3103 1486 827 3103 1486 827 3104 1486 828 3102 1486 825 3105 1487 829 3098 1487 818 3097 1487 817 3103 1488 830 3106 1488 831 3107 1488 832 3104 1489 833 3103 1489 830 3107 1489 832 3104 1490 833 3107 1490 832 3108 1490 834 3108 1491 835 3107 1491 836 3109 1491 837 3109 1492 837 3110 1492 838 3108 1492 835 3111 1493 839 3105 1493 829 3097 1493 817 3112 1494 840 3111 1494 841 3097 1494 842 3113 1495 843 3114 1495 844 3115 1495 845 3115 1495 845 3116 1495 846 3113 1495 843 3100 1496 847 3094 1496 814 3093 1496 813 3093 1497 813 3117 1497 848 3100 1497 847 3118 1494 849 3119 1494 850 3114 1494 851 3114 1494 851 3113 1494 852 3118 1494 849 3120 1498 853 3121 1498 854 3119 1498 855 3119 1498 855 3118 1498 856 3120 1498 853 3122 1499 857 3123 1499 858 3121 1499 859 3121 1500 859 3120 1500 860 3122 1500 857 3124 1501 861 3112 1501 862 3123 1501 863 3123 1501 863 3122 1501 864 3124 1501 861 3125 1502 865 3109 1502 837 3107 1502 836 3107 1503 836 3106 1503 866 3125 1503 865 3095 1504 815 3113 1504 867 3116 1504 868 3116 1505 868 3092 1505 812 3095 1505 815 3101 1506 869 3100 1506 847 3117 1506 848 3117 1507 848 3126 1507 870 3101 1507 869 3102 1494 824 3118 1494 871 3113 1494 872 3113 1494 872 3095 1494 820 3102 1494 824 3104 1508 828 3120 1508 873 3118 1508 874 3118 1508 874 3102 1508 825 3104 1508 828 3108 1509 834 3122 1509 875 3120 1509 876 3120 1510 876 3104 1510 833 3108 1510 834 3110 1511 838 3124 1511 877 3122 1511 878 3122 1511 878 3108 1511 835 3110 1511 838 3111 1512 879 3125 1512 865 3106 1512 866 3106 1513 866 3103 1513 880 3111 1513 879 3101 1482 881 3126 1482 882 3127 1482 883 3127 1482 883 3128 1482 884 3101 1482 881 3103 1514 885 3101 1514 881 3128 1514 884 3128 1514 884 3129 1514 886 3103 1514 885 3111 1493 839 3103 1493 885 3129 1493 886 3124 1494 887 3110 1494 888 3109 1494 889 3124 1494 887 3109 1494 889 3125 1494 890 3124 1494 887 3125 1494 890 3111 1494 841 3112 1494 840 3124 1494 887 3111 1494 841 3129 1493 886 3105 1493 829 3111 1493 839 3105 1499 891 3129 1499 892 3130 1499 893 3130 1499 893 3131 1499 894 3105 1499 891 3099 1515 895 3098 1515 896 3132 1515 897 3132 1515 897 3133 1515 898 3099 1515 895 3098 1516 896 3105 1516 891 3131 1516 894 3131 1516 894 3132 1516 897 3098 1516 896 3128 1517 899 3127 1517 900 3134 1517 901 3134 1517 901 3135 1517 902 3128 1517 899 3129 1518 892 3128 1518 899 3135 1518 902 3135 1518 902 3130 1518 893 3129 1518 892 3134 1482 903 3133 1482 904 3132 1482 905 3132 1482 905 3135 1482 906 3134 1482 903 3135 1514 906 3132 1514 905 3131 1514 907 3131 1514 907 3130 1514 908 3135 1514 906 3136 1519 909 3137 1519 910 3138 1519 911 3138 1520 911 3139 1520 912 3136 1520 909 3096 1482 816 3140 1482 913 3141 1482 914 3141 1521 914 3097 1521 817 3096 1521 816 3137 1522 915 3142 1522 916 3143 1522 917 3137 1523 915 3143 1523 917 3144 1523 918 3137 1524 915 3144 1524 918 3138 1524 919 3142 1525 920 3145 1525 921 3146 1525 922 3146 1525 922 3143 1525 923 3142 1525 920 3097 1526 817 3141 1526 914 3147 1526 924 3145 1527 925 3148 1527 926 3149 1527 927 3149 1528 927 3150 1528 928 3146 1528 929 3145 1529 925 3149 1529 927 3146 1529 929 3148 1530 930 3151 1530 931 3152 1530 932 3152 1531 932 3149 1531 933 3148 1531 930 3153 1494 934 3112 1494 840 3097 1494 842 3119 1494 850 3154 1494 935 3155 1494 936 3155 1494 936 3114 1494 851 3119 1494 850 3121 1532 854 3156 1532 937 3154 1532 938 3154 1532 938 3119 1532 855 3121 1532 854 3123 1499 858 3157 1499 939 3156 1499 940 3156 1499 940 3121 1499 859 3123 1499 858 3112 1532 862 3153 1532 941 3157 1532 942 3157 1532 942 3123 1532 863 3112 1532 862 3158 1533 943 3159 1533 944 3160 1533 945 3160 1533 945 3155 1533 946 3158 1533 943 3144 1534 947 3161 1534 948 3139 1534 912 3139 1535 912 3138 1535 911 3144 1535 947 3162 1494 949 3158 1494 950 3155 1494 936 3155 1494 936 3154 1494 935 3162 1494 949 3163 1536 951 3162 1536 952 3154 1536 938 3154 1536 938 3156 1536 937 3163 1536 951 3164 1537 953 3163 1537 954 3156 1537 940 3156 1499 940 3157 1499 939 3164 1499 953 3165 1538 955 3164 1538 956 3157 1538 942 3157 1538 942 3153 1538 941 3165 1538 955 3166 1539 957 3150 1539 958 3149 1539 933 3149 1540 933 3152 1540 932 3166 1540 957 3137 1541 910 3136 1541 909 3159 1541 959 3159 1542 959 3158 1542 960 3137 1542 910 3143 1543 961 3167 1543 962 3161 1543 948 3161 1544 948 3144 1544 947 3143 1544 961 3142 1494 916 3137 1494 915 3158 1494 963 3158 1494 963 3162 1494 964 3142 1494 916 3145 1545 921 3142 1545 920 3162 1545 965 3162 1545 965 3163 1545 966 3145 1545 921 3148 1546 926 3145 1546 925 3163 1546 967 3163 1547 967 3164 1547 968 3148 1547 926 3151 1548 931 3148 1548 930 3164 1548 969 3164 1548 969 3165 1548 970 3151 1548 931 3168 1549 971 3146 1549 972 3150 1549 958 3150 1550 958 3166 1550 957 3168 1550 971 3143 1482 973 3169 1482 974 3170 1482 975 3170 1482 975 3167 1482 976 3143 1482 973 3146 1514 977 3171 1514 978 3169 1514 974 3169 1514 974 3143 1514 973 3146 1514 977 3171 1493 978 3146 1493 977 3168 1493 979 3152 1494 980 3151 1494 981 3165 1494 982 3166 1494 983 3152 1494 980 3165 1494 982 3168 1494 984 3166 1494 983 3165 1494 982 3168 1494 984 3165 1494 982 3153 1494 934 3097 1493 817 3147 1493 924 3171 1493 978 3171 1493 978 3168 1493 979 3097 1493 817 3097 1494 842 3168 1494 984 3153 1494 934 3160 1532 945 3115 1532 845 3114 1532 844 3114 1532 844 3155 1532 946 3160 1532 945 3147 1499 985 3172 1499 986 3173 1499 987 3173 1499 987 3171 1499 988 3147 1499 985 3140 1551 989 3174 1551 990 3175 1551 991 3175 1551 991 3141 1551 992 3140 1551 989 3141 1552 992 3175 1552 991 3172 1552 986 3172 1552 986 3147 1552 985 3141 1552 992 3169 1553 993 3176 1553 994 3177 1553 995 3177 1553 995 3170 1553 996 3169 1553 993 3171 1554 988 3173 1554 987 3176 1554 994 3176 1554 994 3169 1554 993 3171 1554 988 3177 1482 997 3176 1482 998 3175 1482 999 3175 1482 999 3174 1482 1000 3177 1482 997 3176 1514 998 3173 1514 1001 3172 1514 1002 3172 1514 1002 3175 1514 999 3176 1514 998 3178 1499 1003 3179 1499 1004 3180 1499 1005 3180 1499 1005 3181 1499 1006 3178 1499 1003 3181 1555 1007 3180 1555 1008 3182 1555 1009 3182 1555 1009 3183 1555 1010 3181 1555 1007 3184 1556 1011 3185 1556 1012 3186 1556 1013 3186 1556 1013 3187 1556 1014 3184 1556 1011 3179 1557 1015 3178 1557 1016 3188 1557 1017 3188 1557 1017 3189 1557 1018 3179 1557 1015 3190 1558 1019 3191 1558 1020 3192 1558 1021 3192 1558 1021 3193 1558 1022 3190 1558 1019 3183 1559 1023 3182 1559 1024 3194 1559 1025 3194 1559 1025 3195 1559 1026 3183 1559 1023 3187 1560 1014 3186 1560 1013 3196 1560 1027 3196 1560 1027 3197 1560 1028 3187 1560 1014 3189 1561 1029 3188 1561 1030 3198 1561 1031 3198 1561 1031 3199 1561 1032 3189 1561 1029 3193 1562 1022 3192 1562 1021 3200 1562 1033 3200 1562 1033 3201 1562 1034 3193 1562 1022 3195 1563 1035 3194 1563 1036 3202 1563 1037 3202 1563 1037 3203 1563 1038 3195 1563 1035 3197 1564 1028 3196 1564 1027 3204 1564 1039 3204 1564 1039 3205 1564 1040 3197 1564 1028 3199 1514 1041 3198 1514 1042 3206 1514 1043 3206 1514 1043 3207 1514 1044 3199 1514 1041 3201 1565 1034 3200 1565 1033 3208 1565 1045 3208 1565 1045 3209 1565 1046 3201 1565 1034 3203 1566 1047 3202 1566 1048 3210 1566 1049 3210 1566 1049 3211 1566 1050 3203 1566 1047 3205 1567 1051 3204 1567 1052 3212 1567 1053 3212 1567 1053 3213 1567 1054 3205 1567 1051 3207 1568 1055 3206 1568 1056 3214 1568 1057 3214 1568 1057 3215 1568 1058 3207 1568 1055 3209 1569 1059 3208 1569 1060 3216 1569 1061 3216 1569 1061 3217 1569 1062 3209 1569 1059 3218 1570 1063 3182 1570 1009 3180 1570 1008 3180 1571 1008 3219 1571 1064 3218 1571 1063 3220 1572 1065 3181 1572 1007 3183 1572 1010 3183 1573 1010 3221 1573 1066 3220 1573 1065 3222 1574 1067 3186 1574 1013 3185 1574 1012 3185 1575 1012 3223 1575 1068 3222 1575 1067 3224 1576 1069 3188 1576 1017 3178 1576 1016 3178 1577 1016 3225 1577 1070 3224 1577 1069 3226 1578 1071 3200 1578 1033 3192 1578 1021 3192 1579 1021 3221 1579 1072 3226 1579 1071 3227 1580 1073 3194 1580 1025 3182 1580 1024 3182 1581 1024 3218 1581 1074 3227 1581 1073 3228 1582 1075 3198 1582 1031 3188 1582 1030 3188 1583 1030 3224 1583 1076 3228 1583 1075 3229 1584 1077 3196 1584 1027 3186 1584 1013 3186 1585 1013 3222 1585 1067 3229 1585 1077 3230 1586 1078 3208 1586 1045 3200 1586 1033 3200 1587 1033 3226 1587 1071 3230 1587 1078 3231 1588 1079 3202 1588 1037 3194 1588 1036 3194 1588 1036 3227 1588 1080 3231 1588 1079 3232 1589 1081 3206 1589 1043 3198 1589 1042 3198 1590 1042 3228 1590 1082 3232 1590 1081 3233 1591 1083 3204 1591 1039 3196 1591 1027 3196 1592 1027 3229 1592 1077 3233 1592 1083 3234 1593 1084 3216 1593 1061 3208 1593 1060 3208 1594 1060 3230 1594 1085 3234 1594 1084 3235 1595 1086 3210 1595 1049 3202 1595 1048 3202 1596 1048 3231 1596 1087 3235 1596 1086 3236 1597 1088 3214 1597 1057 3206 1597 1056 3206 1598 1056 3232 1598 1089 3236 1598 1088 3237 1599 1090 3212 1599 1053 3204 1599 1052 3204 1600 1052 3233 1600 1091 3237 1600 1090 3187 1601 1014 3218 1601 1092 3219 1601 1093 3219 1602 1093 3184 1602 1011 3187 1602 1014 3191 1603 1020 3220 1603 1094 3221 1603 1072 3221 1604 1072 3192 1604 1021 3191 1604 1020 3189 1605 1018 3222 1605 1095 3223 1605 1096 3223 1606 1096 3179 1606 1015 3189 1606 1018 3193 1607 1022 3224 1607 1097 3225 1607 1098 3225 1608 1098 3190 1608 1019 3193 1608 1022 3195 1609 1026 3226 1609 1099 3221 1609 1100 3221 1610 1100 3183 1610 1023 3195 1610 1026 3197 1611 1028 3227 1611 1101 3218 1611 1092 3218 1612 1092 3187 1612 1014 3197 1612 1028 3201 1613 1034 3228 1613 1102 3224 1613 1097 3224 1614 1097 3193 1614 1022 3201 1614 1034 3199 1615 1032 3229 1615 1103 3222 1615 1104 3222 1616 1104 3189 1616 1029 3199 1616 1032 3203 1617 1038 3230 1617 1105 3226 1617 1106 3226 1617 1106 3195 1617 1035 3203 1617 1038 3205 1618 1040 3231 1618 1107 3227 1618 1101 3227 1619 1101 3197 1619 1028 3205 1619 1040 3209 1620 1046 3232 1620 1108 3228 1620 1102 3228 1621 1102 3201 1621 1034 3209 1621 1046 3207 1622 1044 3233 1622 1109 3229 1622 1110 3229 1623 1110 3199 1623 1041 3207 1623 1044 3211 1624 1050 3234 1624 1111 3230 1624 1112 3230 1625 1112 3203 1625 1047 3211 1625 1050 3213 1626 1054 3235 1626 1113 3231 1626 1114 3231 1627 1114 3205 1627 1051 3213 1627 1054 3217 1628 1062 3236 1628 1115 3232 1628 1116 3232 1629 1116 3209 1629 1059 3217 1629 1062 3215 1630 1058 3237 1630 1117 3233 1630 1118 3233 1631 1118 3207 1631 1055 3215 1631 1058 3220 1499 1119 3225 1499 1120 3178 1499 1003 3178 1499 1003 3181 1499 1006 3220 1499 1119 3191 1499 1121 3190 1499 1122 3225 1499 1120 3225 1499 1120 3220 1499 1119 3191 1499 1121 3223 1499 1123 3219 1499 1124 3180 1499 1005 3180 1499 1005 3179 1499 1004 3223 1499 1123 3185 1499 1125 3184 1499 1126 3219 1499 1124 3219 1499 1124 3223 1499 1123 3185 1499 1125 3238 1632 1127 3239 1632 1128 3240 1632 1129 3238 1633 1127 3241 1633 1130 3242 1633 1131 3242 1633 1131 3239 1633 1128 3238 1633 1127 3241 1634 1130 3243 1634 1132 3242 1634 1131 3244 1632 1133 3245 1632 1134 3246 1632 1135 3244 1633 1133 3247 1633 1136 3248 1633 1137 3248 1633 1137 3245 1633 1134 3244 1633 1133 3247 1634 1136 3249 1634 1138 3248 1634 1137 3250 1632 1139 3251 1632 1140 3252 1632 1141 3250 1633 1139 3253 1633 1142 3254 1633 1143 3254 1633 1143 3251 1633 1140 3250 1633 1139 3253 1634 1142 3255 1634 1144 3254 1634 1143 3256 1632 1145 3257 1632 1146 3258 1632 1147 3256 1633 1145 3259 1633 1148 3260 1633 1149 3260 1633 1149 3257 1633 1146 3256 1633 1145 3259 1634 1148 3261 1634 1150 3260 1634 1149 3262 1632 1151 3263 1632 1152 3264 1632 1153 3265 1633 1154 3266 1633 1155 3263 1633 1152 3263 1633 1152 3262 1633 1151 3265 1633 1154 3267 1634 1156 3268 1634 1157 3269 1634 1158 3267 1633 1156 3269 1633 1158 3270 1633 1159 3270 1633 1159 3271 1633 1160 3267 1633 1156 3271 1632 1160 3270 1632 1159 3272 1632 1161 3273 1634 1162 3274 1634 1163 3275 1634 1164 3273 1633 1162 3275 1633 1164 3276 1633 1165 3276 1633 1165 3277 1633 1166 3273 1633 1162 3277 1632 1166 3276 1632 1165 3278 1632 1167 3279 1634 1168 3280 1634 1169 3281 1634 1170 3279 1633 1168 3281 1633 1170 3282 1633 1171 3282 1633 1171 3283 1633 1172 3279 1633 1168 3283 1632 1172 3282 1632 1171 3284 1632 1173 3285 1634 1174 3286 1634 1175 3287 1634 1176 3285 1633 1174 3287 1633 1176 3288 1633 1177 3288 1633 1177 3289 1633 1178 3285 1633 1174 3289 1632 1178 3288 1632 1177 3290 1632 1179 3265 1635 1154 3291 1635 1180 3266 1635 1155 3292 1632 1181 3293 1632 1182 3294 1632 1183 3292 1636 1181 3294 1636 1183 3295 1636 1184 3295 1636 1184 3296 1636 1185 3292 1636 1181 3296 1634 1185 3295 1634 1184 3297 1634 1186 3298 1632 1187 3299 1632 1188 3300 1632 1189 3298 1636 1187 3300 1636 1189 3301 1636 1190 3301 1636 1190 3302 1636 1191 3298 1636 1187 3302 1634 1191 3301 1634 1190 3303 1634 1192 3304 1632 1193 3305 1632 1194 3306 1632 1195 3304 1636 1193 3306 1636 1195 3307 1636 1196 3307 1636 1196 3308 1636 1197 3304 1636 1193 3308 1634 1197 3307 1634 1196 3309 1634 1198 3310 1632 1199 3311 1632 1200 3312 1632 1201 3310 1636 1199 3312 1636 1201 3313 1636 1202 3313 1636 1202 3314 1636 1203 3310 1636 1199 3314 1634 1203 3313 1634 1202 3315 1634 1204 3316 1632 1205 3317 1632 1206 3318 1632 1207 3319 1636 1208 3316 1636 1205 3318 1636 1207 3318 1636 1207 3320 1636 1209 3319 1636 1208 3321 1634 1210 3322 1634 1211 3323 1634 1212 3321 1636 1210 3324 1636 1213 3325 1636 1214 3325 1636 1214 3322 1636 1211 3321 1636 1210 3324 1632 1213 3326 1632 1215 3325 1632 1214 3327 1634 1216 3328 1634 1217 3329 1634 1218 3327 1636 1216 3330 1636 1219 3331 1636 1220 3331 1636 1220 3328 1636 1217 3327 1636 1216 3330 1632 1219 3332 1632 1221 3331 1632 1220 3333 1634 1222 3334 1634 1223 3335 1634 1224 3333 1636 1222 3336 1636 1225 3337 1636 1226 3337 1636 1226 3334 1636 1223 3333 1636 1222 3336 1632 1225 3338 1632 1227 3337 1632 1226 3339 1634 1228 3340 1634 1229 3341 1634 1230 3339 1636 1228 3342 1636 1231 3343 1636 1232 3343 1636 1232 3340 1636 1229 3339 1636 1228 3342 1632 1231 3344 1632 1233 3343 1632 1232 3319 1635 1208 3320 1635 1209 3345 1635 1234 3346 1514 1235 3347 1514 1236 3348 1514 1237 3346 1637 1235 3349 1637 1238 3350 1637 1239 3350 1637 1239 3347 1637 1236 3346 1637 1235 3349 1532 1238 3351 1532 1240 3350 1532 1239 3352 1514 1241 3353 1514 1242 3354 1514 1243 3352 1637 1241 3355 1637 1244 3356 1637 1245 3356 1637 1245 3353 1637 1242 3352 1637 1241 3355 1532 1244 3357 1532 1246 3356 1532 1245 3358 1514 1247 3359 1514 1248 3360 1514 1249 3358 1637 1247 3361 1637 1250 3362 1637 1251 3362 1637 1251 3359 1637 1248 3358 1637 1247 3361 1532 1250 3363 1532 1252 3362 1532 1251 3364 1514 1253 3365 1514 1254 3366 1514 1255 3364 1638 1253 3366 1638 1255 3367 1638 1256 3367 1638 1256 3368 1638 1257 3364 1638 1253 3368 1532 1257 3367 1532 1256 3369 1532 1258 3370 1514 1259 3371 1514 1260 3372 1514 1261 3370 1638 1259 3372 1638 1261 3373 1638 1262 3373 1638 1262 3374 1638 1263 3370 1638 1259 3374 1532 1263 3373 1532 1262 3375 1532 1264 3376 1514 1265 3377 1514 1266 3378 1514 1267 3376 1638 1265 3378 1638 1267 3379 1638 1268 3379 1638 1268 3380 1638 1269 3376 1638 1265 3380 1532 1269 3379 1532 1268 3381 1532 1270 3382 1639 1271 3383 1639 1272 3384 1639 1273 3384 1640 1273 3385 1640 1274 3382 1640 1271 3383 1641 1272 3386 1641 1275 3387 1641 1276 3387 1641 1276 3384 1641 1273 3383 1641 1272 3386 1642 1275 3388 1642 1277 3389 1642 1278 3389 1642 1278 3387 1642 1276 3386 1642 1275 3388 1643 1277 3390 1643 1279 3391 1643 1280 3391 1643 1280 3389 1643 1278 3388 1643 1277 3390 1499 1279 3392 1499 1281 3393 1499 1282 3393 1499 1282 3391 1499 1280 3390 1499 1279 3392 1644 1283 3394 1644 1284 3395 1644 1285 3395 1644 1285 3393 1644 1286 3392 1644 1283 3394 1645 1284 3396 1645 1287 3397 1645 1288 3397 1645 1288 3395 1645 1285 3394 1645 1284 3396 1646 1287 3398 1646 1289 3399 1646 1290 3399 1646 1290 3397 1646 1288 3396 1646 1287 3398 1647 1289 3400 1647 1291 3401 1647 1292 3401 1647 1292 3399 1647 1290 3398 1647 1289 3400 1648 1291 3402 1648 1293 3403 1648 1294 3403 1648 1294 3401 1648 1292 3400 1648 1291 3402 1649 1293 3404 1649 1295 3405 1649 1296 3405 1649 1296 3403 1649 1294 3402 1649 1293 3404 1650 1295 3406 1650 1297 3407 1650 1298 3407 1650 1298 3405 1650 1296 3404 1650 1295 3406 1651 1297 3408 1651 1299 3409 1651 1300 3409 1651 1300 3407 1651 1298 3406 1651 1297 3408 1494 1299 3410 1494 1301 3411 1494 1302 3411 1494 1302 3409 1494 1300 3408 1494 1299 3410 1652 1301 3412 1652 1303 3413 1652 1304 3413 1652 1304 3411 1652 1302 3410 1652 1301 3412 1653 1303 3414 1653 1305 3415 1653 1306 3415 1653 1306 3413 1653 1304 3412 1653 1303 3414 1654 1305 3416 1654 1307 3417 1654 1308 3417 1654 1308 3415 1654 1306 3414 1654 1305 3416 1655 1307 3382 1655 1271 3385 1655 1274 3385 1656 1274 3417 1656 1308 3416 1656 1307 3409 1514 1309 3411 1514 1310 3413 1514 1311 3413 1514 1311 3407 1514 1312 3409 1514 1309 3407 1514 1312 3413 1514 1311 3415 1514 1313 3415 1514 1313 3405 1514 1314 3407 1514 1312 3405 1514 1314 3415 1514 1313 3417 1514 1315 3417 1514 1315 3403 1514 1316 3405 1514 1314 3403 1514 1316 3417 1514 1315 3385 1514 1317 3385 1514 1317 3401 1514 1318 3403 1514 1316 3401 1514 1318 3385 1514 1317 3384 1514 1319 3384 1514 1319 3399 1514 1320 3401 1514 1318 3399 1514 1320 3384 1514 1319 3387 1514 1321 3387 1514 1321 3397 1514 1322 3399 1514 1320 3397 1514 1322 3387 1514 1321 3389 1514 1323 3389 1514 1323 3395 1514 1324 3397 1514 1322 3395 1514 1324 3389 1514 1323 3391 1514 1325 3391 1514 1325 3393 1514 1326 3395 1514 1324 3392 1532 1327 3390 1532 1328 3388 1532 1329 3388 1532 1329 3394 1532 1330 3392 1532 1327 3394 1532 1330 3388 1532 1329 3386 1532 1331 3386 1532 1331 3396 1532 1332 3394 1532 1330 3396 1532 1332 3386 1532 1331 3383 1532 1333 3383 1532 1333 3398 1532 1334 3396 1532 1332 3398 1532 1334 3383 1532 1333 3382 1532 1335 3382 1532 1335 3400 1532 1336 3398 1532 1334 3400 1532 1336 3382 1532 1335 3416 1532 1337 3416 1532 1337 3402 1532 1338 3400 1532 1336 3402 1532 1338 3416 1532 1337 3414 1532 1339 3414 1532 1339 3404 1532 1340 3402 1532 1338 3404 1532 1340 3414 1532 1339 3412 1532 1341 3412 1532 1341 3406 1532 1342 3404 1532 1340 3406 1532 1342 3412 1532 1341 3410 1532 1343 3410 1532 1343 3408 1532 1344 3406 1532 1342 3418 1657 1345 3419 1657 1346 3420 1657 1347 3420 1658 1347 3421 1658 1348 3418 1658 1345 3421 1659 1348 3420 1659 1347 3422 1659 1349 3422 1659 1349 3423 1659 1350 3421 1659 1348 3423 1660 1350 3422 1660 1349 3424 1660 1351 3424 1660 1351 3425 1660 1352 3423 1660 1350 3425 1644 1352 3424 1644 1351 3426 1644 1353 3426 1644 1353 3427 1644 1354 3425 1644 1352 3427 1499 1355 3426 1499 1356 3428 1499 1357 3428 1499 1357 3429 1499 1358 3427 1499 1355 3429 1661 1358 3428 1661 1357 3430 1661 1359 3430 1661 1359 3431 1661 1360 3429 1661 1358 3431 1662 1360 3430 1662 1359 3432 1662 1361 3432 1662 1361 3433 1662 1362 3431 1662 1360 3433 1663 1362 3432 1663 1361 3434 1663 1363 3434 1663 1363 3435 1663 1364 3433 1663 1362 3435 1664 1364 3434 1664 1363 3436 1664 1365 3436 1664 1365 3437 1664 1366 3435 1664 1364 3437 1665 1366 3436 1665 1365 3438 1665 1367 3438 1665 1367 3439 1665 1368 3437 1665 1366 3439 1666 1368 3438 1666 1367 3440 1666 1369 3440 1666 1369 3441 1666 1370 3439 1666 1368 3441 1667 1370 3440 1667 1369 3442 1667 1371 3442 1667 1371 3443 1667 1372 3441 1667 1370 3443 1668 1372 3442 1668 1371 3444 1668 1373 3444 1668 1373 3445 1668 1374 3443 1668 1372 3445 1494 1374 3444 1494 1373 3446 1494 1375 3446 1494 1375 3447 1494 1376 3445 1494 1374 3447 1669 1376 3446 1669 1375 3448 1669 1377 3448 1669 1377 3449 1669 1378 3447 1669 1376 3449 1670 1378 3448 1670 1377 3450 1670 1379 3450 1670 1379 3451 1670 1380 3449 1670 1378 3451 1671 1380 3450 1671 1379 3452 1671 1381 3452 1671 1381 3453 1671 1382 3451 1671 1380 3453 1672 1382 3452 1672 1381 3419 1672 1346 3419 1673 1346 3418 1673 1345 3453 1673 1382 3444 1514 1383 3442 1514 1384 3448 1514 1385 3448 1514 1385 3446 1514 1386 3444 1514 1383 3442 1514 1384 3440 1514 1387 3450 1514 1388 3450 1514 1388 3448 1514 1385 3442 1514 1384 3440 1514 1387 3438 1514 1389 3452 1514 1390 3452 1514 1390 3450 1514 1388 3440 1514 1387 3438 1514 1389 3436 1514 1391 3419 1514 1392 3419 1514 1392 3452 1514 1390 3438 1514 1389 3436 1514 1391 3434 1514 1393 3420 1514 1394 3420 1514 1394 3419 1514 1392 3436 1514 1391 3434 1514 1393 3432 1514 1395 3422 1514 1396 3422 1514 1396 3420 1514 1394 3434 1514 1393 3432 1514 1395 3430 1514 1397 3424 1514 1398 3424 1514 1398 3422 1514 1396 3432 1514 1395 3430 1514 1397 3428 1514 1399 3426 1514 1400 3426 1514 1400 3424 1514 1398 3430 1514 1397 3429 1532 1401 3431 1532 1402 3425 1532 1403 3425 1532 1403 3427 1532 1404 3429 1532 1401 3431 1532 1402 3433 1532 1405 3423 1532 1406 3423 1532 1406 3425 1532 1403 3431 1532 1402 3433 1532 1405 3435 1532 1407 3421 1532 1408 3421 1532 1408 3423 1532 1406 3433 1532 1405 3435 1532 1407 3437 1532 1409 3418 1532 1410 3418 1532 1410 3421 1532 1408 3435 1532 1407 3437 1532 1409 3439 1532 1411 3453 1532 1412 3453 1532 1412 3418 1532 1410 3437 1532 1409 3439 1532 1411 3441 1532 1413 3451 1532 1414 3451 1532 1414 3453 1532 1412 3439 1532 1411 3441 1532 1413 3443 1532 1415 3449 1532 1416 3449 1532 1416 3451 1532 1414 3441 1532 1413 3443 1532 1415 3445 1532 1417 3447 1532 1418 3447 1532 1418 3449 1532 1416 3443 1532 1415 3454 1674 1419 3455 1674 1420 3456 1674 1421 3456 1674 1421 3457 1674 1422 3454 1674 1419 3457 1675 1422 3456 1675 1421 3458 1675 1423 3458 1676 1423 3459 1676 1424 3457 1676 1422 3459 1677 1424 3458 1677 1423 3460 1677 1425 3460 1678 1425 3461 1678 1426 3459 1678 1424 3461 1679 1426 3460 1679 1425 3462 1679 1427 3462 1679 1427 3463 1679 1428 3461 1679 1426 3463 1499 1428 3462 1499 1427 3464 1499 1429 3464 1499 1429 3465 1499 1430 3463 1499 1428 3465 1680 1431 3464 1680 1432 3466 1680 1433 3466 1680 1433 3467 1680 1434 3465 1680 1431 3467 1681 1434 3466 1681 1433 3468 1681 1435 3468 1682 1435 3469 1682 1436 3467 1682 1434 3469 1683 1436 3468 1683 1435 3470 1683 1437 3470 1684 1437 3471 1684 1438 3469 1684 1436 3471 1685 1438 3470 1685 1437 3472 1685 1439 3472 1686 1439 3473 1686 1440 3471 1686 1438 3473 1687 1440 3472 1687 1439 3474 1687 1441 3474 1688 1441 3475 1688 1442 3473 1688 1440 3475 1689 1442 3474 1689 1441 3476 1689 1443 3476 1689 1443 3477 1689 1444 3475 1689 1442 3477 1690 1444 3476 1690 1443 3478 1690 1445 3478 1690 1445 3479 1690 1446 3477 1690 1444 3479 1691 1446 3478 1691 1445 3480 1691 1447 3480 1691 1447 3481 1691 1448 3479 1691 1446 3481 1692 1448 3480 1692 1447 3482 1692 1449 3482 1692 1449 3483 1692 1450 3481 1692 1448 3483 1693 1450 3482 1693 1449 3484 1693 1451 3484 1693 1451 3485 1693 1452 3483 1693 1450 3485 1694 1452 3484 1694 1451 3486 1694 1453 3486 1695 1453 3487 1695 1454 3485 1695 1452 3487 1696 1454 3486 1696 1453 3488 1696 1455 3488 1697 1455 3489 1697 1456 3487 1697 1454 3489 1656 1456 3488 1656 1455 3455 1656 1420 3455 1656 1420 3454 1656 1419 3489 1656 1456 3480 1532 1457 3478 1532 1458 3484 1532 1459 3484 1532 1459 3482 1532 1460 3480 1532 1457 3478 1532 1458 3476 1532 1461 3486 1532 1462 3486 1532 1462 3484 1532 1459 3478 1532 1458 3476 1532 1461 3474 1532 1463 3488 1532 1464 3488 1532 1464 3486 1532 1462 3476 1532 1461 3474 1532 1463 3472 1532 1465 3455 1532 1466 3455 1532 1466 3488 1532 1464 3474 1532 1463 3472 1532 1465 3470 1532 1467 3456 1532 1468 3456 1532 1468 3455 1532 1466 3472 1532 1465 3470 1532 1467 3468 1532 1469 3458 1532 1470 3458 1532 1470 3456 1532 1468 3470 1532 1467 3468 1532 1469 3466 1532 1471 3460 1532 1472 3460 1532 1472 3458 1532 1470 3468 1532 1469 3466 1532 1471 3464 1532 1473 3462 1532 1474 3462 1532 1474 3460 1532 1472 3466 1532 1471 3465 1514 1475 3467 1514 1476 3461 1514 1477 3461 1514 1477 3463 1514 1478 3465 1514 1475 3467 1514 1476 3469 1514 1479 3459 1514 1480 3459 1514 1480 3461 1514 1477 3467 1514 1476 3469 1514 1479 3471 1514 1481 3457 1514 1482 3457 1514 1482 3459 1514 1480 3469 1514 1479 3471 1514 1481 3473 1514 1483 3454 1514 1484 3454 1514 1484 3457 1514 1482 3471 1514 1481 3473 1514 1483 3475 1514 1485 3489 1514 1486 3489 1514 1486 3454 1514 1484 3473 1514 1483 3475 1514 1485 3477 1514 1487 3487 1514 1488 3487 1514 1488 3489 1514 1486 3475 1514 1485 3477 1514 1487 3479 1514 1489 3485 1514 1490 3485 1514 1490 3487 1514 1488 3477 1514 1487 3479 1514 1489 3481 1514 1491 3483 1514 1492 3483 1514 1492 3485 1514 1490 3479 1514 1489 3490 1698 1493 3491 1698 1494 3492 1698 1495 3492 1698 1495 3493 1698 1496 3490 1698 1493 3491 1699 1494 3494 1699 1497 3495 1699 1498 3495 1700 1498 3492 1700 1495 3491 1700 1494 3494 1701 1497 3496 1701 1499 3497 1701 1500 3497 1702 1500 3495 1702 1498 3494 1702 1497 3496 1703 1499 3498 1703 1501 3499 1703 1502 3499 1703 1502 3497 1703 1500 3496 1703 1499 3498 1499 1503 3500 1499 1504 3501 1499 1505 3501 1499 1505 3499 1499 1506 3498 1499 1503 3500 1704 1504 3502 1704 1507 3503 1704 1508 3503 1704 1508 3501 1704 1505 3500 1704 1504 3502 1705 1507 3504 1705 1509 3505 1705 1510 3505 1706 1510 3503 1706 1508 3502 1706 1507 3504 1663 1509 3506 1663 1511 3507 1663 1512 3507 1707 1512 3505 1707 1510 3504 1707 1509 3506 1708 1511 3508 1708 1513 3509 1708 1514 3509 1709 1514 3507 1709 1512 3506 1709 1511 3508 1710 1513 3510 1710 1515 3511 1710 1516 3511 1711 1516 3509 1711 1514 3508 1711 1513 3510 1654 1515 3512 1654 1517 3513 1654 1518 3513 1654 1518 3511 1654 1516 3510 1654 1515 3512 1712 1517 3514 1712 1519 3515 1712 1520 3515 1712 1520 3513 1712 1518 3512 1712 1517 3514 1713 1519 3516 1713 1521 3517 1713 1522 3517 1713 1522 3515 1713 1520 3514 1713 1519 3516 1714 1521 3518 1714 1523 3519 1714 1524 3519 1714 1524 3517 1714 1522 3516 1714 1521 3518 1715 1523 3520 1715 1525 3521 1715 1526 3521 1715 1526 3519 1715 1524 3518 1715 1523 3520 1716 1525 3522 1716 1527 3523 1716 1528 3523 1717 1528 3521 1717 1526 3520 1717 1525 3522 1718 1527 3524 1718 1529 3525 1718 1530 3525 1719 1530 3523 1719 1528 3522 1719 1527 3524 1672 1529 3490 1672 1493 3493 1672 1496 3493 1672 1496 3525 1672 1530 3524 1672 1529 3517 1532 1531 3519 1532 1532 3521 1532 1533 3521 1532 1533 3515 1532 1534 3517 1532 1531 3515 1532 1534 3521 1532 1533 3523 1532 1535 3523 1532 1535 3513 1532 1536 3515 1532 1534 3513 1532 1536 3523 1532 1535 3525 1532 1537 3525 1532 1537 3511 1532 1538 3513 1532 1536 3511 1532 1538 3525 1532 1537 3493 1532 1539 3493 1532 1539 3509 1532 1540 3511 1532 1538 3509 1532 1540 3493 1532 1539 3492 1532 1541 3492 1532 1541 3507 1532 1542 3509 1532 1540 3507 1532 1542 3492 1532 1541 3495 1532 1543 3495 1532 1543 3505 1532 1544 3507 1532 1542 3505 1532 1544 3495 1532 1543 3497 1532 1545 3497 1532 1545 3503 1532 1546 3505 1532 1544 3503 1532 1546 3497 1532 1545 3499 1532 1547 3499 1532 1547 3501 1532 1548 3503 1532 1546 3500 1514 1549 3498 1514 1550 3496 1514 1551 3496 1514 1551 3502 1514 1552 3500 1514 1549 3502 1514 1552 3496 1514 1551 3494 1514 1553 3494 1514 1553 3504 1514 1554 3502 1514 1552 3504 1514 1554 3494 1514 1553 3491 1514 1555 3491 1514 1555 3506 1514 1556 3504 1514 1554 3506 1514 1556 3491 1514 1555 3490 1514 1557 3490 1514 1557 3508 1514 1558 3506 1514 1556 3508 1514 1558 3490 1514 1557 3524 1514 1559 3524 1514 1559 3510 1514 1560 3508 1514 1558 3510 1514 1560 3524 1514 1559 3522 1514 1561 3522 1514 1561 3512 1514 1562 3510 1514 1560 3512 1514 1562 3522 1514 1561 3520 1514 1563 3520 1514 1563 3514 1514 1564 3512 1514 1562 3514 1514 1564 3520 1514 1563 3518 1514 1565 3518 1514 1565 3516 1514 1566 3514 1514 1564 3526 1532 1567 3527 1532 1568 3528 1532 1569 3528 1532 1569 3529 1532 1570 3526 1532 1567 3530 1514 1571 3531 1514 1572 3532 1514 1573 3532 1514 1573 3533 1514 1574 3530 1514 1571 3528 1532 1569 3527 1532 1568 3534 1532 1575 3534 1532 1575 3535 1532 1576 3528 1532 1569 3535 1532 1576 3534 1532 1575 3536 1532 1577 3536 1532 1577 3537 1532 1578 3535 1532 1576 3536 1532 1577 3538 1532 1579 3537 1532 1578 3533 1514 1574 3532 1514 1573 3539 1514 1580 3539 1514 1580 3540 1514 1581 3533 1514 1574 3540 1514 1581 3539 1514 1580 3541 1514 1582 3541 1514 1582 3542 1514 1583 3540 1514 1581 3541 1514 1582 3543 1514 1584 3542 1514 1583 3544 1514 1585 3545 1514 1586 3546 1514 1587 3546 1514 1587 3547 1514 1588 3544 1514 1585 3548 1532 1589 3549 1532 1590 3550 1532 1591 3550 1532 1591 3551 1532 1592 3548 1532 1589 3552 1514 1593 3545 1514 1586 3544 1514 1585 3544 1514 1585 3553 1514 1594 3552 1514 1593 3554 1514 1595 3552 1514 1593 3553 1514 1594 3553 1514 1594 3555 1514 1596 3554 1514 1595 3555 1514 1596 3556 1514 1597 3554 1514 1595 3557 1532 1598 3548 1532 1589 3551 1532 1592 3551 1720 1592 3558 1720 1599 3557 1720 1598 3559 1721 1600 3557 1721 1598 3558 1721 1599 3558 1722 1599 3560 1722 1601 3559 1722 1600 3560 1532 1601 3561 1532 1602 3559 1532 1600 3544 1723 1603 3547 1723 1604 3529 1723 1605 3529 1723 1605 3528 1723 1606 3544 1723 1603 3546 1724 1607 3545 1724 1608 3527 1724 1609 3527 1725 1609 3526 1725 1610 3546 1725 1607 3551 1726 1611 3550 1726 1612 3530 1726 1613 3530 1727 1613 3533 1727 1614 3551 1727 1611 3549 1723 1615 3548 1723 1616 3532 1723 1617 3532 1723 1617 3531 1723 1618 3549 1723 1615 3553 1728 1619 3544 1728 1603 3528 1728 1606 3528 1729 1606 3535 1729 1620 3553 1729 1619 3545 1730 1608 3552 1730 1621 3534 1730 1622 3534 1731 1622 3527 1731 1609 3545 1731 1608 3555 1732 1623 3553 1732 1619 3535 1732 1620 3535 1733 1620 3537 1733 1624 3555 1733 1623 3552 1734 1621 3554 1734 1625 3536 1734 1626 3536 1735 1626 3534 1735 1622 3552 1735 1621 3554 1736 1625 3556 1736 1627 3538 1736 1628 3538 1736 1628 3536 1736 1626 3554 1736 1625 3556 1737 1627 3555 1737 1623 3537 1737 1624 3537 1737 1624 3538 1737 1628 3556 1737 1627 3558 1738 1629 3551 1738 1611 3533 1738 1614 3533 1739 1614 3540 1739 1630 3558 1739 1629 3548 1728 1616 3557 1728 1631 3539 1728 1632 3539 1728 1632 3532 1728 1617 3548 1728 1616 3560 1740 1633 3558 1740 1629 3540 1740 1630 3540 1741 1630 3542 1741 1634 3560 1741 1633 3557 1742 1631 3559 1742 1635 3541 1742 1636 3541 1743 1636 3539 1743 1632 3557 1743 1631 3559 1744 1635 3561 1744 1637 3543 1744 1638 3543 1745 1638 3541 1745 1636 3559 1745 1635 3561 1746 1637 3560 1746 1633 3542 1746 1634 3542 1747 1634 3543 1747 1638 3561 1747 1637 3562 1748 1639 3563 1748 1640 3564 1748 1641 3564 1748 1641 3565 1748 1642 3562 1748 1639 3563 1749 1640 3566 1749 1643 3567 1749 1644 3567 1749 1644 3564 1749 1641 3563 1749 1640 3566 1750 1643 3568 1750 1645 3569 1750 1646 3569 1750 1646 3567 1750 1644 3566 1750 1643 3568 1751 1645 3570 1751 1647 3571 1751 1648 3571 1751 1648 3569 1751 1646 3568 1751 1645 3570 1752 1647 3572 1752 1649 3573 1752 1650 3573 1752 1650 3571 1752 1648 3570 1752 1647 3572 1753 1649 3574 1753 1651 3575 1753 1652 3575 1753 1652 3573 1753 1650 3572 1753 1649 3574 1494 1651 3576 1494 1653 3577 1494 1654 3577 1494 1654 3575 1494 1652 3574 1494 1651 3576 1754 1655 3578 1754 1656 3579 1754 1657 3579 1754 1657 3577 1754 1658 3576 1754 1655 3578 1755 1656 3562 1755 1639 3565 1755 1642 3565 1755 1642 3579 1755 1657 3578 1755 1656 3580 1532 1659 3581 1532 1660 3582 1532 1661 3582 1532 1661 3583 1532 1662 3580 1532 1659 3584 1514 1663 3585 1514 1664 3586 1514 1665 3586 1514 1665 3587 1514 1666 3584 1514 1663 3582 1532 1661 3588 1532 1667 3589 1532 1668 3589 1532 1668 3583 1532 1662 3582 1532 1661 3588 1532 1667 3590 1532 1669 3591 1532 1670 3591 1532 1670 3589 1532 1668 3588 1532 1667 3591 1532 1670 3590 1532 1669 3592 1532 1671 3585 1514 1664 3593 1514 1672 3594 1514 1673 3594 1514 1673 3586 1514 1665 3585 1514 1664 3593 1514 1672 3595 1514 1674 3596 1514 1675 3596 1514 1675 3594 1514 1673 3593 1514 1672 3596 1514 1675 3595 1514 1674 3597 1514 1676 3598 1514 1677 3599 1514 1678 3600 1514 1679 3600 1514 1679 3601 1514 1680 3598 1514 1677 3602 1532 1681 3603 1532 1682 3604 1532 1683 3604 1532 1683 3605 1532 1684 3602 1532 1681 3606 1514 1685 3607 1514 1686 3598 1514 1677 3598 1514 1677 3601 1514 1680 3606 1514 1685 3608 1514 1687 3609 1514 1688 3607 1514 1686 3607 1514 1686 3606 1514 1685 3608 1514 1687 3609 1514 1688 3608 1514 1687 3610 1514 1689 3611 1756 1690 3612 1756 1691 3603 1756 1682 3603 1532 1682 3602 1532 1681 3611 1532 1690 3613 1722 1692 3614 1722 1693 3612 1722 1691 3612 1757 1691 3611 1757 1690 3613 1757 1692 3614 1532 1693 3613 1532 1692 3615 1532 1694 3598 1758 1695 3582 1758 1696 3581 1758 1697 3581 1758 1697 3599 1758 1698 3598 1758 1695 3600 1759 1699 3580 1759 1700 3583 1759 1701 3583 1760 1701 3601 1760 1702 3600 1760 1699 3603 1761 1703 3585 1761 1704 3584 1761 1705 3584 1762 1705 3604 1762 1706 3603 1762 1703 3605 1758 1707 3587 1758 1708 3586 1758 1709 3586 1758 1709 3602 1758 1710 3605 1758 1707 3607 1763 1711 3588 1763 1712 3582 1763 1696 3582 1764 1696 3598 1764 1695 3607 1764 1711 3601 1765 1702 3583 1765 1701 3589 1765 1713 3589 1766 1713 3606 1766 1714 3601 1766 1702 3609 1767 1715 3590 1767 1716 3588 1767 1712 3588 1768 1712 3607 1768 1711 3609 1768 1715 3606 1769 1714 3589 1769 1713 3591 1769 1717 3591 1770 1717 3608 1770 1718 3606 1770 1714 3608 1771 1718 3591 1771 1717 3592 1771 1719 3592 1771 1719 3610 1771 1720 3608 1771 1718 3610 1772 1720 3592 1772 1719 3590 1772 1716 3590 1772 1716 3609 1772 1715 3610 1772 1720 3612 1773 1721 3593 1773 1722 3585 1773 1704 3585 1774 1704 3603 1774 1703 3612 1774 1721 3602 1764 1710 3586 1764 1709 3594 1764 1723 3594 1764 1723 3611 1764 1724 3602 1764 1710 3614 1775 1725 3595 1775 1726 3593 1775 1722 3593 1776 1722 3612 1776 1721 3614 1776 1725 3611 1777 1724 3594 1777 1723 3596 1777 1727 3596 1778 1727 3613 1778 1728 3611 1778 1724 3613 1779 1728 3596 1779 1727 3597 1779 1729 3597 1780 1729 3615 1780 1730 3613 1780 1728 3615 1781 1730 3597 1781 1729 3595 1781 1726 3595 1782 1726 3614 1782 1725 3615 1782 1730 3616 1751 1731 3617 1751 1732 3618 1751 1733 3618 1751 1733 3619 1751 1734 3616 1751 1731 3619 1783 1734 3618 1783 1733 3620 1783 1735 3620 1783 1735 3621 1783 1736 3619 1783 1734 3621 1784 1736 3620 1784 1735 3622 1784 1737 3622 1784 1737 3623 1784 1738 3621 1784 1736 3623 1748 1738 3622 1748 1737 3624 1748 1739 3624 1748 1739 3625 1748 1740 3623 1748 1738 3625 1755 1740 3624 1755 1739 3626 1755 1741 3626 1755 1741 3627 1755 1742 3625 1755 1740 3627 1785 1742 3626 1785 1741 3628 1785 1743 3628 1785 1743 3629 1785 1744 3627 1785 1742 3629 1494 1745 3628 1494 1746 3630 1494 1747 3630 1494 1747 3631 1494 1748 3629 1494 1745 3631 1786 1748 3630 1786 1747 3632 1786 1749 3632 1786 1749 3633 1786 1750 3631 1786 1748 3633 1787 1750 3632 1787 1749 3617 1787 1732 3617 1787 1732 3616 1787 1731 3633 1787 1750 3634 1514 1751 3635 1514 1752 3636 1514 1753 3636 1514 1753 3637 1514 1754 3634 1514 1751 3638 1532 1755 3639 1532 1756 3640 1532 1757 3640 1532 1757 3641 1532 1758 3638 1532 1755 3636 1514 1753 3642 1514 1759 3643 1514 1760 3643 1514 1760 3637 1514 1754 3636 1514 1753 3642 1514 1759 3644 1514 1761 3645 1514 1762 3645 1514 1762 3643 1514 1760 3642 1514 1759 3645 1514 1762 3644 1514 1761 3646 1514 1763 3639 1532 1756 3647 1532 1764 3648 1532 1765 3648 1532 1765 3640 1532 1757 3639 1532 1756 3647 1532 1764 3649 1532 1766 3650 1532 1767 3650 1532 1767 3648 1532 1765 3647 1532 1764 3650 1532 1767 3649 1532 1766 3651 1532 1768 3652 1532 1769 3653 1532 1770 3654 1532 1771 3654 1532 1771 3655 1532 1772 3652 1532 1769 3656 1514 1773 3657 1514 1774 3658 1514 1775 3658 1514 1775 3659 1514 1776 3656 1514 1773 3660 1532 1777 3661 1532 1778 3652 1532 1769 3652 1532 1769 3655 1532 1772 3660 1532 1777 3662 1532 1779 3663 1532 1780 3661 1532 1778 3661 1532 1778 3660 1532 1777 3662 1532 1779 3663 1532 1780 3662 1532 1779 3664 1532 1781 3665 1514 1782 3666 1514 1783 3657 1514 1774 3657 1514 1774 3656 1514 1773 3665 1514 1782 3667 1514 1784 3668 1514 1785 3666 1514 1783 3666 1514 1783 3665 1514 1782 3667 1514 1784 3668 1514 1785 3667 1514 1784 3669 1514 1786 3652 1788 1787 3636 1788 1788 3635 1788 1789 3635 1788 1789 3653 1788 1790 3652 1788 1787 3654 1725 1791 3634 1725 1792 3637 1725 1793 3637 1789 1793 3655 1789 1794 3654 1789 1791 3657 1790 1795 3639 1790 1796 3638 1790 1797 3638 1726 1797 3658 1726 1798 3657 1726 1795 3659 1788 1799 3641 1788 1800 3640 1788 1801 3640 1788 1801 3656 1788 1802 3659 1788 1799 3661 1791 1803 3642 1791 1804 3636 1791 1788 3636 1792 1788 3652 1792 1787 3661 1792 1803 3655 1793 1794 3637 1793 1793 3643 1793 1805 3643 1794 1805 3660 1794 1806 3655 1794 1794 3663 1795 1807 3644 1795 1808 3642 1795 1804 3642 1796 1804 3661 1796 1803 3663 1796 1807 3660 1797 1806 3643 1797 1805 3645 1797 1809 3645 1798 1809 3662 1798 1810 3660 1798 1806 3662 1799 1810 3645 1799 1809 3646 1799 1811 3646 1799 1811 3664 1799 1812 3662 1799 1810 3664 1771 1812 3646 1771 1811 3644 1771 1808 3644 1771 1808 3663 1771 1807 3664 1771 1812 3666 1800 1813 3647 1800 1814 3639 1800 1796 3639 1801 1796 3657 1801 1795 3666 1801 1813 3656 1792 1802 3640 1792 1801 3648 1792 1815 3648 1792 1815 3665 1792 1816 3656 1792 1802 3668 1802 1817 3649 1802 1818 3647 1802 1814 3647 1803 1814 3666 1803 1813 3668 1803 1817 3665 1804 1816 3648 1804 1815 3650 1804 1819 3650 1805 1819 3667 1805 1820 3665 1805 1816 3667 1806 1820 3650 1806 1819 3651 1806 1821 3651 1807 1821 3669 1807 1822 3667 1807 1820 3669 1808 1822 3651 1808 1821 3649 1808 1818 3649 1809 1818 3668 1809 1817 3669 1809 1822 3670 1810 1823 3671 1810 1824 3672 1810 1825 3672 1810 1825 3673 1810 1826 3670 1810 1823 3673 1784 1826 3672 1784 1825 3674 1784 1827 3674 1784 1827 3675 1784 1828 3673 1784 1826 3675 1750 1828 3674 1750 1827 3676 1750 1829 3676 1750 1829 3677 1750 1830 3675 1750 1828 3677 1751 1830 3676 1751 1829 3678 1751 1831 3678 1751 1831 3679 1751 1832 3677 1751 1830 3679 1752 1832 3678 1752 1831 3680 1752 1833 3680 1752 1833 3681 1752 1834 3679 1752 1832 3681 1753 1834 3680 1753 1833 3682 1753 1835 3682 1753 1835 3683 1753 1836 3681 1753 1834 3683 1494 1836 3682 1494 1835 3684 1494 1837 3684 1494 1837 3685 1494 1838 3683 1494 1836 3685 1754 1839 3684 1754 1840 3686 1754 1841 3686 1754 1841 3687 1754 1842 3685 1754 1839 3687 1811 1842 3686 1811 1841 3671 1811 1824 3671 1811 1824 3670 1811 1823 3687 1811 1842 3688 1514 1843 3689 1514 1844 3690 1514 1845 3690 1514 1845 3691 1514 1846 3688 1514 1843 3692 1532 1847 3693 1532 1848 3694 1532 1849 3694 1532 1849 3695 1532 1850 3692 1532 1847 3690 1514 1845 3689 1514 1844 3696 1514 1851 3696 1514 1851 3697 1514 1852 3690 1514 1845 3697 1514 1852 3696 1514 1851 3698 1514 1853 3698 1514 1853 3699 1514 1854 3697 1514 1852 3698 1514 1853 3700 1514 1855 3699 1514 1854 3695 1532 1850 3694 1532 1849 3701 1532 1856 3701 1532 1856 3702 1532 1857 3695 1532 1850 3702 1532 1857 3701 1532 1856 3703 1532 1858 3703 1532 1858 3704 1532 1859 3702 1532 1857 3703 1532 1858 3705 1532 1860 3704 1532 1859 3706 1532 1861 3707 1532 1862 3708 1532 1863 3708 1532 1863 3709 1532 1864 3706 1532 1861 3710 1514 1865 3711 1514 1866 3712 1514 1867 3712 1514 1867 3713 1514 1868 3710 1514 1865 3714 1532 1869 3707 1532 1862 3706 1532 1861 3706 1532 1861 3715 1532 1870 3714 1532 1869 3716 1532 1871 3714 1532 1869 3715 1532 1870 3715 1532 1870 3717 1532 1872 3716 1532 1871 3717 1532 1872 3718 1532 1873 3716 1532 1871 3719 1514 1874 3710 1514 1865 3713 1514 1868 3713 1514 1868 3720 1514 1875 3719 1514 1874 3721 1514 1876 3719 1514 1874 3720 1514 1875 3720 1514 1875 3722 1514 1877 3721 1514 1876 3722 1514 1877 3723 1514 1878 3721 1514 1876 3706 1758 1879 3709 1758 1880 3691 1758 1881 3691 1758 1881 3690 1758 1882 3706 1758 1879 3708 1812 1883 3707 1812 1884 3689 1812 1885 3689 1759 1885 3688 1759 1886 3708 1759 1883 3713 1762 1887 3712 1762 1888 3692 1762 1889 3692 1813 1889 3695 1813 1890 3713 1813 1887 3711 1758 1891 3710 1758 1892 3694 1758 1893 3694 1758 1893 3693 1758 1894 3711 1758 1891 3715 1764 1895 3706 1764 1879 3690 1764 1882 3690 1814 1882 3697 1814 1896 3715 1814 1895 3707 1815 1884 3714 1815 1897 3696 1815 1898 3696 1816 1898 3689 1816 1885 3707 1816 1884 3717 1817 1899 3715 1817 1895 3697 1817 1896 3697 1767 1896 3699 1767 1900 3717 1767 1899 3714 1770 1897 3716 1770 1901 3698 1770 1902 3698 1818 1902 3696 1818 1898 3714 1818 1897 3716 1771 1901 3718 1771 1903 3700 1771 1904 3700 1771 1904 3698 1771 1902 3716 1771 1901 3718 1772 1903 3717 1772 1899 3699 1772 1900 3699 1772 1900 3700 1772 1904 3718 1772 1903 3720 1819 1905 3713 1819 1887 3695 1819 1890 3695 1820 1890 3702 1820 1906 3720 1820 1905 3710 1764 1892 3719 1764 1907 3701 1764 1908 3701 1764 1908 3694 1764 1893 3710 1764 1892 3722 1821 1909 3720 1821 1905 3702 1821 1906 3702 1822 1906 3704 1822 1910 3722 1822 1909 3719 1823 1907 3721 1823 1911 3703 1823 1912 3703 1777 1912 3701 1777 1908 3719 1777 1907 3721 1824 1911 3723 1824 1913 3705 1824 1914 3705 1825 1914 3703 1825 1912 3721 1825 1911 3723 1826 1913 3722 1826 1909 3704 1826 1910 3704 1827 1910 3705 1827 1914 3723 1827 1913 3724 1751 1915 3725 1751 1916 3726 1751 1917 3726 1751 1917 3727 1751 1918 3724 1751 1915 3725 1783 1916 3728 1783 1919 3729 1783 1920 3729 1783 1920 3726 1783 1917 3725 1783 1916 3728 1784 1919 3730 1784 1921 3731 1784 1922 3731 1784 1922 3729 1784 1920 3728 1784 1919 3730 1748 1921 3732 1748 1923 3733 1748 1924 3733 1748 1924 3731 1748 1922 3730 1748 1921 3732 1755 1923 3734 1755 1925 3735 1755 1926 3735 1755 1926 3733 1755 1924 3732 1755 1923 3734 1785 1925 3736 1785 1927 3737 1785 1928 3737 1785 1928 3735 1785 1926 3734 1785 1925 3736 1494 1929 3738 1494 1930 3739 1494 1931 3739 1494 1931 3737 1494 1932 3736 1494 1929 3738 1786 1930 3740 1786 1933 3741 1786 1934 3741 1786 1934 3739 1786 1931 3738 1786 1930 3740 1787 1933 3724 1787 1915 3727 1787 1918 3727 1787 1918 3741 1787 1934 3740 1787 1933 3742 1828 1935 3743 1828 1936 3744 1828 1937 3744 1828 1937 3745 1828 1938 3742 1828 1935 3746 1829 1939 3742 1829 1935 3745 1829 1938 3745 1829 1938 3747 1829 1940 3746 1829 1939 3748 1830 1941 3746 1830 1939 3747 1830 1940 3747 1830 1940 3749 1830 1942 3748 1830 1941 3750 1831 1943 3748 1831 1941 3749 1831 1942 3749 1831 1942 3751 1831 1944 3750 1831 1943 3752 1832 1945 3750 1832 1943 3751 1832 1944 3751 1832 1944 3753 1832 1946 3752 1832 1945 3754 1833 1947 3752 1833 1945 3753 1833 1946 3753 1833 1946 3755 1833 1948 3754 1833 1947 3756 1834 1949 3754 1834 1947 3755 1834 1948 3755 1834 1948 3757 1834 1950 3756 1834 1949 3756 1835 1949 3757 1835 1950 3744 1835 1951 3744 1835 1951 3743 1835 1952 3756 1835 1949 3758 1836 1953 3759 1836 1954 3760 1836 1955 3760 1836 1955 3761 1836 1956 3758 1836 1953 3759 1837 1954 3762 1837 1957 3763 1837 1958 3763 1837 1958 3760 1837 1955 3759 1837 1954 3762 1838 1959 3764 1838 1960 3765 1838 1961 3765 1838 1961 3763 1838 1962 3762 1838 1959 3764 1839 1960 3766 1839 1963 3767 1839 1964 3767 1839 1964 3765 1839 1961 3764 1839 1960 3766 1840 1963 3768 1840 1965 3769 1840 1966 3769 1840 1966 3767 1840 1964 3766 1840 1963 3768 1841 1965 3770 1841 1967 3771 1841 1968 3771 1841 1968 3769 1841 1966 3768 1841 1965 3770 1842 1967 3772 1842 1969 3773 1842 1970 3773 1842 1970 3771 1842 1968 3770 1842 1967 3772 1843 1969 3758 1843 1953 3761 1843 1956 3761 1843 1956 3773 1843 1970 3772 1843 1969 3774 1844 1971 3775 1844 1972 3776 1844 1973 3776 1836 1973 3777 1836 1974 3774 1836 1971 3775 1845 1972 3778 1845 1975 3779 1845 1976 3779 1846 1976 3776 1846 1973 3775 1846 1972 3778 1838 1977 3780 1838 1978 3781 1838 1979 3781 1838 1979 3779 1838 1980 3778 1838 1977 3780 1839 1978 3782 1839 1981 3783 1839 1982 3783 1839 1982 3781 1839 1979 3780 1839 1978 3782 1840 1981 3784 1840 1983 3785 1840 1984 3785 1840 1984 3783 1840 1982 3782 1840 1981 3784 1841 1983 3786 1841 1985 3787 1841 1986 3787 1841 1986 3785 1841 1984 3784 1841 1983 3786 1842 1985 3788 1842 1987 3789 1842 1988 3789 1842 1988 3787 1842 1986 3786 1842 1985 3788 1843 1987 3774 1843 1971 3777 1843 1974 3777 1843 1974 3789 1843 1988 3788 1843 1987 3790 1847 1989 3791 1847 1990 3792 1847 1991 3792 1847 1991 3793 1847 1992 3790 1847 1989 3794 1848 1993 3795 1848 1994 3791 1848 1990 3791 1848 1990 3790 1848 1989 3794 1848 1993 3796 1830 1995 3797 1830 1996 3795 1830 1994 3795 1830 1994 3794 1830 1993 3796 1830 1995 3798 1831 1997 3799 1831 1998 3797 1831 1996 3797 1831 1996 3796 1831 1995 3798 1831 1997 3800 1832 1999 3801 1832 2000 3799 1832 1998 3799 1832 1998 3798 1832 1997 3800 1832 1999 3802 1833 2001 3803 1833 2002 3801 1833 2000 3801 1833 2000 3800 1833 1999 3802 1833 2001 3804 1849 2003 3805 1849 2004 3803 1849 2002 3803 1849 2002 3802 1849 2001 3804 1849 2003 3804 1850 2003 3793 1850 2005 3792 1850 2006 3792 1850 2006 3805 1850 2004 3804 1850 2003 3806 1851 2007 3807 1851 2008 3808 1851 2009 3808 1851 2009 3809 1851 2010 3806 1851 2007 3809 1852 2010 3808 1852 2009 3810 1852 2011 3810 1852 2011 3811 1852 2012 3809 1852 2010 3811 1845 2013 3810 1845 2014 3812 1845 2015 3812 1845 2015 3813 1845 2016 3811 1845 2013 3813 1836 2016 3812 1836 2015 3814 1836 2017 3814 1836 2017 3815 1836 2018 3813 1836 2016 3815 1843 2018 3814 1843 2017 3816 1843 2019 3816 1843 2019 3817 1843 2020 3815 1843 2018 3817 1853 2020 3816 1853 2019 3818 1853 2021 3818 1853 2021 3819 1853 2022 3817 1853 2020 3819 1854 2022 3818 1854 2021 3820 1854 2023 3820 1854 2023 3821 1854 2024 3819 1854 2022 3821 1855 2024 3820 1855 2023 3807 1855 2008 3807 1855 2008 3806 1855 2007 3821 1855 2024 3822 1856 2025 3823 1856 2026 3824 1856 2027 3824 1856 2027 3825 1856 2028 3822 1856 2025 3825 1838 2028 3824 1838 2027 3826 1838 2029 3826 1838 2029 3827 1838 2030 3825 1838 2028 3827 1857 2031 3826 1857 2032 3828 1857 2033 3828 1857 2033 3829 1857 2034 3827 1857 2031 3829 1858 2034 3828 1858 2033 3830 1858 2035 3830 1858 2035 3831 1858 2036 3829 1858 2034 3831 1859 2036 3830 1859 2035 3832 1859 2037 3832 1859 2037 3833 1859 2038 3831 1859 2036 3833 1860 2038 3832 1860 2037 3834 1860 2039 3834 1860 2039 3835 1860 2040 3833 1860 2038 3835 1841 2040 3834 1841 2039 3836 1841 2041 3836 1841 2041 3837 1841 2042 3835 1841 2040 3837 1861 2042 3836 1861 2041 3823 1861 2026 3823 1861 2026 3822 1861 2025 3837 1861 2042 3838 1862 2043 3839 1862 2044 3840 1862 2045 3840 1863 2045 3841 1863 2046 3838 1863 2043 3842 1864 2047 3843 1864 2048 3844 1864 2049 3844 1865 2049 3845 1865 2050 3842 1865 2047 3841 1866 2051 3840 1866 2052 3846 1866 2053 3841 1867 2051 3846 1867 2053 3847 1867 2054 3841 1868 2051 3847 1868 2054 3848 1868 2055 3848 1869 2056 3847 1869 2057 3849 1869 2058 3849 1869 2058 3850 1869 2059 3848 1869 2056 3851 1870 2060 3844 1870 2049 3843 1870 2048 3849 1871 2061 3852 1871 2062 3853 1871 2063 3850 1872 2064 3849 1872 2061 3853 1872 2063 3850 1873 2064 3853 1873 2063 3854 1873 2065 3854 1874 2066 3853 1874 2067 3855 1874 2068 3855 1875 2068 3856 1875 2069 3854 1875 2066 3857 1876 2070 3851 1876 2060 3843 1876 2048 3858 1877 2071 3857 1877 2072 3843 1877 2073 3859 1878 2074 3860 1878 2075 3861 1878 2076 3861 1878 2076 3862 1878 2077 3859 1878 2074 3846 1879 2078 3840 1879 2045 3839 1879 2044 3839 1880 2044 3863 1880 2079 3846 1880 2078 3864 1877 2080 3865 1877 2081 3860 1877 2082 3860 1877 2082 3859 1877 2083 3864 1877 2080 3866 1881 2084 3867 1881 2085 3865 1881 2086 3865 1881 2086 3864 1881 2087 3866 1881 2084 3868 1882 2088 3869 1882 2089 3867 1882 2090 3867 1883 2090 3866 1883 2091 3868 1883 2088 3870 1884 2092 3858 1884 2093 3869 1884 2094 3869 1884 2094 3868 1884 2095 3870 1884 2092 3871 1885 2096 3855 1885 2068 3853 1885 2067 3853 1886 2067 3852 1886 2097 3871 1886 2096 3841 1887 2046 3859 1887 2098 3862 1887 2099 3862 1888 2099 3838 1888 2043 3841 1888 2046 3847 1889 2100 3846 1889 2078 3863 1889 2079 3863 1890 2079 3872 1890 2101 3847 1890 2100 3848 1877 2055 3864 1877 2102 3859 1877 2103 3859 1877 2103 3841 1877 2051 3848 1877 2055 3850 1891 2059 3866 1891 2104 3864 1891 2105 3864 1891 2105 3848 1891 2056 3850 1891 2059 3854 1892 2065 3868 1892 2106 3866 1892 2107 3866 1893 2107 3850 1893 2064 3854 1893 2065 3856 1894 2069 3870 1894 2108 3868 1894 2109 3868 1894 2109 3854 1894 2066 3856 1894 2069 3857 1895 2110 3871 1895 2096 3852 1895 2097 3852 1896 2097 3849 1896 2111 3857 1896 2110 3847 1865 2112 3872 1865 2113 3873 1865 2114 3873 1865 2114 3874 1865 2115 3847 1865 2112 3849 1897 2116 3847 1897 2112 3874 1897 2115 3874 1897 2115 3875 1897 2117 3849 1897 2116 3857 1876 2070 3849 1876 2116 3875 1876 2117 3870 1877 2118 3856 1877 2119 3855 1877 2120 3870 1877 2118 3855 1877 2120 3871 1877 2121 3870 1877 2118 3871 1877 2121 3857 1877 2072 3858 1877 2071 3870 1877 2118 3857 1877 2072 3875 1876 2117 3851 1876 2060 3857 1876 2070 3851 1882 2122 3875 1882 2123 3876 1882 2124 3876 1882 2124 3877 1882 2125 3851 1882 2122 3845 1898 2126 3844 1898 2127 3878 1898 2128 3878 1898 2128 3879 1898 2129 3845 1898 2126 3844 1899 2127 3851 1899 2122 3877 1899 2125 3877 1899 2125 3878 1899 2128 3844 1899 2127 3874 1900 2130 3873 1900 2131 3880 1900 2132 3880 1900 2132 3881 1900 2133 3874 1900 2130 3875 1901 2123 3874 1901 2130 3881 1901 2133 3881 1901 2133 3876 1901 2124 3875 1901 2123 3880 1865 2134 3879 1865 2135 3878 1865 2136 3878 1865 2136 3881 1865 2137 3880 1865 2134 3881 1897 2137 3878 1897 2136 3877 1897 2138 3877 1897 2138 3876 1897 2139 3881 1897 2137 3882 1902 2140 3883 1902 2141 3884 1902 2142 3884 1903 2142 3885 1903 2143 3882 1903 2140 3842 1865 2047 3886 1865 2144 3887 1865 2145 3887 1904 2145 3843 1904 2048 3842 1904 2047 3883 1905 2146 3888 1905 2147 3889 1905 2148 3883 1906 2146 3889 1906 2148 3890 1906 2149 3883 1907 2146 3890 1907 2149 3884 1907 2150 3888 1908 2151 3891 1908 2152 3892 1908 2153 3892 1908 2153 3889 1908 2154 3888 1908 2151 3843 1909 2048 3887 1909 2145 3893 1909 2155 3891 1910 2156 3894 1910 2157 3895 1910 2158 3895 1911 2158 3896 1911 2159 3892 1911 2160 3891 1912 2156 3895 1912 2158 3892 1912 2160 3894 1913 2161 3897 1913 2162 3898 1913 2163 3898 1914 2163 3895 1914 2164 3894 1914 2161 3899 1877 2165 3858 1877 2071 3843 1877 2073 3865 1877 2081 3900 1877 2166 3901 1877 2167 3901 1877 2167 3860 1877 2082 3865 1877 2081 3867 1915 2085 3902 1915 2168 3900 1915 2169 3900 1915 2169 3865 1915 2086 3867 1915 2085 3869 1882 2089 3903 1882 2170 3902 1882 2171 3902 1882 2171 3867 1882 2090 3869 1882 2089 3858 1915 2093 3899 1915 2172 3903 1915 2173 3903 1915 2173 3869 1915 2094 3858 1915 2093 3904 1916 2174 3905 1916 2175 3906 1916 2176 3906 1916 2176 3901 1916 2177 3904 1916 2174 3890 1917 2178 3907 1917 2179 3885 1917 2143 3885 1918 2143 3884 1918 2142 3890 1918 2178 3908 1877 2180 3904 1877 2181 3901 1877 2167 3901 1877 2167 3900 1877 2166 3908 1877 2180 3909 1919 2182 3908 1919 2183 3900 1919 2169 3900 1919 2169 3902 1919 2168 3909 1919 2182 3910 1920 2184 3909 1920 2185 3902 1920 2171 3902 1882 2171 3903 1882 2170 3910 1882 2184 3911 1921 2186 3910 1921 2187 3903 1921 2173 3903 1921 2173 3899 1921 2172 3911 1921 2186 3912 1922 2188 3896 1922 2189 3895 1922 2164 3895 1923 2164 3898 1923 2163 3912 1923 2188 3883 1924 2141 3882 1924 2140 3905 1924 2190 3905 1925 2190 3904 1925 2191 3883 1925 2141 3889 1926 2192 3913 1926 2193 3907 1926 2179 3907 1927 2179 3890 1927 2178 3889 1927 2192 3888 1877 2147 3883 1877 2146 3904 1877 2194 3904 1877 2194 3908 1877 2195 3888 1877 2147 3891 1928 2152 3888 1928 2151 3908 1928 2196 3908 1928 2196 3909 1928 2197 3891 1928 2152 3894 1929 2157 3891 1929 2156 3909 1929 2198 3909 1930 2198 3910 1930 2199 3894 1930 2157 3897 1931 2162 3894 1931 2161 3910 1931 2200 3910 1931 2200 3911 1931 2201 3897 1931 2162 3914 1932 2202 3892 1932 2203 3896 1932 2189 3896 1933 2189 3912 1933 2188 3914 1933 2202 3889 1865 2204 3915 1865 2205 3916 1865 2206 3916 1865 2206 3913 1865 2207 3889 1865 2204 3892 1897 2208 3917 1897 2209 3915 1897 2205 3915 1897 2205 3889 1897 2204 3892 1897 2208 3917 1876 2209 3892 1876 2208 3914 1876 2210 3898 1877 2211 3897 1877 2212 3911 1877 2213 3912 1877 2214 3898 1877 2211 3911 1877 2213 3914 1877 2215 3912 1877 2214 3911 1877 2213 3914 1877 2215 3911 1877 2213 3899 1877 2165 3843 1876 2048 3893 1876 2155 3917 1876 2209 3917 1876 2209 3914 1876 2210 3843 1876 2048 3843 1877 2073 3914 1877 2215 3899 1877 2165 3906 1915 2176 3861 1915 2076 3860 1915 2075 3860 1915 2075 3901 1915 2177 3906 1915 2176 3893 1882 2216 3918 1882 2217 3919 1882 2218 3919 1882 2218 3917 1882 2219 3893 1882 2216 3886 1934 2220 3920 1934 2221 3921 1934 2222 3921 1934 2222 3887 1934 2223 3886 1934 2220 3887 1935 2223 3921 1935 2222 3918 1935 2217 3918 1935 2217 3893 1935 2216 3887 1935 2223 3915 1936 2224 3922 1936 2225 3923 1936 2226 3923 1936 2226 3916 1936 2227 3915 1936 2224 3917 1937 2219 3919 1937 2218 3922 1937 2225 3922 1937 2225 3915 1937 2224 3917 1937 2219 3923 1865 2228 3922 1865 2229 3921 1865 2230 3921 1865 2230 3920 1865 2231 3923 1865 2228 3922 1897 2229 3919 1897 2232 3918 1897 2233 3918 1897 2233 3921 1897 2230 3922 1897 2229 3924 1882 2234 3925 1882 2235 3926 1882 2236 3926 1882 2236 3927 1882 2237 3924 1882 2234 3927 1938 2238 3926 1938 2239 3928 1938 2240 3928 1938 2240 3929 1938 2241 3927 1938 2238 3930 1939 2242 3931 1939 2243 3932 1939 2244 3932 1939 2244 3933 1939 2245 3930 1939 2242 3925 1940 2246 3924 1940 2247 3934 1940 2248 3934 1940 2248 3935 1940 2249 3925 1940 2246 3936 1941 2250 3937 1941 2251 3938 1941 2252 3938 1941 2252 3939 1941 2253 3936 1941 2250 3929 1942 2254 3928 1942 2255 3940 1942 2256 3940 1942 2256 3941 1942 2257 3929 1942 2254 3933 1943 2245 3932 1943 2244 3942 1943 2258 3942 1943 2258 3943 1943 2259 3933 1943 2245 3935 1944 2260 3934 1944 2261 3944 1944 2262 3944 1944 2262 3945 1944 2263 3935 1944 2260 3939 1945 2253 3938 1945 2252 3946 1945 2264 3946 1945 2264 3947 1945 2265 3939 1945 2253 3941 1946 2266 3940 1946 2267 3948 1946 2268 3948 1946 2268 3949 1946 2269 3941 1946 2266 3943 1947 2259 3942 1947 2258 3950 1947 2270 3950 1947 2270 3951 1947 2271 3943 1947 2259 3945 1897 2272 3944 1897 2273 3952 1897 2274 3952 1897 2274 3953 1897 2275 3945 1897 2272 3947 1948 2265 3946 1948 2264 3954 1948 2276 3954 1948 2276 3955 1948 2277 3947 1948 2265 3949 1949 2278 3948 1949 2279 3956 1949 2280 3956 1949 2280 3957 1949 2281 3949 1949 2278 3951 1950 2282 3950 1950 2283 3958 1950 2284 3958 1950 2284 3959 1950 2285 3951 1950 2282 3953 1951 2286 3952 1951 2287 3960 1951 2288 3960 1951 2288 3961 1951 2289 3953 1951 2286 3955 1952 2290 3954 1952 2291 3962 1952 2292 3962 1952 2292 3963 1952 2293 3955 1952 2290 3964 1953 2294 3928 1953 2240 3926 1953 2239 3926 1954 2239 3965 1954 2295 3964 1954 2294 3966 1955 2296 3927 1955 2238 3929 1955 2241 3929 1956 2241 3967 1956 2297 3966 1956 2296 3968 1957 2298 3932 1957 2244 3931 1957 2243 3931 1958 2243 3969 1958 2299 3968 1958 2298 3970 1959 2300 3934 1959 2248 3924 1959 2247 3924 1960 2247 3971 1960 2301 3970 1960 2300 3972 1961 2302 3946 1961 2264 3938 1961 2252 3938 1962 2252 3967 1962 2303 3972 1962 2302 3973 1963 2304 3940 1963 2256 3928 1963 2255 3928 1964 2255 3964 1964 2305 3973 1964 2304 3974 1965 2306 3944 1965 2262 3934 1965 2261 3934 1966 2261 3970 1966 2307 3974 1966 2306 3975 1967 2308 3942 1967 2258 3932 1967 2244 3932 1968 2244 3968 1968 2298 3975 1968 2308 3976 1969 2309 3954 1969 2276 3946 1969 2264 3946 1970 2264 3972 1970 2302 3976 1970 2309 3977 1971 2310 3948 1971 2268 3940 1971 2267 3940 1971 2267 3973 1971 2311 3977 1971 2310 3978 1972 2312 3952 1972 2274 3944 1972 2273 3944 1973 2273 3974 1973 2313 3978 1973 2312 3979 1974 2314 3950 1974 2270 3942 1974 2258 3942 1975 2258 3975 1975 2308 3979 1975 2314 3980 1976 2315 3962 1976 2292 3954 1976 2291 3954 1977 2291 3976 1977 2316 3980 1977 2315 3981 1978 2317 3956 1978 2280 3948 1978 2279 3948 1979 2279 3977 1979 2318 3981 1979 2317 3982 1980 2319 3960 1980 2288 3952 1980 2287 3952 1981 2287 3978 1981 2320 3982 1981 2319 3983 1982 2321 3958 1982 2284 3950 1982 2283 3950 1983 2283 3979 1983 2322 3983 1983 2321 3933 1984 2245 3964 1984 2323 3965 1984 2324 3965 1985 2324 3930 1985 2242 3933 1985 2245 3937 1986 2251 3966 1986 2325 3967 1986 2303 3967 1987 2303 3938 1987 2252 3937 1987 2251 3935 1988 2249 3968 1988 2326 3969 1988 2327 3969 1989 2327 3925 1989 2246 3935 1989 2249 3939 1990 2253 3970 1990 2328 3971 1990 2329 3971 1991 2329 3936 1991 2250 3939 1991 2253 3941 1992 2257 3972 1992 2330 3967 1992 2331 3967 1993 2331 3929 1993 2254 3941 1993 2257 3943 1994 2259 3973 1994 2332 3964 1994 2323 3964 1995 2323 3933 1995 2245 3943 1995 2259 3947 1996 2265 3974 1996 2333 3970 1996 2328 3970 1997 2328 3939 1997 2253 3947 1997 2265 3945 1998 2263 3975 1998 2334 3968 1998 2335 3968 1999 2335 3935 1999 2260 3945 1999 2263 3949 2000 2269 3976 2000 2336 3972 2000 2337 3972 2000 2337 3941 2000 2266 3949 2000 2269 3951 2001 2271 3977 2001 2338 3973 2001 2332 3973 2002 2332 3943 2002 2259 3951 2002 2271 3955 2003 2277 3978 2003 2339 3974 2003 2333 3974 2004 2333 3947 2004 2265 3955 2004 2277 3953 2005 2275 3979 2005 2340 3975 2005 2341 3975 2006 2341 3945 2006 2272 3953 2006 2275 3957 2007 2281 3980 2007 2342 3976 2007 2343 3976 2008 2343 3949 2008 2278 3957 2008 2281 3959 2009 2285 3981 2009 2344 3977 2009 2345 3977 2010 2345 3951 2010 2282 3959 2010 2285 3963 2011 2293 3982 2011 2346 3978 2011 2347 3978 2012 2347 3955 2012 2290 3963 2012 2293 3961 2013 2289 3983 2013 2348 3979 2013 2349 3979 2014 2349 3953 2014 2286 3961 2014 2289 3966 1882 2350 3971 1882 2351 3924 1882 2234 3924 1882 2234 3927 1882 2237 3966 1882 2350 3937 1882 2352 3936 1882 2353 3971 1882 2351 3971 1882 2351 3966 1882 2350 3937 1882 2352 3969 1882 2354 3965 1882 2355 3926 1882 2236 3926 1882 2236 3925 1882 2235 3969 1882 2354 3931 1882 2356 3930 1882 2357 3965 1882 2355 3965 1882 2355 3969 1882 2354 3931 1882 2356 3984 2015 2358 3985 2015 2359 3986 2015 2360 3984 2016 2358 3987 2016 2361 3988 2016 2362 3988 2016 2362 3985 2016 2359 3984 2016 2358 3987 2017 2361 3989 2017 2363 3988 2017 2362 3990 2015 2364 3991 2015 2365 3992 2015 2366 3990 2016 2364 3993 2016 2367 3994 2016 2368 3994 2016 2368 3991 2016 2365 3990 2016 2364 3993 2017 2367 3995 2017 2369 3994 2017 2368 3996 2015 2370 3997 2015 2371 3998 2015 2372 3996 2016 2370 3999 2016 2373 4000 2016 2374 4000 2016 2374 3997 2016 2371 3996 2016 2370 3999 2017 2373 4001 2017 2375 4000 2017 2374 4002 2015 2376 4003 2015 2377 4004 2015 2378 4002 2016 2376 4005 2016 2379 4006 2016 2380 4006 2016 2380 4003 2016 2377 4002 2016 2376 4005 2017 2379 4007 2017 2381 4006 2017 2380 4008 2015 2382 4009 2015 2383 4010 2015 2384 4011 2016 2385 4012 2016 2386 4009 2016 2383 4009 2016 2383 4008 2016 2382 4011 2016 2385 4013 2017 2387 4014 2017 2388 4015 2017 2389 4013 2016 2387 4015 2016 2389 4016 2016 2390 4016 2016 2390 4017 2016 2391 4013 2016 2387 4017 2015 2391 4016 2015 2390 4018 2015 2392 4019 2017 2393 4020 2017 2394 4021 2017 2395 4019 2016 2393 4021 2016 2395 4022 2016 2396 4022 2016 2396 4023 2016 2397 4019 2016 2393 4023 2015 2397 4022 2015 2396 4024 2015 2398 4025 2017 2399 4026 2017 2400 4027 2017 2401 4025 2016 2399 4027 2016 2401 4028 2016 2402 4028 2016 2402 4029 2016 2403 4025 2016 2399 4029 2015 2403 4028 2015 2402 4030 2015 2404 4031 2017 2405 4032 2017 2406 4033 2017 2407 4031 2016 2405 4033 2016 2407 4034 2016 2408 4034 2016 2408 4035 2016 2409 4031 2016 2405 4035 2015 2409 4034 2015 2408 4036 2015 2410 4011 2018 2385 4037 2018 2411 4012 2018 2386 4038 2015 2412 4039 2015 2413 4040 2015 2414 4038 2019 2412 4040 2019 2414 4041 2019 2415 4041 2019 2415 4042 2019 2416 4038 2019 2412 4042 2017 2416 4041 2017 2415 4043 2017 2417 4044 2015 2418 4045 2015 2419 4046 2015 2420 4044 2019 2418 4046 2019 2420 4047 2019 2421 4047 2019 2421 4048 2019 2422 4044 2019 2418 4048 2017 2422 4047 2017 2421 4049 2017 2423 4050 2015 2424 4051 2015 2425 4052 2015 2426 4050 2019 2424 4052 2019 2426 4053 2019 2427 4053 2019 2427 4054 2019 2428 4050 2019 2424 4054 2017 2428 4053 2017 2427 4055 2017 2429 4056 2015 2430 4057 2015 2431 4058 2015 2432 4056 2019 2430 4058 2019 2432 4059 2019 2433 4059 2019 2433 4060 2019 2434 4056 2019 2430 4060 2017 2434 4059 2017 2433 4061 2017 2435 4062 2015 2436 4063 2015 2437 4064 2015 2438 4065 2019 2439 4062 2019 2436 4064 2019 2438 4064 2019 2438 4066 2019 2440 4065 2019 2439 4067 2017 2441 4068 2017 2442 4069 2017 2443 4067 2019 2441 4070 2019 2444 4071 2019 2445 4071 2019 2445 4068 2019 2442 4067 2019 2441 4070 2015 2444 4072 2015 2446 4071 2015 2445 4073 2017 2447 4074 2017 2448 4075 2017 2449 4073 2019 2447 4076 2019 2450 4077 2019 2451 4077 2019 2451 4074 2019 2448 4073 2019 2447 4076 2015 2450 4078 2015 2452 4077 2015 2451 4079 2017 2453 4080 2017 2454 4081 2017 2455 4079 2019 2453 4082 2019 2456 4083 2019 2457 4083 2019 2457 4080 2019 2454 4079 2019 2453 4082 2015 2456 4084 2015 2458 4083 2015 2457 4085 2017 2459 4086 2017 2460 4087 2017 2461 4085 2019 2459 4088 2019 2462 4089 2019 2463 4089 2019 2463 4086 2019 2460 4085 2019 2459 4088 2015 2462 4090 2015 2464 4089 2015 2463 4065 2018 2439 4066 2018 2440 4091 2018 2465 4092 1897 2466 4093 1897 2467 4094 1897 2468 4092 2020 2466 4095 2020 2469 4096 2020 2470 4096 2020 2470 4093 2020 2467 4092 2020 2466 4095 1915 2469 4097 1915 2471 4096 1915 2470 4098 1897 2472 4099 1897 2473 4100 1897 2474 4098 2020 2472 4101 2020 2475 4102 2020 2476 4102 2020 2476 4099 2020 2473 4098 2020 2472 4101 1915 2475 4103 1915 2477 4102 1915 2476 4104 1897 2478 4105 1897 2479 4106 1897 2480 4104 2020 2478 4107 2020 2481 4108 2020 2482 4108 2020 2482 4105 2020 2479 4104 2020 2478 4107 1915 2481 4109 1915 2483 4108 1915 2482 4110 1897 2484 4111 1897 2485 4112 1897 2486 4110 2021 2484 4112 2021 2486 4113 2021 2487 4113 2021 2487 4114 2021 2488 4110 2021 2484 4114 1915 2488 4113 1915 2487 4115 1915 2489 4116 1897 2490 4117 1897 2491 4118 1897 2492 4116 2021 2490 4118 2021 2492 4119 2021 2493 4119 2021 2493 4120 2021 2494 4116 2021 2490 4120 1915 2494 4119 1915 2493 4121 1915 2495 4122 1897 2496 4123 1897 2497 4124 1897 2498 4122 2021 2496 4124 2021 2498 4125 2021 2499 4125 2021 2499 4126 2021 2500 4122 2021 2496 4126 1915 2500 4125 1915 2499 4127 1915 2501 4128 2022 2502 4129 2022 2503 4130 2022 2504 4130 2023 2504 4131 2023 2505 4128 2023 2502 4129 2024 2503 4132 2024 2506 4133 2024 2507 4133 2024 2507 4130 2024 2504 4129 2024 2503 4132 2025 2506 4134 2025 2508 4135 2025 2509 4135 2025 2509 4133 2025 2507 4132 2025 2506 4134 2026 2508 4136 2026 2510 4137 2026 2511 4137 2026 2511 4135 2026 2509 4134 2026 2508 4136 1882 2510 4138 1882 2512 4139 1882 2513 4139 1882 2513 4137 1882 2511 4136 1882 2510 4138 2027 2514 4140 2027 2515 4141 2027 2516 4141 2027 2516 4139 2027 2517 4138 2027 2514 4140 2028 2515 4142 2028 2518 4143 2028 2519 4143 2028 2519 4141 2028 2516 4140 2028 2515 4142 2029 2518 4144 2029 2520 4145 2029 2521 4145 2029 2521 4143 2029 2519 4142 2029 2518 4144 2030 2520 4146 2030 2522 4147 2030 2523 4147 2030 2523 4145 2030 2521 4144 2030 2520 4146 2031 2522 4148 2031 2524 4149 2031 2525 4149 2031 2525 4147 2031 2523 4146 2031 2522 4148 2032 2524 4150 2032 2526 4151 2032 2527 4151 2032 2527 4149 2032 2525 4148 2032 2524 4150 2033 2526 4152 2033 2528 4153 2033 2529 4153 2033 2529 4151 2033 2527 4150 2033 2526 4152 2034 2528 4154 2034 2530 4155 2034 2531 4155 2034 2531 4153 2034 2529 4152 2034 2528 4154 1877 2530 4156 1877 2532 4157 1877 2533 4157 1877 2533 4155 1877 2531 4154 1877 2530 4156 2035 2532 4158 2035 2534 4159 2035 2535 4159 2035 2535 4157 2035 2533 4156 2035 2532 4158 2036 2534 4160 2036 2536 4161 2036 2537 4161 2036 2537 4159 2036 2535 4158 2036 2534 4160 2037 2536 4162 2037 2538 4163 2037 2539 4163 2037 2539 4161 2037 2537 4160 2037 2536 4162 2038 2538 4128 2038 2502 4131 2038 2505 4131 2039 2505 4163 2039 2539 4162 2039 2538 4155 1897 2540 4157 1897 2541 4159 1897 2542 4159 1897 2542 4153 1897 2543 4155 1897 2540 4153 1897 2543 4159 1897 2542 4161 1897 2544 4161 1897 2544 4151 1897 2545 4153 1897 2543 4151 1897 2545 4161 1897 2544 4163 1897 2546 4163 1897 2546 4149 1897 2547 4151 1897 2545 4149 1897 2547 4163 1897 2546 4131 1897 2548 4131 1897 2548 4147 1897 2549 4149 1897 2547 4147 1897 2549 4131 1897 2548 4130 1897 2550 4130 1897 2550 4145 1897 2551 4147 1897 2549 4145 1897 2551 4130 1897 2550 4133 1897 2552 4133 1897 2552 4143 1897 2553 4145 1897 2551 4143 1897 2553 4133 1897 2552 4135 1897 2554 4135 1897 2554 4141 1897 2555 4143 1897 2553 4141 1897 2555 4135 1897 2554 4137 1897 2556 4137 1897 2556 4139 1897 2557 4141 1897 2555 4138 1915 2558 4136 1915 2559 4134 1915 2560 4134 1915 2560 4140 1915 2561 4138 1915 2558 4140 1915 2561 4134 1915 2560 4132 1915 2562 4132 1915 2562 4142 1915 2563 4140 1915 2561 4142 1915 2563 4132 1915 2562 4129 1915 2564 4129 1915 2564 4144 1915 2565 4142 1915 2563 4144 1915 2565 4129 1915 2564 4128 1915 2566 4128 1915 2566 4146 1915 2567 4144 1915 2565 4146 1915 2567 4128 1915 2566 4162 1915 2568 4162 1915 2568 4148 1915 2569 4146 1915 2567 4148 1915 2569 4162 1915 2568 4160 1915 2570 4160 1915 2570 4150 1915 2571 4148 1915 2569 4150 1915 2571 4160 1915 2570 4158 1915 2572 4158 1915 2572 4152 1915 2573 4150 1915 2571 4152 1915 2573 4158 1915 2572 4156 1915 2574 4156 1915 2574 4154 1915 2575 4152 1915 2573 4164 2040 2576 4165 2040 2577 4166 2040 2578 4166 2041 2578 4167 2041 2579 4164 2041 2576 4167 2042 2579 4166 2042 2578 4168 2042 2580 4168 2042 2580 4169 2042 2581 4167 2042 2579 4169 2043 2581 4168 2043 2580 4170 2043 2582 4170 2043 2582 4171 2043 2583 4169 2043 2581 4171 2027 2583 4170 2027 2582 4172 2027 2584 4172 2027 2584 4173 2027 2585 4171 2027 2583 4173 1882 2586 4172 1882 2587 4174 1882 2588 4174 1882 2588 4175 1882 2589 4173 1882 2586 4175 2044 2589 4174 2044 2588 4176 2044 2590 4176 2044 2590 4177 2044 2591 4175 2044 2589 4177 2045 2591 4176 2045 2590 4178 2045 2592 4178 2045 2592 4179 2045 2593 4177 2045 2591 4179 2046 2593 4178 2046 2592 4180 2046 2594 4180 2046 2594 4181 2046 2595 4179 2046 2593 4181 2047 2595 4180 2047 2594 4182 2047 2596 4182 2047 2596 4183 2047 2597 4181 2047 2595 4183 2048 2597 4182 2048 2596 4184 2048 2598 4184 2048 2598 4185 2048 2599 4183 2048 2597 4185 2049 2599 4184 2049 2598 4186 2049 2600 4186 2049 2600 4187 2049 2601 4185 2049 2599 4187 2050 2601 4186 2050 2600 4188 2050 2602 4188 2050 2602 4189 2050 2603 4187 2050 2601 4189 2051 2603 4188 2051 2602 4190 2051 2604 4190 2051 2604 4191 2051 2605 4189 2051 2603 4191 1877 2605 4190 1877 2604 4192 1877 2606 4192 1877 2606 4193 1877 2607 4191 1877 2605 4193 2052 2607 4192 2052 2606 4194 2052 2608 4194 2052 2608 4195 2052 2609 4193 2052 2607 4195 2053 2609 4194 2053 2608 4196 2053 2610 4196 2053 2610 4197 2053 2611 4195 2053 2609 4197 2054 2611 4196 2054 2610 4198 2054 2612 4198 2054 2612 4199 2054 2613 4197 2054 2611 4199 2055 2613 4198 2055 2612 4165 2055 2577 4165 2056 2577 4164 2056 2576 4199 2056 2613 4190 1897 2614 4188 1897 2615 4194 1897 2616 4194 1897 2616 4192 1897 2617 4190 1897 2614 4188 1897 2615 4186 1897 2618 4196 1897 2619 4196 1897 2619 4194 1897 2616 4188 1897 2615 4186 1897 2618 4184 1897 2620 4198 1897 2621 4198 1897 2621 4196 1897 2619 4186 1897 2618 4184 1897 2620 4182 1897 2622 4165 1897 2623 4165 1897 2623 4198 1897 2621 4184 1897 2620 4182 1897 2622 4180 1897 2624 4166 1897 2625 4166 1897 2625 4165 1897 2623 4182 1897 2622 4180 1897 2624 4178 1897 2626 4168 1897 2627 4168 1897 2627 4166 1897 2625 4180 1897 2624 4178 1897 2626 4176 1897 2628 4170 1897 2629 4170 1897 2629 4168 1897 2627 4178 1897 2626 4176 1897 2628 4174 1897 2630 4172 1897 2631 4172 1897 2631 4170 1897 2629 4176 1897 2628 4175 1915 2632 4177 1915 2633 4171 1915 2634 4171 1915 2634 4173 1915 2635 4175 1915 2632 4177 1915 2633 4179 1915 2636 4169 1915 2637 4169 1915 2637 4171 1915 2634 4177 1915 2633 4179 1915 2636 4181 1915 2638 4167 1915 2639 4167 1915 2639 4169 1915 2637 4179 1915 2636 4181 1915 2638 4183 1915 2640 4164 1915 2641 4164 1915 2641 4167 1915 2639 4181 1915 2638 4183 1915 2640 4185 1915 2642 4199 1915 2643 4199 1915 2643 4164 1915 2641 4183 1915 2640 4185 1915 2642 4187 1915 2644 4197 1915 2645 4197 1915 2645 4199 1915 2643 4185 1915 2642 4187 1915 2644 4189 1915 2646 4195 1915 2647 4195 1915 2647 4197 1915 2645 4187 1915 2644 4189 1915 2646 4191 1915 2648 4193 1915 2649 4193 1915 2649 4195 1915 2647 4189 1915 2646 4200 2057 2650 4201 2057 2651 4202 2057 2652 4202 2057 2652 4203 2057 2653 4200 2057 2650 4203 2058 2653 4202 2058 2652 4204 2058 2654 4204 2059 2654 4205 2059 2655 4203 2059 2653 4205 2060 2655 4204 2060 2654 4206 2060 2656 4206 2061 2656 4207 2061 2657 4205 2061 2655 4207 2062 2657 4206 2062 2656 4208 2062 2658 4208 2062 2658 4209 2062 2659 4207 2062 2657 4209 1882 2659 4208 1882 2658 4210 1882 2660 4210 1882 2660 4211 1882 2661 4209 1882 2659 4211 2063 2662 4210 2063 2663 4212 2063 2664 4212 2063 2664 4213 2063 2665 4211 2063 2662 4213 2064 2665 4212 2064 2664 4214 2064 2666 4214 2065 2666 4215 2065 2667 4213 2065 2665 4215 2066 2667 4214 2066 2666 4216 2066 2668 4216 2067 2668 4217 2067 2669 4215 2067 2667 4217 2068 2669 4216 2068 2668 4218 2068 2670 4218 2069 2670 4219 2069 2671 4217 2069 2669 4219 2070 2671 4218 2070 2670 4220 2070 2672 4220 2071 2672 4221 2071 2673 4219 2071 2671 4221 2072 2673 4220 2072 2672 4222 2072 2674 4222 2072 2674 4223 2072 2675 4221 2072 2673 4223 2073 2675 4222 2073 2674 4224 2073 2676 4224 2073 2676 4225 2073 2677 4223 2073 2675 4225 2074 2677 4224 2074 2676 4226 2074 2678 4226 2074 2678 4227 2074 2679 4225 2074 2677 4227 2075 2679 4226 2075 2678 4228 2075 2680 4228 2075 2680 4229 2075 2681 4227 2075 2679 4229 2076 2681 4228 2076 2680 4230 2076 2682 4230 2076 2682 4231 2076 2683 4229 2076 2681 4231 2077 2683 4230 2077 2682 4232 2077 2684 4232 2078 2684 4233 2078 2685 4231 2078 2683 4233 2079 2685 4232 2079 2684 4234 2079 2686 4234 2080 2686 4235 2080 2687 4233 2080 2685 4235 2039 2687 4234 2039 2686 4201 2039 2651 4201 2039 2651 4200 2039 2650 4235 2039 2687 4226 1915 2688 4224 1915 2689 4230 1915 2690 4230 1915 2690 4228 1915 2691 4226 1915 2688 4224 1915 2689 4222 1915 2692 4232 1915 2693 4232 1915 2693 4230 1915 2690 4224 1915 2689 4222 1915 2692 4220 1915 2694 4234 1915 2695 4234 1915 2695 4232 1915 2693 4222 1915 2692 4220 1915 2694 4218 1915 2696 4201 1915 2697 4201 1915 2697 4234 1915 2695 4220 1915 2694 4218 1915 2696 4216 1915 2698 4202 1915 2699 4202 1915 2699 4201 1915 2697 4218 1915 2696 4216 1915 2698 4214 1915 2700 4204 1915 2701 4204 1915 2701 4202 1915 2699 4216 1915 2698 4214 1915 2700 4212 1915 2702 4206 1915 2703 4206 1915 2703 4204 1915 2701 4214 1915 2700 4212 1915 2702 4210 1915 2704 4208 1915 2705 4208 1915 2705 4206 1915 2703 4212 1915 2702 4211 1897 2706 4213 1897 2707 4207 1897 2708 4207 1897 2708 4209 1897 2709 4211 1897 2706 4213 1897 2707 4215 1897 2710 4205 1897 2711 4205 1897 2711 4207 1897 2708 4213 1897 2707 4215 1897 2710 4217 1897 2712 4203 1897 2713 4203 1897 2713 4205 1897 2711 4215 1897 2710 4217 1897 2712 4219 1897 2714 4200 1897 2715 4200 1897 2715 4203 1897 2713 4217 1897 2712 4219 1897 2714 4221 1897 2716 4235 1897 2717 4235 1897 2717 4200 1897 2715 4219 1897 2714 4221 1897 2716 4223 1897 2718 4233 1897 2719 4233 1897 2719 4235 1897 2717 4221 1897 2716 4223 1897 2718 4225 1897 2720 4231 1897 2721 4231 1897 2721 4233 1897 2719 4223 1897 2718 4225 1897 2720 4227 1897 2722 4229 1897 2723 4229 1897 2723 4231 1897 2721 4225 1897 2720 4236 2081 2724 4237 2081 2725 4238 2081 2726 4238 2081 2726 4239 2081 2727 4236 2081 2724 4237 2082 2725 4240 2082 2728 4241 2082 2729 4241 2083 2729 4238 2083 2726 4237 2083 2725 4240 2084 2728 4242 2084 2730 4243 2084 2731 4243 2085 2731 4241 2085 2729 4240 2085 2728 4242 2086 2730 4244 2086 2732 4245 2086 2733 4245 2086 2733 4243 2086 2731 4242 2086 2730 4244 1882 2734 4246 1882 2735 4247 1882 2736 4247 1882 2736 4245 1882 2737 4244 1882 2734 4246 2087 2735 4248 2087 2738 4249 2087 2739 4249 2087 2739 4247 2087 2736 4246 2087 2735 4248 2088 2738 4250 2088 2740 4251 2088 2741 4251 2089 2741 4249 2089 2739 4248 2089 2738 4250 2046 2740 4252 2046 2742 4253 2046 2743 4253 2090 2743 4251 2090 2741 4250 2090 2740 4252 2091 2742 4254 2091 2744 4255 2091 2745 4255 2092 2745 4253 2092 2743 4252 2092 2742 4254 2093 2744 4256 2093 2746 4257 2093 2747 4257 2094 2747 4255 2094 2745 4254 2094 2744 4256 2037 2746 4258 2037 2748 4259 2037 2749 4259 2037 2749 4257 2037 2747 4256 2037 2746 4258 2095 2748 4260 2095 2750 4261 2095 2751 4261 2095 2751 4259 2095 2749 4258 2095 2748 4260 2096 2750 4262 2096 2752 4263 2096 2753 4263 2096 2753 4261 2096 2751 4260 2096 2750 4262 2097 2752 4264 2097 2754 4265 2097 2755 4265 2097 2755 4263 2097 2753 4262 2097 2752 4264 2098 2754 4266 2098 2756 4267 2098 2757 4267 2098 2757 4265 2098 2755 4264 2098 2754 4266 2099 2756 4268 2099 2758 4269 2099 2759 4269 2100 2759 4267 2100 2757 4266 2100 2756 4268 2101 2758 4270 2101 2760 4271 2101 2761 4271 2102 2761 4269 2102 2759 4268 2102 2758 4270 2055 2760 4236 2055 2724 4239 2055 2727 4239 2055 2727 4271 2055 2761 4270 2055 2760 4263 1915 2762 4265 1915 2763 4267 1915 2764 4267 1915 2764 4261 1915 2765 4263 1915 2762 4261 1915 2765 4267 1915 2764 4269 1915 2766 4269 1915 2766 4259 1915 2767 4261 1915 2765 4259 1915 2767 4269 1915 2766 4271 1915 2768 4271 1915 2768 4257 1915 2769 4259 1915 2767 4257 1915 2769 4271 1915 2768 4239 1915 2770 4239 1915 2770 4255 1915 2771 4257 1915 2769 4255 1915 2771 4239 1915 2770 4238 1915 2772 4238 1915 2772 4253 1915 2773 4255 1915 2771 4253 1915 2773 4238 1915 2772 4241 1915 2774 4241 1915 2774 4251 1915 2775 4253 1915 2773 4251 1915 2775 4241 1915 2774 4243 1915 2776 4243 1915 2776 4249 1915 2777 4251 1915 2775 4249 1915 2777 4243 1915 2776 4245 1915 2778 4245 1915 2778 4247 1915 2779 4249 1915 2777 4246 1897 2780 4244 1897 2781 4242 1897 2782 4242 1897 2782 4248 1897 2783 4246 1897 2780 4248 1897 2783 4242 1897 2782 4240 1897 2784 4240 1897 2784 4250 1897 2785 4248 1897 2783 4250 1897 2785 4240 1897 2784 4237 1897 2786 4237 1897 2786 4252 1897 2787 4250 1897 2785 4252 1897 2787 4237 1897 2786 4236 1897 2788 4236 1897 2788 4254 1897 2789 4252 1897 2787 4254 1897 2789 4236 1897 2788 4270 1897 2790 4270 1897 2790 4256 1897 2791 4254 1897 2789 4256 1897 2791 4270 1897 2790 4268 1897 2792 4268 1897 2792 4258 1897 2793 4256 1897 2791 4258 1897 2793 4268 1897 2792 4266 1897 2794 4266 1897 2794 4260 1897 2795 4258 1897 2793 4260 1897 2795 4266 1897 2794 4264 1897 2796 4264 1897 2796 4262 1897 2797 4260 1897 2795 4272 1915 2798 4273 1915 2799 4274 1915 2800 4274 1915 2800 4275 1915 2801 4272 1915 2798 4276 1897 2802 4277 1897 2803 4278 1897 2804 4278 1897 2804 4279 1897 2805 4276 1897 2802 4274 1915 2800 4273 1915 2799 4280 1915 2806 4280 1915 2806 4281 1915 2807 4274 1915 2800 4281 1915 2807 4280 1915 2806 4282 1915 2808 4282 1915 2808 4283 1915 2809 4281 1915 2807 4282 1915 2808 4284 1915 2810 4283 1915 2809 4279 1897 2805 4278 1897 2804 4285 1897 2811 4285 1897 2811 4286 1897 2812 4279 1897 2805 4286 1897 2812 4285 1897 2811 4287 1897 2813 4287 1897 2813 4288 1897 2814 4286 1897 2812 4287 1897 2813 4289 1897 2815 4288 1897 2814 4290 1897 2816 4291 1897 2817 4292 1897 2818 4292 1897 2818 4293 1897 2819 4290 1897 2816 4294 1915 2820 4295 1915 2821 4296 1915 2822 4296 1915 2822 4297 1915 2823 4294 1915 2820 4298 1897 2824 4291 1897 2817 4290 1897 2816 4290 1897 2816 4299 1897 2825 4298 1897 2824 4300 1897 2826 4298 1897 2824 4299 1897 2825 4299 1897 2825 4301 1897 2827 4300 1897 2826 4301 1897 2827 4302 1897 2828 4300 1897 2826 4303 1915 2829 4294 1915 2820 4297 1915 2823 4297 2103 2823 4304 2103 2830 4303 2103 2829 4305 2104 2831 4303 2104 2829 4304 2104 2830 4304 2105 2830 4306 2105 2832 4305 2105 2831 4306 1915 2832 4307 1915 2833 4305 1915 2831 4290 2106 2834 4293 2106 2835 4275 2106 2836 4275 2106 2836 4274 2106 2837 4290 2106 2834 4292 2107 2838 4291 2107 2839 4273 2107 2840 4273 2108 2840 4272 2108 2841 4292 2108 2838 4297 2109 2842 4296 2109 2843 4276 2109 2844 4276 2110 2844 4279 2110 2845 4297 2110 2842 4295 2106 2846 4294 2106 2847 4278 2106 2848 4278 2106 2848 4277 2106 2849 4295 2106 2846 4299 2111 2850 4290 2111 2834 4274 2111 2837 4274 2112 2837 4281 2112 2851 4299 2112 2850 4291 2113 2839 4298 2113 2852 4280 2113 2853 4280 2114 2853 4273 2114 2840 4291 2114 2839 4301 2115 2854 4299 2115 2850 4281 2115 2851 4281 2116 2851 4283 2116 2855 4301 2116 2854 4298 2117 2852 4300 2117 2856 4282 2117 2857 4282 2118 2857 4280 2118 2853 4298 2118 2852 4300 2119 2856 4302 2119 2858 4284 2119 2859 4284 2119 2859 4282 2119 2857 4300 2119 2856 4302 2120 2858 4301 2120 2854 4283 2120 2855 4283 2120 2855 4284 2120 2859 4302 2120 2858 4304 2121 2860 4297 2121 2842 4279 2121 2845 4279 2122 2845 4286 2122 2861 4304 2122 2860 4294 2111 2847 4303 2111 2862 4285 2111 2863 4285 2111 2863 4278 2111 2848 4294 2111 2847 4306 2123 2864 4304 2123 2860 4286 2123 2861 4286 2124 2861 4288 2124 2865 4306 2124 2864 4303 2125 2862 4305 2125 2866 4287 2125 2867 4287 2126 2867 4285 2126 2863 4303 2126 2862 4305 2127 2866 4307 2127 2868 4289 2127 2869 4289 2128 2869 4287 2128 2867 4305 2128 2866 4307 2129 2868 4306 2129 2864 4288 2129 2865 4288 2130 2865 4289 2130 2869 4307 2130 2868 4308 2131 2870 4309 2131 2871 4310 2131 2872 4310 2131 2872 4311 2131 2873 4308 2131 2870 4309 2132 2871 4312 2132 2874 4313 2132 2875 4313 2132 2875 4310 2132 2872 4309 2132 2871 4312 2133 2874 4314 2133 2876 4315 2133 2877 4315 2133 2877 4313 2133 2875 4312 2133 2874 4314 2134 2876 4316 2134 2878 4317 2134 2879 4317 2134 2879 4315 2134 2877 4314 2134 2876 4316 2135 2878 4318 2135 2880 4319 2135 2881 4319 2135 2881 4317 2135 2879 4316 2135 2878 4318 2136 2880 4320 2136 2882 4321 2136 2883 4321 2136 2883 4319 2136 2881 4318 2136 2880 4320 1877 2882 4322 1877 2884 4323 1877 2885 4323 1877 2885 4321 1877 2883 4320 1877 2882 4322 2137 2886 4324 2137 2887 4325 2137 2888 4325 2137 2888 4323 2137 2889 4322 2137 2886 4324 2138 2887 4308 2138 2870 4311 2138 2873 4311 2138 2873 4325 2138 2888 4324 2138 2887 4326 1915 2890 4327 1915 2891 4328 1915 2892 4328 1915 2892 4329 1915 2893 4326 1915 2890 4330 1897 2894 4331 1897 2895 4332 1897 2896 4332 1897 2896 4333 1897 2897 4330 1897 2894 4328 1915 2892 4334 1915 2898 4335 1915 2899 4335 1915 2899 4329 1915 2893 4328 1915 2892 4334 1915 2898 4336 1915 2900 4337 1915 2901 4337 1915 2901 4335 1915 2899 4334 1915 2898 4337 1915 2901 4336 1915 2900 4338 1915 2902 4331 1897 2895 4339 1897 2903 4340 1897 2904 4340 1897 2904 4332 1897 2896 4331 1897 2895 4339 1897 2903 4341 1897 2905 4342 1897 2906 4342 1897 2906 4340 1897 2904 4339 1897 2903 4342 1897 2906 4341 1897 2905 4343 1897 2907 4344 1897 2908 4345 1897 2909 4346 1897 2910 4346 1897 2910 4347 1897 2911 4344 1897 2908 4348 1915 2912 4349 1915 2913 4350 1915 2914 4350 1915 2914 4351 1915 2915 4348 1915 2912 4352 1897 2916 4353 1897 2917 4344 1897 2908 4344 1897 2908 4347 1897 2911 4352 1897 2916 4354 1897 2918 4355 1897 2919 4353 1897 2917 4353 1897 2917 4352 1897 2916 4354 1897 2918 4355 1897 2919 4354 1897 2918 4356 1897 2920 4357 2139 2921 4358 2139 2922 4349 2139 2913 4349 1915 2913 4348 1915 2912 4357 1915 2921 4359 2105 2923 4360 2105 2924 4358 2105 2922 4358 2140 2922 4357 2140 2921 4359 2140 2923 4360 1915 2924 4359 1915 2923 4361 1915 2925 4344 2141 2926 4328 2141 2927 4327 2141 2928 4327 2141 2928 4345 2141 2929 4344 2141 2926 4346 2142 2930 4326 2142 2931 4329 2142 2932 4329 2143 2932 4347 2143 2933 4346 2143 2930 4349 2144 2934 4331 2144 2935 4330 2144 2936 4330 2145 2936 4350 2145 2937 4349 2145 2934 4351 2141 2938 4333 2141 2939 4332 2141 2940 4332 2141 2940 4348 2141 2941 4351 2141 2938 4353 2146 2942 4334 2146 2943 4328 2146 2927 4328 2147 2927 4344 2147 2926 4353 2147 2942 4347 2148 2933 4329 2148 2932 4335 2148 2944 4335 2149 2944 4352 2149 2945 4347 2149 2933 4355 2150 2946 4336 2150 2947 4334 2150 2943 4334 2151 2943 4353 2151 2942 4355 2151 2946 4352 2152 2945 4335 2152 2944 4337 2152 2948 4337 2153 2948 4354 2153 2949 4352 2153 2945 4354 2154 2949 4337 2154 2948 4338 2154 2950 4338 2154 2950 4356 2154 2951 4354 2154 2949 4356 2155 2951 4338 2155 2950 4336 2155 2947 4336 2155 2947 4355 2155 2946 4356 2155 2951 4358 2156 2952 4339 2156 2953 4331 2156 2935 4331 2157 2935 4349 2157 2934 4358 2157 2952 4348 2147 2941 4332 2147 2940 4340 2147 2954 4340 2147 2954 4357 2147 2955 4348 2147 2941 4360 2158 2956 4341 2158 2957 4339 2158 2953 4339 2159 2953 4358 2159 2952 4360 2159 2956 4357 2160 2955 4340 2160 2954 4342 2160 2958 4342 2161 2958 4359 2161 2959 4357 2161 2955 4359 2162 2959 4342 2162 2958 4343 2162 2960 4343 2163 2960 4361 2163 2961 4359 2163 2959 4361 2164 2961 4343 2164 2960 4341 2164 2957 4341 2165 2957 4360 2165 2956 4361 2165 2961 4362 2134 2962 4363 2134 2963 4364 2134 2964 4364 2134 2964 4365 2134 2965 4362 2134 2962 4365 2166 2965 4364 2166 2964 4366 2166 2966 4366 2166 2966 4367 2166 2967 4365 2166 2965 4367 2167 2967 4366 2167 2966 4368 2167 2968 4368 2167 2968 4369 2167 2969 4367 2167 2967 4369 2131 2969 4368 2131 2968 4370 2131 2970 4370 2131 2970 4371 2131 2971 4369 2131 2969 4371 2138 2971 4370 2138 2970 4372 2138 2972 4372 2138 2972 4373 2138 2973 4371 2138 2971 4373 2168 2973 4372 2168 2972 4374 2168 2974 4374 2168 2974 4375 2168 2975 4373 2168 2973 4375 1877 2976 4374 1877 2977 4376 1877 2978 4376 1877 2978 4377 1877 2979 4375 1877 2976 4377 2169 2979 4376 2169 2978 4378 2169 2980 4378 2169 2980 4379 2169 2981 4377 2169 2979 4379 2170 2981 4378 2170 2980 4363 2170 2963 4363 2170 2963 4362 2170 2962 4379 2170 2981 4380 1897 2982 4381 1897 2983 4382 1897 2984 4382 1897 2984 4383 1897 2985 4380 1897 2982 4384 1915 2986 4385 1915 2987 4386 1915 2988 4386 1915 2988 4387 1915 2989 4384 1915 2986 4382 1897 2984 4388 1897 2990 4389 1897 2991 4389 1897 2991 4383 1897 2985 4382 1897 2984 4388 1897 2990 4390 1897 2992 4391 1897 2993 4391 1897 2993 4389 1897 2991 4388 1897 2990 4391 1897 2993 4390 1897 2992 4392 1897 2994 4385 1915 2987 4393 1915 2995 4394 1915 2996 4394 1915 2996 4386 1915 2988 4385 1915 2987 4393 1915 2995 4395 1915 2997 4396 1915 2998 4396 1915 2998 4394 1915 2996 4393 1915 2995 4396 1915 2998 4395 1915 2997 4397 1915 2999 4398 1915 3000 4399 1915 3001 4400 1915 3002 4400 1915 3002 4401 1915 3003 4398 1915 3000 4402 1897 3004 4403 1897 3005 4404 1897 3006 4404 1897 3006 4405 1897 3007 4402 1897 3004 4406 1915 3008 4407 1915 3009 4398 1915 3000 4398 1915 3000 4401 1915 3003 4406 1915 3008 4408 1915 3010 4409 1915 3011 4407 1915 3009 4407 1915 3009 4406 1915 3008 4408 1915 3010 4409 1915 3011 4408 1915 3010 4410 1915 3012 4411 1897 3013 4412 1897 3014 4403 1897 3005 4403 1897 3005 4402 1897 3004 4411 1897 3013 4413 1897 3015 4414 1897 3016 4412 1897 3014 4412 1897 3014 4411 1897 3013 4413 1897 3015 4414 1897 3016 4413 1897 3015 4415 1897 3017 4398 2171 3018 4382 2171 3019 4381 2171 3020 4381 2171 3020 4399 2171 3021 4398 2171 3018 4400 2108 3022 4380 2108 3023 4383 2108 3024 4383 2172 3024 4401 2172 3025 4400 2172 3022 4403 2173 3026 4385 2173 3027 4384 2173 3028 4384 2109 3028 4404 2109 3029 4403 2109 3026 4405 2171 3030 4387 2171 3031 4386 2171 3032 4386 2171 3032 4402 2171 3033 4405 2171 3030 4407 2174 3034 4388 2174 3035 4382 2174 3019 4382 2175 3019 4398 2175 3018 4407 2175 3034 4401 2176 3025 4383 2176 3024 4389 2176 3036 4389 2177 3036 4406 2177 3037 4401 2177 3025 4409 2178 3038 4390 2178 3039 4388 2178 3035 4388 2179 3035 4407 2179 3034 4409 2179 3038 4406 2180 3037 4389 2180 3036 4391 2180 3040 4391 2181 3040 4408 2181 3041 4406 2181 3037 4408 2182 3041 4391 2182 3040 4392 2182 3042 4392 2182 3042 4410 2182 3043 4408 2182 3041 4410 2154 3043 4392 2154 3042 4390 2154 3039 4390 2154 3039 4409 2154 3038 4410 2154 3043 4412 2183 3044 4393 2183 3045 4385 2183 3027 4385 2184 3027 4403 2184 3026 4412 2184 3044 4402 2175 3033 4386 2175 3032 4394 2175 3046 4394 2175 3046 4411 2175 3047 4402 2175 3033 4414 2185 3048 4395 2185 3049 4393 2185 3045 4393 2186 3045 4412 2186 3044 4414 2186 3048 4411 2187 3047 4394 2187 3046 4396 2187 3050 4396 2188 3050 4413 2188 3051 4411 2188 3047 4413 2189 3051 4396 2189 3050 4397 2189 3052 4397 2190 3052 4415 2190 3053 4413 2190 3051 4415 2191 3053 4397 2191 3052 4395 2191 3049 4395 2192 3049 4414 2192 3048 4415 2192 3053 4416 2193 3054 4417 2193 3055 4418 2193 3056 4418 2193 3056 4419 2193 3057 4416 2193 3054 4419 2167 3057 4418 2167 3056 4420 2167 3058 4420 2167 3058 4421 2167 3059 4419 2167 3057 4421 2133 3059 4420 2133 3058 4422 2133 3060 4422 2133 3060 4423 2133 3061 4421 2133 3059 4423 2134 3061 4422 2134 3060 4424 2134 3062 4424 2134 3062 4425 2134 3063 4423 2134 3061 4425 2135 3063 4424 2135 3062 4426 2135 3064 4426 2135 3064 4427 2135 3065 4425 2135 3063 4427 2136 3065 4426 2136 3064 4428 2136 3066 4428 2136 3066 4429 2136 3067 4427 2136 3065 4429 1877 3067 4428 1877 3066 4430 1877 3068 4430 1877 3068 4431 1877 3069 4429 1877 3067 4431 2137 3070 4430 2137 3071 4432 2137 3072 4432 2137 3072 4433 2137 3073 4431 2137 3070 4433 2194 3073 4432 2194 3072 4417 2194 3055 4417 2194 3055 4416 2194 3054 4433 2194 3073 4434 1897 3074 4435 1897 3075 4436 1897 3076 4436 1897 3076 4437 1897 3077 4434 1897 3074 4438 1915 3078 4439 1915 3079 4440 1915 3080 4440 1915 3080 4441 1915 3081 4438 1915 3078 4436 1897 3076 4435 1897 3075 4442 1897 3082 4442 1897 3082 4443 1897 3083 4436 1897 3076 4443 1897 3083 4442 1897 3082 4444 1897 3084 4444 1897 3084 4445 1897 3085 4443 1897 3083 4444 1897 3084 4446 1897 3086 4445 1897 3085 4441 1915 3081 4440 1915 3080 4447 1915 3087 4447 1915 3087 4448 1915 3088 4441 1915 3081 4448 1915 3088 4447 1915 3087 4449 1915 3089 4449 1915 3089 4450 1915 3090 4448 1915 3088 4449 1915 3089 4451 1915 3091 4450 1915 3090 4452 1915 3092 4453 1915 3093 4454 1915 3094 4454 1915 3094 4455 1915 3095 4452 1915 3092 4456 1897 3096 4457 1897 3097 4458 1897 3098 4458 1897 3098 4459 1897 3099 4456 1897 3096 4460 1915 3100 4453 1915 3093 4452 1915 3092 4452 1915 3092 4461 1915 3101 4460 1915 3100 4462 1915 3102 4460 1915 3100 4461 1915 3101 4461 1915 3101 4463 1915 3103 4462 1915 3102 4463 1915 3103 4464 1915 3104 4462 1915 3102 4465 1897 3105 4456 1897 3096 4459 1897 3099 4459 1897 3099 4466 1897 3106 4465 1897 3105 4467 1897 3107 4465 1897 3105 4466 1897 3106 4466 1897 3106 4468 1897 3108 4467 1897 3107 4468 1897 3108 4469 1897 3109 4467 1897 3107 4452 2141 3110 4455 2141 3111 4437 2141 3112 4437 2141 3112 4436 2141 3113 4452 2141 3110 4454 2195 3114 4453 2195 3115 4435 2195 3116 4435 2142 3116 4434 2142 3117 4454 2142 3114 4459 2145 3118 4458 2145 3119 4438 2145 3120 4438 2196 3120 4441 2196 3121 4459 2196 3118 4457 2141 3122 4456 2141 3123 4440 2141 3124 4440 2141 3124 4439 2141 3125 4457 2141 3122 4461 2147 3126 4452 2147 3110 4436 2147 3113 4436 2197 3113 4443 2197 3127 4461 2197 3126 4453 2198 3115 4460 2198 3128 4442 2198 3129 4442 2199 3129 4435 2199 3116 4453 2199 3115 4463 2200 3130 4461 2200 3126 4443 2200 3127 4443 2150 3127 4445 2150 3131 4463 2150 3130 4460 2153 3128 4462 2153 3132 4444 2153 3133 4444 2201 3133 4442 2201 3129 4460 2201 3128 4462 2154 3132 4464 2154 3134 4446 2154 3135 4446 2154 3135 4444 2154 3133 4462 2154 3132 4464 2155 3134 4463 2155 3130 4445 2155 3131 4445 2155 3131 4446 2155 3135 4464 2155 3134 4466 2202 3136 4459 2202 3118 4441 2202 3121 4441 2203 3121 4448 2203 3137 4466 2203 3136 4456 2147 3123 4465 2147 3138 4447 2147 3139 4447 2147 3139 4440 2147 3124 4456 2147 3123 4468 2204 3140 4466 2204 3136 4448 2204 3137 4448 2205 3137 4450 2205 3141 4468 2205 3140 4465 2206 3138 4467 2206 3142 4449 2206 3143 4449 2160 3143 4447 2160 3139 4465 2160 3138 4467 2207 3142 4469 2207 3144 4451 2207 3145 4451 2208 3145 4449 2208 3143 4467 2208 3142 4469 2209 3144 4468 2209 3140 4450 2209 3141 4450 2210 3141 4451 2210 3145 4469 2210 3144 4470 2134 3146 4471 2134 3147 4472 2134 3148 4472 2134 3148 4473 2134 3149 4470 2134 3146 4471 2166 3147 4474 2166 3150 4475 2166 3151 4475 2166 3151 4472 2166 3148 4471 2166 3147 4474 2167 3150 4476 2167 3152 4477 2167 3153 4477 2167 3153 4475 2167 3151 4474 2167 3150 4476 2131 3152 4478 2131 3154 4479 2131 3155 4479 2131 3155 4477 2131 3153 4476 2131 3152 4478 2138 3154 4480 2138 3156 4481 2138 3157 4481 2138 3157 4479 2138 3155 4478 2138 3154 4480 2168 3156 4482 2168 3158 4483 2168 3159 4483 2168 3159 4481 2168 3157 4480 2168 3156 4482 1877 3160 4484 1877 3161 4485 1877 3162 4485 1877 3162 4483 1877 3163 4482 1877 3160 4484 2169 3161 4486 2169 3164 4487 2169 3165 4487 2169 3165 4485 2169 3162 4484 2169 3161 4486 2170 3164 4470 2170 3146 4473 2170 3149 4473 2170 3149 4487 2170 3165 4486 2170 3164 4488 2211 3166 4489 2211 3167 4490 2211 3168 4490 2211 3168 4491 2211 3169 4488 2211 3166 4492 2212 3170 4488 2212 3166 4491 2212 3169 4491 2212 3169 4493 2212 3171 4492 2212 3170 4494 2213 3172 4492 2213 3170 4493 2213 3171 4493 2213 3171 4495 2213 3173 4494 2213 3172 4496 2214 3174 4494 2214 3172 4495 2214 3173 4495 2214 3173 4497 2214 3175 4496 2214 3174 4498 2215 3176 4496 2215 3174 4497 2215 3175 4497 2215 3175 4499 2215 3177 4498 2215 3176 4500 2216 3178 4498 2216 3176 4499 2216 3177 4499 2216 3177 4501 2216 3179 4500 2216 3178 4502 2217 3180 4500 2217 3178 4501 2217 3179 4501 2217 3179 4503 2217 3181 4502 2217 3180 4502 2218 3180 4503 2218 3181 4490 2218 3182 4490 2218 3182 4489 2218 3183 4502 2218 3180 4504 2219 3184 4505 2219 3185 4506 2219 3186 4506 2219 3186 4507 2219 3187 4504 2219 3184 4505 2220 3185 4508 2220 3188 4509 2220 3189 4509 2220 3189 4506 2220 3186 4505 2220 3185 4508 2221 3190 4510 2221 3191 4511 2221 3192 4511 2221 3192 4509 2221 3193 4508 2221 3190 4510 2222 3191 4512 2222 3194 4513 2222 3195 4513 2222 3195 4511 2222 3192 4510 2222 3191 4512 2223 3194 4514 2223 3196 4515 2223 3197 4515 2223 3197 4513 2223 3195 4512 2223 3194 4514 2224 3196 4516 2224 3198 4517 2224 3199 4517 2224 3199 4515 2224 3197 4514 2224 3196 4516 2225 3198 4518 2225 3200 4519 2225 3201 4519 2225 3201 4517 2225 3199 4516 2225 3198 4518 2226 3200 4504 2226 3184 4507 2226 3187 4507 2226 3187 4519 2226 3201 4518 2226 3200 4520 2227 3202 4521 2227 3203 4522 2227 3204 4522 2219 3204 4523 2219 3205 4520 2219 3202 4521 2228 3203 4524 2228 3206 4525 2228 3207 4525 2229 3207 4522 2229 3204 4521 2229 3203 4524 2221 3208 4526 2221 3209 4527 2221 3210 4527 2221 3210 4525 2221 3211 4524 2221 3208 4526 2222 3209 4528 2222 3212 4529 2222 3213 4529 2222 3213 4527 2222 3210 4526 2222 3209 4528 2223 3212 4530 2223 3214 4531 2223 3215 4531 2223 3215 4529 2223 3213 4528 2223 3212 4530 2224 3214 4532 2224 3216 4533 2224 3217 4533 2224 3217 4531 2224 3215 4530 2224 3214 4532 2225 3216 4534 2225 3218 4535 2225 3219 4535 2225 3219 4533 2225 3217 4532 2225 3216 4534 2226 3218 4520 2226 3202 4523 2226 3205 4523 2226 3205 4535 2226 3219 4534 2226 3218 4536 2230 3220 4537 2230 3221 4538 2230 3222 4538 2230 3222 4539 2230 3223 4536 2230 3220 4540 2231 3224 4541 2231 3225 4537 2231 3221 4537 2231 3221 4536 2231 3220 4540 2231 3224 4542 2213 3226 4543 2213 3227 4541 2213 3225 4541 2213 3225 4540 2213 3224 4542 2213 3226 4544 2214 3228 4545 2214 3229 4543 2214 3227 4543 2214 3227 4542 2214 3226 4544 2214 3228 4546 2215 3230 4547 2215 3231 4545 2215 3229 4545 2215 3229 4544 2215 3228 4546 2215 3230 4548 2216 3232 4549 2216 3233 4547 2216 3231 4547 2216 3231 4546 2216 3230 4548 2216 3232 4550 2232 3234 4551 2232 3235 4549 2232 3233 4549 2232 3233 4548 2232 3232 4550 2232 3234 4550 2233 3234 4539 2233 3236 4538 2233 3237 4538 2233 3237 4551 2233 3235 4550 2233 3234 4552 2234 3238 4553 2234 3239 4554 2234 3240 4554 2234 3240 4555 2234 3241 4552 2234 3238 4555 2235 3241 4554 2235 3240 4556 2235 3242 4556 2235 3242 4557 2235 3243 4555 2235 3241 4557 2228 3244 4556 2228 3245 4558 2228 3246 4558 2228 3246 4559 2228 3247 4557 2228 3244 4559 2219 3247 4558 2219 3246 4560 2219 3248 4560 2219 3248 4561 2219 3249 4559 2219 3247 4561 2226 3249 4560 2226 3248 4562 2226 3250 4562 2226 3250 4563 2226 3251 4561 2226 3249 4563 2236 3251 4562 2236 3250 4564 2236 3252 4564 2236 3252 4565 2236 3253 4563 2236 3251 4565 2237 3253 4564 2237 3252 4566 2237 3254 4566 2237 3254 4567 2237 3255 4565 2237 3253 4567 2238 3255 4566 2238 3254 4553 2238 3239 4553 2238 3239 4552 2238 3238 4567 2238 3255 4568 2239 3256 4569 2239 3257 4570 2239 3258 4570 2239 3258 4571 2239 3259 4568 2239 3256 4571 2221 3259 4570 2221 3258 4572 2221 3260 4572 2221 3260 4573 2221 3261 4571 2221 3259 4573 2240 3262 4572 2240 3263 4574 2240 3264 4574 2240 3264 4575 2240 3265 4573 2240 3262 4575 2241 3265 4574 2241 3264 4576 2241 3266 4576 2241 3266 4577 2241 3267 4575 2241 3265 4577 2242 3267 4576 2242 3266 4578 2242 3268 4578 2242 3268 4579 2242 3269 4577 2242 3267 4579 2243 3269 4578 2243 3268 4580 2243 3270 4580 2243 3270 4581 2243 3271 4579 2243 3269 4581 2224 3271 4580 2224 3270 4582 2224 3272 4582 2224 3272 4583 2224 3273 4581 2224 3271 4583 2244 3273 4582 2244 3272 4569 2244 3257 4569 2244 3257 4568 2244 3256 4583 2244 3273</p>
      </polylist>
      <polylist material="symbol_bucket_$Material_0" count="288">
        <input semantic="VERTEX" source="#verts" offset="0"/>
        <input semantic="NORMAL" source="#norm" offset="1"/>
        <input semantic="TEXCOORD" source="#uv" offset="2" set="0"/>
        <vcount>3 3 3 3 3 3 3 3 3 3 3 3 3 3 3 3 3 3 3 3 3 3 3 3 3 3 3 3 3 3 3 3 3 3 3 3 3 3 3 3 3 3 3 3 3 3 3 3 3 3 3 3 3 3 3 3 3 3 3 3 3 3 3 3 3 3 3 3 3 3 3 3 3 3 3 3 3 3 3 3 3 3 3 3 3 3 3 3 3 3 3 3 3 3 3 3 3 3 3 3 3 3 3 3 3 3 3 3 3 3 3 3 3 3 3 3 3 3 3 3 3 3 3 3 3 3 3 3 3 3 3 3 3 3 3 3 3 3 3 3 3 3 3 3 3 3 3 3 3 3 3 3 3 3 3 3 3 3 3 3 3 3 3 3 3 3 3 3 3 3 3 3 3 3 3 3 3 3 3 3 3 3 3 3 3 3 3 3 3 3 3 3 3 3 3 3 3 3 3 3 3 3 3 3 3 3 3 3 3 3 3 3 3 3 3 3 3 3 3 3 3 3 3 3 3 3 3 3 3 3 3 3 3 3 3 3 3 3 3 3 3 3 3 3 3 3 3 3 3 3 3 3 3 3 3 3 3 3 3 3 3 3 3 3 3 3 3 3 3 3 3 3 3 3 3 3 3 3 3 3 3 3 3 3 3 3 3 3</vcount>
        <p>4584 2245 3274 4585 2245 3275 4586 2245 3276 4586 2245 3276 4585 2245 3275 4587 2245 3277 4588 2246 3278 4589 2246 3279 4584 2246 3274 4584 2246 3274 4589 2246 3279 4585 2246 3275 4590 2247 3280 4591 2247 3281 4588 2247 3282 4588 2247 3282 4591 2247 3281 4589 2247 3283 4586 2248 3276 4587 2248 3277 4590 2248 3280 4590 2248 3280 4587 2248 3277 4591 2248 3281 4592 2249 3284 4587 2249 3277 4585 2249 3275 4587 2249 3277 4592 2249 3284 4593 2249 3285 4589 2250 3279 4594 2250 3286 4585 2250 3275 4585 2250 3275 4594 2250 3286 4592 2250 3284 4589 2251 3283 4591 2251 3281 4595 2251 3287 4589 2251 3283 4595 2251 3287 4594 2251 3288 4587 2252 3277 4593 2252 3285 4591 2252 3281 4591 2252 3281 4593 2252 3285 4595 2252 3287 4593 2253 3289 4594 2253 3290 4595 2253 3291 4594 2253 3290 4593 2253 3289 4592 2253 3292 4586 2254 3293 4596 2254 3294 4584 2254 3295 4596 2254 3294 4586 2254 3293 4597 2254 3296 4586 2254 3293 4590 2254 3297 4598 2254 3298 4586 2254 3293 4598 2254 3298 4597 2254 3296 4590 2254 3297 4588 2254 3299 4599 2254 3300 4590 2254 3297 4599 2254 3300 4598 2254 3298 4596 2254 3294 4588 2254 3299 4584 2254 3295 4588 2254 3299 4596 2254 3294 4599 2254 3300 4597 2255 3301 4600 2255 3302 4596 2255 3303 4600 2255 3302 4597 2255 3301 4601 2255 3304 4598 2256 3305 4601 2256 3304 4597 2256 3301 4601 2256 3304 4598 2256 3305 4602 2256 3306 4599 2257 3307 4603 2257 3308 4598 2257 3305 4598 2257 3305 4603 2257 3308 4602 2257 3306 4596 2258 3309 4600 2258 3310 4599 2258 3307 4599 2258 3307 4600 2258 3310 4603 2258 3308 4600 2254 3311 4602 2254 3312 4603 2254 3313 4602 2254 3312 4600 2254 3311 4601 2254 3314 4604 2245 3315 4605 2245 3275 4606 2245 3316 4606 2245 3316 4605 2245 3275 4607 2245 3277 4608 2246 3317 4609 2246 3279 4604 2246 3315 4604 2246 3315 4609 2246 3279 4605 2246 3275 4610 2247 3318 4611 2247 3281 4608 2247 3319 4608 2247 3319 4611 2247 3281 4609 2247 3283 4606 2248 3316 4607 2248 3277 4610 2248 3318 4610 2248 3318 4607 2248 3277 4611 2248 3281 4607 2259 3277 4605 2259 3275 4612 2259 3284 4607 2259 3277 4612 2259 3284 4613 2259 3285 4609 2260 3279 4614 2260 3286 4605 2260 3275 4605 2260 3275 4614 2260 3286 4612 2260 3284 4615 2261 3287 4609 2261 3283 4611 2261 3281 4609 2261 3283 4615 2261 3287 4614 2261 3288 4607 2262 3277 4613 2262 3285 4611 2262 3281 4611 2262 3281 4613 2262 3285 4615 2262 3287 4613 2253 3289 4614 2253 3290 4615 2253 3291 4614 2253 3290 4613 2253 3289 4612 2253 3292 4606 2254 3293 4616 2254 3320 4604 2254 3295 4616 2254 3320 4606 2254 3293 4617 2254 3321 4606 2254 3293 4610 2254 3297 4618 2254 3298 4606 2254 3293 4618 2254 3298 4617 2254 3321 4610 2254 3297 4608 2254 3299 4619 2254 3300 4610 2254 3297 4619 2254 3300 4618 2254 3298 4608 2254 3299 4604 2254 3295 4616 2254 3320 4608 2254 3299 4616 2254 3320 4619 2254 3300 4617 2263 3322 4620 2263 3323 4616 2263 3324 4620 2263 3323 4617 2263 3322 4621 2263 3325 4618 2264 3309 4621 2264 3325 4617 2264 3322 4621 2264 3325 4618 2264 3309 4622 2264 3310 4619 2265 3326 4623 2265 3327 4618 2265 3303 4618 2265 3303 4623 2265 3327 4622 2265 3302 4616 2266 3324 4620 2266 3323 4619 2266 3326 4619 2266 3326 4620 2266 3323 4623 2266 3327 4620 2254 3311 4622 2254 3312 4623 2254 3313 4622 2254 3312 4620 2254 3311 4621 2254 3314 4624 2245 3281 4625 2245 3328 4626 2245 3329 4625 2245 3328 4624 2245 3281 4627 2245 3283 4628 2246 3330 4629 2246 3277 4626 2246 3329 4626 2246 3329 4629 2246 3277 4624 2246 3281 4630 2247 3275 4628 2247 3330 4631 2247 3331 4628 2247 3330 4630 2247 3275 4629 2247 3277 4625 2248 3332 4627 2248 3279 4631 2248 3331 4631 2248 3331 4627 2248 3279 4630 2248 3275 4627 2267 3283 4624 2267 3281 4632 2267 3287 4627 2267 3283 4632 2267 3287 4633 2267 3288 4629 2260 3277 4634 2260 3285 4624 2260 3281 4624 2260 3281 4634 2260 3285 4632 2260 3287 4635 2268 3284 4629 2268 3277 4630 2268 3275 4629 2268 3277 4635 2268 3284 4634 2268 3285 4627 2262 3279 4633 2262 3286 4630 2262 3275 4630 2262 3275 4633 2262 3286 4635 2262 3284 4633 2253 3289 4634 2253 3290 4635 2253 3291 4634 2253 3290 4633 2253 3289 4632 2253 3292 4625 2254 3293 4636 2254 3333 4626 2254 3295 4636 2254 3333 4625 2254 3293 4637 2254 3334 4625 2254 3293 4631 2254 3297 4638 2254 3335 4625 2254 3293 4638 2254 3335 4637 2254 3334 4631 2254 3297 4628 2254 3299 4639 2254 3300 4631 2254 3297 4639 2254 3300 4638 2254 3335 4626 2254 3295 4639 2254 3300 4628 2254 3299 4639 2254 3300 4626 2254 3295 4636 2254 3333 4637 2269 3336 4640 2269 3337 4636 2269 3338 4640 2269 3337 4637 2269 3336 4641 2269 3339 4638 2270 3309 4641 2270 3339 4637 2270 3336 4641 2270 3339 4638 2270 3309 4642 2270 3310 4639 2271 3340 4643 2271 3341 4638 2271 3303 4638 2271 3303 4643 2271 3341 4642 2271 3302 4636 2272 3338 4640 2272 3337 4639 2272 3340 4639 2272 3340 4640 2272 3337 4643 2272 3341 4640 2254 3311 4642 2254 3312 4643 2254 3313 4642 2254 3312 4640 2254 3311 4641 2254 3314 4644 2245 3342 4645 2245 3281 4646 2245 3343 4646 2245 3343 4645 2245 3281 4647 2245 3283 4648 2246 3344 4649 2246 3277 4644 2246 3342 4644 2246 3342 4649 2246 3277 4645 2246 3281 4650 2247 3345 4651 2247 3275 4648 2247 3344 4648 2247 3344 4651 2247 3275 4649 2247 3277 4646 2248 3346 4647 2248 3279 4650 2248 3345 4650 2248 3345 4647 2248 3279 4651 2248 3275 4652 2273 3287 4647 2273 3283 4645 2273 3281 4647 2273 3283 4652 2273 3287 4653 2273 3288 4649 2274 3277 4654 2274 3285 4645 2274 3281 4645 2274 3281 4654 2274 3285 4652 2274 3287 4649 2268 3277 4651 2268 3275 4655 2268 3284 4649 2268 3277 4655 2268 3284 4654 2268 3285 4647 2252 3279 4653 2252 3286 4651 2252 3275 4651 2252 3275 4653 2252 3286 4655 2252 3284 4653 2253 3289 4654 2253 3290 4655 2253 3291 4654 2253 3290 4653 2253 3289 4652 2253 3292 4646 2254 3293 4656 2254 3347 4644 2254 3295 4656 2254 3347 4646 2254 3293 4657 2254 3348 4646 2254 3293 4650 2254 3297 4658 2254 3349 4646 2254 3293 4658 2254 3349 4657 2254 3348 4650 2254 3297 4648 2254 3299 4659 2254 3300 4650 2254 3297 4659 2254 3300 4658 2254 3349 4644 2254 3295 4659 2254 3300 4648 2254 3299 4659 2254 3300 4644 2254 3295 4656 2254 3347 4657 2275 3350 4660 2275 3351 4656 2275 3352 4660 2275 3351 4657 2275 3350 4661 2275 3353 4658 2276 3309 4661 2276 3353 4657 2276 3350 4661 2276 3353 4658 2276 3309 4662 2276 3310 4659 2277 3354 4663 2277 3355 4658 2277 3303 4658 2277 3303 4663 2277 3355 4662 2277 3302 4656 2278 3352 4660 2278 3351 4659 2278 3354 4659 2278 3354 4660 2278 3351 4663 2278 3355 4660 2254 3311 4662 2254 3312 4663 2254 3313 4662 2254 3312 4660 2254 3311 4661 2254 3314 4664 2279 3356 4665 2279 3357 4666 2279 3358 4666 2279 3358 4665 2279 3357 4667 2279 3359 4668 2280 3360 4669 2280 3361 4664 2280 3356 4664 2280 3356 4669 2280 3361 4665 2280 3357 4670 2281 3362 4671 2281 3363 4668 2281 3364 4668 2281 3364 4671 2281 3363 4669 2281 3365 4666 2282 3358 4667 2282 3359 4670 2282 3362 4670 2282 3362 4667 2282 3359 4671 2282 3363 4672 2283 3366 4667 2283 3359 4665 2283 3357 4667 2283 3359 4672 2283 3366 4673 2283 3367 4669 2284 3361 4674 2284 3368 4665 2284 3357 4665 2284 3357 4674 2284 3368 4672 2284 3366 4669 2285 3365 4671 2285 3363 4675 2285 3369 4669 2285 3365 4675 2285 3369 4674 2285 3370 4667 2286 3359 4673 2286 3367 4671 2286 3363 4671 2286 3363 4673 2286 3367 4675 2286 3369 4673 2287 3371 4674 2287 3372 4675 2287 3373 4674 2287 3372 4673 2287 3371 4672 2287 3374 4666 2288 3375 4676 2288 3376 4664 2288 3377 4676 2288 3376 4666 2288 3375 4677 2288 3378 4666 2288 3375 4670 2288 3379 4678 2288 3380 4666 2288 3375 4678 2288 3380 4677 2288 3378 4670 2288 3379 4668 2288 3381 4679 2288 3382 4670 2288 3379 4679 2288 3382 4678 2288 3380 4676 2288 3376 4668 2288 3381 4664 2288 3377 4668 2288 3381 4676 2288 3376 4679 2288 3382 4677 2289 3383 4680 2289 3384 4676 2289 3385 4680 2289 3384 4677 2289 3383 4681 2289 3386 4678 2290 3387 4681 2290 3386 4677 2290 3383 4681 2290 3386 4678 2290 3387 4682 2290 3388 4679 2291 3389 4683 2291 3390 4678 2291 3387 4678 2291 3387 4683 2291 3390 4682 2291 3388 4676 2292 3391 4680 2292 3392 4679 2292 3389 4679 2292 3389 4680 2292 3392 4683 2292 3390 4680 2288 3393 4682 2288 3394 4683 2288 3395 4682 2288 3394 4680 2288 3393 4681 2288 3396 4684 2279 3397 4685 2279 3357 4686 2279 3398 4686 2279 3398 4685 2279 3357 4687 2279 3359 4688 2280 3399 4689 2280 3361 4684 2280 3397 4684 2280 3397 4689 2280 3361 4685 2280 3357 4690 2281 3400 4691 2281 3363 4688 2281 3401 4688 2281 3401 4691 2281 3363 4689 2281 3365 4686 2282 3398 4687 2282 3359 4690 2282 3400 4690 2282 3400 4687 2282 3359 4691 2282 3363 4687 2293 3359 4685 2293 3357 4692 2293 3366 4687 2293 3359 4692 2293 3366 4693 2293 3367 4689 2294 3361 4694 2294 3368 4685 2294 3357 4685 2294 3357 4694 2294 3368 4692 2294 3366 4695 2295 3369 4689 2295 3365 4691 2295 3363 4689 2295 3365 4695 2295 3369 4694 2295 3370 4687 2296 3359 4693 2296 3367 4691 2296 3363 4691 2296 3363 4693 2296 3367 4695 2296 3369 4693 2287 3371 4694 2287 3372 4695 2287 3373 4694 2287 3372 4693 2287 3371 4692 2287 3374 4686 2288 3375 4696 2288 3402 4684 2288 3377 4696 2288 3402 4686 2288 3375 4697 2288 3403 4686 2288 3375 4690 2288 3379 4698 2288 3380 4686 2288 3375 4698 2288 3380 4697 2288 3403 4690 2288 3379 4688 2288 3381 4699 2288 3382 4690 2288 3379 4699 2288 3382 4698 2288 3380 4688 2288 3381 4684 2288 3377 4696 2288 3402 4688 2288 3381 4696 2288 3402 4699 2288 3382 4697 2297 3404 4700 2297 3405 4696 2297 3406 4700 2297 3405 4697 2297 3404 4701 2297 3407 4698 2298 3391 4701 2298 3407 4697 2298 3404 4701 2298 3407 4698 2298 3391 4702 2298 3392 4699 2299 3408 4703 2299 3409 4698 2299 3385 4698 2299 3385 4703 2299 3409 4702 2299 3384 4696 2300 3406 4700 2300 3405 4699 2300 3408 4699 2300 3408 4700 2300 3405 4703 2300 3409 4700 2288 3393 4702 2288 3394 4703 2288 3395 4702 2288 3394 4700 2288 3393 4701 2288 3396 4704 2279 3363 4705 2279 3410 4706 2279 3411 4705 2279 3410 4704 2279 3363 4707 2279 3365 4708 2280 3412 4709 2280 3359 4706 2280 3411 4706 2280 3411 4709 2280 3359 4704 2280 3363 4710 2281 3357 4708 2281 3412 4711 2281 3413 4708 2281 3412 4710 2281 3357 4709 2281 3359 4705 2282 3414 4707 2282 3361 4711 2282 3413 4711 2282 3413 4707 2282 3361 4710 2282 3357 4707 2301 3365 4704 2301 3363 4712 2301 3369 4707 2301 3365 4712 2301 3369 4713 2301 3370 4709 2294 3359 4714 2294 3367 4704 2294 3363 4704 2294 3363 4714 2294 3367 4712 2294 3369 4715 2302 3366 4709 2302 3359 4710 2302 3357 4709 2302 3359 4715 2302 3366 4714 2302 3367 4707 2296 3361 4713 2296 3368 4710 2296 3357 4710 2296 3357 4713 2296 3368 4715 2296 3366 4713 2287 3371 4714 2287 3372 4715 2287 3373 4714 2287 3372 4713 2287 3371 4712 2287 3374 4705 2288 3375 4716 2288 3415 4706 2288 3377 4716 2288 3415 4705 2288 3375 4717 2288 3416 4705 2288 3375 4711 2288 3379 4718 2288 3417 4705 2288 3375 4718 2288 3417 4717 2288 3416 4711 2288 3379 4708 2288 3381 4719 2288 3382 4711 2288 3379 4719 2288 3382 4718 2288 3417 4706 2288 3377 4719 2288 3382 4708 2288 3381 4719 2288 3382 4706 2288 3377 4716 2288 3415 4717 2303 3418 4720 2303 3419 4716 2303 3420 4720 2303 3419 4717 2303 3418 4721 2303 3421 4718 2304 3391 4721 2304 3421 4717 2304 3418 4721 2304 3421 4718 2304 3391 4722 2304 3392 4719 2305 3422 4723 2305 3423 4718 2305 3385 4718 2305 3385 4723 2305 3423 4722 2305 3384 4716 2306 3420 4720 2306 3419 4719 2306 3422 4719 2306 3422 4720 2306 3419 4723 2306 3423 4720 2288 3393 4722 2288 3394 4723 2288 3395 4722 2288 3394 4720 2288 3393 4721 2288 3396 4724 2279 3424 4725 2279 3363 4726 2279 3425 4726 2279 3425 4725 2279 3363 4727 2279 3365 4728 2280 3426 4729 2280 3359 4724 2280 3424 4724 2280 3424 4729 2280 3359 4725 2280 3363 4730 2281 3427 4731 2281 3357 4728 2281 3426 4728 2281 3426 4731 2281 3357 4729 2281 3359 4726 2282 3428 4727 2282 3361 4730 2282 3427 4730 2282 3427 4727 2282 3361 4731 2282 3357 4732 2307 3369 4727 2307 3365 4725 2307 3363 4727 2307 3365 4732 2307 3369 4733 2307 3370 4729 2308 3359 4734 2308 3367 4725 2308 3363 4725 2308 3363 4734 2308 3367 4732 2308 3369 4729 2302 3359 4731 2302 3357 4735 2302 3366 4729 2302 3359 4735 2302 3366 4734 2302 3367 4727 2286 3361 4733 2286 3368 4731 2286 3357 4731 2286 3357 4733 2286 3368 4735 2286 3366 4733 2287 3371 4734 2287 3372 4735 2287 3373 4734 2287 3372 4733 2287 3371 4732 2287 3374 4726 2288 3375 4736 2288 3429 4724 2288 3377 4736 2288 3429 4726 2288 3375 4737 2288 3430 4726 2288 3375 4730 2288 3379 4738 2288 3431 4726 2288 3375 4738 2288 3431 4737 2288 3430 4730 2288 3379 4728 2288 3381 4739 2288 3382 4730 2288 3379 4739 2288 3382 4738 2288 3431 4724 2288 3377 4739 2288 3382 4728 2288 3381 4739 2288 3382 4724 2288 3377 4736 2288 3429 4737 2309 3432 4740 2309 3433 4736 2309 3434 4740 2309 3433 4737 2309 3432 4741 2309 3435 4738 2310 3391 4741 2310 3435 4737 2310 3432 4741 2310 3435 4738 2310 3391 4742 2310 3392 4739 2311 3436 4743 2311 3437 4738 2311 3385 4738 2311 3385 4743 2311 3437 4742 2311 3384 4736 2312 3434 4740 2312 3433 4739 2312 3436 4739 2312 3436 4740 2312 3433 4743 2312 3437 4740 2288 3393 4742 2288 3394 4743 2288 3395 4742 2288 3394 4740 2288 3393 4741 2288 3396</p>
      </polylist>
    </mesh></geometry>
  </library_geometries>
  <library_visual_scenes><visual_scene id="Scene" name="Scene"><node id="Factory" name="Factory" type="NODE">
    <instance_geometry url="#factory_mesh"><bind_material><technique_common>
      <instance_material symbol="symbol_floor_material" target="#mat_floor_material"/>
      <instance_material symbol="symbol_wall_material" target="#mat_wall_material"/>
      <instance_material symbol="symbol_column_material" target="#mat_column_material"/>
      <instance_material symbol="symbol_shelf_$Material_0" target="#mat_shelf_$Material_0"/>
      <instance_material symbol="symbol_shelf_$Material_1" target="#mat_shelf_$Material_1"/>
      <instance_material symbol="symbol_shelf_$Material_2" target="#mat_shelf_$Material_2"/>
      <instance_material symbol="symbol_shelf_$Material_3" target="#mat_shelf_$Material_3"/>
      <instance_material symbol="symbol_shelf_$Material_4" target="#mat_shelf_$Material_4"/>
      <instance_material symbol="symbol_shelf_$Material_5" target="#mat_shelf_$Material_5"/>
      <instance_material symbol="symbol_shelf_$Material_6" target="#mat_shelf_$Material_6"/>
      <instance_material symbol="symbol_shelf_$Material_7" target="#mat_shelf_$Material_7"/>
      <instance_material symbol="symbol_shelf_$Material_8" target="#mat_shelf_$Material_8"/>
      <instance_material symbol="symbol_shelf_$Material_9" target="#mat_shelf_$Material_9"/>
      <instance_material symbol="symbol_shelf_$Material_10" target="#mat_shelf_$Material_10"/>
      <instance_material symbol="symbol_shelf_$Material_11" target="#mat_shelf_$Material_11"/>
      <instance_material symbol="symbol_shelf_$Material_12" target="#mat_shelf_$Material_12"/>
      <instance_material symbol="symbol_shelf_$Material_13" target="#mat_shelf_$Material_13"/>
      <instance_material symbol="symbol_shelf_$Material_14" target="#mat_shelf_$Material_14"/>
      <instance_material symbol="symbol_shelf_$Material_15" target="#mat_shelf_$Material_15"/>
      <instance_material symbol="symbol_shelf_$Material_16" target="#mat_shelf_$Material_16"/>
      <instance_material symbol="symbol_shelf_$Material_17" target="#mat_shelf_$Material_17"/>
      <instance_material symbol="symbol_shelf_$Material_18" target="#mat_shelf_$Material_18"/>
      <instance_material symbol="symbol_shelf_$Material_19" target="#mat_shelf_$Material_19"/>
      <instance_material symbol="symbol_shelf_$Material_20" target="#mat_shelf_$Material_20"/>
      <instance_material symbol="symbol_shelf_$Material_21" target="#mat_shelf_$Material_21"/>
      <instance_material symbol="symbol_shelf_$Material_22" target="#mat_shelf_$Material_22"/>
      <instance_material symbol="symbol_shelf_$Material_23" target="#mat_shelf_$Material_23"/>
      <instance_material symbol="symbol_shelf_$Material_24" target="#mat_shelf_$Material_24"/>
      <instance_material symbol="symbol_boxes_$Material_0" target="#mat_boxes_$Material_0"/>
      <instance_material symbol="symbol_trash_$Material_0" target="#mat_trash_$Material_0"/>
      <instance_material symbol="symbol_bucket_$Material_0" target="#mat_bucket_$Material_0"/>
    </technique_common></bind_material></instance_geometry>
  </node></visual_scene></library_visual_scenes>
  <scene><instance_visual_scene url="#Scene"/></scene>
</COLLADA>