# Realistic Industrial Factory 25m x 25m with interior divisions
mtllib factory.mtl

v -12.5000 -12.5000 0.0000
v 12.5000 -12.5000 0.0000
v 12.5000 12.5000 0.0000
v -12.5000 12.5000 0.0000
v -12.5000 12.3000 2.8000
v 12.5000 12.3000 2.8000
v 12.5000 12.5000 2.8000
v -12.5000 12.5000 2.8000
v 12.5000 12.5000 0.0000
v -12.5000 12.5000 0.0000
v -12.5000 12.5000 2.8000
v 12.5000 12.5000 2.8000
v -12.5000 12.3000 0.0000
v 12.5000 12.3000 0.0000
v 12.5000 12.3000 2.8000
v -12.5000 12.3000 2.8000
v 12.5000 12.3000 0.0000
v 12.5000 12.5000 0.0000
v 12.5000 12.5000 2.8000
v 12.5000 12.3000 2.8000
v -12.5000 12.5000 0.0000
v -12.5000 12.3000 0.0000
v -12.5000 12.3000 2.8000
v -12.5000 12.5000 2.8000
v -12.5000 -12.5000 2.8000
v 12.5000 -12.5000 2.8000
v 12.5000 -12.3000 2.8000
v -12.5000 -12.3000 2.8000
v 12.5000 -12.3000 0.0000
v -12.5000 -12.3000 0.0000
v -12.5000 -12.3000 2.8000
v 12.5000 -12.3000 2.8000
v -12.5000 -12.5000 0.0000
v 12.5000 -12.5000 0.0000
v 12.5000 -12.5000 2.8000
v -12.5000 -12.5000 2.8000
v 12.5000 -12.5000 0.0000
v 12.5000 -12.3000 0.0000
v 12.5000 -12.3000 2.8000
v 12.5000 -12.5000 2.8000
v -12.5000 -12.3000 0.0000
v -12.5000 -12.5000 0.0000
v -12.5000 -12.5000 2.8000
v -12.5000 -12.3000 2.8000
v -12.5000 -12.5000 2.8000
v -12.3000 -12.5000 2.8000
v -12.3000 12.5000 2.8000
v -12.5000 12.5000 2.8000
v -12.3000 12.5000 0.0000
v -12.5000 12.5000 0.0000
v -12.5000 12.5000 2.8000
v -12.3000 12.5000 2.8000
v -12.5000 -12.5000 0.0000
v -12.3000 -12.5000 0.0000
v -12.3000 -12.5000 2.8000
v -12.5000 -12.5000 2.8000
v -12.3000 -12.5000 0.0000
v -12.3000 12.5000 0.0000
v -12.3000 12.5000 2.8000
v -12.3000 -12.5000 2.8000
v -12.5000 12.5000 0.0000
v -12.5000 -12.5000 0.0000
v -12.5000 -12.5000 2.8000
v -12.5000 12.5000 2.8000
v 12.3000 -7.0000 2.8000
v 12.5000 -7.0000 2.8000
v 12.5000 12.5000 2.8000
v 12.3000 12.5000 2.8000
v 12.5000 12.5000 0.0000
v 12.3000 12.5000 0.0000
v 12.3000 12.5000 2.8000
v 12.5000 12.5000 2.8000
v 12.3000 -7.0000 0.0000
v 12.5000 -7.0000 0.0000
v 12.5000 -7.0000 2.8000
v 12.3000 -7.0000 2.8000
v 12.5000 -7.0000 0.0000
v 12.5000 12.5000 0.0000
v 12.5000 12.5000 2.8000
v 12.5000 -7.0000 2.8000
v 12.3000 12.5000 0.0000
v 12.3000 -7.0000 0.0000
v 12.3000 -7.0000 2.8000
v 12.3000 12.5000 2.8000
v 12.3000 -12.5000 2.8000
v 12.5000 -12.5000 2.8000
v 12.5000 -10.5000 2.8000
v 12.3000 -10.5000 2.8000
v 12.5000 -10.5000 0.0000
v 12.3000 -10.5000 0.0000
v 12.3000 -10.5000 2.8000
v 12.5000 -10.5000 2.8000
v 12.3000 -12.5000 0.0000
v 12.5000 -12.5000 0.0000
v 12.5000 -12.5000 2.8000
v 12.3000 -12.5000 2.8000
v 12.5000 -12.5000 0.0000
v 12.5000 -10.5000 0.0000
v 12.5000 -10.5000 2.8000
v 12.5000 -12.5000 2.8000
v 12.3000 -10.5000 0.0000
v 12.3000 -12.5000 0.0000
v 12.3000 -12.5000 2.8000
v 12.3000 -10.5000 2.8000
v -12.3000 -4.5000 2.8000
v -8.0000 -4.5000 2.8000
v -8.0000 -4.3000 2.8000
v -12.3000 -4.3000 2.8000
v -8.0000 -4.3000 0.0000
v -12.3000 -4.3000 0.0000
v -12.3000 -4.3000 2.8000
v -8.0000 -4.3000 2.8000
v -12.3000 -4.5000 0.0000
v -8.0000 -4.5000 0.0000
v -8.0000 -4.5000 2.8000
v -12.3000 -4.5000 2.8000
v -8.0000 -4.5000 0.0000
v -8.0000 -4.3000 0.0000
v -8.0000 -4.3000 2.8000
v -8.0000 -4.5000 2.8000
v -12.3000 -4.3000 0.0000
v -12.3000 -4.5000 0.0000
v -12.3000 -4.5000 2.8000
v -12.3000 -4.3000 2.8000
v -6.8000 -4.5000 2.8000
v -5.5000 -4.5000 2.8000
v -5.5000 -4.3000 2.8000
v -6.8000 -4.3000 2.8000
v -5.5000 -4.3000 0.0000
v -6.8000 -4.3000 0.0000
v -6.8000 -4.3000 2.8000
v -5.5000 -4.3000 2.8000
v -6.8000 -4.5000 0.0000
v -5.5000 -4.5000 0.0000
v -5.5000 -4.5000 2.8000
v -6.8000 -4.5000 2.8000
v -5.5000 -4.5000 0.0000
v -5.5000 -4.3000 0.0000
v -5.5000 -4.3000 2.8000
v -5.5000 -4.5000 2.8000
v -6.8000 -4.3000 0.0000
v -6.8000 -4.5000 0.0000
v -6.8000 -4.5000 2.8000
v -6.8000 -4.3000 2.8000
v -5.7000 -12.3000 2.8000
v -5.5000 -12.3000 2.8000
v -5.5000 -9.0000 2.8000
v -5.7000 -9.0000 2.8000
v -5.5000 -9.0000 0.0000
v -5.7000 -9.0000 0.0000
v -5.7000 -9.0000 2.8000
v -5.5000 -9.0000 2.8000
v -5.7000 -12.3000 0.0000
v -5.5000 -12.3000 0.0000
v -5.5000 -12.3000 2.8000
v -5.7000 -12.3000 2.8000
v -5.5000 -12.3000 0.0000
v -5.5000 -9.0000 0.0000
v -5.5000 -9.0000 2.8000
v -5.5000 -12.3000 2.8000
v -5.7000 -9.0000 0.0000
v -5.7000 -12.3000 0.0000
v -5.7000 -12.3000 2.8000
v -5.7000 -9.0000 2.8000
v -5.7000 -7.8000 2.8000
v -5.5000 -7.8000 2.8000
v -5.5000 -4.3000 2.8000
v -5.7000 -4.3000 2.8000
v -5.5000 -4.3000 0.0000
v -5.7000 -4.3000 0.0000
v -5.7000 -4.3000 2.8000
v -5.5000 -4.3000 2.8000
v -5.7000 -7.8000 0.0000
v -5.5000 -7.8000 0.0000
v -5.5000 -7.8000 2.8000
v -5.7000 -7.8000 2.8000
v -5.5000 -7.8000 0.0000
v -5.5000 -4.3000 0.0000
v -5.5000 -4.3000 2.8000
v -5.5000 -7.8000 2.8000
v -5.7000 -4.3000 0.0000
v -5.7000 -7.8000 0.0000
v -5.7000 -7.8000 2.8000
v -5.7000 -4.3000 2.8000
v -8.8000 -12.3000 2.8000
v -8.6000 -12.3000 2.8000
v -8.6000 -11.0000 2.8000
v -8.8000 -11.0000 2.8000
v -8.6000 -11.0000 0.0000
v -8.8000 -11.0000 0.0000
v -8.8000 -11.0000 2.8000
v -8.6000 -11.0000 2.8000
v -8.8000 -12.3000 0.0000
v -8.6000 -12.3000 0.0000
v -8.6000 -12.3000 2.8000
v -8.8000 -12.3000 2.8000
v -8.6000 -12.3000 0.0000
v -8.6000 -11.0000 0.0000
v -8.6000 -11.0000 2.8000
v -8.6000 -12.3000 2.8000
v -8.8000 -11.0000 0.0000
v -8.8000 -12.3000 0.0000
v -8.8000 -12.3000 2.8000
v -8.8000 -11.0000 2.8000
v -8.8000 -9.5000 2.8000
v -8.6000 -9.5000 2.8000
v -8.6000 -4.3000 2.8000
v -8.8000 -4.3000 2.8000
v -8.6000 -4.3000 0.0000
v -8.8000 -4.3000 0.0000
v -8.8000 -4.3000 2.8000
v -8.6000 -4.3000 2.8000
v -8.8000 -9.5000 0.0000
v -8.6000 -9.5000 0.0000
v -8.6000 -9.5000 2.8000
v -8.8000 -9.5000 2.8000
v -8.6000 -9.5000 0.0000
v -8.6000 -4.3000 0.0000
v -8.6000 -4.3000 2.8000
v -8.6000 -9.5000 2.8000
v -8.8000 -4.3000 0.0000
v -8.8000 -9.5000 0.0000
v -8.8000 -9.5000 2.8000
v -8.8000 -4.3000 2.8000
v -1.2000 0.5000 2.8000
v -1.0000 0.5000 2.8000
v -1.0000 4.5000 2.8000
v -1.2000 4.5000 2.8000
v -1.0000 4.5000 0.0000
v -1.2000 4.5000 0.0000
v -1.2000 4.5000 2.8000
v -1.0000 4.5000 2.8000
v -1.2000 0.5000 0.0000
v -1.0000 0.5000 0.0000
v -1.0000 0.5000 2.8000
v -1.2000 0.5000 2.8000
v -1.0000 0.5000 0.0000
v -1.0000 4.5000 0.0000
v -1.0000 4.5000 2.8000
v -1.0000 0.5000 2.8000
v -1.2000 4.5000 0.0000
v -1.2000 0.5000 0.0000
v -1.2000 0.5000 2.8000
v -1.2000 4.5000 2.8000
v -1.2000 8.0000 2.8000
v -1.0000 8.0000 2.8000
v -1.0000 12.3000 2.8000
v -1.2000 12.3000 2.8000
v -1.0000 12.3000 0.0000
v -1.2000 12.3000 0.0000
v -1.2000 12.3000 2.8000
v -1.0000 12.3000 2.8000
v -1.2000 8.0000 0.0000
v -1.0000 8.0000 0.0000
v -1.0000 8.0000 2.8000
v -1.2000 8.0000 2.8000
v -1.0000 8.0000 0.0000
v -1.0000 12.3000 0.0000
v -1.0000 12.3000 2.8000
v -1.0000 8.0000 2.8000
v -1.2000 12.3000 0.0000
v -1.2000 8.0000 0.0000
v -1.2000 8.0000 2.8000
v -1.2000 12.3000 2.8000
v 0.5000 0.5000 2.8000
v 4.5000 0.5000 2.8000
v 4.5000 0.7000 2.8000
v 0.5000 0.7000 2.8000
v 4.5000 0.7000 0.0000
v 0.5000 0.7000 0.0000
v 0.5000 0.7000 2.8000
v 4.5000 0.7000 2.8000
v 0.5000 0.5000 0.0000
v 4.5000 0.5000 0.0000
v 4.5000 0.5000 2.8000
v 0.5000 0.5000 2.8000
v 4.5000 0.5000 0.0000
v 4.5000 0.7000 0.0000
v 4.5000 0.7000 2.8000
v 4.5000 0.5000 2.8000
v 0.5000 0.7000 0.0000
v 0.5000 0.5000 0.0000
v 0.5000 0.5000 2.8000
v 0.5000 0.7000 2.8000
v 8.0000 0.5000 2.8000
v 12.3000 0.5000 2.8000
v 12.3000 0.7000 2.8000
v 8.0000 0.7000 2.8000
v 12.3000 0.7000 0.0000
v 8.0000 0.7000 0.0000
v 8.0000 0.7000 2.8000
v 12.3000 0.7000 2.8000
v 8.0000 0.5000 0.0000
v 12.3000 0.5000 0.0000
v 12.3000 0.5000 2.8000
v 8.0000 0.5000 2.8000
v 12.3000 0.5000 0.0000
v 12.3000 0.7000 0.0000
v 12.3000 0.7000 2.8000
v 12.3000 0.5000 2.8000
v 8.0000 0.7000 0.0000
v 8.0000 0.5000 0.0000
v 8.0000 0.5000 2.8000
v 8.0000 0.7000 2.8000
v -5.3000 4.7000 2.8000
v -4.7000 4.7000 2.8000
v -4.7000 5.3000 2.8000
v -5.3000 5.3000 2.8000
v -4.7000 5.3000 0.0000
v -5.3000 5.3000 0.0000
v -5.3000 5.3000 2.8000
v -4.7000 5.3000 2.8000
v -5.3000 4.7000 0.0000
v -4.7000 4.7000 0.0000
v -4.7000 4.7000 2.8000
v -5.3000 4.7000 2.8000
v -4.7000 4.7000 0.0000
v -4.7000 5.3000 0.0000
v -4.7000 5.3000 2.8000
v -4.7000 4.7000 2.8000
v -5.3000 5.3000 0.0000
v -5.3000 4.7000 0.0000
v -5.3000 4.7000 2.8000
v -5.3000 5.3000 2.8000
v 4.7000 4.7000 2.8000
v 5.3000 4.7000 2.8000
v 5.3000 5.3000 2.8000
v 4.7000 5.3000 2.8000
v 5.3000 5.3000 0.0000
v 4.7000 5.3000 0.0000
v 4.7000 5.3000 2.8000
v 5.3000 5.3000 2.8000
v 4.7000 4.7000 0.0000
v 5.3000 4.7000 0.0000
v 5.3000 4.7000 2.8000
v 4.7000 4.7000 2.8000
v 5.3000 4.7000 0.0000
v 5.3000 5.3000 0.0000
v 5.3000 5.3000 2.8000
v 5.3000 4.7000 2.8000
v 4.7000 5.3000 0.0000
v 4.7000 4.7000 0.0000
v 4.7000 4.7000 2.8000
v 4.7000 5.3000 2.8000
v -5.3000 -5.3000 2.8000
v -4.7000 -5.3000 2.8000
v -4.7000 -4.7000 2.8000
v -5.3000 -4.7000 2.8000
v -4.7000 -4.7000 0.0000
v -5.3000 -4.7000 0.0000
v -5.3000 -4.7000 2.8000
v -4.7000 -4.7000 2.8000
v -5.3000 -5.3000 0.0000
v -4.7000 -5.3000 0.0000
v -4.7000 -5.3000 2.8000
v -5.3000 -5.3000 2.8000
v -4.7000 -5.3000 0.0000
v -4.7000 -4.7000 0.0000
v -4.7000 -4.7000 2.8000
v -4.7000 -5.3000 2.8000
v -5.3000 -4.7000 0.0000
v -5.3000 -5.3000 0.0000
v -5.3000 -5.3000 2.8000
v -5.3000 -4.7000 2.8000
v 4.7000 -5.3000 2.8000
v 5.3000 -5.3000 2.8000
v 5.3000 -4.7000 2.8000
v 4.7000 -4.7000 2.8000
v 5.3000 -4.7000 0.0000
v 4.7000 -4.7000 0.0000
v 4.7000 -4.7000 2.8000
v 5.3000 -4.7000 2.8000
v 4.7000 -5.3000 0.0000
v 5.3000 -5.3000 0.0000
v 5.3000 -5.3000 2.8000
v 4.7000 -5.3000 2.8000
v 5.3000 -5.3000 0.0000
v 5.3000 -4.7000 0.0000
v 5.3000 -4.7000 2.8000
v 5.3000 -5.3000 2.8000
v 4.7000 -4.7000 0.0000
v 4.7000 -5.3000 0.0000
v 4.7000 -5.3000 2.8000
v 4.7000 -4.7000 2.8000
v -9.4239 9.9111 2.0285
v -9.4239 9.9111 1.9696
v -9.4239 9.0781 2.0285
v -9.4239 9.0781 1.9696
v -5.5658 9.9111 2.0285
v -5.5658 9.9111 1.9696
v -5.5658 9.0781 2.0285
v -5.5658 9.0781 1.9696
v -9.4239 9.9111 1.4090
v -9.4239 9.9111 1.3502
v -9.4239 9.0781 1.4090
v -9.4239 9.0781 1.3502
v -5.5658 9.9111 1.4090
v -5.5658 9.9111 1.3502
v -5.5658 9.0781 1.4090
v -5.5658 9.0781 1.3502
v -9.4239 9.9111 0.7678
v -9.4239 9.9111 0.7090
v -9.4239 9.0781 0.7678
v -9.4239 9.0781 0.7090
v -5.5658 9.9111 0.7678
v -5.5658 9.9111 0.7090
v -5.5658 9.0781 0.7678
v -5.5658 9.0781 0.7090
v -5.5916 9.0730 1.4350
v -5.5916 9.0924 1.4062
v -5.5473 9.0730 1.4350
v -5.5473 9.0924 1.4062
v -5.5916 9.9043 1.9932
v -5.5916 9.9236 1.9644
v -5.5473 9.9043 1.9932
v -5.5473 9.9236 1.9644
v -5.5916 9.9043 0.7714
v -5.5916 9.9234 0.8007
v -5.5473 9.9043 0.7714
v -5.5473 9.9234 0.8007
v -5.5916 9.0695 1.3168
v -5.5916 9.0887 1.3461
v -5.5473 9.0695 1.3168
v -5.5473 9.0887 1.3461
v -5.5916 9.0691 0.1256
v -5.5916 9.0887 0.0974
v -5.5473 9.0691 0.1256
v -5.5473 9.0887 0.0974
v -5.5916 9.9043 0.7050
v -5.5916 9.9239 0.6768
v -5.5473 9.9043 0.7050
v -5.5473 9.9239 0.6768
v -5.5471 9.9143 2.5936
v -5.5471 9.9143 2.5634
v -5.5926 9.9143 2.5936
v -5.5926 9.9143 2.5634
v -5.5471 9.0873 2.5936
v -5.5471 9.0873 2.5634
v -5.5926 9.0873 2.5936
v -5.5926 9.0873 2.5634
v -5.5413 9.0913 0.0000
v -5.5413 9.0602 0.0000
v -5.5964 9.0913 0.0000
v -5.5964 9.0602 0.0000
v -5.5415 9.0914 2.6129
v -5.5415 9.0604 2.6129
v -5.5966 9.0914 2.6129
v -5.5966 9.0604 2.6129
v -5.5413 9.9326 0.0000
v -5.5413 9.9016 0.0000
v -5.5964 9.9326 0.0000
v -5.5964 9.9016 0.0000
v -5.5415 9.9328 2.6129
v -5.5415 9.9017 2.6129
v -5.5966 9.9328 2.6129
v -5.5966 9.9017 2.6129
v -7.5084 9.0730 1.4350
v -7.5084 9.0924 1.4062
v -7.4641 9.0730 1.4350
v -7.4641 9.0924 1.4062
v -7.5084 9.9043 1.9932
v -7.5084 9.9236 1.9644
v -7.4641 9.9043 1.9932
v -7.4641 9.9236 1.9644
v -7.5084 9.9043 0.7714
v -7.5084 9.9234 0.8007
v -7.4641 9.9043 0.7714
v -7.4641 9.9234 0.8007
v -7.5084 9.0695 1.3168
v -7.5084 9.0887 1.3461
v -7.4641 9.0695 1.3168
v -7.4641 9.0887 1.3461
v -7.5084 9.0691 0.1256
v -7.5084 9.0887 0.0974
v -7.4641 9.0691 0.1256
v -7.4641 9.0887 0.0974
v -7.5084 9.9043 0.7050
v -7.5084 9.9239 0.6768
v -7.4641 9.9043 0.7050
v -7.4641 9.9239 0.6768
v -7.4639 9.9143 2.5936
v -7.4639 9.9143 2.5634
v -7.5093 9.9143 2.5936
v -7.5093 9.9143 2.5634
v -7.4639 9.0873 2.5936
v -7.4639 9.0873 2.5634
v -7.5093 9.0873 2.5936
v -7.5093 9.0873 2.5634
v -7.4580 9.0913 0.0000
v -7.4580 9.0602 0.0000
v -7.5132 9.0913 0.0000
v -7.5132 9.0602 0.0000
v -7.4583 9.0914 2.6129
v -7.4583 9.0604 2.6129
v -7.5134 9.0914 2.6129
v -7.5134 9.0604 2.6129
v -7.4580 9.9326 0.0000
v -7.4580 9.9016 0.0000
v -7.5132 9.9326 0.0000
v -7.5132 9.9016 0.0000
v -7.4583 9.9328 2.6129
v -7.4583 9.9017 2.6129
v -7.5134 9.9328 2.6129
v -7.5134 9.9017 2.6129
v -9.4537 9.0730 1.4350
v -9.4537 9.0924 1.4062
v -9.4094 9.0730 1.4350
v -9.4094 9.0924 1.4062
v -9.4537 9.9043 1.9932
v -9.4537 9.9236 1.9644
v -9.4094 9.9043 1.9932
v -9.4094 9.9236 1.9644
v -9.4537 9.9043 0.7714
v -9.4537 9.9234 0.8007
v -9.4094 9.9043 0.7714
v -9.4094 9.9234 0.8007
v -9.4537 9.0695 1.3168
v -9.4537 9.0887 1.3461
v -9.4094 9.0695 1.3168
v -9.4094 9.0887 1.3461
v -9.4537 9.0691 0.1256
v -9.4537 9.0887 0.0974
v -9.4094 9.0691 0.1256
v -9.4094 9.0887 0.0974
v -9.4537 9.9043 0.7050
v -9.4537 9.9239 0.6768
v -9.4094 9.9043 0.7050
v -9.4094 9.9239 0.6768
v -9.4092 9.9143 2.5936
v -9.4092 9.9143 2.5634
v -9.4546 9.9143 2.5936
v -9.4546 9.9143 2.5634
v -9.4092 9.0873 2.5936
v -9.4092 9.0873 2.5634
v -9.4546 9.0873 2.5936
v -9.4546 9.0873 2.5634
v -9.4034 9.0913 0.0000
v -9.4034 9.0602 0.0000
v -9.4585 9.0913 0.0000
v -9.4585 9.0602 0.0000
v -9.4036 9.0914 2.6129
v -9.4036 9.0604 2.6129
v -9.4587 9.0914 2.6129
v -9.4587 9.0604 2.6129
v -9.4034 9.9326 0.0000
v -9.4034 9.9016 0.0000
v -9.4585 9.9326 0.0000
v -9.4585 9.9016 0.0000
v -9.4036 9.9328 2.6129
v -9.4036 9.9017 2.6129
v -9.4587 9.9328 2.6129
v -9.4587 9.9017 2.6129
v -9.4239 9.8835 2.4210
v -9.4239 9.9398 2.4210
v -9.4239 9.8835 2.3622
v -9.4239 9.9398 2.3622
v -5.5658 9.8835 2.4210
v -5.5658 9.9398 2.4210
v -5.5658 9.8835 2.3622
v -5.5658 9.9398 2.3622
v -9.2859 9.2748 0.7642
v -8.5060 9.2734 0.7642
v -9.2859 9.2748 0.9681
v -8.5060 9.2734 0.9681
v -9.2850 9.7526 0.7642
v -8.5052 9.7512 0.7642
v -8.5052 9.7512 0.9681
v -9.2850 9.7526 0.9681
v -8.3883 9.2748 0.7642
v -7.6084 9.2734 0.7642
v -8.3883 9.2748 0.9681
v -7.6084 9.2734 0.9681
v -8.3874 9.7526 0.7642
v -7.6076 9.7512 0.7642
v -7.6076 9.7512 0.9681
v -8.3874 9.7526 0.9681
v -8.3883 9.2748 0.9704
v -7.6084 9.2734 0.9704
v -8.3883 9.2748 1.1743
v -7.6084 9.2734 1.1743
v -8.3874 9.7526 0.9704
v -7.6076 9.7512 0.9704
v -7.6076 9.7512 1.1743
v -8.3874 9.7526 1.1743
v -8.9168 9.1227 1.4076
v -8.9154 9.9025 1.4076
v -8.9168 9.1227 1.6115
v -8.9154 9.9025 1.6115
v -9.3946 9.1235 1.4076
v -9.3932 9.9034 1.4076
v -9.3932 9.9034 1.6115
v -9.3946 9.1235 1.6115
v -8.9015 9.9034 1.4051
v -8.9030 9.1235 1.4051
v -8.9015 9.9034 1.6089
v -8.9030 9.1235 1.6089
v -8.4251 9.1227 1.4051
v -8.4237 9.9025 1.4051
v -8.4251 9.1227 1.6089
v -8.4237 9.9025 1.6089
v -8.9168 9.1227 1.6127
v -8.9154 9.9025 1.6127
v -8.9168 9.1227 1.8166
v -8.9154 9.9025 1.8166
v -9.3946 9.1235 1.6127
v -9.3932 9.9034 1.6127
v -9.3932 9.9034 1.8166
v -9.3946 9.1235 1.8166
v -7.5768 9.7512 1.4098
v -8.3566 9.7526 1.4098
v -7.5768 9.7512 1.6137
v -8.3566 9.7526 1.6137
v -7.5776 9.2734 1.4098
v -8.3575 9.2748 1.4098
v -8.3575 9.2748 1.6137
v -7.5776 9.2734 1.6137
v -7.5278 9.6712 1.6112
v -8.2927 9.8235 1.8151
v -7.5278 9.6712 1.8151
v -8.2927 9.8235 1.6112
v -7.6212 9.2025 1.6112
v -8.3860 9.3549 1.6112
v -8.3860 9.3549 1.8151
v -7.6212 9.2025 1.8151
v -6.6715 9.7512 1.4109
v -7.4513 9.7526 1.4109
v -6.6715 9.7512 1.6148
v -7.4513 9.7526 1.6148
v -6.6724 9.2734 1.4109
v -7.4522 9.2748 1.4109
v -7.4522 9.2748 1.6148
v -6.6724 9.2734 1.6148
v -6.6715 9.7512 1.6171
v -7.4513 9.7526 1.6171
v -6.6715 9.7512 1.8210
v -7.4513 9.7526 1.8210
v -6.6724 9.2734 1.6171
v -7.4522 9.2748 1.6171
v -7.4522 9.2748 1.8210
v -6.6724 9.2734 1.8210
v -6.6715 9.7512 2.0232
v -7.4513 9.7526 2.0232
v -6.6715 9.7512 2.2270
v -7.4513 9.7526 2.2270
v -6.6724 9.2734 2.0232
v -7.4522 9.2748 2.0232
v -7.4522 9.2748 2.2270
v -6.6724 9.2734 2.2270
v -6.1255 9.1386 0.7542
v -6.1255 9.8993 0.7542
v -5.6005 9.1386 0.7542
v -5.6005 9.8993 0.7542
v -5.6005 9.8993 0.8303
v -6.1255 9.8993 0.8303
v -5.6005 9.1386 0.8303
v -6.1255 9.1386 0.8303
v -6.1255 9.1386 0.8317
v -6.1255 9.8993 0.8317
v -5.6005 9.1386 0.8317
v -5.6005 9.8993 0.8317
v -5.6005 9.8993 0.9078
v -6.1255 9.8993 0.9078
v -5.6005 9.1386 0.9078
v -6.1255 9.1386 0.9078
v -6.1255 9.1386 0.9090
v -6.1255 9.8993 0.9090
v -5.6005 9.1386 0.9090
v -5.6005 9.8993 0.9090
v -5.6005 9.8993 0.9851
v -6.1255 9.8993 0.9851
v -5.6005 9.1386 0.9851
v -6.1255 9.1386 0.9851
v -6.6651 9.1152 1.4122
v -6.6651 9.8758 1.4122
v -6.1400 9.1152 1.4122
v -6.1400 9.8758 1.4122
v -6.1400 9.8758 1.4883
v -6.6651 9.8758 1.4883
v -6.1400 9.1152 1.4883
v -6.6651 9.1152 1.4883
v -6.6651 9.1152 1.4897
v -6.6651 9.8758 1.4897
v -6.1400 9.1152 1.4897
v -6.1400 9.8758 1.4897
v -6.1400 9.8758 1.5658
v -6.6651 9.8758 1.5658
v -6.1400 9.1152 1.5658
v -6.6651 9.1152 1.5658
v -6.6651 9.1152 1.5670
v -6.6651 9.8758 1.5670
v -6.1400 9.1152 1.5670
v -6.1400 9.8758 1.5670
v -6.1400 9.8758 1.6431
v -6.6651 9.8758 1.6431
v -6.1400 9.1152 1.6431
v -6.6651 9.1152 1.6431
v -6.4719 9.9139 1.6440
v -6.0796 9.0771 1.6440
v -6.5974 9.1637 1.6440
v -5.9540 9.8273 1.6440
v -6.0796 9.0771 1.7201
v -5.9540 9.8273 1.7201
v -6.4719 9.9139 1.7201
v -6.5974 9.1637 1.7201
v -6.4719 9.9139 1.7228
v -6.0796 9.0771 1.7228
v -6.5974 9.1637 1.7228
v -5.9540 9.8273 1.7228
v -6.0796 9.0771 1.7989
v -5.9540 9.8273 1.7989
v -6.4719 9.9139 1.7989
v -6.5974 9.1637 1.7989
v -6.1277 9.1152 1.4122
v -6.1277 9.8758 1.4122
v -5.6026 9.1152 1.4122
v -5.6026 9.8758 1.4122
v -5.6026 9.8758 1.4883
v -6.1277 9.8758 1.4883
v -5.6026 9.1152 1.4883
v -6.1277 9.1152 1.4883
v -6.1277 9.1152 1.4897
v -6.1277 9.8758 1.4897
v -5.6026 9.1152 1.4897
v -5.6026 9.8758 1.4897
v -5.6026 9.8758 1.5658
v -6.1277 9.8758 1.5658
v -5.6026 9.1152 1.5658
v -6.1277 9.1152 1.5658
v -5.7311 9.3371 2.0380
v -6.4766 9.1862 2.0380
v -5.8352 9.8517 2.0380
v -6.5808 9.7008 2.0380
v -6.4766 9.1862 2.1141
v -5.8352 9.8517 2.1141
v -6.5808 9.7008 2.1141
v -5.7311 9.3371 2.1141
v -5.7311 9.3371 2.1155
v -6.4766 9.1862 2.1155
v -5.8352 9.8517 2.1155
v -6.5808 9.7008 2.1155
v -6.4766 9.1862 2.1916
v -5.8352 9.8517 2.1916
v -6.5808 9.7008 2.1916
v -5.7311 9.3371 2.1916
v -5.7311 9.3371 2.1928
v -6.4766 9.1862 2.1928
v -5.8352 9.8517 2.1928
v -6.5808 9.7008 2.1928
v -6.4766 9.1862 2.2689
v -5.8352 9.8517 2.2689
v -6.5808 9.7008 2.2689
v -5.7311 9.3371 2.2689
v -5.7311 9.3371 2.2716
v -6.4766 9.1862 2.2716
v -5.8352 9.8517 2.2716
v -6.5808 9.7008 2.2716
v -6.4766 9.1862 2.3476
v -5.8352 9.8517 2.3476
v -6.5808 9.7008 2.3476
v -5.7311 9.3371 2.3476
v -6.8070 9.2496 1.2388
v -6.8070 9.2496 0.7666
v -6.8099 9.7936 1.2388
v -6.8099 9.7936 0.7666
v -7.4528 9.2481 0.7666
v -7.4557 9.7921 0.7666
v -7.4415 9.7921 1.2388
v -7.4528 9.2481 1.2388
v -7.4557 9.7921 1.2388
v -6.1400 9.7936 1.2388
v -6.1370 9.2496 1.2388
v -6.1400 9.7936 0.7666
v -6.1370 9.2496 0.7666
v -6.7828 9.2481 0.7666
v -6.7858 9.7921 0.7666
v -6.7715 9.7921 1.2388
v -6.7828 9.2481 1.2388
v -6.7858 9.7921 1.2388
v -8.6224 9.2496 2.5046
v -8.6224 9.2496 2.0325
v -8.6254 9.7936 2.5046
v -8.6254 9.7936 2.0325
v -9.2682 9.2481 2.0325
v -9.2712 9.7921 2.0325
v -9.2570 9.7921 2.5046
v -9.2682 9.2481 2.5046
v -9.2712 9.7921 2.5046
v -7.9076 9.1222 2.5046
v -7.9076 9.1222 2.0325
v -7.6815 9.6170 2.5046
v -7.6815 9.6170 2.0325
v -8.2681 9.8871 2.0325
v -8.4942 9.3923 2.0325
v -8.2552 9.8812 2.5046
v -8.4942 9.3923 2.5046
v -8.2681 9.8871 2.5046
v -9.4239 6.9111 2.0285
v -9.4239 6.9111 1.9696
v -9.4239 6.0781 2.0285
v -9.4239 6.0781 1.9696
v -5.5658 6.9111 2.0285
v -5.5658 6.9111 1.9696
v -5.5658 6.0781 2.0285
v -5.5658 6.0781 1.9696
v -9.4239 6.9111 1.4090
v -9.4239 6.9111 1.3502
v -9.4239 6.0781 1.4090
v -9.4239 6.0781 1.3502
v -5.5658 6.9111 1.4090
v -5.5658 6.9111 1.3502
v -5.5658 6.0781 1.4090
v -5.5658 6.0781 1.3502
v -9.4239 6.9111 0.7678
v -9.4239 6.9111 0.7090
v -9.4239 6.0781 0.7678
v -9.4239 6.0781 0.7090
v -5.5658 6.9111 0.7678
v -5.5658 6.9111 0.7090
v -5.5658 6.0781 0.7678
v -5.5658 6.0781 0.7090
v -5.5916 6.0730 1.4350
v -5.5916 6.0924 1.4062
v -5.5473 6.0730 1.4350
v -5.5473 6.0924 1.4062
v -5.5916 6.9043 1.9932
v -5.5916 6.9236 1.9644
v -5.5473 6.9043 1.9932
v -5.5473 6.9236 1.9644
v -5.5916 6.9043 0.7714
v -5.5916 6.9234 0.8007
v -5.5473 6.9043 0.7714
v -5.5473 6.9234 0.8007
v -5.5916 6.0695 1.3168
v -5.5916 6.0887 1.3461
v -5.5473 6.0695 1.3168
v -5.5473 6.0887 1.3461
v -5.5916 6.0691 0.1256
v -5.5916 6.0887 0.0974
v -5.5473 6.0691 0.1256
v -5.5473 6.0887 0.0974
v -5.5916 6.9043 0.7050
v -5.5916 6.9239 0.6768
v -5.5473 6.9043 0.7050
v -5.5473 6.9239 0.6768
v -5.5471 6.9143 2.5936
v -5.5471 6.9143 2.5634
v -5.5926 6.9143 2.5936
v -5.5926 6.9143 2.5634
v -5.5471 6.0873 2.5936
v -5.5471 6.0873 2.5634
v -5.5926 6.0873 2.5936
v -5.5926 6.0873 2.5634
v -5.5413 6.0913 0.0000
v -5.5413 6.0602 0.0000
v -5.5964 6.0913 0.0000
v -5.5964 6.0602 0.0000
v -5.5415 6.0914 2.6129
v -5.5415 6.0604 2.6129
v -5.5966 6.0914 2.6129
v -5.5966 6.0604 2.6129
v -5.5413 6.9326 0.0000
v -5.5413 6.9016 0.0000
v -5.5964 6.9326 0.0000
v -5.5964 6.9016 0.0000
v -5.5415 6.9328 2.6129
v -5.5415 6.9017 2.6129
v -5.5966 6.9328 2.6129
v -5.5966 6.9017 2.6129
v -7.5084 6.0730 1.4350
v -7.5084 6.0924 1.4062
v -7.4641 6.0730 1.4350
v -7.4641 6.0924 1.4062
v -7.5084 6.9043 1.9932
v -7.5084 6.9236 1.9644
v -7.4641 6.9043 1.9932
v -7.4641 6.9236 1.9644
v -7.5084 6.9043 0.7714
v -7.5084 6.9234 0.8007
v -7.4641 6.9043 0.7714
v -7.4641 6.9234 0.8007
v -7.5084 6.0695 1.3168
v -7.5084 6.0887 1.3461
v -7.4641 6.0695 1.3168
v -7.4641 6.0887 1.3461
v -7.5084 6.0691 0.1256
v -7.5084 6.0887 0.0974
v -7.4641 6.0691 0.1256
v -7.4641 6.0887 0.0974
v -7.5084 6.9043 0.7050
v -7.5084 6.9239 0.6768
v -7.4641 6.9043 0.7050
v -7.4641 6.9239 0.6768
v -7.4639 6.9143 2.5936
v -7.4639 6.9143 2.5634
v -7.5093 6.9143 2.5936
v -7.5093 6.9143 2.5634
v -7.4639 6.0873 2.5936
v -7.4639 6.0873 2.5634
v -7.5093 6.0873 2.5936
v -7.5093 6.0873 2.5634
v -7.4580 6.0913 0.0000
v -7.4580 6.0602 0.0000
v -7.5132 6.0913 0.0000
v -7.5132 6.0602 0.0000
v -7.4583 6.0914 2.6129
v -7.4583 6.0604 2.6129
v -7.5134 6.0914 2.6129
v -7.5134 6.0604 2.6129
v -7.4580 6.9326 0.0000
v -7.4580 6.9016 0.0000
v -7.5132 6.9326 0.0000
v -7.5132 6.9016 0.0000
v -7.4583 6.9328 2.6129
v -7.4583 6.9017 2.6129
v -7.5134 6.9328 2.6129
v -7.5134 6.9017 2.6129
v -9.4537 6.0730 1.4350
v -9.4537 6.0924 1.4062
v -9.4094 6.0730 1.4350
v -9.4094 6.0924 1.4062
v -9.4537 6.9043 1.9932
v -9.4537 6.9236 1.9644
v -9.4094 6.9043 1.9932
v -9.4094 6.9236 1.9644
v -9.4537 6.9043 0.7714
v -9.4537 6.9234 0.8007
v -9.4094 6.9043 0.7714
v -9.4094 6.9234 0.8007
v -9.4537 6.0695 1.3168
v -9.4537 6.0887 1.3461
v -9.4094 6.0695 1.3168
v -9.4094 6.0887 1.3461
v -9.4537 6.0691 0.1256
v -9.4537 6.0887 0.0974
v -9.4094 6.0691 0.1256
v -9.4094 6.0887 0.0974
v -9.4537 6.9043 0.7050
v -9.4537 6.9239 0.6768
v -9.4094 6.9043 0.7050
v -9.4094 6.9239 0.6768
v -9.4092 6.9143 2.5936
v -9.4092 6.9143 2.5634
v -9.4546 6.9143 2.5936
v -9.4546 6.9143 2.5634
v -9.4092 6.0873 2.5936
v -9.4092 6.0873 2.5634
v -9.4546 6.0873 2.5936
v -9.4546 6.0873 2.5634
v -9.4034 6.0913 0.0000
v -9.4034 6.0602 0.0000
v -9.4585 6.0913 0.0000
v -9.4585 6.0602 0.0000
v -9.4036 6.0914 2.6129
v -9.4036 6.0604 2.6129
v -9.4587 6.0914 2.6129
v -9.4587 6.0604 2.6129
v -9.4034 6.9326 0.0000
v -9.4034 6.9016 0.0000
v -9.4585 6.9326 0.0000
v -9.4585 6.9016 0.0000
v -9.4036 6.9328 2.6129
v -9.4036 6.9017 2.6129
v -9.4587 6.9328 2.6129
v -9.4587 6.9017 2.6129
v -9.4239 6.8835 2.4210
v -9.4239 6.9398 2.4210
v -9.4239 6.8835 2.3622
v -9.4239 6.9398 2.3622
v -5.5658 6.8835 2.4210
v -5.5658 6.9398 2.4210
v -5.5658 6.8835 2.3622
v -5.5658 6.9398 2.3622
v -9.2859 6.2748 0.7642
v -8.5060 6.2734 0.7642
v -9.2859 6.2748 0.9681
v -8.5060 6.2734 0.9681
v -9.2850 6.7526 0.7642
v -8.5052 6.7512 0.7642
v -8.5052 6.7512 0.9681
v -9.2850 6.7526 0.9681
v -8.3883 6.2748 0.7642
v -7.6084 6.2734 0.7642
v -8.3883 6.2748 0.9681
v -7.6084 6.2734 0.9681
v -8.3874 6.7526 0.7642
v -7.6076 6.7512 0.7642
v -7.6076 6.7512 0.9681
v -8.3874 6.7526 0.9681
v -8.3883 6.2748 0.9704
v -7.6084 6.2734 0.9704
v -8.3883 6.2748 1.1743
v -7.6084 6.2734 1.1743
v -8.3874 6.7526 0.9704
v -7.6076 6.7512 0.9704
v -7.6076 6.7512 1.1743
v -8.3874 6.7526 1.1743
v -8.9168 6.1227 1.4076
v -8.9154 6.9025 1.4076
v -8.9168 6.1227 1.6115
v -8.9154 6.9025 1.6115
v -9.3946 6.1235 1.4076
v -9.3932 6.9034 1.4076
v -9.3932 6.9034 1.6115
v -9.3946 6.1235 1.6115
v -8.9015 6.9034 1.4051
v -8.9030 6.1235 1.4051
v -8.9015 6.9034 1.6089
v -8.9030 6.1235 1.6089
v -8.4251 6.1227 1.4051
v -8.4237 6.9025 1.4051
v -8.4251 6.1227 1.6089
v -8.4237 6.9025 1.6089
v -8.9168 6.1227 1.6127
v -8.9154 6.9025 1.6127
v -8.9168 6.1227 1.8166
v -8.9154 6.9025 1.8166
v -9.3946 6.1235 1.6127
v -9.3932 6.9034 1.6127
v -9.3932 6.9034 1.8166
v -9.3946 6.1235 1.8166
v -7.5768 6.7512 1.4098
v -8.3566 6.7526 1.4098
v -7.5768 6.7512 1.6137
v -8.3566 6.7526 1.6137
v -7.5776 6.2734 1.4098
v -8.3575 6.2748 1.4098
v -8.3575 6.2748 1.6137
v -7.5776 6.2734 1.6137
v -7.5278 6.6712 1.6112
v -8.2927 6.8235 1.8151
v -7.5278 6.6712 1.8151
v -8.2927 6.8235 1.6112
v -7.6212 6.2025 1.6112
v -8.3860 6.3549 1.6112
v -8.3860 6.3549 1.8151
v -7.6212 6.2025 1.8151
v -6.6715 6.7512 1.4109
v -7.4513 6.7526 1.4109
v -6.6715 6.7512 1.6148
v -7.4513 6.7526 1.6148
v -6.6724 6.2734 1.4109
v -7.4522 6.2748 1.4109
v -7.4522 6.2748 1.6148
v -6.6724 6.2734 1.6148
v -6.6715 6.7512 1.6171
v -7.4513 6.7526 1.6171
v -6.6715 6.7512 1.8210
v -7.4513 6.7526 1.8210
v -6.6724 6.2734 1.6171
v -7.4522 6.2748 1.6171
v -7.4522 6.2748 1.8210
v -6.6724 6.2734 1.8210
v -6.6715 6.7512 2.0232
v -7.4513 6.7526 2.0232
v -6.6715 6.7512 2.2270
v -7.4513 6.7526 2.2270
v -6.6724 6.2734 2.0232
v -7.4522 6.2748 2.0232
v -7.4522 6.2748 2.2270
v -6.6724 6.2734 2.2270
v -6.1255 6.1386 0.7542
v -6.1255 6.8993 0.7542
v -5.6005 6.1386 0.7542
v -5.6005 6.8993 0.7542
v -5.6005 6.8993 0.8303
v -6.1255 6.8993 0.8303
v -5.6005 6.1386 0.8303
v -6.1255 6.1386 0.8303
v -6.1255 6.1386 0.8317
v -6.1255 6.8993 0.8317
v -5.6005 6.1386 0.8317
v -5.6005 6.8993 0.8317
v -5.6005 6.8993 0.9078
v -6.1255 6.8993 0.9078
v -5.6005 6.1386 0.9078
v -6.1255 6.1386 0.9078
v -6.1255 6.1386 0.9090
v -6.1255 6.8993 0.9090
v -5.6005 6.1386 0.9090
v -5.6005 6.8993 0.9090
v -5.6005 6.8993 0.9851
v -6.1255 6.8993 0.9851
v -5.6005 6.1386 0.9851
v -6.1255 6.1386 0.9851
v -6.6651 6.1152 1.4122
v -6.6651 6.8758 1.4122
v -6.1400 6.1152 1.4122
v -6.1400 6.8758 1.4122
v -6.1400 6.8758 1.4883
v -6.6651 6.8758 1.4883
v -6.1400 6.1152 1.4883
v -6.6651 6.1152 1.4883
v -6.6651 6.1152 1.4897
v -6.6651 6.8758 1.4897
v -6.1400 6.1152 1.4897
v -6.1400 6.8758 1.4897
v -6.1400 6.8758 1.5658
v -6.6651 6.8758 1.5658
v -6.1400 6.1152 1.5658
v -6.6651 6.1152 1.5658
v -6.6651 6.1152 1.5670
v -6.6651 6.8758 1.5670
v -6.1400 6.1152 1.5670
v -6.1400 6.8758 1.5670
v -6.1400 6.8758 1.6431
v -6.6651 6.8758 1.6431
v -6.1400 6.1152 1.6431
v -6.6651 6.1152 1.6431
v -6.4719 6.9139 1.6440
v -6.0796 6.0771 1.6440
v -6.5974 6.1637 1.6440
v -5.9540 6.8273 1.6440
v -6.0796 6.0771 1.7201
v -5.9540 6.8273 1.7201
v -6.4719 6.9139 1.7201
v -6.5974 6.1637 1.7201
v -6.4719 6.9139 1.7228
v -6.0796 6.0771 1.7228
v -6.5974 6.1637 1.7228
v -5.9540 6.8273 1.7228
v -6.0796 6.0771 1.7989
v -5.9540 6.8273 1.7989
v -6.4719 6.9139 1.7989
v -6.5974 6.1637 1.7989
v -6.1277 6.1152 1.4122
v -6.1277 6.8758 1.4122
v -5.6026 6.1152 1.4122
v -5.6026 6.8758 1.4122
v -5.6026 6.8758 1.4883
v -6.1277 6.8758 1.4883
v -5.6026 6.1152 1.4883
v -6.1277 6.1152 1.4883
v -6.1277 6.1152 1.4897
v -6.1277 6.8758 1.4897
v -5.6026 6.1152 1.4897
v -5.6026 6.8758 1.4897
v -5.6026 6.8758 1.5658
v -6.1277 6.8758 1.5658
v -5.6026 6.1152 1.5658
v -6.1277 6.1152 1.5658
v -5.7311 6.3371 2.0380
v -6.4766 6.1862 2.0380
v -5.8352 6.8517 2.0380
v -6.5808 6.7008 2.0380
v -6.4766 6.1862 2.1141
v -5.8352 6.8517 2.1141
v -6.5808 6.7008 2.1141
v -5.7311 6.3371 2.1141
v -5.7311 6.3371 2.1155
v -6.4766 6.1862 2.1155
v -5.8352 6.8517 2.1155
v -6.5808 6.7008 2.1155
v -6.4766 6.1862 2.1916
v -5.8352 6.8517 2.1916
v -6.5808 6.7008 2.1916
v -5.7311 6.3371 2.1916
v -5.7311 6.3371 2.1928
v -6.4766 6.1862 2.1928
v -5.8352 6.8517 2.1928
v -6.5808 6.7008 2.1928
v -6.4766 6.1862 2.2689
v -5.8352 6.8517 2.2689
v -6.5808 6.7008 2.2689
v -5.7311 6.3371 2.2689
v -5.7311 6.3371 2.2716
v -6.4766 6.1862 2.2716
v -5.8352 6.8517 2.2716
v -6.5808 6.7008 2.2716
v -6.4766 6.1862 2.3476
v -5.8352 6.8517 2.3476
v -6.5808 6.7008 2.3476
v -5.7311 6.3371 2.3476
v -6.8070 6.2496 1.2388
v -6.8070 6.2496 0.7666
v -6.8099 6.7936 1.2388
v -6.8099 6.7936 0.7666
v -7.4528 6.2481 0.7666
v -7.4557 6.7921 0.7666
v -7.4415 6.7921 1.2388
v -7.4528 6.2481 1.2388
v -7.4557 6.7921 1.2388
v -6.1400 6.7936 1.2388
v -6.1370 6.2496 1.2388
v -6.1400 6.7936 0.7666
v -6.1370 6.2496 0.7666
v -6.7828 6.2481 0.7666
v -6.7858 6.7921 0.7666
v -6.7715 6.7921 1.2388
v -6.7828 6.2481 1.2388
v -6.7858 6.7921 1.2388
v -8.6224 6.2496 2.5046
v -8.6224 6.2496 2.0325
v -8.6254 6.7936 2.5046
v -8.6254 6.7936 2.0325
v -9.2682 6.2481 2.0325
v -9.2712 6.7921 2.0325
v -9.2570 6.7921 2.5046
v -9.2682 6.2481 2.5046
v -9.2712 6.7921 2.5046
v -7.9076 6.1222 2.5046
v -7.9076 6.1222 2.0325
v -7.6815 6.6170 2.5046
v -7.6815 6.6170 2.0325
v -8.2681 6.8871 2.0325
v -8.4942 6.3923 2.0325
v -8.2552 6.8812 2.5046
v -8.4942 6.3923 2.5046
v -8.2681 6.8871 2.5046
v -9.4239 3.9111 2.0285
v -9.4239 3.9111 1.9696
v -9.4239 3.0781 2.0285
v -9.4239 3.0781 1.9696
v -5.5658 3.9111 2.0285
v -5.5658 3.9111 1.9696
v -5.5658 3.0781 2.0285
v -5.5658 3.0781 1.9696
v -9.4239 3.9111 1.4090
v -9.4239 3.9111 1.3502
v -9.4239 3.0781 1.4090
v -9.4239 3.0781 1.3502
v -5.5658 3.9111 1.4090
v -5.5658 3.9111 1.3502
v -5.5658 3.0781 1.4090
v -5.5658 3.0781 1.3502
v -9.4239 3.9111 0.7678
v -9.4239 3.9111 0.7090
v -9.4239 3.0781 0.7678
v -9.4239 3.0781 0.7090
v -5.5658 3.9111 0.7678
v -5.5658 3.9111 0.7090
v -5.5658 3.0781 0.7678
v -5.5658 3.0781 0.7090
v -5.5916 3.0730 1.4350
v -5.5916 3.0924 1.4062
v -5.5473 3.0730 1.4350
v -5.5473 3.0924 1.4062
v -5.5916 3.9043 1.9932
v -5.5916 3.9236 1.9644
v -5.5473 3.9043 1.9932
v -5.5473 3.9236 1.9644
v -5.5916 3.9043 0.7714
v -5.5916 3.9234 0.8007
v -5.5473 3.9043 0.7714
v -5.5473 3.9234 0.8007
v -5.5916 3.0695 1.3168
v -5.5916 3.0887 1.3461
v -5.5473 3.0695 1.3168
v -5.5473 3.0887 1.3461
v -5.5916 3.0691 0.1256
v -5.5916 3.0887 0.0974
v -5.5473 3.0691 0.1256
v -5.5473 3.0887 0.0974
v -5.5916 3.9043 0.7050
v -5.5916 3.9239 0.6768
v -5.5473 3.9043 0.7050
v -5.5473 3.9239 0.6768
v -5.5471 3.9143 2.5936
v -5.5471 3.9143 2.5634
v -5.5926 3.9143 2.5936
v -5.5926 3.9143 2.5634
v -5.5471 3.0873 2.5936
v -5.5471 3.0873 2.5634
v -5.5926 3.0873 2.5936
v -5.5926 3.0873 2.5634
v -5.5413 3.0913 0.0000
v -5.5413 3.0602 0.0000
v -5.5964 3.0913 0.0000
v -5.5964 3.0602 0.0000
v -5.5415 3.0914 2.6129
v -5.5415 3.0604 2.6129
v -5.5966 3.0914 2.6129
v -5.5966 3.0604 2.6129
v -5.5413 3.9326 0.0000
v -5.5413 3.9016 0.0000
v -5.5964 3.9326 0.0000
v -5.5964 3.9016 0.0000
v -5.5415 3.9328 2.6129
v -5.5415 3.9017 2.6129
v -5.5966 3.9328 2.6129
v -5.5966 3.9017 2.6129
v -7.5084 3.0730 1.4350
v -7.5084 3.0924 1.4062
v -7.4641 3.0730 1.4350
v -7.4641 3.0924 1.4062
v -7.5084 3.9043 1.9932
v -7.5084 3.9236 1.9644
v -7.4641 3.9043 1.9932
v -7.4641 3.9236 1.9644
v -7.5084 3.9043 0.7714
v -7.5084 3.9234 0.8007
v -7.4641 3.9043 0.7714
v -7.4641 3.9234 0.8007
v -7.5084 3.0695 1.3168
v -7.5084 3.0887 1.3461
v -7.4641 3.0695 1.3168
v -7.4641 3.0887 1.3461
v -7.5084 3.0691 0.1256
v -7.5084 3.0887 0.0974
v -7.4641 3.0691 0.1256
v -7.4641 3.0887 0.0974
v -7.5084 3.9043 0.7050
v -7.5084 3.9239 0.6768
v -7.4641 3.9043 0.7050
v -7.4641 3.9239 0.6768
v -7.4639 3.9143 2.5936
v -7.4639 3.9143 2.5634
v -7.5093 3.9143 2.5936
v -7.5093 3.9143 2.5634
v -7.4639 3.0873 2.5936
v -7.4639 3.0873 2.5634
v -7.5093 3.0873 2.5936
v -7.5093 3.0873 2.5634
v -7.4580 3.0913 0.0000
v -7.4580 3.0602 0.0000
v -7.5132 3.0913 0.0000
v -7.5132 3.0602 0.0000
v -7.4583 3.0914 2.6129
v -7.4583 3.0604 2.6129
v -7.5134 3.0914 2.6129
v -7.5134 3.0604 2.6129
v -7.4580 3.9326 0.0000
v -7.4580 3.9016 0.0000
v -7.5132 3.9326 0.0000
v -7.5132 3.9016 0.0000
v -7.4583 3.9328 2.6129
v -7.4583 3.9017 2.6129
v -7.5134 3.9328 2.6129
v -7.5134 3.9017 2.6129
v -9.4537 3.0730 1.4350
v -9.4537 3.0924 1.4062
v -9.4094 3.0730 1.4350
v -9.4094 3.0924 1.4062
v -9.4537 3.9043 1.9932
v -9.4537 3.9236 1.9644
v -9.4094 3.9043 1.9932
v -9.4094 3.9236 1.9644
v -9.4537 3.9043 0.7714
v -9.4537 3.9234 0.8007
v -9.4094 3.9043 0.7714
v -9.4094 3.9234 0.8007
v -9.4537 3.0695 1.3168
v -9.4537 3.0887 1.3461
v -9.4094 3.0695 1.3168
v -9.4094 3.0887 1.3461
v -9.4537 3.0691 0.1256
v -9.4537 3.0887 0.0974
v -9.4094 3.0691 0.1256
v -9.4094 3.0887 0.0974
v -9.4537 3.9043 0.7050
v -9.4537 3.9239 0.6768
v -9.4094 3.9043 0.7050
v -9.4094 3.9239 0.6768
v -9.4092 3.9143 2.5936
v -9.4092 3.9143 2.5634
v -9.4546 3.9143 2.5936
v -9.4546 3.9143 2.5634
v -9.4092 3.0873 2.5936
v -9.4092 3.0873 2.5634
v -9.4546 3.0873 2.5936
v -9.4546 3.0873 2.5634
v -9.4034 3.0913 0.0000
v -9.4034 3.0602 0.0000
v -9.4585 3.0913 0.0000
v -9.4585 3.0602 0.0000
v -9.4036 3.0914 2.6129
v -9.4036 3.0604 2.6129
v -9.4587 3.0914 2.6129
v -9.4587 3.0604 2.6129
v -9.4034 3.9326 0.0000
v -9.4034 3.9016 0.0000
v -9.4585 3.9326 0.0000
v -9.4585 3.9016 0.0000
v -9.4036 3.9328 2.6129
v -9.4036 3.9017 2.6129
v -9.4587 3.9328 2.6129
v -9.4587 3.9017 2.6129
v -9.4239 3.8835 2.4210
v -9.4239 3.9398 2.4210
v -9.4239 3.8835 2.3622
v -9.4239 3.9398 2.3622
v -5.5658 3.8835 2.4210
v -5.5658 3.9398 2.4210
v -5.5658 3.8835 2.3622
v -5.5658 3.9398 2.3622
v -9.2859 3.2748 0.7642
v -8.5060 3.2734 0.7642
v -9.2859 3.2748 0.9681
v -8.5060 3.2734 0.9681
v -9.2850 3.7526 0.7642
v -8.5052 3.7512 0.7642
v -8.5052 3.7512 0.9681
v -9.2850 3.7526 0.9681
v -8.3883 3.2748 0.7642
v -7.6084 3.2734 0.7642
v -8.3883 3.2748 0.9681
v -7.6084 3.2734 0.9681
v -8.3874 3.7526 0.7642
v -7.6076 3.7512 0.7642
v -7.6076 3.7512 0.9681
v -8.3874 3.7526 0.9681
v -8.3883 3.2748 0.9704
v -7.6084 3.2734 0.9704
v -8.3883 3.2748 1.1743
v -7.6084 3.2734 1.1743
v -8.3874 3.7526 0.9704
v -7.6076 3.7512 0.9704
v -7.6076 3.7512 1.1743
v -8.3874 3.7526 1.1743
v -8.9168 3.1227 1.4076
v -8.9154 3.9025 1.4076
v -8.9168 3.1227 1.6115
v -8.9154 3.9025 1.6115
v -9.3946 3.1235 1.4076
v -9.3932 3.9034 1.4076
v -9.3932 3.9034 1.6115
v -9.3946 3.1235 1.6115
v -8.9015 3.9034 1.4051
v -8.9030 3.1235 1.4051
v -8.9015 3.9034 1.6089
v -8.9030 3.1235 1.6089
v -8.4251 3.1227 1.4051
v -8.4237 3.9025 1.4051
v -8.4251 3.1227 1.6089
v -8.4237 3.9025 1.6089
v -8.9168 3.1227 1.6127
v -8.9154 3.9025 1.6127
v -8.9168 3.1227 1.8166
v -8.9154 3.9025 1.8166
v -9.3946 3.1235 1.6127
v -9.3932 3.9034 1.6127
v -9.3932 3.9034 1.8166
v -9.3946 3.1235 1.8166
v -7.5768 3.7512 1.4098
v -8.3566 3.7526 1.4098
v -7.5768 3.7512 1.6137
v -8.3566 3.7526 1.6137
v -7.5776 3.2734 1.4098
v -8.3575 3.2748 1.4098
v -8.3575 3.2748 1.6137
v -7.5776 3.2734 1.6137
v -7.5278 3.6712 1.6112
v -8.2927 3.8235 1.8151
v -7.5278 3.6712 1.8151
v -8.2927 3.8235 1.6112
v -7.6212 3.2025 1.6112
v -8.3860 3.3549 1.6112
v -8.3860 3.3549 1.8151
v -7.6212 3.2025 1.8151
v -6.6715 3.7512 1.4109
v -7.4513 3.7526 1.4109
v -6.6715 3.7512 1.6148
v -7.4513 3.7526 1.6148
v -6.6724 3.2734 1.4109
v -7.4522 3.2748 1.4109
v -7.4522 3.2748 1.6148
v -6.6724 3.2734 1.6148
v -6.6715 3.7512 1.6171
v -7.4513 3.7526 1.6171
v -6.6715 3.7512 1.8210
v -7.4513 3.7526 1.8210
v -6.6724 3.2734 1.6171
v -7.4522 3.2748 1.6171
v -7.4522 3.2748 1.8210
v -6.6724 3.2734 1.8210
v -6.6715 3.7512 2.0232
v -7.4513 3.7526 2.0232
v -6.6715 3.7512 2.2270
v -7.4513 3.7526 2.2270
v -6.6724 3.2734 2.0232
v -7.4522 3.2748 2.0232
v -7.4522 3.2748 2.2270
v -6.6724 3.2734 2.2270
v -6.1255 3.1386 0.7542
v -6.1255 3.8993 0.7542
v -5.6005 3.1386 0.7542
v -5.6005 3.8993 0.7542
v -5.6005 3.8993 0.8303
v -6.1255 3.8993 0.8303
v -5.6005 3.1386 0.8303
v -6.1255 3.1386 0.8303
v -6.1255 3.1386 0.8317
v -6.1255 3.8993 0.8317
v -5.6005 3.1386 0.8317
v -5.6005 3.8993 0.8317
v -5.6005 3.8993 0.9078
v -6.1255 3.8993 0.9078
v -5.6005 3.1386 0.9078
v -6.1255 3.1386 0.9078
v -6.1255 3.1386 0.9090
v -6.1255 3.8993 0.9090
v -5.6005 3.1386 0.9090
v -5.6005 3.8993 0.9090
v -5.6005 3.8993 0.9851
v -6.1255 3.8993 0.9851
v -5.6005 3.1386 0.9851
v -6.1255 3.1386 0.9851
v -6.6651 3.1152 1.4122
v -6.6651 3.8758 1.4122
v -6.1400 3.1152 1.4122
v -6.1400 3.8758 1.4122
v -6.1400 3.8758 1.4883
v -6.6651 3.8758 1.4883
v -6.1400 3.1152 1.4883
v -6.6651 3.1152 1.4883
v -6.6651 3.1152 1.4897
v -6.6651 3.8758 1.4897
v -6.1400 3.1152 1.4897
v -6.1400 3.8758 1.4897
v -6.1400 3.8758 1.5658
v -6.6651 3.8758 1.5658
v -6.1400 3.1152 1.5658
v -6.6651 3.1152 1.5658
v -6.6651 3.1152 1.5670
v -6.6651 3.8758 1.5670
v -6.1400 3.1152 1.5670
v -6.1400 3.8758 1.5670
v -6.1400 3.8758 1.6431
v -6.6651 3.8758 1.6431
v -6.1400 3.1152 1.6431
v -6.6651 3.1152 1.6431
v -6.4719 3.9139 1.6440
v -6.0796 3.0771 1.6440
v -6.5974 3.1637 1.6440
v -5.9540 3.8273 1.6440
v -6.0796 3.0771 1.7201
v -5.9540 3.8273 1.7201
v -6.4719 3.9139 1.7201
v -6.5974 3.1637 1.7201
v -6.4719 3.9139 1.7228
v -6.0796 3.0771 1.7228
v -6.5974 3.1637 1.7228
v -5.9540 3.8273 1.7228
v -6.0796 3.0771 1.7989
v -5.9540 3.8273 1.7989
v -6.4719 3.9139 1.7989
v -6.5974 3.1637 1.7989
v -6.1277 3.1152 1.4122
v -6.1277 3.8758 1.4122
v -5.6026 3.1152 1.4122
v -5.6026 3.8758 1.4122
v -5.6026 3.8758 1.4883
v -6.1277 3.8758 1.4883
v -5.6026 3.1152 1.4883
v -6.1277 3.1152 1.4883
v -6.1277 3.1152 1.4897
v -6.1277 3.8758 1.4897
v -5.6026 3.1152 1.4897
v -5.6026 3.8758 1.4897
v -5.6026 3.8758 1.5658
v -6.1277 3.8758 1.5658
v -5.6026 3.1152 1.5658
v -6.1277 3.1152 1.5658
v -5.7311 3.3371 2.0380
v -6.4766 3.1862 2.0380
v -5.8352 3.8517 2.0380
v -6.5808 3.7008 2.0380
v -6.4766 3.1862 2.1141
v -5.8352 3.8517 2.1141
v -6.5808 3.7008 2.1141
v -5.7311 3.3371 2.1141
v -5.7311 3.3371 2.1155
v -6.4766 3.1862 2.1155
v -5.8352 3.8517 2.1155
v -6.5808 3.7008 2.1155
v -6.4766 3.1862 2.1916
v -5.8352 3.8517 2.1916
v -6.5808 3.7008 2.1916
v -5.7311 3.3371 2.1916
v -5.7311 3.3371 2.1928
v -6.4766 3.1862 2.1928
v -5.8352 3.8517 2.1928
v -6.5808 3.7008 2.1928
v -6.4766 3.1862 2.2689
v -5.8352 3.8517 2.2689
v -6.5808 3.7008 2.2689
v -5.7311 3.3371 2.2689
v -5.7311 3.3371 2.2716
v -6.4766 3.1862 2.2716
v -5.8352 3.8517 2.2716
v -6.5808 3.7008 2.2716
v -6.4766 3.1862 2.3476
v -5.8352 3.8517 2.3476
v -6.5808 3.7008 2.3476
v -5.7311 3.3371 2.3476
v -6.8070 3.2496 1.2388
v -6.8070 3.2496 0.7666
v -6.8099 3.7936 1.2388
v -6.8099 3.7936 0.7666
v -7.4528 3.2481 0.7666
v -7.4557 3.7921 0.7666
v -7.4415 3.7921 1.2388
v -7.4528 3.2481 1.2388
v -7.4557 3.7921 1.2388
v -6.1400 3.7936 1.2388
v -6.1370 3.2496 1.2388
v -6.1400 3.7936 0.7666
v -6.1370 3.2496 0.7666
v -6.7828 3.2481 0.7666
v -6.7858 3.7921 0.7666
v -6.7715 3.7921 1.2388
v -6.7828 3.2481 1.2388
v -6.7858 3.7921 1.2388
v -8.6224 3.2496 2.5046
v -8.6224 3.2496 2.0325
v -8.6254 3.7936 2.5046
v -8.6254 3.7936 2.0325
v -9.2682 3.2481 2.0325
v -9.2712 3.7921 2.0325
v -9.2570 3.7921 2.5046
v -9.2682 3.2481 2.5046
v -9.2712 3.7921 2.5046
v -7.9076 3.1222 2.5046
v -7.9076 3.1222 2.0325
v -7.6815 3.6170 2.5046
v -7.6815 3.6170 2.0325
v -8.2681 3.8871 2.0325
v -8.4942 3.3923 2.0325
v -8.2552 3.8812 2.5046
v -8.4942 3.3923 2.5046
v -8.2681 3.8871 2.5046
v 3.6081 9.7311 2.0285
v 3.6081 9.7311 1.9696
v 3.6081 8.8981 2.0285
v 3.6081 8.8981 1.9696
v 7.4662 9.7311 2.0285
v 7.4662 9.7311 1.9696
v 7.4662 8.8981 2.0285
v 7.4662 8.8981 1.9696
v 3.6081 9.7311 1.4090
v 3.6081 9.7311 1.3502
v 3.6081 8.8981 1.4090
v 3.6081 8.8981 1.3502
v 7.4662 9.7311 1.4090
v 7.4662 9.7311 1.3502
v 7.4662 8.8981 1.4090
v 7.4662 8.8981 1.3502
v 3.6081 9.7311 0.7678
v 3.6081 9.7311 0.7090
v 3.6081 8.8981 0.7678
v 3.6081 8.8981 0.7090
v 7.4662 9.7311 0.7678
v 7.4662 9.7311 0.7090
v 7.4662 8.8981 0.7678
v 7.4662 8.8981 0.7090
v 7.4404 8.8930 1.4350
v 7.4404 8.9124 1.4062
v 7.4847 8.8930 1.4350
v 7.4847 8.9124 1.4062
v 7.4404 9.7243 1.9932
v 7.4404 9.7436 1.9644
v 7.4847 9.7243 1.9932
v 7.4847 9.7436 1.9644
v 7.4404 9.7243 0.7714
v 7.4404 9.7434 0.8007
v 7.4847 9.7243 0.7714
v 7.4847 9.7434 0.8007
v 7.4404 8.8895 1.3168
v 7.4404 8.9087 1.3461
v 7.4847 8.8895 1.3168
v 7.4847 8.9087 1.3461
v 7.4404 8.8891 0.1256
v 7.4404 8.9087 0.0974
v 7.4847 8.8891 0.1256
v 7.4847 8.9087 0.0974
v 7.4404 9.7243 0.7050
v 7.4404 9.7439 0.6768
v 7.4847 9.7243 0.7050
v 7.4847 9.7439 0.6768
v 7.4849 9.7343 2.5936
v 7.4849 9.7343 2.5634
v 7.4394 9.7343 2.5936
v 7.4394 9.7343 2.5634
v 7.4849 8.9073 2.5936
v 7.4849 8.9073 2.5634
v 7.4394 8.9073 2.5936
v 7.4394 8.9073 2.5634
v 7.4907 8.9113 0.0000
v 7.4907 8.8802 0.0000
v 7.4356 8.9113 0.0000
v 7.4356 8.8802 0.0000
v 7.4905 8.9114 2.6129
v 7.4905 8.8804 2.6129
v 7.4354 8.9114 2.6129
v 7.4354 8.8804 2.6129
v 7.4907 9.7526 0.0000
v 7.4907 9.7216 0.0000
v 7.4356 9.7526 0.0000
v 7.4356 9.7216 0.0000
v 7.4905 9.7528 2.6129
v 7.4905 9.7217 2.6129
v 7.4354 9.7528 2.6129
v 7.4354 9.7217 2.6129
v 5.5236 8.8930 1.4350
v 5.5236 8.9124 1.4062
v 5.5679 8.8930 1.4350
v 5.5679 8.9124 1.4062
v 5.5236 9.7243 1.9932
v 5.5236 9.7436 1.9644
v 5.5679 9.7243 1.9932
v 5.5679 9.7436 1.9644
v 5.5236 9.7243 0.7714
v 5.5236 9.7434 0.8007
v 5.5679 9.7243 0.7714
v 5.5679 9.7434 0.8007
v 5.5236 8.8895 1.3168
v 5.5236 8.9087 1.3461
v 5.5679 8.8895 1.3168
v 5.5679 8.9087 1.3461
v 5.5236 8.8891 0.1256
v 5.5236 8.9087 0.0974
v 5.5679 8.8891 0.1256
v 5.5679 8.9087 0.0974
v 5.5236 9.7243 0.7050
v 5.5236 9.7439 0.6768
v 5.5679 9.7243 0.7050
v 5.5679 9.7439 0.6768
v 5.5681 9.7343 2.5936
v 5.5681 9.7343 2.5634
v 5.5227 9.7343 2.5936
v 5.5227 9.7343 2.5634
v 5.5681 8.9073 2.5936
v 5.5681 8.9073 2.5634
v 5.5227 8.9073 2.5936
v 5.5227 8.9073 2.5634
v 5.5740 8.9113 0.0000
v 5.5740 8.8802 0.0000
v 5.5188 8.9113 0.0000
v 5.5188 8.8802 0.0000
v 5.5737 8.9114 2.6129
v 5.5737 8.8804 2.6129
v 5.5186 8.9114 2.6129
v 5.5186 8.8804 2.6129
v 5.5740 9.7526 0.0000
v 5.5740 9.7216 0.0000
v 5.5188 9.7526 0.0000
v 5.5188 9.7216 0.0000
v 5.5737 9.7528 2.6129
v 5.5737 9.7217 2.6129
v 5.5186 9.7528 2.6129
v 5.5186 9.7217 2.6129
v 3.5783 8.8930 1.4350
v 3.5783 8.9124 1.4062
v 3.6226 8.8930 1.4350
v 3.6226 8.9124 1.4062
v 3.5783 9.7243 1.9932
v 3.5783 9.7436 1.9644
v 3.6226 9.7243 1.9932
v 3.6226 9.7436 1.9644
v 3.5783 9.7243 0.7714
v 3.5783 9.7434 0.8007
v 3.6226 9.7243 0.7714
v 3.6226 9.7434 0.8007
v 3.5783 8.8895 1.3168
v 3.5783 8.9087 1.3461
v 3.6226 8.8895 1.3168
v 3.6226 8.9087 1.3461
v 3.5783 8.8891 0.1256
v 3.5783 8.9087 0.0974
v 3.6226 8.8891 0.1256
v 3.6226 8.9087 0.0974
v 3.5783 9.7243 0.7050
v 3.5783 9.7439 0.6768
v 3.6226 9.7243 0.7050
v 3.6226 9.7439 0.6768
v 3.6228 9.7343 2.5936
v 3.6228 9.7343 2.5634
v 3.5774 9.7343 2.5936
v 3.5774 9.7343 2.5634
v 3.6228 8.9073 2.5936
v 3.6228 8.9073 2.5634
v 3.5774 8.9073 2.5936
v 3.5774 8.9073 2.5634
v 3.6286 8.9113 0.0000
v 3.6286 8.8802 0.0000
v 3.5735 8.9113 0.0000
v 3.5735 8.8802 0.0000
v 3.6284 8.9114 2.6129
v 3.6284 8.8804 2.6129
v 3.5733 8.9114 2.6129
v 3.5733 8.8804 2.6129
v 3.6286 9.7526 0.0000
v 3.6286 9.7216 0.0000
v 3.5735 9.7526 0.0000
v 3.5735 9.7216 0.0000
v 3.6284 9.7528 2.6129
v 3.6284 9.7217 2.6129
v 3.5733 9.7528 2.6129
v 3.5733 9.7217 2.6129
v 3.6081 9.7035 2.4210
v 3.6081 9.7598 2.4210
v 3.6081 9.7035 2.3622
v 3.6081 9.7598 2.3622
v 7.4662 9.7035 2.4210
v 7.4662 9.7598 2.4210
v 7.4662 9.7035 2.3622
v 7.4662 9.7598 2.3622
v 3.7461 9.0948 0.7642
v 4.5260 9.0934 0.7642
v 3.7461 9.0948 0.9681
v 4.5260 9.0934 0.9681
v 3.7470 9.5726 0.7642
v 4.5268 9.5712 0.7642
v 4.5268 9.5712 0.9681
v 3.7470 9.5726 0.9681
v 4.6437 9.0948 0.7642
v 5.4236 9.0934 0.7642
v 4.6437 9.0948 0.9681
v 5.4236 9.0934 0.9681
v 4.6446 9.5726 0.7642
v 5.4244 9.5712 0.7642
v 5.4244 9.5712 0.9681
v 4.6446 9.5726 0.9681
v 4.6437 9.0948 0.9704
v 5.4236 9.0934 0.9704
v 4.6437 9.0948 1.1743
v 5.4236 9.0934 1.1743
v 4.6446 9.5726 0.9704
v 5.4244 9.5712 0.9704
v 5.4244 9.5712 1.1743
v 4.6446 9.5726 1.1743
v 4.1152 8.9427 1.4076
v 4.1166 9.7225 1.4076
v 4.1152 8.9427 1.6115
v 4.1166 9.7225 1.6115
v 3.6374 8.9435 1.4076
v 3.6388 9.7234 1.4076
v 3.6388 9.7234 1.6115
v 3.6374 8.9435 1.6115
v 4.1305 9.7234 1.4051
v 4.1290 8.9435 1.4051
v 4.1305 9.7234 1.6089
v 4.1290 8.9435 1.6089
v 4.6069 8.9427 1.4051
v 4.6083 9.7225 1.4051
v 4.6069 8.9427 1.6089
v 4.6083 9.7225 1.6089
v 4.1152 8.9427 1.6127
v 4.1166 9.7225 1.6127
v 4.1152 8.9427 1.8166
v 4.1166 9.7225 1.8166
v 3.6374 8.9435 1.6127
v 3.6388 9.7234 1.6127
v 3.6388 9.7234 1.8166
v 3.6374 8.9435 1.8166
v 5.4552 9.5712 1.4098
v 4.6754 9.5726 1.4098
v 5.4552 9.5712 1.6137
v 4.6754 9.5726 1.6137
v 5.4544 9.0934 1.4098
v 4.6745 9.0948 1.4098
v 4.6745 9.0948 1.6137
v 5.4544 9.0934 1.6137
v 5.5042 9.4912 1.6112
v 4.7393 9.6435 1.8151
v 5.5042 9.4912 1.8151
v 4.7393 9.6435 1.6112
v 5.4108 9.0225 1.6112
v 4.6460 9.1749 1.6112
v 4.6460 9.1749 1.8151
v 5.4108 9.0225 1.8151
v 6.3605 9.5712 1.4109
v 5.5807 9.5726 1.4109
v 6.3605 9.5712 1.6148
v 5.5807 9.5726 1.6148
v 6.3596 9.0934 1.4109
v 5.5798 9.0948 1.4109
v 5.5798 9.0948 1.6148
v 6.3596 9.0934 1.6148
v 6.3605 9.5712 1.6171
v 5.5807 9.5726 1.6171
v 6.3605 9.5712 1.8210
v 5.5807 9.5726 1.8210
v 6.3596 9.0934 1.6171
v 5.5798 9.0948 1.6171
v 5.5798 9.0948 1.8210
v 6.3596 9.0934 1.8210
v 6.3605 9.5712 2.0232
v 5.5807 9.5726 2.0232
v 6.3605 9.5712 2.2270
v 5.5807 9.5726 2.2270
v 6.3596 9.0934 2.0232
v 5.5798 9.0948 2.0232
v 5.5798 9.0948 2.2270
v 6.3596 9.0934 2.2270
v 6.9065 8.9586 0.7542
v 6.9065 9.7193 0.7542
v 7.4315 8.9586 0.7542
v 7.4315 9.7193 0.7542
v 7.4315 9.7193 0.8303
v 6.9065 9.7193 0.8303
v 7.4315 8.9586 0.8303
v 6.9065 8.9586 0.8303
v 6.9065 8.9586 0.8317
v 6.9065 9.7193 0.8317
v 7.4315 8.9586 0.8317
v 7.4315 9.7193 0.8317
v 7.4315 9.7193 0.9078
v 6.9065 9.7193 0.9078
v 7.4315 8.9586 0.9078
v 6.9065 8.9586 0.9078
v 6.9065 8.9586 0.9090
v 6.9065 9.7193 0.9090
v 7.4315 8.9586 0.9090
v 7.4315 9.7193 0.9090
v 7.4315 9.7193 0.9851
v 6.9065 9.7193 0.9851
v 7.4315 8.9586 0.9851
v 6.9065 8.9586 0.9851
v 6.3669 8.9352 1.4122
v 6.3669 9.6958 1.4122
v 6.8920 8.9352 1.4122
v 6.8920 9.6958 1.4122
v 6.8920 9.6958 1.4883
v 6.3669 9.6958 1.4883
v 6.8920 8.9352 1.4883
v 6.3669 8.9352 1.4883
v 6.3669 8.9352 1.4897
v 6.3669 9.6958 1.4897
v 6.8920 8.9352 1.4897
v 6.8920 9.6958 1.4897
v 6.8920 9.6958 1.5658
v 6.3669 9.6958 1.5658
v 6.8920 8.9352 1.5658
v 6.3669 8.9352 1.5658
v 6.3669 8.9352 1.5670
v 6.3669 9.6958 1.5670
v 6.8920 8.9352 1.5670
v 6.8920 9.6958 1.5670
v 6.8920 9.6958 1.6431
v 6.3669 9.6958 1.6431
v 6.8920 8.9352 1.6431
v 6.3669 8.9352 1.6431
v 6.5601 9.7339 1.6440
v 6.9524 8.8971 1.6440
v 6.4346 8.9837 1.6440
v 7.0780 9.6473 1.6440
v 6.9524 8.8971 1.7201
v 7.0780 9.6473 1.7201
v 6.5601 9.7339 1.7201
v 6.4346 8.9837 1.7201
v 6.5601 9.7339 1.7228
v 6.9524 8.8971 1.7228
v 6.4346 8.9837 1.7228
v 7.0780 9.6473 1.7228
v 6.9524 8.8971 1.7989
v 7.0780 9.6473 1.7989
v 6.5601 9.7339 1.7989
v 6.4346 8.9837 1.7989
v 6.9043 8.9352 1.4122
v 6.9043 9.6958 1.4122
v 7.4294 8.9352 1.4122
v 7.4294 9.6958 1.4122
v 7.4294 9.6958 1.4883
v 6.9043 9.6958 1.4883
v 7.4294 8.9352 1.4883
v 6.9043 8.9352 1.4883
v 6.9043 8.9352 1.4897
v 6.9043 9.6958 1.4897
v 7.4294 8.9352 1.4897
v 7.4294 9.6958 1.4897
v 7.4294 9.6958 1.5658
v 6.9043 9.6958 1.5658
v 7.4294 8.9352 1.5658
v 6.9043 8.9352 1.5658
v 7.3009 9.1571 2.0380
v 6.5554 9.0062 2.0380
v 7.1968 9.6717 2.0380
v 6.4512 9.5208 2.0380
v 6.5554 9.0062 2.1141
v 7.1968 9.6717 2.1141
v 6.4512 9.5208 2.1141
v 7.3009 9.1571 2.1141
v 7.3009 9.1571 2.1155
v 6.5554 9.0062 2.1155
v 7.1968 9.6717 2.1155
v 6.4512 9.5208 2.1155
v 6.5554 9.0062 2.1916
v 7.1968 9.6717 2.1916
v 6.4512 9.5208 2.1916
v 7.3009 9.1571 2.1916
v 7.3009 9.1571 2.1928
v 6.5554 9.0062 2.1928
v 7.1968 9.6717 2.1928
v 6.4512 9.5208 2.1928
v 6.5554 9.0062 2.2689
v 7.1968 9.6717 2.2689
v 6.4512 9.5208 2.2689
v 7.3009 9.1571 2.2689
v 7.3009 9.1571 2.2716
v 6.5554 9.0062 2.2716
v 7.1968 9.6717 2.2716
v 6.4512 9.5208 2.2716
v 6.5554 9.0062 2.3476
v 7.1968 9.6717 2.3476
v 6.4512 9.5208 2.3476
v 7.3009 9.1571 2.3476
v 6.2250 9.0696 1.2388
v 6.2250 9.0696 0.7666
v 6.2221 9.6136 1.2388
v 6.2221 9.6136 0.7666
v 5.5792 9.0681 0.7666
v 5.5763 9.6121 0.7666
v 5.5905 9.6121 1.2388
v 5.5792 9.0681 1.2388
v 5.5763 9.6121 1.2388
v 6.8920 9.6136 1.2388
v 6.8950 9.0696 1.2388
v 6.8920 9.6136 0.7666
v 6.8950 9.0696 0.7666
v 6.2492 9.0681 0.7666
v 6.2462 9.6121 0.7666
v 6.2605 9.6121 1.2388
v 6.2492 9.0681 1.2388
v 6.2462 9.6121 1.2388
v 4.4096 9.0696 2.5046
v 4.4096 9.0696 2.0325
v 4.4066 9.6136 2.5046
v 4.4066 9.6136 2.0325
v 3.7638 9.0681 2.0325
v 3.7608 9.6121 2.0325
v 3.7750 9.6121 2.5046
v 3.7638 9.0681 2.5046
v 3.7608 9.6121 2.5046
v 5.1244 8.9422 2.5046
v 5.1244 8.9422 2.0325
v 5.3505 9.4370 2.5046
v 5.3505 9.4370 2.0325
v 4.7639 9.7071 2.0325
v 4.5378 9.2123 2.0325
v 4.7768 9.7012 2.5046
v 4.5378 9.2123 2.5046
v 4.7639 9.7071 2.5046
v 3.5761 -4.0889 2.0285
v 3.5761 -4.0889 1.9696
v 3.5761 -4.9219 2.0285
v 3.5761 -4.9219 1.9696
v 7.4342 -4.0889 2.0285
v 7.4342 -4.0889 1.9696
v 7.4342 -4.9219 2.0285
v 7.4342 -4.9219 1.9696
v 3.5761 -4.0889 1.4090
v 3.5761 -4.0889 1.3502
v 3.5761 -4.9219 1.4090
v 3.5761 -4.9219 1.3502
v 7.4342 -4.0889 1.4090
v 7.4342 -4.0889 1.3502
v 7.4342 -4.9219 1.4090
v 7.4342 -4.9219 1.3502
v 3.5761 -4.0889 0.7678
v 3.5761 -4.0889 0.7090
v 3.5761 -4.9219 0.7678
v 3.5761 -4.9219 0.7090
v 7.4342 -4.0889 0.7678
v 7.4342 -4.0889 0.7090
v 7.4342 -4.9219 0.7678
v 7.4342 -4.9219 0.7090
v 7.4084 -4.9270 1.4350
v 7.4084 -4.9076 1.4062
v 7.4527 -4.9270 1.4350
v 7.4527 -4.9076 1.4062
v 7.4084 -4.0957 1.9932
v 7.4084 -4.0764 1.9644
v 7.4527 -4.0957 1.9932
v 7.4527 -4.0764 1.9644
v 7.4084 -4.0957 0.7714
v 7.4084 -4.0766 0.8007
v 7.4527 -4.0957 0.7714
v 7.4527 -4.0766 0.8007
v 7.4084 -4.9305 1.3168
v 7.4084 -4.9113 1.3461
v 7.4527 -4.9305 1.3168
v 7.4527 -4.9113 1.3461
v 7.4084 -4.9309 0.1256
v 7.4084 -4.9113 0.0974
v 7.4527 -4.9309 0.1256
v 7.4527 -4.9113 0.0974
v 7.4084 -4.0957 0.7050
v 7.4084 -4.0761 0.6768
v 7.4527 -4.0957 0.7050
v 7.4527 -4.0761 0.6768
v 7.4529 -4.0857 2.5936
v 7.4529 -4.0857 2.5634
v 7.4074 -4.0857 2.5936
v 7.4074 -4.0857 2.5634
v 7.4529 -4.9127 2.5936
v 7.4529 -4.9127 2.5634
v 7.4074 -4.9127 2.5936
v 7.4074 -4.9127 2.5634
v 7.4587 -4.9087 0.0000
v 7.4587 -4.9398 0.0000
v 7.4036 -4.9087 0.0000
v 7.4036 -4.9398 0.0000
v 7.4585 -4.9086 2.6129
v 7.4585 -4.9396 2.6129
v 7.4034 -4.9086 2.6129
v 7.4034 -4.9396 2.6129
v 7.4587 -4.0674 0.0000
v 7.4587 -4.0984 0.0000
v 7.4036 -4.0674 0.0000
v 7.4036 -4.0984 0.0000
v 7.4585 -4.0672 2.6129
v 7.4585 -4.0983 2.6129
v 7.4034 -4.0672 2.6129
v 7.4034 -4.0983 2.6129
v 5.4916 -4.9270 1.4350
v 5.4916 -4.9076 1.4062
v 5.5359 -4.9270 1.4350
v 5.5359 -4.9076 1.4062
v 5.4916 -4.0957 1.9932
v 5.4916 -4.0764 1.9644
v 5.5359 -4.0957 1.9932
v 5.5359 -4.0764 1.9644
v 5.4916 -4.0957 0.7714
v 5.4916 -4.0766 0.8007
v 5.5359 -4.0957 0.7714
v 5.5359 -4.0766 0.8007
v 5.4916 -4.9305 1.3168
v 5.4916 -4.9113 1.3461
v 5.5359 -4.9305 1.3168
v 5.5359 -4.9113 1.3461
v 5.4916 -4.9309 0.1256
v 5.4916 -4.9113 0.0974
v 5.5359 -4.9309 0.1256
v 5.5359 -4.9113 0.0974
v 5.4916 -4.0957 0.7050
v 5.4916 -4.0761 0.6768
v 5.5359 -4.0957 0.7050
v 5.5359 -4.0761 0.6768
v 5.5361 -4.0857 2.5936
v 5.5361 -4.0857 2.5634
v 5.4907 -4.0857 2.5936
v 5.4907 -4.0857 2.5634
v 5.5361 -4.9127 2.5936
v 5.5361 -4.9127 2.5634
v 5.4907 -4.9127 2.5936
v 5.4907 -4.9127 2.5634
v 5.5420 -4.9087 0.0000
v 5.5420 -4.9398 0.0000
v 5.4868 -4.9087 0.0000
v 5.4868 -4.9398 0.0000
v 5.5417 -4.9086 2.6129
v 5.5417 -4.9396 2.6129
v 5.4866 -4.9086 2.6129
v 5.4866 -4.9396 2.6129
v 5.5420 -4.0674 0.0000
v 5.5420 -4.0984 0.0000
v 5.4868 -4.0674 0.0000
v 5.4868 -4.0984 0.0000
v 5.5417 -4.0672 2.6129
v 5.5417 -4.0983 2.6129
v 5.4866 -4.0672 2.6129
v 5.4866 -4.0983 2.6129
v 3.5463 -4.9270 1.4350
v 3.5463 -4.9076 1.4062
v 3.5906 -4.9270 1.4350
v 3.5906 -4.9076 1.4062
v 3.5463 -4.0957 1.9932
v 3.5463 -4.0764 1.9644
v 3.5906 -4.0957 1.9932
v 3.5906 -4.0764 1.9644
v 3.5463 -4.0957 0.7714
v 3.5463 -4.0766 0.8007
v 3.5906 -4.0957 0.7714
v 3.5906 -4.0766 0.8007
v 3.5463 -4.9305 1.3168
v 3.5463 -4.9113 1.3461
v 3.5906 -4.9305 1.3168
v 3.5906 -4.9113 1.3461
v 3.5463 -4.9309 0.1256
v 3.5463 -4.9113 0.0974
v 3.5906 -4.9309 0.1256
v 3.5906 -4.9113 0.0974
v 3.5463 -4.0957 0.7050
v 3.5463 -4.0761 0.6768
v 3.5906 -4.0957 0.7050
v 3.5906 -4.0761 0.6768
v 3.5908 -4.0857 2.5936
v 3.5908 -4.0857 2.5634
v 3.5454 -4.0857 2.5936
v 3.5454 -4.0857 2.5634
v 3.5908 -4.9127 2.5936
v 3.5908 -4.9127 2.5634
v 3.5454 -4.9127 2.5936
v 3.5454 -4.9127 2.5634
v 3.5966 -4.9087 0.0000
v 3.5966 -4.9398 0.0000
v 3.5415 -4.9087 0.0000
v 3.5415 -4.9398 0.0000
v 3.5964 -4.9086 2.6129
v 3.5964 -4.9396 2.6129
v 3.5413 -4.9086 2.6129
v 3.5413 -4.9396 2.6129
v 3.5966 -4.0674 0.0000
v 3.5966 -4.0984 0.0000
v 3.5415 -4.0674 0.0000
v 3.5415 -4.0984 0.0000
v 3.5964 -4.0672 2.6129
v 3.5964 -4.0983 2.6129
v 3.5413 -4.0672 2.6129
v 3.5413 -4.0983 2.6129
v 3.5761 -4.1165 2.4210
v 3.5761 -4.0602 2.4210
v 3.5761 -4.1165 2.3622
v 3.5761 -4.0602 2.3622
v 7.4342 -4.1165 2.4210
v 7.4342 -4.0602 2.4210
v 7.4342 -4.1165 2.3622
v 7.4342 -4.0602 2.3622
v 3.7141 -4.7252 0.7642
v 4.4940 -4.7266 0.7642
v 3.7141 -4.7252 0.9681
v 4.4940 -4.7266 0.9681
v 3.7150 -4.2474 0.7642
v 4.4948 -4.2488 0.7642
v 4.4948 -4.2488 0.9681
v 3.7150 -4.2474 0.9681
v 4.6117 -4.7252 0.7642
v 5.3916 -4.7266 0.7642
v 4.6117 -4.7252 0.9681
v 5.3916 -4.7266 0.9681
v 4.6126 -4.2474 0.7642
v 5.3924 -4.2488 0.7642
v 5.3924 -4.2488 0.9681
v 4.6126 -4.2474 0.9681
v 4.6117 -4.7252 0.9704
v 5.3916 -4.7266 0.9704
v 4.6117 -4.7252 1.1743
v 5.3916 -4.7266 1.1743
v 4.6126 -4.2474 0.9704
v 5.3924 -4.2488 0.9704
v 5.3924 -4.2488 1.1743
v 4.6126 -4.2474 1.1743
v 4.0832 -4.8773 1.4076
v 4.0846 -4.0975 1.4076
v 4.0832 -4.8773 1.6115
v 4.0846 -4.0975 1.6115
v 3.6054 -4.8765 1.4076
v 3.6068 -4.0966 1.4076
v 3.6068 -4.0966 1.6115
v 3.6054 -4.8765 1.6115
v 4.0985 -4.0966 1.4051
v 4.0970 -4.8765 1.4051
v 4.0985 -4.0966 1.6089
v 4.0970 -4.8765 1.6089
v 4.5749 -4.8773 1.4051
v 4.5763 -4.0975 1.4051
v 4.5749 -4.8773 1.6089
v 4.5763 -4.0975 1.6089
v 4.0832 -4.8773 1.6127
v 4.0846 -4.0975 1.6127
v 4.0832 -4.8773 1.8166
v 4.0846 -4.0975 1.8166
v 3.6054 -4.8765 1.6127
v 3.6068 -4.0966 1.6127
v 3.6068 -4.0966 1.8166
v 3.6054 -4.8765 1.8166
v 5.4232 -4.2488 1.4098
v 4.6434 -4.2474 1.4098
v 5.4232 -4.2488 1.6137
v 4.6434 -4.2474 1.6137
v 5.4224 -4.7266 1.4098
v 4.6425 -4.7252 1.4098
v 4.6425 -4.7252 1.6137
v 5.4224 -4.7266 1.6137
v 5.4722 -4.3288 1.6112
v 4.7073 -4.1765 1.8151
v 5.4722 -4.3288 1.8151
v 4.7073 -4.1765 1.6112
v 5.3788 -4.7975 1.6112
v 4.6140 -4.6451 1.6112
v 4.6140 -4.6451 1.8151
v 5.3788 -4.7975 1.8151
v 6.3285 -4.2488 1.4109
v 5.5487 -4.2474 1.4109
v 6.3285 -4.2488 1.6148
v 5.5487 -4.2474 1.6148
v 6.3276 -4.7266 1.4109
v 5.5478 -4.7252 1.4109
v 5.5478 -4.7252 1.6148
v 6.3276 -4.7266 1.6148
v 6.3285 -4.2488 1.6171
v 5.5487 -4.2474 1.6171
v 6.3285 -4.2488 1.8210
v 5.5487 -4.2474 1.8210
v 6.3276 -4.7266 1.6171
v 5.5478 -4.7252 1.6171
v 5.5478 -4.7252 1.8210
v 6.3276 -4.7266 1.8210
v 6.3285 -4.2488 2.0232
v 5.5487 -4.2474 2.0232
v 6.3285 -4.2488 2.2270
v 5.5487 -4.2474 2.2270
v 6.3276 -4.7266 2.0232
v 5.5478 -4.7252 2.0232
v 5.5478 -4.7252 2.2270
v 6.3276 -4.7266 2.2270
v 6.8745 -4.8614 0.7542
v 6.8745 -4.1007 0.7542
v 7.3995 -4.8614 0.7542
v 7.3995 -4.1007 0.7542
v 7.3995 -4.1007 0.8303
v 6.8745 -4.1007 0.8303
v 7.3995 -4.8614 0.8303
v 6.8745 -4.8614 0.8303
v 6.8745 -4.8614 0.8317
v 6.8745 -4.1007 0.8317
v 7.3995 -4.8614 0.8317
v 7.3995 -4.1007 0.8317
v 7.3995 -4.1007 0.9078
v 6.8745 -4.1007 0.9078
v 7.3995 -4.8614 0.9078
v 6.8745 -4.8614 0.9078
v 6.8745 -4.8614 0.9090
v 6.8745 -4.1007 0.9090
v 7.3995 -4.8614 0.9090
v 7.3995 -4.1007 0.9090
v 7.3995 -4.1007 0.9851
v 6.8745 -4.1007 0.9851
v 7.3995 -4.8614 0.9851
v 6.8745 -4.8614 0.9851
v 6.3349 -4.8848 1.4122
v 6.3349 -4.1242 1.4122
v 6.8600 -4.8848 1.4122
v 6.8600 -4.1242 1.4122
v 6.8600 -4.1242 1.4883
v 6.3349 -4.1242 1.4883
v 6.8600 -4.8848 1.4883
v 6.3349 -4.8848 1.4883
v 6.3349 -4.8848 1.4897
v 6.3349 -4.1242 1.4897
v 6.8600 -4.8848 1.4897
v 6.8600 -4.1242 1.4897
v 6.8600 -4.1242 1.5658
v 6.3349 -4.1242 1.5658
v 6.8600 -4.8848 1.5658
v 6.3349 -4.8848 1.5658
v 6.3349 -4.8848 1.5670
v 6.3349 -4.1242 1.5670
v 6.8600 -4.8848 1.5670
v 6.8600 -4.1242 1.5670
v 6.8600 -4.1242 1.6431
v 6.3349 -4.1242 1.6431
v 6.8600 -4.8848 1.6431
v 6.3349 -4.8848 1.6431
v 6.5281 -4.0861 1.6440
v 6.9204 -4.9229 1.6440
v 6.4026 -4.8363 1.6440
v 7.0460 -4.1727 1.6440
v 6.9204 -4.9229 1.7201
v 7.0460 -4.1727 1.7201
v 6.5281 -4.0861 1.7201
v 6.4026 -4.8363 1.7201
v 6.5281 -4.0861 1.7228
v 6.9204 -4.9229 1.7228
v 6.4026 -4.8363 1.7228
v 7.0460 -4.1727 1.7228
v 6.9204 -4.9229 1.7989
v 7.0460 -4.1727 1.7989
v 6.5281 -4.0861 1.7989
v 6.4026 -4.8363 1.7989
v 6.8723 -4.8848 1.4122
v 6.8723 -4.1242 1.4122
v 7.3974 -4.8848 1.4122
v 7.3974 -4.1242 1.4122
v 7.3974 -4.1242 1.4883
v 6.8723 -4.1242 1.4883
v 7.3974 -4.8848 1.4883
v 6.8723 -4.8848 1.4883
v 6.8723 -4.8848 1.4897
v 6.8723 -4.1242 1.4897
v 7.3974 -4.8848 1.4897
v 7.3974 -4.1242 1.4897
v 7.3974 -4.1242 1.5658
v 6.8723 -4.1242 1.5658
v 7.3974 -4.8848 1.5658
v 6.8723 -4.8848 1.5658
v 7.2689 -4.6629 2.0380
v 6.5234 -4.8138 2.0380
v 7.1648 -4.1483 2.0380
v 6.4192 -4.2992 2.0380
v 6.5234 -4.8138 2.1141
v 7.1648 -4.1483 2.1141
v 6.4192 -4.2992 2.1141
v 7.2689 -4.6629 2.1141
v 7.2689 -4.6629 2.1155
v 6.5234 -4.8138 2.1155
v 7.1648 -4.1483 2.1155
v 6.4192 -4.2992 2.1155
v 6.5234 -4.8138 2.1916
v 7.1648 -4.1483 2.1916
v 6.4192 -4.2992 2.1916
v 7.2689 -4.6629 2.1916
v 7.2689 -4.6629 2.1928
v 6.5234 -4.8138 2.1928
v 7.1648 -4.1483 2.1928
v 6.4192 -4.2992 2.1928
v 6.5234 -4.8138 2.2689
v 7.1648 -4.1483 2.2689
v 6.4192 -4.2992 2.2689
v 7.2689 -4.6629 2.2689
v 7.2689 -4.6629 2.2716
v 6.5234 -4.8138 2.2716
v 7.1648 -4.1483 2.2716
v 6.4192 -4.2992 2.2716
v 6.5234 -4.8138 2.3476
v 7.1648 -4.1483 2.3476
v 6.4192 -4.2992 2.3476
v 7.2689 -4.6629 2.3476
v 6.1930 -4.7504 1.2388
v 6.1930 -4.7504 0.7666
v 6.1901 -4.2064 1.2388
v 6.1901 -4.2064 0.7666
v 5.5472 -4.7519 0.7666
v 5.5443 -4.2079 0.7666
v 5.5585 -4.2079 1.2388
v 5.5472 -4.7519 1.2388
v 5.5443 -4.2079 1.2388
v 6.8600 -4.2064 1.2388
v 6.8630 -4.7504 1.2388
v 6.8600 -4.2064 0.7666
v 6.8630 -4.7504 0.7666
v 6.2172 -4.7519 0.7666
v 6.2142 -4.2079 0.7666
v 6.2285 -4.2079 1.2388
v 6.2172 -4.7519 1.2388
v 6.2142 -4.2079 1.2388
v 4.3776 -4.7504 2.5046
v 4.3776 -4.7504 2.0325
v 4.3746 -4.2064 2.5046
v 4.3746 -4.2064 2.0325
v 3.7318 -4.7519 2.0325
v 3.7288 -4.2079 2.0325
v 3.7430 -4.2079 2.5046
v 3.7318 -4.7519 2.5046
v 3.7288 -4.2079 2.5046
v 5.0924 -4.8778 2.5046
v 5.0924 -4.8778 2.0325
v 5.3185 -4.3830 2.5046
v 5.3185 -4.3830 2.0325
v 4.7319 -4.1129 2.0325
v 4.5058 -4.6077 2.0325
v 4.7448 -4.1188 2.5046
v 4.5058 -4.6077 2.5046
v 4.7319 -4.1129 2.5046
v -6.8574 -5.8965 1.2909
v -7.7192 -5.8967 0.8704
v -7.7192 -5.8967 1.2909
v -6.8574 -5.8965 0.8704
v -7.7148 -6.4718 0.8704
v -6.8530 -6.4716 0.8704
v -7.7149 -6.4592 1.2909
v -6.8530 -6.4716 1.2909
v -7.7148 -6.4718 1.2909
v -6.8214 -7.9391 0.4204
v -6.8216 -7.0773 0.0000
v -6.8216 -7.0773 0.4204
v -6.8214 -7.9391 0.0000
v -7.3967 -7.0817 0.0000
v -7.3964 -7.9435 0.0000
v -7.3964 -7.9435 0.4204
v -7.3840 -7.0816 0.4204
v -7.3967 -7.0817 0.4204
v -6.8214 -7.9391 0.8544
v -6.8216 -7.0773 0.4340
v -6.8216 -7.0773 0.8544
v -6.8214 -7.9391 0.4340
v -7.3967 -7.0817 0.4340
v -7.3964 -7.9435 0.4340
v -7.3964 -7.9435 0.8544
v -7.3840 -7.0816 0.8544
v -7.3967 -7.0817 0.8544
v -6.8214 -7.9391 1.2909
v -6.8216 -7.0773 0.8704
v -6.8216 -7.0773 1.2909
v -6.8214 -7.9391 0.8704
v -7.3967 -7.0817 0.8704
v -7.3964 -7.9435 0.8704
v -7.3964 -7.9435 1.2909
v -7.3840 -7.0816 1.2909
v -7.3967 -7.0817 1.2909
v -7.4071 -7.9391 0.4204
v -7.4073 -7.0773 0.0000
v -7.4073 -7.0773 0.4204
v -7.4071 -7.9391 0.0000
v -7.9824 -7.0817 0.0000
v -7.9822 -7.9435 0.0000
v -7.9822 -7.9435 0.4204
v -7.9697 -7.0816 0.4204
v -7.9824 -7.0817 0.4204
v -7.4071 -7.9391 0.8544
v -7.4073 -7.0773 0.4340
v -7.4073 -7.0773 0.8544
v -7.4071 -7.9391 0.4340
v -7.9824 -7.0817 0.4340
v -7.9822 -7.9435 0.4340
v -7.9822 -7.9435 0.8544
v -7.9697 -7.0816 0.8544
v -7.9824 -7.0817 0.8544
v -7.4071 -7.9391 1.2909
v -7.4073 -7.0773 0.8704
v -7.4073 -7.0773 1.2909
v -7.4071 -7.9391 0.8704
v -7.9824 -7.0817 0.8704
v -7.9822 -7.9435 0.8704
v -7.9822 -7.9435 1.2909
v -7.9697 -7.0816 1.2909
v -7.9824 -7.0817 1.2909
v -7.1478 -7.9391 1.7249
v -7.1480 -7.0773 1.3044
v -7.1480 -7.0773 1.7249
v -7.1478 -7.9391 1.3044
v -7.7231 -7.0817 1.3044
v -7.7229 -7.9435 1.3044
v -7.7229 -7.9435 1.7249
v -7.7105 -7.0816 1.7249
v -7.7231 -7.0817 1.7249
v -6.8574 -5.8965 0.4204
v -7.7192 -5.8967 0.0000
v -7.7192 -5.8967 0.4204
v -6.8574 -5.8965 0.0000
v -7.7148 -6.4718 0.0000
v -6.8530 -6.4716 0.0000
v -7.7149 -6.4592 0.4204
v -6.8530 -6.4716 0.4204
v -7.7148 -6.4718 0.4204
v -6.8574 -5.8965 0.8544
v -7.7192 -5.8967 0.4340
v -7.7192 -5.8967 0.8544
v -6.8574 -5.8965 0.4340
v -7.7148 -6.4718 0.4340
v -6.8530 -6.4716 0.4340
v -7.7149 -6.4592 0.8544
v -6.8530 -6.4716 0.8544
v -7.7148 -6.4718 0.8544
v -6.8574 -6.4823 0.4204
v -7.7192 -6.4825 0.0000
v -7.7192 -6.4825 0.4204
v -6.8574 -6.4823 0.0000
v -7.7148 -7.0576 0.0000
v -6.8530 -7.0574 0.0000
v -7.7149 -7.0449 0.4204
v -6.8530 -7.0574 0.4204
v -7.7148 -7.0576 0.4204
v -6.8574 -6.4823 0.8544
v -7.7192 -6.4825 0.4340
v -7.7192 -6.4825 0.8544
v -6.8574 -6.4823 0.4340
v -7.7148 -7.0576 0.4340
v -6.8530 -7.0574 0.4340
v -7.7149 -7.0449 0.8544
v -6.8530 -7.0574 0.8544
v -7.7148 -7.0576 0.8544
v -6.8574 -6.4823 1.2909
v -7.7192 -6.4825 0.8704
v -7.7192 -6.4825 1.2909
v -6.8574 -6.4823 0.8704
v -7.7148 -7.0576 0.8704
v -6.8530 -7.0574 0.8704
v -7.7149 -7.0449 1.2909
v -6.8530 -7.0574 1.2909
v -7.7148 -7.0576 1.2909
v -7.0968 -6.9393 1.7249
v -7.0970 -6.0776 1.3044
v -7.0970 -6.0776 1.7249
v -7.0968 -6.9393 1.3044
v -7.6721 -6.0820 1.3044
v -7.6719 -6.9437 1.3044
v -7.6718 -6.9437 1.7249
v -7.6594 -6.0819 1.7249
v -7.6721 -6.0820 1.7249
v -7.7289 -5.8965 0.4204
v -8.5906 -5.8967 0.0000
v -8.5906 -5.8967 0.4204
v -7.7289 -5.8965 0.0000
v -8.5863 -6.4718 0.0000
v -7.7245 -6.4716 0.0000
v -8.5864 -6.4592 0.4204
v -7.7245 -6.4716 0.4204
v -8.5863 -6.4718 0.4204
v -7.7289 -5.8965 0.8544
v -8.5906 -5.8967 0.4340
v -8.5906 -5.8967 0.8544
v -7.7289 -5.8965 0.4340
v -8.5863 -6.4718 0.4340
v -7.7245 -6.4716 0.4340
v -8.5864 -6.4592 0.8544
v -7.7245 -6.4716 0.8544
v -8.5863 -6.4718 0.8544
v -7.7289 -5.8965 1.2909
v -8.5906 -5.8967 0.8704
v -8.5906 -5.8967 1.2909
v -7.7289 -5.8965 0.8704
v -8.5863 -6.4718 0.8704
v -7.7245 -6.4716 0.8704
v -8.5864 -6.4592 1.2909
v -7.7245 -6.4716 1.2909
v -8.5863 -6.4718 1.2909
v -7.7289 -6.4823 0.4204
v -8.5906 -6.4825 0.0000
v -8.5906 -6.4825 0.4204
v -7.7289 -6.4823 0.0000
v -8.5863 -7.0576 0.0000
v -7.7245 -7.0574 0.0000
v -8.5864 -7.0449 0.4204
v -7.7245 -7.0574 0.4204
v -8.5863 -7.0576 0.4204
v -7.7289 -6.4823 0.8544
v -8.5906 -6.4825 0.4340
v -8.5906 -6.4825 0.8544
v -7.7289 -6.4823 0.4340
v -8.5863 -7.0576 0.4340
v -7.7245 -7.0574 0.4340
v -8.5864 -7.0449 0.8544
v -7.7245 -7.0574 0.8544
v -8.5863 -7.0576 0.8544
v -7.7289 -6.4823 1.2909
v -8.5906 -6.4825 0.8704
v -8.5906 -6.4825 1.2909
v -7.7289 -6.4823 0.8704
v -8.5863 -7.0576 0.8704
v -7.7245 -7.0574 0.8704
v -8.5864 -7.0449 1.2909
v -7.7245 -7.0574 1.2909
v -8.5863 -7.0576 1.2909
v -7.7289 -6.6363 1.7249
v -8.5906 -6.6365 1.3044
v -8.5906 -6.6365 1.7249
v -7.7289 -6.6363 1.3044
v -8.5863 -7.2116 1.3044
v -7.7245 -7.2114 1.3044
v -8.5864 -7.1989 1.7249
v -7.7245 -7.2114 1.7249
v -8.5863 -7.2116 1.7249
v -7.9818 -7.9391 0.4204
v -7.9821 -7.0773 0.0000
v -7.9821 -7.0773 0.4204
v -7.9818 -7.9391 0.0000
v -8.5571 -7.0817 0.0000
v -8.5569 -7.9435 0.0000
v -8.5569 -7.9435 0.4204
v -8.5445 -7.0816 0.4204
v -8.5571 -7.0817 0.4204
v -7.9818 -7.9391 0.8544
v -7.9821 -7.0773 0.4340
v -7.9821 -7.0773 0.8544
v -7.9818 -7.9391 0.4340
v -8.5571 -7.0817 0.4340
v -8.5569 -7.9435 0.4340
v -8.5569 -7.9435 0.8544
v -8.5445 -7.0816 0.8544
v -8.5571 -7.0817 0.8544
v -7.9818 -7.9391 1.2909
v -7.9821 -7.0773 0.8704
v -7.9821 -7.0773 1.2909
v -7.9818 -7.9391 0.8704
v -8.5571 -7.0817 0.8704
v -8.5569 -7.9435 0.8704
v -8.5569 -7.9435 1.2909
v -8.5445 -7.0816 1.2909
v -8.5571 -7.0817 1.2909
v 4.3486 -6.9765 1.2909
v 3.4868 -6.9767 0.8704
v 3.4868 -6.9767 1.2909
v 4.3486 -6.9765 0.8704
v 3.4912 -7.5518 0.8704
v 4.3530 -7.5516 0.8704
v 3.4911 -7.5392 1.2909
v 4.3530 -7.5516 1.2909
v 3.4912 -7.5518 1.2909
v 4.3846 -9.0191 0.4204
v 4.3844 -8.1573 0.0000
v 4.3844 -8.1573 0.4204
v 4.3846 -9.0191 0.0000
v 3.8093 -8.1617 0.0000
v 3.8096 -9.0235 0.0000
v 3.8096 -9.0235 0.4204
v 3.8220 -8.1616 0.4204
v 3.8093 -8.1617 0.4204
v 4.3846 -9.0191 0.8544
v 4.3844 -8.1573 0.4340
v 4.3844 -8.1573 0.8544
v 4.3846 -9.0191 0.4340
v 3.8093 -8.1617 0.4340
v 3.8096 -9.0235 0.4340
v 3.8096 -9.0235 0.8544
v 3.8220 -8.1616 0.8544
v 3.8093 -8.1617 0.8544
v 4.3846 -9.0191 1.2909
v 4.3844 -8.1573 0.8704
v 4.3844 -8.1573 1.2909
v 4.3846 -9.0191 0.8704
v 3.8093 -8.1617 0.8704
v 3.8096 -9.0235 0.8704
v 3.8096 -9.0235 1.2909
v 3.8220 -8.1616 1.2909
v 3.8093 -8.1617 1.2909
v 3.7989 -9.0191 0.4204
v 3.7987 -8.1573 0.0000
v 3.7987 -8.1573 0.4204
v 3.7989 -9.0191 0.0000
v 3.2236 -8.1617 0.0000
v 3.2238 -9.0235 0.0000
v 3.2238 -9.0235 0.4204
v 3.2363 -8.1616 0.4204
v 3.2236 -8.1617 0.4204
v 3.7989 -9.0191 0.8544
v 3.7987 -8.1573 0.4340
v 3.7987 -8.1573 0.8544
v 3.7989 -9.0191 0.4340
v 3.2236 -8.1617 0.4340
v 3.2238 -9.0235 0.4340
v 3.2238 -9.0235 0.8544
v 3.2363 -8.1616 0.8544
v 3.2236 -8.1617 0.8544
v 3.7989 -9.0191 1.2909
v 3.7987 -8.1573 0.8704
v 3.7987 -8.1573 1.2909
v 3.7989 -9.0191 0.8704
v 3.2236 -8.1617 0.8704
v 3.2238 -9.0235 0.8704
v 3.2238 -9.0235 1.2909
v 3.2363 -8.1616 1.2909
v 3.2236 -8.1617 1.2909
v 4.0582 -9.0191 1.7249
v 4.0580 -8.1573 1.3044
v 4.0580 -8.1573 1.7249
v 4.0582 -9.0191 1.3044
v 3.4829 -8.1617 1.3044
v 3.4831 -9.0235 1.3044
v 3.4831 -9.0235 1.7249
v 3.4955 -8.1616 1.7249
v 3.4829 -8.1617 1.7249
v 4.3486 -6.9765 0.4204
v 3.4868 -6.9767 0.0000
v 3.4868 -6.9767 0.4204
v 4.3486 -6.9765 0.0000
v 3.4912 -7.5518 0.0000
v 4.3530 -7.5516 0.0000
v 3.4911 -7.5392 0.4204
v 4.3530 -7.5516 0.4204
v 3.4912 -7.5518 0.4204
v 4.3486 -6.9765 0.8544
v 3.4868 -6.9767 0.4340
v 3.4868 -6.9767 0.8544
v 4.3486 -6.9765 0.4340
v 3.4912 -7.5518 0.4340
v 4.3530 -7.5516 0.4340
v 3.4911 -7.5392 0.8544
v 4.3530 -7.5516 0.8544
v 3.4912 -7.5518 0.8544
v 4.3486 -7.5623 0.4204
v 3.4868 -7.5625 0.0000
v 3.4868 -7.5625 0.4204
v 4.3486 -7.5623 0.0000
v 3.4912 -8.1376 0.0000
v 4.3530 -8.1374 0.0000
v 3.4911 -8.1249 0.4204
v 4.3530 -8.1374 0.4204
v 3.4912 -8.1376 0.4204
v 4.3486 -7.5623 0.8544
v 3.4868 -7.5625 0.4340
v 3.4868 -7.5625 0.8544
v 4.3486 -7.5623 0.4340
v 3.4912 -8.1376 0.4340
v 4.3530 -8.1374 0.4340
v 3.4911 -8.1249 0.8544
v 4.3530 -8.1374 0.8544
v 3.4912 -8.1376 0.8544
v 4.3486 -7.5623 1.2909
v 3.4868 -7.5625 0.8704
v 3.4868 -7.5625 1.2909
v 4.3486 -7.5623 0.8704
v 3.4912 -8.1376 0.8704
v 4.3530 -8.1374 0.8704
v 3.4911 -8.1249 1.2909
v 4.3530 -8.1374 1.2909
v 3.4912 -8.1376 1.2909
v 4.1092 -8.0193 1.7249
v 4.1090 -7.1576 1.3044
v 4.1090 -7.1576 1.7249
v 4.1092 -8.0193 1.3044
v 3.5339 -7.1620 1.3044
v 3.5341 -8.0237 1.3044
v 3.5342 -8.0237 1.7249
v 3.5466 -7.1619 1.7249
v 3.5339 -7.1620 1.7249
v 3.4771 -6.9765 0.4204
v 2.6154 -6.9767 0.0000
v 2.6154 -6.9767 0.4204
v 3.4771 -6.9765 0.0000
v 2.6197 -7.5518 0.0000
v 3.4815 -7.5516 0.0000
v 2.6196 -7.5392 0.4204
v 3.4815 -7.5516 0.4204
v 2.6197 -7.5518 0.4204
v 3.4771 -6.9765 0.8544
v 2.6154 -6.9767 0.4340
v 2.6154 -6.9767 0.8544
v 3.4771 -6.9765 0.4340
v 2.6197 -7.5518 0.4340
v 3.4815 -7.5516 0.4340
v 2.6196 -7.5392 0.8544
v 3.4815 -7.5516 0.8544
v 2.6197 -7.5518 0.8544
v 3.4771 -6.9765 1.2909
v 2.6154 -6.9767 0.8704
v 2.6154 -6.9767 1.2909
v 3.4771 -6.9765 0.8704
v 2.6197 -7.5518 0.8704
v 3.4815 -7.5516 0.8704
v 2.6196 -7.5392 1.2909
v 3.4815 -7.5516 1.2909
v 2.6197 -7.5518 1.2909
v 3.4771 -7.5623 0.4204
v 2.6154 -7.5625 0.0000
v 2.6154 -7.5625 0.4204
v 3.4771 -7.5623 0.0000
v 2.6197 -8.1376 0.0000
v 3.4815 -8.1374 0.0000
v 2.6196 -8.1249 0.4204
v 3.4815 -8.1374 0.4204
v 2.6197 -8.1376 0.4204
v 3.4771 -7.5623 0.8544
v 2.6154 -7.5625 0.4340
v 2.6154 -7.5625 0.8544
v 3.4771 -7.5623 0.4340
v 2.6197 -8.1376 0.4340
v 3.4815 -8.1374 0.4340
v 2.6196 -8.1249 0.8544
v 3.4815 -8.1374 0.8544
v 2.6197 -8.1376 0.8544
v 3.4771 -7.5623 1.2909
v 2.6154 -7.5625 0.8704
v 2.6154 -7.5625 1.2909
v 3.4771 -7.5623 0.8704
v 2.6197 -8.1376 0.8704
v 3.4815 -8.1374 0.8704
v 2.6196 -8.1249 1.2909
v 3.4815 -8.1374 1.2909
v 2.6197 -8.1376 1.2909
v 3.4771 -7.7163 1.7249
v 2.6154 -7.7165 1.3044
v 2.6154 -7.7165 1.7249
v 3.4771 -7.7163 1.3044
v 2.6197 -8.2916 1.3044
v 3.4815 -8.2914 1.3044
v 2.6196 -8.2789 1.7249
v 3.4815 -8.2914 1.7249
v 2.6197 -8.2916 1.7249
v 3.2242 -9.0191 0.4204
v 3.2239 -8.1573 0.0000
v 3.2239 -8.1573 0.4204
v 3.2242 -9.0191 0.0000
v 2.6489 -8.1617 0.0000
v 2.6491 -9.0235 0.0000
v 2.6491 -9.0235 0.4204
v 2.6615 -8.1616 0.4204
v 2.6489 -8.1617 0.4204
v 3.2242 -9.0191 0.8544
v 3.2239 -8.1573 0.4340
v 3.2239 -8.1573 0.8544
v 3.2242 -9.0191 0.4340
v 2.6489 -8.1617 0.4340
v 2.6491 -9.0235 0.4340
v 2.6491 -9.0235 0.8544
v 2.6615 -8.1616 0.8544
v 2.6489 -8.1617 0.8544
v 3.2242 -9.0191 1.2909
v 3.2239 -8.1573 0.8704
v 3.2239 -8.1573 1.2909
v 3.2242 -9.0191 0.8704
v 2.6489 -8.1617 0.8704
v 2.6491 -9.0235 0.8704
v 2.6491 -9.0235 1.2909
v 2.6615 -8.1616 1.2909
v 2.6489 -8.1617 1.2909
v 10.3486 3.5235 1.2909
v 9.4868 3.5233 0.8704
v 9.4868 3.5233 1.2909
v 10.3486 3.5235 0.8704
v 9.4912 2.9482 0.8704
v 10.3530 2.9484 0.8704
v 9.4911 2.9608 1.2909
v 10.3530 2.9484 1.2909
v 9.4912 2.9482 1.2909
v 10.3846 1.4809 0.4204
v 10.3844 2.3427 0.0000
v 10.3844 2.3427 0.4204
v 10.3846 1.4809 0.0000
v 9.8093 2.3383 0.0000
v 9.8096 1.4765 0.0000
v 9.8096 1.4765 0.4204
v 9.8220 2.3384 0.4204
v 9.8093 2.3383 0.4204
v 10.3846 1.4809 0.8544
v 10.3844 2.3427 0.4340
v 10.3844 2.3427 0.8544
v 10.3846 1.4809 0.4340
v 9.8093 2.3383 0.4340
v 9.8096 1.4765 0.4340
v 9.8096 1.4765 0.8544
v 9.8220 2.3384 0.8544
v 9.8093 2.3383 0.8544
v 10.3846 1.4809 1.2909
v 10.3844 2.3427 0.8704
v 10.3844 2.3427 1.2909
v 10.3846 1.4809 0.8704
v 9.8093 2.3383 0.8704
v 9.8096 1.4765 0.8704
v 9.8096 1.4765 1.2909
v 9.8220 2.3384 1.2909
v 9.8093 2.3383 1.2909
v 9.7989 1.4809 0.4204
v 9.7987 2.3427 0.0000
v 9.7987 2.3427 0.4204
v 9.7989 1.4809 0.0000
v 9.2236 2.3383 0.0000
v 9.2238 1.4765 0.0000
v 9.2238 1.4765 0.4204
v 9.2363 2.3384 0.4204
v 9.2236 2.3383 0.4204
v 9.7989 1.4809 0.8544
v 9.7987 2.3427 0.4340
v 9.7987 2.3427 0.8544
v 9.7989 1.4809 0.4340
v 9.2236 2.3383 0.4340
v 9.2238 1.4765 0.4340
v 9.2238 1.4765 0.8544
v 9.2363 2.3384 0.8544
v 9.2236 2.3383 0.8544
v 9.7989 1.4809 1.2909
v 9.7987 2.3427 0.8704
v 9.7987 2.3427 1.2909
v 9.7989 1.4809 0.8704
v 9.2236 2.3383 0.8704
v 9.2238 1.4765 0.8704
v 9.2238 1.4765 1.2909
v 9.2363 2.3384 1.2909
v 9.2236 2.3383 1.2909
v 10.0582 1.4809 1.7249
v 10.0580 2.3427 1.3044
v 10.0580 2.3427 1.7249
v 10.0582 1.4809 1.3044
v 9.4829 2.3383 1.3044
v 9.4831 1.4765 1.3044
v 9.4831 1.4765 1.7249
v 9.4955 2.3384 1.7249
v 9.4829 2.3383 1.7249
v 10.3486 3.5235 0.4204
v 9.4868 3.5233 0.0000
v 9.4868 3.5233 0.4204
v 10.3486 3.5235 0.0000
v 9.4912 2.9482 0.0000
v 10.3530 2.9484 0.0000
v 9.4911 2.9608 0.4204
v 10.3530 2.9484 0.4204
v 9.4912 2.9482 0.4204
v 10.3486 3.5235 0.8544
v 9.4868 3.5233 0.4340
v 9.4868 3.5233 0.8544
v 10.3486 3.5235 0.4340
v 9.4912 2.9482 0.4340
v 10.3530 2.9484 0.4340
v 9.4911 2.9608 0.8544
v 10.3530 2.9484 0.8544
v 9.4912 2.9482 0.8544
v 10.3486 2.9377 0.4204
v 9.4868 2.9375 0.0000
v 9.4868 2.9375 0.4204
v 10.3486 2.9377 0.0000
v 9.4912 2.3624 0.0000
v 10.3530 2.3626 0.0000
v 9.4911 2.3751 0.4204
v 10.3530 2.3626 0.4204
v 9.4912 2.3624 0.4204
v 10.3486 2.9377 0.8544
v 9.4868 2.9375 0.4340
v 9.4868 2.9375 0.8544
v 10.3486 2.9377 0.4340
v 9.4912 2.3624 0.4340
v 10.3530 2.3626 0.4340
v 9.4911 2.3751 0.8544
v 10.3530 2.3626 0.8544
v 9.4912 2.3624 0.8544
v 10.3486 2.9377 1.2909
v 9.4868 2.9375 0.8704
v 9.4868 2.9375 1.2909
v 10.3486 2.9377 0.8704
v 9.4912 2.3624 0.8704
v 10.3530 2.3626 0.8704
v 9.4911 2.3751 1.2909
v 10.3530 2.3626 1.2909
v 9.4912 2.3624 1.2909
v 10.1092 2.4807 1.7249
v 10.1090 3.3424 1.3044
v 10.1090 3.3424 1.7249
v 10.1092 2.4807 1.3044
v 9.5339 3.3380 1.3044
v 9.5341 2.4763 1.3044
v 9.5342 2.4763 1.7249
v 9.5466 3.3381 1.7249
v 9.5339 3.3380 1.7249
v 9.4771 3.5235 0.4204
v 8.6154 3.5233 0.0000
v 8.6154 3.5233 0.4204
v 9.4771 3.5235 0.0000
v 8.6197 2.9482 0.0000
v 9.4815 2.9484 0.0000
v 8.6196 2.9608 0.4204
v 9.4815 2.9484 0.4204
v 8.6197 2.9482 0.4204
v 9.4771 3.5235 0.8544
v 8.6154 3.5233 0.4340
v 8.6154 3.5233 0.8544
v 9.4771 3.5235 0.4340
v 8.6197 2.9482 0.4340
v 9.4815 2.9484 0.4340
v 8.6196 2.9608 0.8544
v 9.4815 2.9484 0.8544
v 8.6197 2.9482 0.8544
v 9.4771 3.5235 1.2909
v 8.6154 3.5233 0.8704
v 8.6154 3.5233 1.2909
v 9.4771 3.5235 0.8704
v 8.6197 2.9482 0.8704
v 9.4815 2.9484 0.8704
v 8.6196 2.9608 1.2909
v 9.4815 2.9484 1.2909
v 8.6197 2.9482 1.2909
v 9.4771 2.9377 0.4204
v 8.6154 2.9375 0.0000
v 8.6154 2.9375 0.4204
v 9.4771 2.9377 0.0000
v 8.6197 2.3624 0.0000
v 9.4815 2.3626 0.0000
v 8.6196 2.3751 0.4204
v 9.4815 2.3626 0.4204
v 8.6197 2.3624 0.4204
v 9.4771 2.9377 0.8544
v 8.6154 2.9375 0.4340
v 8.6154 2.9375 0.8544
v 9.4771 2.9377 0.4340
v 8.6197 2.3624 0.4340
v 9.4815 2.3626 0.4340
v 8.6196 2.3751 0.8544
v 9.4815 2.3626 0.8544
v 8.6197 2.3624 0.8544
v 9.4771 2.9377 1.2909
v 8.6154 2.9375 0.8704
v 8.6154 2.9375 1.2909
v 9.4771 2.9377 0.8704
v 8.6197 2.3624 0.8704
v 9.4815 2.3626 0.8704
v 8.6196 2.3751 1.2909
v 9.4815 2.3626 1.2909
v 8.6197 2.3624 1.2909
v 9.4771 2.7837 1.7249
v 8.6154 2.7835 1.3044
v 8.6154 2.7835 1.7249
v 9.4771 2.7837 1.3044
v 8.6197 2.2084 1.3044
v 9.4815 2.2086 1.3044
v 8.6196 2.2211 1.7249
v 9.4815 2.2086 1.7249
v 8.6197 2.2084 1.7249
v 9.2242 1.4809 0.4204
v 9.2239 2.3427 0.0000
v 9.2239 2.3427 0.4204
v 9.2242 1.4809 0.0000
v 8.6489 2.3383 0.0000
v 8.6491 1.4765 0.0000
v 8.6491 1.4765 0.4204
v 8.6615 2.3384 0.4204
v 8.6489 2.3383 0.4204
v 9.2242 1.4809 0.8544
v 9.2239 2.3427 0.4340
v 9.2239 2.3427 0.8544
v 9.2242 1.4809 0.4340
v 8.6489 2.3383 0.4340
v 8.6491 1.4765 0.4340
v 8.6491 1.4765 0.8544
v 8.6615 2.3384 0.8544
v 8.6489 2.3383 0.8544
v 9.2242 1.4809 1.2909
v 9.2239 2.3427 0.8704
v 9.2239 2.3427 1.2909
v 9.2242 1.4809 0.8704
v 8.6489 2.3383 0.8704
v 8.6491 1.4765 0.8704
v 8.6491 1.4765 1.2909
v 8.6615 2.3384 1.2909
v 8.6489 2.3383 1.2909
v 6.2290 -8.7540 1.1551
v 6.2290 -7.9462 1.1551
v 6.2290 -7.9462 1.2095
v 6.2290 -8.7540 1.2095
v 5.5150 -7.9157 1.1551
v 5.5150 -7.9156 1.2684
v 5.8039 -7.9162 1.2095
v 5.8039 -7.9157 1.1551
v 6.2150 -7.9234 1.2095
v 6.1730 -7.9162 1.2095
v 6.1730 -8.5611 1.2095
v 6.1730 -7.9162 1.2547
v 6.1730 -8.5611 1.2547
v 5.8039 -7.9162 1.2547
v 6.2147 -7.9234 1.2547
v 6.2286 -7.9461 1.2547
v 6.2286 -8.6986 1.2547
v 6.2286 -7.9461 1.2684
v 6.2286 -8.6986 1.2684
v 6.1663 -7.9156 1.2684
v 6.1655 -8.7291 1.2684
v 6.2132 -8.7769 1.2095
v 6.1659 -8.7845 1.2095
v 6.1659 -8.7845 1.1551
v 6.2132 -8.7769 1.1551
v 6.2148 -7.9233 1.1551
v 6.1379 -8.6234 1.2095
v 6.1098 -8.6805 1.2095
v 6.1379 -8.6234 1.2547
v 6.1098 -8.6805 1.2547
v 6.2129 -8.7215 1.2547
v 6.1655 -8.7291 1.2547
v 6.2129 -8.7215 1.2684
v 6.2131 -7.9232 1.2684
v 6.1720 -7.9157 1.1551
v 5.8966 -7.9157 1.1551
v 5.8966 -7.9162 1.2095
v 5.8966 -7.9162 1.2547
v 5.8966 -7.9721 1.2547
v 5.8039 -7.9721 1.2547
v 5.8039 -7.9721 1.2095
v 5.8039 -7.9716 1.1551
v 5.8966 -7.9716 1.1551
v 5.8966 -7.9721 1.2095
v 4.8010 -8.7540 1.1551
v 4.8010 -8.7540 1.2095
v 4.8010 -7.9462 1.2095
v 4.8010 -7.9462 1.1551
v 5.2261 -7.9157 1.1551
v 5.2261 -7.9162 1.2095
v 4.8570 -8.5611 1.2095
v 4.8570 -7.9162 1.2095
v 4.8150 -7.9234 1.2095
v 4.8570 -8.5611 1.2547
v 4.8570 -7.9162 1.2547
v 5.2261 -7.9162 1.2547
v 4.8014 -8.6986 1.2547
v 4.8014 -7.9461 1.2547
v 4.8153 -7.9234 1.2547
v 4.8014 -8.6986 1.2684
v 4.8014 -7.9461 1.2684
v 4.8645 -8.7291 1.2684
v 4.9202 -8.6805 1.2095
v 4.8641 -8.7845 1.2095
v 4.9202 -8.6805 1.2547
v 4.8645 -8.7291 1.2547
v 4.8168 -8.7769 1.2095
v 4.8168 -8.7769 1.1551
v 4.8641 -8.7845 1.1551
v 4.8152 -7.9233 1.1551
v 4.8921 -8.6234 1.2095
v 4.8921 -8.6234 1.2547
v 4.8171 -8.7215 1.2547
v 4.8171 -8.7215 1.2684
v 4.8169 -7.9232 1.2684
v 4.8580 -7.9157 1.1551
v 4.8637 -7.9156 1.2684
v 5.1334 -7.9162 1.2095
v 5.1334 -7.9157 1.1551
v 5.1334 -7.9162 1.2547
v 5.2261 -7.9721 1.2547
v 5.1334 -7.9721 1.2547
v 5.2261 -7.9716 1.1551
v 5.2261 -7.9721 1.2095
v 5.1334 -7.9721 1.2095
v 5.1334 -7.9716 1.1551
v 4.9282 -8.0087 0.2047
v 6.1018 -8.0087 0.2047
v 6.1018 -8.7133 0.2047
v 4.9282 -8.7133 0.2047
v 6.1384 -8.7338 1.1057
v 4.8916 -8.7338 1.1057
v 6.1458 -8.6693 0.2047
v 6.1458 -8.0527 0.2047
v 6.1824 -8.0322 1.1057
v 6.1824 -8.6898 1.1057
v 4.8916 -7.9882 1.1057
v 6.1384 -7.9882 1.1057
v 4.8842 -8.0527 0.2047
v 4.8842 -8.6693 0.2047
v 4.8476 -8.6898 1.1057
v 4.8476 -8.0322 1.1057
v 6.1938 -8.8068 1.0794
v 4.8362 -8.8068 1.0794
v 6.2378 -7.9592 1.0794
v 6.2378 -8.7628 1.0794
v 4.8362 -7.9152 1.0794
v 6.1938 -7.9152 1.0794
v 4.7922 -8.7628 1.0794
v 4.7922 -7.9592 1.0794
v 6.1938 -8.8068 1.1575
v 4.8362 -8.8068 1.1575
v 6.2378 -7.9592 1.1575
v 6.2378 -8.7628 1.1575
v 4.8362 -7.9152 1.1575
v 6.1938 -7.9152 1.1575
v 4.7922 -8.7628 1.1575
v 4.7922 -7.9592 1.1575
v 6.0864 -8.6643 1.1575
v 4.9436 -8.6643 1.1575
v 6.1304 -8.1017 1.1575
v 6.1304 -8.6203 1.1575
v 4.9436 -8.0577 1.1575
v 6.0864 -8.0577 1.1575
v 4.8996 -8.6203 1.1575
v 4.8996 -8.1017 1.1575
v 6.1714 -8.7228 1.1057
v 6.1348 -8.7023 0.2047
v 4.8952 -8.7023 0.2047
v 4.8586 -8.7228 1.1057
v 6.1714 -7.9992 1.1057
v 6.1348 -8.0197 0.2047
v 4.8586 -7.9992 1.1057
v 4.8952 -8.0197 0.2047
v 4.8032 -8.7958 1.0794
v 6.2268 -8.7958 1.0794
v 4.8032 -7.9262 1.0794
v 6.2268 -7.9262 1.0794
v 4.8032 -8.7958 1.1575
v 6.2268 -8.7958 1.1575
v 4.8032 -7.9262 1.1575
v 6.2268 -7.9262 1.1575
v 4.9106 -8.6533 1.1575
v 6.1194 -8.6533 1.1575
v 4.9106 -8.0687 1.1575
v 6.1194 -8.0687 1.1575
v 6.0444 -7.9980 0.9485
v 6.0444 -7.9230 1.1055
v 6.0444 -7.9980 1.1055
v 6.0239 -7.9980 0.9485
v 6.0239 -7.9230 1.1055
v 6.0239 -7.9980 1.1055
v 5.9146 -7.9980 0.9485
v 5.9146 -7.9230 1.1055
v 5.9146 -7.9980 1.1055
v 5.8941 -7.9980 0.9485
v 5.8941 -7.9230 1.1055
v 5.8941 -7.9980 1.1055
v 5.7848 -7.9980 0.9485
v 5.7848 -7.9230 1.1055
v 5.7848 -7.9980 1.1055
v 5.7644 -7.9980 0.9485
v 5.7644 -7.9230 1.1055
v 5.7644 -7.9980 1.1055
v 5.6550 -7.9980 0.9485
v 5.6550 -7.9230 1.1055
v 5.6550 -7.9980 1.1055
v 5.6346 -7.9980 0.9485
v 5.6346 -7.9230 1.1055
v 5.6346 -7.9980 1.1055
v 5.5252 -7.9980 0.9485
v 5.5252 -7.9230 1.1055
v 5.5252 -7.9980 1.1055
v 5.5099 -7.9980 0.9485
v 5.5048 -7.9230 1.1055
v 4.9856 -7.9980 0.9485
v 4.9856 -7.9980 1.1055
v 4.9856 -7.9230 1.1055
v 5.0061 -7.9230 1.1055
v 5.0061 -7.9980 0.9485
v 5.0061 -7.9980 1.1055
v 5.1154 -7.9980 0.9485
v 5.1154 -7.9980 1.1055
v 5.1154 -7.9230 1.1055
v 5.1359 -7.9230 1.1055
v 5.1359 -7.9980 0.9485
v 5.1359 -7.9980 1.1055
v 5.2452 -7.9980 0.9485
v 5.2452 -7.9980 1.1055
v 5.2452 -7.9230 1.1055
v 5.2656 -7.9230 1.1055
v 5.2656 -7.9980 0.9485
v 5.2656 -7.9980 1.1055
v 5.3750 -7.9980 0.9485
v 5.3750 -7.9980 1.1055
v 5.3750 -7.9230 1.1055
v 5.3954 -7.9230 1.1055
v 5.3954 -7.9980 0.9485
v 5.3954 -7.9980 1.1055
v 5.5048 -7.9980 1.1055
v 6.0444 -8.7240 0.9485
v 6.0444 -8.7240 1.1055
v 6.0444 -8.7990 1.1055
v 6.0239 -8.7990 1.1055
v 6.0239 -8.7240 0.9485
v 6.0239 -8.7240 1.1055
v 5.9146 -8.7240 0.9485
v 5.9146 -8.7240 1.1055
v 5.9146 -8.7990 1.1055
v 5.8941 -8.7990 1.1055
v 5.8941 -8.7240 0.9485
v 5.8941 -8.7240 1.1055
v 5.7848 -8.7240 0.9485
v 5.7848 -8.7240 1.1055
v 5.7848 -8.7990 1.1055
v 5.7644 -8.7990 1.1055
v 5.7644 -8.7240 0.9485
v 5.7644 -8.7240 1.1055
v 5.6550 -8.7240 0.9485
v 5.6550 -8.7240 1.1055
v 5.6550 -8.7990 1.1055
v 5.6346 -8.7990 1.1055
v 5.6346 -8.7240 0.9485
v 5.6346 -8.7240 1.1055
v 5.5252 -8.7240 0.9485
v 5.5252 -8.7240 1.1055
v 5.5252 -8.7990 1.1055
v 5.5099 -8.7240 0.9485
v 5.5048 -8.7990 1.1055
v 4.9856 -8.7240 0.9485
v 4.9856 -8.7990 1.1055
v 4.9856 -8.7240 1.1055
v 5.0061 -8.7240 0.9485
v 5.0061 -8.7990 1.1055
v 5.0061 -8.7240 1.1055
v 5.1154 -8.7240 0.9485
v 5.1154 -8.7990 1.1055
v 5.1154 -8.7240 1.1055
v 5.1359 -8.7240 0.9485
v 5.1359 -8.7990 1.1055
v 5.1359 -8.7240 1.1055
v 5.2452 -8.7240 0.9485
v 5.2452 -8.7990 1.1055
v 5.2452 -8.7240 1.1055
v 5.2656 -8.7240 0.9485
v 5.2656 -8.7990 1.1055
v 5.2656 -8.7240 1.1055
v 5.3750 -8.7240 0.9485
v 5.3750 -8.7990 1.1055
v 5.3750 -8.7240 1.1055
v 5.3954 -8.7240 0.9485
v 5.3954 -8.7990 1.1055
v 5.3954 -8.7240 1.1055
v 5.5048 -8.7240 1.1055
v 4.8688 -8.2210 0.9485
v 4.7938 -8.2210 1.1055
v 4.8688 -8.2210 1.1055
v 4.8688 -8.2414 0.9485
v 4.7938 -8.2414 1.1055
v 4.8688 -8.2414 1.1055
v 4.8688 -8.3508 0.9485
v 4.7938 -8.3508 1.1055
v 4.8688 -8.3508 1.1055
v 4.8688 -8.3712 0.9485
v 4.7938 -8.3712 1.1055
v 4.8688 -8.3712 1.1055
v 4.8688 -8.4806 0.9485
v 4.7938 -8.4806 1.1055
v 4.8688 -8.4806 1.1055
v 4.8688 -8.5010 0.9485
v 4.7938 -8.5010 1.1055
v 4.8688 -8.5010 1.1055
v 6.1612 -8.2210 0.9485
v 6.1612 -8.2210 1.1055
v 6.2362 -8.2210 1.1055
v 6.2362 -8.2414 1.1055
v 6.1612 -8.2414 0.9485
v 6.1612 -8.2414 1.1055
v 6.1612 -8.3508 0.9485
v 6.1612 -8.3508 1.1055
v 6.2362 -8.3508 1.1055
v 6.2362 -8.3712 1.1055
v 6.1612 -8.3712 0.9485
v 6.1612 -8.3712 1.1055
v 6.1612 -8.4806 0.9485
v 6.1612 -8.4806 1.1055
v 6.2362 -8.4806 1.1055
v 6.2362 -8.5010 1.1055
v 6.1612 -8.5010 0.9485
v 6.1612 -8.5010 1.1055
v 6.1185 -8.6683 0.0935
v 6.1127 -8.6683 0.0610
v 6.1127 -8.6203 0.0610
v 6.1185 -8.6203 0.0935
v 6.0963 -8.6683 0.0325
v 6.0963 -8.6203 0.0325
v 6.0710 -8.6683 0.0113
v 6.0710 -8.6203 0.0113
v 6.0400 -8.6683 0.0000
v 6.0400 -8.6203 0.0000
v 6.0071 -8.6683 0.0000
v 6.0071 -8.6203 0.0000
v 5.9761 -8.6683 0.0113
v 5.9761 -8.6203 0.0113
v 5.9508 -8.6683 0.0325
v 5.9508 -8.6203 0.0325
v 5.9343 -8.6683 0.0610
v 5.9343 -8.6203 0.0610
v 5.9286 -8.6683 0.0935
v 5.9286 -8.6203 0.0935
v 5.9343 -8.6683 0.1260
v 5.9343 -8.6203 0.1260
v 5.9508 -8.6683 0.1545
v 5.9508 -8.6203 0.1545
v 5.9761 -8.6683 0.1757
v 5.9761 -8.6203 0.1757
v 6.0071 -8.6683 0.1870
v 6.0071 -8.6203 0.1870
v 6.0400 -8.6683 0.1870
v 6.0400 -8.6203 0.1870
v 6.0710 -8.6683 0.1757
v 6.0710 -8.6203 0.1757
v 6.0963 -8.6683 0.1545
v 6.0963 -8.6203 0.1545
v 6.1127 -8.6683 0.1260
v 6.1127 -8.6203 0.1260
v 4.9115 -8.6683 0.0935
v 4.9115 -8.6203 0.0935
v 4.9173 -8.6203 0.0610
v 4.9173 -8.6683 0.0610
v 4.9337 -8.6203 0.0325
v 4.9337 -8.6683 0.0325
v 4.9590 -8.6203 0.0113
v 4.9590 -8.6683 0.0113
v 4.9900 -8.6203 0.0000
v 4.9900 -8.6683 0.0000
v 5.0229 -8.6203 0.0000
v 5.0229 -8.6683 0.0000
v 5.0539 -8.6203 0.0113
v 5.0539 -8.6683 0.0113
v 5.0792 -8.6203 0.0325
v 5.0792 -8.6683 0.0325
v 5.0957 -8.6203 0.0610
v 5.0957 -8.6683 0.0610
v 5.1014 -8.6203 0.0935
v 5.1014 -8.6683 0.0935
v 5.0957 -8.6203 0.1260
v 5.0957 -8.6683 0.1260
v 5.0792 -8.6203 0.1545
v 5.0792 -8.6683 0.1545
v 5.0539 -8.6203 0.1757
v 5.0539 -8.6683 0.1757
v 5.0229 -8.6203 0.1870
v 5.0229 -8.6683 0.1870
v 4.9900 -8.6203 0.1870
v 4.9900 -8.6683 0.1870
v 4.9590 -8.6203 0.1757
v 4.9590 -8.6683 0.1757
v 4.9337 -8.6203 0.1545
v 4.9337 -8.6683 0.1545
v 4.9173 -8.6203 0.1260
v 4.9173 -8.6683 0.1260
v 6.1185 -8.0537 0.0935
v 6.1185 -8.1017 0.0935
v 6.1127 -8.1017 0.0610
v 6.1127 -8.0537 0.0610
v 6.0963 -8.1017 0.0325
v 6.0963 -8.0537 0.0325
v 6.0710 -8.1017 0.0113
v 6.0710 -8.0537 0.0113
v 6.0400 -8.1017 0.0000
v 6.0400 -8.0537 0.0000
v 6.0071 -8.1017 0.0000
v 6.0071 -8.0537 0.0000
v 5.9761 -8.1017 0.0113
v 5.9761 -8.0537 0.0113
v 5.9508 -8.1017 0.0325
v 5.9508 -8.0537 0.0325
v 5.9343 -8.1017 0.0610
v 5.9343 -8.0537 0.0610
v 5.9286 -8.1017 0.0935
v 5.9286 -8.0537 0.0935
v 5.9343 -8.1017 0.1260
v 5.9343 -8.0537 0.1260
v 5.9508 -8.1017 0.1545
v 5.9508 -8.0537 0.1545
v 5.9761 -8.1017 0.1757
v 5.9761 -8.0537 0.1757
v 6.0071 -8.1017 0.1870
v 6.0071 -8.0537 0.1870
v 6.0400 -8.1017 0.1870
v 6.0400 -8.0537 0.1870
v 6.0710 -8.1017 0.1757
v 6.0710 -8.0537 0.1757
v 6.0963 -8.1017 0.1545
v 6.0963 -8.0537 0.1545
v 6.1127 -8.1017 0.1260
v 6.1127 -8.0537 0.1260
v 4.9115 -8.0537 0.0935
v 4.9173 -8.0537 0.0610
v 4.9173 -8.1017 0.0610
v 4.9115 -8.1017 0.0935
v 4.9337 -8.0537 0.0325
v 4.9337 -8.1017 0.0325
v 4.9590 -8.0537 0.0113
v 4.9590 -8.1017 0.0113
v 4.9900 -8.0537 0.0000
v 4.9900 -8.1017 0.0000
v 5.0229 -8.0537 0.0000
v 5.0229 -8.1017 0.0000
v 5.0539 -8.0537 0.0113
v 5.0539 -8.1017 0.0113
v 5.0792 -8.0537 0.0325
v 5.0792 -8.1017 0.0325
v 5.0957 -8.0537 0.0610
v 5.0957 -8.1017 0.0610
v 5.1014 -8.0537 0.0935
v 5.1014 -8.1017 0.0935
v 5.0957 -8.0537 0.1260
v 5.0957 -8.1017 0.1260
v 5.0792 -8.0537 0.1545
v 5.0792 -8.1017 0.1545
v 5.0539 -8.0537 0.1757
v 5.0539 -8.1017 0.1757
v 5.0229 -8.0537 0.1870
v 5.0229 -8.1017 0.1870
v 4.9900 -8.0537 0.1870
v 4.9900 -8.1017 0.1870
v 4.9590 -8.0537 0.1757
v 4.9590 -8.1017 0.1757
v 4.9337 -8.0537 0.1545
v 4.9337 -8.1017 0.1545
v 4.9173 -8.0537 0.1260
v 4.9173 -8.1017 0.1260
v 6.0346 -8.6793 0.2118
v 6.0067 -8.6793 0.0924
v 6.0402 -8.6793 0.0924
v 6.0682 -8.6793 0.2118
v 6.0346 -8.6083 0.2118
v 6.0682 -8.6083 0.2118
v 6.0402 -8.6083 0.0924
v 6.0067 -8.6083 0.0924
v 6.0123 -8.6793 0.0890
v 6.0346 -8.6793 0.0890
v 6.0179 -8.6793 0.0870
v 6.0290 -8.6793 0.0870
v 6.0234 -8.6793 0.0863
v 6.0346 -8.6083 0.0890
v 6.0123 -8.6083 0.0890
v 6.0290 -8.6083 0.0870
v 6.0179 -8.6083 0.0870
v 6.0234 -8.6083 0.0863
v 6.0402 -8.6765 0.0924
v 6.0067 -8.6765 0.0924
v 6.0346 -8.6765 0.2118
v 6.0682 -8.6765 0.2118
v 6.0402 -8.6111 0.0924
v 6.0682 -8.6111 0.2118
v 6.0346 -8.6111 0.2118
v 6.0067 -8.6111 0.0924
v 6.0123 -8.6765 0.0890
v 6.0346 -8.6765 0.0890
v 6.0179 -8.6765 0.0870
v 6.0290 -8.6765 0.0870
v 6.0234 -8.6765 0.0863
v 6.0346 -8.6111 0.0890
v 6.0123 -8.6111 0.0890
v 6.0290 -8.6111 0.0870
v 6.0179 -8.6111 0.0870
v 6.0234 -8.6111 0.0863
v 6.0354 -8.6772 0.1022
v 6.0324 -8.6772 0.0970
v 6.0324 -8.6098 0.0970
v 6.0354 -8.6098 0.1022
v 6.0267 -8.6772 0.0949
v 6.0267 -8.6098 0.0949
v 6.0210 -8.6772 0.0970
v 6.0210 -8.6098 0.0970
v 6.0180 -8.6772 0.1022
v 6.0180 -8.6098 0.1022
v 6.0191 -8.6772 0.1081
v 6.0191 -8.6098 0.1081
v 6.0237 -8.6772 0.1120
v 6.0237 -8.6098 0.1120
v 6.0297 -8.6772 0.1120
v 6.0297 -8.6098 0.1120
v 6.0343 -8.6772 0.1081
v 6.0343 -8.6098 0.1081
v 4.9954 -8.6793 0.2118
v 4.9618 -8.6793 0.2118
v 4.9898 -8.6793 0.0924
v 5.0233 -8.6793 0.0924
v 4.9954 -8.6083 0.2118
v 5.0233 -8.6083 0.0924
v 4.9898 -8.6083 0.0924
v 4.9618 -8.6083 0.2118
v 4.9954 -8.6793 0.0890
v 5.0177 -8.6793 0.0890
v 5.0010 -8.6793 0.0870
v 5.0121 -8.6793 0.0870
v 5.0066 -8.6793 0.0863
v 5.0177 -8.6083 0.0890
v 4.9954 -8.6083 0.0890
v 5.0121 -8.6083 0.0870
v 5.0010 -8.6083 0.0870
v 5.0066 -8.6083 0.0863
v 4.9898 -8.6765 0.0924
v 4.9618 -8.6765 0.2118
v 4.9954 -8.6765 0.2118
v 5.0233 -8.6765 0.0924
v 4.9898 -8.6111 0.0924
v 5.0233 -8.6111 0.0924
v 4.9954 -8.6111 0.2118
v 4.9618 -8.6111 0.2118
v 5.0177 -8.6765 0.0890
v 4.9954 -8.6765 0.0890
v 5.0121 -8.6765 0.0870
v 5.0010 -8.6765 0.0870
v 5.0066 -8.6765 0.0863
v 4.9954 -8.6111 0.0890
v 5.0177 -8.6111 0.0890
v 5.0010 -8.6111 0.0870
v 5.0121 -8.6111 0.0870
v 5.0066 -8.6111 0.0863
v 4.9946 -8.6772 0.1022
v 4.9946 -8.6098 0.1022
v 4.9976 -8.6098 0.0970
v 4.9976 -8.6772 0.0970
v 5.0033 -8.6098 0.0949
v 5.0033 -8.6772 0.0949
v 5.0090 -8.6098 0.0970
v 5.0090 -8.6772 0.0970
v 5.0120 -8.6098 0.1022
v 5.0120 -8.6772 0.1022
v 5.0109 -8.6098 0.1081
v 5.0109 -8.6772 0.1081
v 5.0063 -8.6098 0.1120
v 5.0063 -8.6772 0.1120
v 5.0003 -8.6098 0.1120
v 5.0003 -8.6772 0.1120
v 4.9957 -8.6098 0.1081
v 4.9957 -8.6772 0.1081
v 6.0346 -8.0427 0.2118
v 6.0682 -8.0427 0.2118
v 6.0402 -8.0427 0.0924
v 6.0067 -8.0427 0.0924
v 6.0346 -8.1137 0.2118
v 6.0067 -8.1137 0.0924
v 6.0402 -8.1137 0.0924
v 6.0682 -8.1137 0.2118
v 6.0346 -8.0427 0.0890
v 6.0123 -8.0427 0.0890
v 6.0290 -8.0427 0.0870
v 6.0179 -8.0427 0.0870
v 6.0234 -8.0427 0.0863
v 6.0123 -8.1137 0.0890
v 6.0346 -8.1137 0.0890
v 6.0179 -8.1137 0.0870
v 6.0290 -8.1137 0.0870
v 6.0234 -8.1137 0.0863
v 6.0402 -8.0455 0.0924
v 6.0682 -8.0455 0.2118
v 6.0346 -8.0455 0.2118
v 6.0067 -8.0455 0.0924
v 6.0402 -8.1109 0.0924
v 6.0067 -8.1109 0.0924
v 6.0346 -8.1109 0.2118
v 6.0682 -8.1109 0.2118
v 6.0123 -8.0455 0.0890
v 6.0346 -8.0455 0.0890
v 6.0179 -8.0455 0.0870
v 6.0290 -8.0455 0.0870
v 6.0234 -8.0455 0.0863
v 6.0346 -8.1109 0.0890
v 6.0123 -8.1109 0.0890
v 6.0290 -8.1109 0.0870
v 6.0179 -8.1109 0.0870
v 6.0234 -8.1109 0.0863
v 6.0354 -8.0448 0.1022
v 6.0354 -8.1122 0.1022
v 6.0324 -8.1122 0.0970
v 6.0324 -8.0448 0.0970
v 6.0267 -8.1122 0.0949
v 6.0267 -8.0448 0.0949
v 6.0210 -8.1122 0.0970
v 6.0210 -8.0448 0.0970
v 6.0180 -8.1122 0.1022
v 6.0180 -8.0448 0.1022
v 6.0191 -8.1122 0.1081
v 6.0191 -8.0448 0.1081
v 6.0237 -8.1122 0.1120
v 6.0237 -8.0448 0.1120
v 6.0297 -8.1122 0.1120
v 6.0297 -8.0448 0.1120
v 6.0343 -8.1122 0.1081
v 6.0343 -8.0448 0.1081
v 4.9954 -8.0427 0.2118
v 5.0233 -8.0427 0.0924
v 4.9898 -8.0427 0.0924
v 4.9618 -8.0427 0.2118
v 4.9954 -8.1137 0.2118
v 4.9618 -8.1137 0.2118
v 4.9898 -8.1137 0.0924
v 5.0233 -8.1137 0.0924
v 5.0177 -8.0427 0.0890
v 4.9954 -8.0427 0.0890
v 5.0121 -8.0427 0.0870
v 5.0010 -8.0427 0.0870
v 5.0066 -8.0427 0.0863
v 4.9954 -8.1137 0.0890
v 5.0177 -8.1137 0.0890
v 5.0010 -8.1137 0.0870
v 5.0121 -8.1137 0.0870
v 5.0066 -8.1137 0.0863
v 4.9898 -8.0455 0.0924
v 5.0233 -8.0455 0.0924
v 4.9954 -8.0455 0.2118
v 4.9618 -8.0455 0.2118
v 4.9898 -8.1109 0.0924
v 4.9618 -8.1109 0.2118
v 4.9954 -8.1109 0.2118
v 5.0233 -8.1109 0.0924
v 5.0177 -8.0455 0.0890
v 4.9954 -8.0455 0.0890
v 5.0121 -8.0455 0.0870
v 5.0010 -8.0455 0.0870
v 5.0066 -8.0455 0.0863
v 4.9954 -8.1109 0.0890
v 5.0177 -8.1109 0.0890
v 5.0010 -8.1109 0.0870
v 5.0121 -8.1109 0.0870
v 5.0066 -8.1109 0.0863
v 4.9946 -8.0448 0.1022
v 4.9976 -8.0448 0.0970
v 4.9976 -8.1122 0.0970
v 4.9946 -8.1122 0.1022
v 5.0033 -8.0448 0.0949
v 5.0033 -8.1122 0.0949
v 5.0090 -8.0448 0.0970
v 5.0090 -8.1122 0.0970
v 5.0120 -8.0448 0.1022
v 5.0120 -8.1122 0.1022
v 5.0109 -8.0448 0.1081
v 5.0109 -8.1122 0.1081
v 5.0063 -8.0448 0.1120
v 5.0063 -8.1122 0.1120
v 5.0003 -8.0448 0.1120
v 5.0003 -8.1122 0.1120
v 4.9957 -8.0448 0.1081
v 4.9957 -8.1122 0.1081
v 5.7991 -7.9293 1.2213
v 5.7991 -7.9412 1.2263
v 5.9027 -7.9412 1.2263
v 5.9027 -7.9293 1.2213
v 5.7991 -7.9244 1.2095
v 5.9027 -7.9244 1.2095
v 5.7991 -7.9293 1.1976
v 5.9027 -7.9293 1.1976
v 5.7991 -7.9412 1.1926
v 5.9027 -7.9412 1.1926
v 5.7991 -7.9531 1.1976
v 5.9027 -7.9531 1.1976
v 5.7991 -7.9580 1.2095
v 5.9027 -7.9580 1.2095
v 5.7991 -7.9531 1.2213
v 5.9027 -7.9531 1.2213
v 5.8635 -7.9412 1.2026
v 5.8662 -7.9346 1.2026
v 5.8662 -7.9346 1.1449
v 5.8635 -7.9412 1.1449
v 5.8729 -7.9318 1.2026
v 5.8729 -7.9318 1.1449
v 5.8795 -7.9346 1.2026
v 5.8795 -7.9346 1.1449
v 5.8822 -7.9412 1.2026
v 5.8822 -7.9412 1.1449
v 5.8795 -7.9478 1.2026
v 5.8795 -7.9478 1.1449
v 5.8729 -7.9506 1.2026
v 5.8729 -7.9506 1.1449
v 5.8662 -7.9478 1.2026
v 5.8662 -7.9478 1.1449
v 5.8196 -7.9412 1.2026
v 5.8223 -7.9346 1.2026
v 5.8223 -7.9346 1.1449
v 5.8196 -7.9412 1.1449
v 5.8289 -7.9318 1.2026
v 5.8289 -7.9318 1.1449
v 5.8356 -7.9346 1.2026
v 5.8356 -7.9346 1.1449
v 5.8383 -7.9412 1.2026
v 5.8383 -7.9412 1.1449
v 5.8356 -7.9478 1.2026
v 5.8356 -7.9478 1.1449
v 5.8289 -7.9506 1.2026
v 5.8289 -7.9506 1.1449
v 5.8223 -7.9478 1.2026
v 5.8223 -7.9478 1.1449
v 5.2309 -7.9293 1.2213
v 5.1273 -7.9293 1.2213
v 5.1273 -7.9412 1.2263
v 5.2309 -7.9412 1.2263
v 5.2309 -7.9244 1.2095
v 5.1273 -7.9244 1.2095
v 5.2309 -7.9293 1.1976
v 5.1273 -7.9293 1.1976
v 5.2309 -7.9412 1.1926
v 5.1273 -7.9412 1.1926
v 5.2309 -7.9531 1.1976
v 5.1273 -7.9531 1.1976
v 5.2309 -7.9580 1.2095
v 5.1273 -7.9580 1.2095
v 5.2309 -7.9531 1.2213
v 5.1273 -7.9531 1.2213
v 5.1665 -7.9412 1.2026
v 5.1665 -7.9412 1.1449
v 5.1638 -7.9346 1.1449
v 5.1638 -7.9346 1.2026
v 5.1571 -7.9318 1.1449
v 5.1571 -7.9318 1.2026
v 5.1505 -7.9346 1.1449
v 5.1505 -7.9346 1.2026
v 5.1478 -7.9412 1.1449
v 5.1478 -7.9412 1.2026
v 5.1505 -7.9478 1.1449
v 5.1505 -7.9478 1.2026
v 5.1571 -7.9506 1.1449
v 5.1571 -7.9506 1.2026
v 5.1638 -7.9478 1.1449
v 5.1638 -7.9478 1.2026
v 5.2104 -7.9412 1.2026
v 5.2104 -7.9412 1.1449
v 5.2077 -7.9346 1.1449
v 5.2077 -7.9346 1.2026
v 5.2011 -7.9318 1.1449
v 5.2011 -7.9318 1.2026
v 5.1944 -7.9346 1.1449
v 5.1944 -7.9346 1.2026
v 5.1917 -7.9412 1.1449
v 5.1917 -7.9412 1.2026
v 5.1944 -7.9478 1.1449
v 5.1944 -7.9478 1.2026
v 5.2011 -7.9506 1.1449
v 5.2011 -7.9506 1.2026
v 5.2077 -7.9478 1.1449
v 5.2077 -7.9478 1.2026
v -4.2860 -4.1930 1.1551
v -4.2860 -3.3852 1.1551
v -4.2860 -3.3852 1.2095
v -4.2860 -4.1930 1.2095
v -5.0000 -3.3547 1.1551
v -5.0000 -3.3546 1.2684
v -4.7111 -3.3552 1.2095
v -4.7111 -3.3547 1.1551
v -4.3000 -3.3624 1.2095
v -4.3420 -3.3552 1.2095
v -4.3420 -4.0001 1.2095
v -4.3420 -3.3552 1.2547
v -4.3420 -4.0001 1.2547
v -4.7111 -3.3552 1.2547
v -4.3003 -3.3624 1.2547
v -4.2864 -3.3851 1.2547
v -4.2864 -4.1376 1.2547
v -4.2864 -3.3851 1.2684
v -4.2864 -4.1376 1.2684
v -4.3487 -3.3546 1.2684
v -4.3495 -4.1681 1.2684
v -4.3018 -4.2159 1.2095
v -4.3491 -4.2235 1.2095
v -4.3491 -4.2235 1.1551
v -4.3018 -4.2159 1.1551
v -4.3002 -3.3623 1.1551
v -4.3771 -4.0624 1.2095
v -4.4052 -4.1195 1.2095
v -4.3771 -4.0624 1.2547
v -4.4052 -4.1195 1.2547
v -4.3021 -4.1605 1.2547
v -4.3495 -4.1681 1.2547
v -4.3021 -4.1605 1.2684
v -4.3019 -3.3622 1.2684
v -4.3430 -3.3547 1.1551
v -4.6184 -3.3547 1.1551
v -4.6184 -3.3552 1.2095
v -4.6184 -3.3552 1.2547
v -4.6184 -3.4111 1.2547
v -4.7111 -3.4111 1.2547
v -4.7111 -3.4111 1.2095
v -4.7111 -3.4106 1.1551
v -4.6184 -3.4106 1.1551
v -4.6184 -3.4111 1.2095
v -5.7140 -4.1930 1.1551
v -5.7140 -4.1930 1.2095
v -5.7140 -3.3852 1.2095
v -5.7140 -3.3852 1.1551
v -5.2889 -3.3547 1.1551
v -5.2889 -3.3552 1.2095
v -5.6580 -4.0001 1.2095
v -5.6580 -3.3552 1.2095
v -5.7000 -3.3624 1.2095
v -5.6580 -4.0001 1.2547
v -5.6580 -3.3552 1.2547
v -5.2889 -3.3552 1.2547
v -5.7136 -4.1376 1.2547
v -5.7136 -3.3851 1.2547
v -5.6997 -3.3624 1.2547
v -5.7136 -4.1376 1.2684
v -5.7136 -3.3851 1.2684
v -5.6505 -4.1681 1.2684
v -5.5948 -4.1195 1.2095
v -5.6509 -4.2235 1.2095
v -5.5948 -4.1195 1.2547
v -5.6505 -4.1681 1.2547
v -5.6982 -4.2159 1.2095
v -5.6982 -4.2159 1.1551
v -5.6509 -4.2235 1.1551
v -5.6998 -3.3623 1.1551
v -5.6229 -4.0624 1.2095
v -5.6229 -4.0624 1.2547
v -5.6979 -4.1605 1.2547
v -5.6979 -4.1605 1.2684
v -5.6981 -3.3622 1.2684
v -5.6570 -3.3547 1.1551
v -5.6513 -3.3546 1.2684
v -5.3816 -3.3552 1.2095
v -5.3816 -3.3547 1.1551
v -5.3816 -3.3552 1.2547
v -5.2889 -3.4111 1.2547
v -5.3816 -3.4111 1.2547
v -5.2889 -3.4106 1.1551
v -5.2889 -3.4111 1.2095
v -5.3816 -3.4111 1.2095
v -5.3816 -3.4106 1.1551
v -5.5868 -3.4477 0.2047
v -4.4132 -3.4477 0.2047
v -4.4132 -4.1523 0.2047
v -5.5868 -4.1523 0.2047
v -4.3766 -4.1728 1.1057
v -5.6234 -4.1728 1.1057
v -4.3692 -4.1083 0.2047
v -4.3692 -3.4917 0.2047
v -4.3326 -3.4712 1.1057
v -4.3326 -4.1288 1.1057
v -5.6234 -3.4272 1.1057
v -4.3766 -3.4272 1.1057
v -5.6308 -3.4917 0.2047
v -5.6308 -4.1083 0.2047
v -5.6674 -4.1288 1.1057
v -5.6674 -3.4712 1.1057
v -4.3212 -4.2458 1.0794
v -5.6788 -4.2458 1.0794
v -4.2772 -3.3982 1.0794
v -4.2772 -4.2018 1.0794
v -5.6788 -3.3542 1.0794
v -4.3212 -3.3542 1.0794
v -5.7228 -4.2018 1.0794
v -5.7228 -3.3982 1.0794
v -4.3212 -4.2458 1.1575
v -5.6788 -4.2458 1.1575
v -4.2772 -3.3982 1.1575
v -4.2772 -4.2018 1.1575
v -5.6788 -3.3542 1.1575
v -4.3212 -3.3542 1.1575
v -5.7228 -4.2018 1.1575
v -5.7228 -3.3982 1.1575
v -4.4286 -4.1033 1.1575
v -5.5714 -4.1033 1.1575
v -4.3846 -3.5407 1.1575
v -4.3846 -4.0593 1.1575
v -5.5714 -3.4967 1.1575
v -4.4286 -3.4967 1.1575
v -5.6154 -4.0593 1.1575
v -5.6154 -3.5407 1.1575
v -4.3436 -4.1618 1.1057
v -4.3802 -4.1413 0.2047
v -5.6198 -4.1413 0.2047
v -5.6564 -4.1618 1.1057
v -4.3436 -3.4382 1.1057
v -4.3802 -3.4587 0.2047
v -5.6564 -3.4382 1.1057
v -5.6198 -3.4587 0.2047
v -5.7118 -4.2348 1.0794
v -4.2882 -4.2348 1.0794
v -5.7118 -3.3652 1.0794
v -4.2882 -3.3652 1.0794
v -5.7118 -4.2348 1.1575
v -4.2882 -4.2348 1.1575
v -5.7118 -3.3652 1.1575
v -4.2882 -3.3652 1.1575
v -5.6044 -4.0923 1.1575
v -4.3956 -4.0923 1.1575
v -5.6044 -3.5077 1.1575
v -4.3956 -3.5077 1.1575
v -4.4706 -3.4370 0.9485
v -4.4706 -3.3620 1.1055
v -4.4706 -3.4370 1.1055
v -4.4911 -3.4370 0.9485
v -4.4911 -3.3620 1.1055
v -4.4911 -3.4370 1.1055
v -4.6004 -3.4370 0.9485
v -4.6004 -3.3620 1.1055
v -4.6004 -3.4370 1.1055
v -4.6209 -3.4370 0.9485
v -4.6209 -3.3620 1.1055
v -4.6209 -3.4370 1.1055
v -4.7302 -3.4370 0.9485
v -4.7302 -3.3620 1.1055
v -4.7302 -3.4370 1.1055
v -4.7506 -3.4370 0.9485
v -4.7506 -3.3620 1.1055
v -4.7506 -3.4370 1.1055
v -4.8600 -3.4370 0.9485
v -4.8600 -3.3620 1.1055
v -4.8600 -3.4370 1.1055
v -4.8804 -3.4370 0.9485
v -4.8804 -3.3620 1.1055
v -4.8804 -3.4370 1.1055
v -4.9898 -3.4370 0.9485
v -4.9898 -3.3620 1.1055
v -4.9898 -3.4370 1.1055
v -5.0051 -3.4370 0.9485
v -5.0102 -3.3620 1.1055
v -5.5294 -3.4370 0.9485
v -5.5294 -3.4370 1.1055
v -5.5294 -3.3620 1.1055
v -5.5089 -3.3620 1.1055
v -5.5089 -3.4370 0.9485
v -5.5089 -3.4370 1.1055
v -5.3996 -3.4370 0.9485
v -5.3996 -3.4370 1.1055
v -5.3996 -3.3620 1.1055
v -5.3791 -3.3620 1.1055
v -5.3791 -3.4370 0.9485
v -5.3791 -3.4370 1.1055
v -5.2698 -3.4370 0.9485
v -5.2698 -3.4370 1.1055
v -5.2698 -3.3620 1.1055
v -5.2494 -3.3620 1.1055
v -5.2494 -3.4370 0.9485
v -5.2494 -3.4370 1.1055
v -5.1400 -3.4370 0.9485
v -5.1400 -3.4370 1.1055
v -5.1400 -3.3620 1.1055
v -5.1196 -3.3620 1.1055
v -5.1196 -3.4370 0.9485
v -5.1196 -3.4370 1.1055
v -5.0102 -3.4370 1.1055
v -4.4706 -4.1630 0.9485
v -4.4706 -4.1630 1.1055
v -4.4706 -4.2380 1.1055
v -4.4911 -4.2380 1.1055
v -4.4911 -4.1630 0.9485
v -4.4911 -4.1630 1.1055
v -4.6004 -4.1630 0.9485
v -4.6004 -4.1630 1.1055
v -4.6004 -4.2380 1.1055
v -4.6209 -4.2380 1.1055
v -4.6209 -4.1630 0.9485
v -4.6209 -4.1630 1.1055
v -4.7302 -4.1630 0.9485
v -4.7302 -4.1630 1.1055
v -4.7302 -4.2380 1.1055
v -4.7506 -4.2380 1.1055
v -4.7506 -4.1630 0.9485
v -4.7506 -4.1630 1.1055
v -4.8600 -4.1630 0.9485
v -4.8600 -4.1630 1.1055
v -4.8600 -4.2380 1.1055
v -4.8804 -4.2380 1.1055
v -4.8804 -4.1630 0.9485
v -4.8804 -4.1630 1.1055
v -4.9898 -4.1630 0.9485
v -4.9898 -4.1630 1.1055
v -4.9898 -4.2380 1.1055
v -5.0051 -4.1630 0.9485
v -5.0102 -4.2380 1.1055
v -5.5294 -4.1630 0.9485
v -5.5294 -4.2380 1.1055
v -5.5294 -4.1630 1.1055
v -5.5089 -4.1630 0.9485
v -5.5089 -4.2380 1.1055
v -5.5089 -4.1630 1.1055
v -5.3996 -4.1630 0.9485
v -5.3996 -4.2380 1.1055
v -5.3996 -4.1630 1.1055
v -5.3791 -4.1630 0.9485
v -5.3791 -4.2380 1.1055
v -5.3791 -4.1630 1.1055
v -5.2698 -4.1630 0.9485
v -5.2698 -4.2380 1.1055
v -5.2698 -4.1630 1.1055
v -5.2494 -4.1630 0.9485
v -5.2494 -4.2380 1.1055
v -5.2494 -4.1630 1.1055
v -5.1400 -4.1630 0.9485
v -5.1400 -4.2380 1.1055
v -5.1400 -4.1630 1.1055
v -5.1196 -4.1630 0.9485
v -5.1196 -4.2380 1.1055
v -5.1196 -4.1630 1.1055
v -5.0102 -4.1630 1.1055
v -5.6462 -3.6600 0.9485
v -5.7212 -3.6600 1.1055
v -5.6462 -3.6600 1.1055
v -5.6462 -3.6804 0.9485
v -5.7212 -3.6804 1.1055
v -5.6462 -3.6804 1.1055
v -5.6462 -3.7898 0.9485
v -5.7212 -3.7898 1.1055
v -5.6462 -3.7898 1.1055
v -5.6462 -3.8102 0.9485
v -5.7212 -3.8102 1.1055
v -5.6462 -3.8102 1.1055
v -5.6462 -3.9196 0.9485
v -5.7212 -3.9196 1.1055
v -5.6462 -3.9196 1.1055
v -5.6462 -3.9400 0.9485
v -5.7212 -3.9400 1.1055
v -5.6462 -3.9400 1.1055
v -4.3538 -3.6600 0.9485
v -4.3538 -3.6600 1.1055
v -4.2788 -3.6600 1.1055
v -4.2788 -3.6804 1.1055
v -4.3538 -3.6804 0.9485
v -4.3538 -3.6804 1.1055
v -4.3538 -3.7898 0.9485
v -4.3538 -3.7898 1.1055
v -4.2788 -3.7898 1.1055
v -4.2788 -3.8102 1.1055
v -4.3538 -3.8102 0.9485
v -4.3538 -3.8102 1.1055
v -4.3538 -3.9196 0.9485
v -4.3538 -3.9196 1.1055
v -4.2788 -3.9196 1.1055
v -4.2788 -3.9400 1.1055
v -4.3538 -3.9400 0.9485
v -4.3538 -3.9400 1.1055
v -4.3965 -4.1073 0.0935
v -4.4023 -4.1073 0.0610
v -4.4023 -4.0593 0.0610
v -4.3965 -4.0593 0.0935
v -4.4187 -4.1073 0.0325
v -4.4187 -4.0593 0.0325
v -4.4440 -4.1073 0.0113
v -4.4440 -4.0593 0.0113
v -4.4750 -4.1073 0.0000
v -4.4750 -4.0593 0.0000
v -4.5079 -4.1073 0.0000
v -4.5079 -4.0593 0.0000
v -4.5389 -4.1073 0.0113
v -4.5389 -4.0593 0.0113
v -4.5642 -4.1073 0.0325
v -4.5642 -4.0593 0.0325
v -4.5807 -4.1073 0.0610
v -4.5807 -4.0593 0.0610
v -4.5864 -4.1073 0.0935
v -4.5864 -4.0593 0.0935
v -4.5807 -4.1073 0.1260
v -4.5807 -4.0593 0.1260
v -4.5642 -4.1073 0.1545
v -4.5642 -4.0593 0.1545
v -4.5389 -4.1073 0.1757
v -4.5389 -4.0593 0.1757
v -4.5079 -4.1073 0.1870
v -4.5079 -4.0593 0.1870
v -4.4750 -4.1073 0.1870
v -4.4750 -4.0593 0.1870
v -4.4440 -4.1073 0.1757
v -4.4440 -4.0593 0.1757
v -4.4187 -4.1073 0.1545
v -4.4187 -4.0593 0.1545
v -4.4023 -4.1073 0.1260
v -4.4023 -4.0593 0.1260
v -5.6035 -4.1073 0.0935
v -5.6035 -4.0593 0.0935
v -5.5977 -4.0593 0.0610
v -5.5977 -4.1073 0.0610
v -5.5813 -4.0593 0.0325
v -5.5813 -4.1073 0.0325
v -5.5560 -4.0593 0.0113
v -5.5560 -4.1073 0.0113
v -5.5250 -4.0593 0.0000
v -5.5250 -4.1073 0.0000
v -5.4921 -4.0593 0.0000
v -5.4921 -4.1073 0.0000
v -5.4611 -4.0593 0.0113
v -5.4611 -4.1073 0.0113
v -5.4358 -4.0593 0.0325
v -5.4358 -4.1073 0.0325
v -5.4193 -4.0593 0.0610
v -5.4193 -4.1073 0.0610
v -5.4136 -4.0593 0.0935
v -5.4136 -4.1073 0.0935
v -5.4193 -4.0593 0.1260
v -5.4193 -4.1073 0.1260
v -5.4358 -4.0593 0.1545
v -5.4358 -4.1073 0.1545
v -5.4611 -4.0593 0.1757
v -5.4611 -4.1073 0.1757
v -5.4921 -4.0593 0.1870
v -5.4921 -4.1073 0.1870
v -5.5250 -4.0593 0.1870
v -5.5250 -4.1073 0.1870
v -5.5560 -4.0593 0.1757
v -5.5560 -4.1073 0.1757
v -5.5813 -4.0593 0.1545
v -5.5813 -4.1073 0.1545
v -5.5977 -4.0593 0.1260
v -5.5977 -4.1073 0.1260
v -4.3965 -3.4927 0.0935
v -4.3965 -3.5407 0.0935
v -4.4023 -3.5407 0.0610
v -4.4023 -3.4927 0.0610
v -4.4187 -3.5407 0.0325
v -4.4187 -3.4927 0.0325
v -4.4440 -3.5407 0.0113
v -4.4440 -3.4927 0.0113
v -4.4750 -3.5407 0.0000
v -4.4750 -3.4927 0.0000
v -4.5079 -3.5407 0.0000
v -4.5079 -3.4927 0.0000
v -4.5389 -3.5407 0.0113
v -4.5389 -3.4927 0.0113
v -4.5642 -3.5407 0.0325
v -4.5642 -3.4927 0.0325
v -4.5807 -3.5407 0.0610
v -4.5807 -3.4927 0.0610
v -4.5864 -3.5407 0.0935
v -4.5864 -3.4927 0.0935
v -4.5807 -3.5407 0.1260
v -4.5807 -3.4927 0.1260
v -4.5642 -3.5407 0.1545
v -4.5642 -3.4927 0.1545
v -4.5389 -3.5407 0.1757
v -4.5389 -3.4927 0.1757
v -4.5079 -3.5407 0.1870
v -4.5079 -3.4927 0.1870
v -4.4750 -3.5407 0.1870
v -4.4750 -3.4927 0.1870
v -4.4440 -3.5407 0.1757
v -4.4440 -3.4927 0.1757
v -4.4187 -3.5407 0.1545
v -4.4187 -3.4927 0.1545
v -4.4023 -3.5407 0.1260
v -4.4023 -3.4927 0.1260
v -5.6035 -3.4927 0.0935
v -5.5977 -3.4927 0.0610
v -5.5977 -3.5407 0.0610
v -5.6035 -3.5407 0.0935
v -5.5813 -3.4927 0.0325
v -5.5813 -3.5407 0.0325
v -5.5560 -3.4927 0.0113
v -5.5560 -3.5407 0.0113
v -5.5250 -3.4927 0.0000
v -5.5250 -3.5407 0.0000
v -5.4921 -3.4927 0.0000
v -5.4921 -3.5407 0.0000
v -5.4611 -3.4927 0.0113
v -5.4611 -3.5407 0.0113
v -5.4358 -3.4927 0.0325
v -5.4358 -3.5407 0.0325
v -5.4193 -3.4927 0.0610
v -5.4193 -3.5407 0.0610
v -5.4136 -3.4927 0.0935
v -5.4136 -3.5407 0.0935
v -5.4193 -3.4927 0.1260
v -5.4193 -3.5407 0.1260
v -5.4358 -3.4927 0.1545
v -5.4358 -3.5407 0.1545
v -5.4611 -3.4927 0.1757
v -5.4611 -3.5407 0.1757
v -5.4921 -3.4927 0.1870
v -5.4921 -3.5407 0.1870
v -5.5250 -3.4927 0.1870
v -5.5250 -3.5407 0.1870
v -5.5560 -3.4927 0.1757
v -5.5560 -3.5407 0.1757
v -5.5813 -3.4927 0.1545
v -5.5813 -3.5407 0.1545
v -5.5977 -3.4927 0.1260
v -5.5977 -3.5407 0.1260
v -4.4804 -4.1183 0.2118
v -4.5083 -4.1183 0.0924
v -4.4748 -4.1183 0.0924
v -4.4468 -4.1183 0.2118
v -4.4804 -4.0473 0.2118
v -4.4468 -4.0473 0.2118
v -4.4748 -4.0473 0.0924
v -4.5083 -4.0473 0.0924
v -4.5027 -4.1183 0.0890
v -4.4804 -4.1183 0.0890
v -4.4971 -4.1183 0.0870
v -4.4860 -4.1183 0.0870
v -4.4916 -4.1183 0.0863
v -4.4804 -4.0473 0.0890
v -4.5027 -4.0473 0.0890
v -4.4860 -4.0473 0.0870
v -4.4971 -4.0473 0.0870
v -4.4916 -4.0473 0.0863
v -4.4748 -4.1155 0.0924
v -4.5083 -4.1155 0.0924
v -4.4804 -4.1155 0.2118
v -4.4468 -4.1155 0.2118
v -4.4748 -4.0501 0.0924
v -4.4468 -4.0501 0.2118
v -4.4804 -4.0501 0.2118
v -4.5083 -4.0501 0.0924
v -4.5027 -4.1155 0.0890
v -4.4804 -4.1155 0.0890
v -4.4971 -4.1155 0.0870
v -4.4860 -4.1155 0.0870
v -4.4916 -4.1155 0.0863
v -4.4804 -4.0501 0.0890
v -4.5027 -4.0501 0.0890
v -4.4860 -4.0501 0.0870
v -4.4971 -4.0501 0.0870
v -4.4916 -4.0501 0.0863
v -4.4796 -4.1162 0.1022
v -4.4826 -4.1162 0.0970
v -4.4826 -4.0488 0.0970
v -4.4796 -4.0488 0.1022
v -4.4883 -4.1162 0.0949
v -4.4883 -4.0488 0.0949
v -4.4940 -4.1162 0.0970
v -4.4940 -4.0488 0.0970
v -4.4970 -4.1162 0.1022
v -4.4970 -4.0488 0.1022
v -4.4959 -4.1162 0.1081
v -4.4959 -4.0488 0.1081
v -4.4913 -4.1162 0.1120
v -4.4913 -4.0488 0.1120
v -4.4853 -4.1162 0.1120
v -4.4853 -4.0488 0.1120
v -4.4807 -4.1162 0.1081
v -4.4807 -4.0488 0.1081
v -5.5196 -4.1183 0.2118
v -5.5532 -4.1183 0.2118
v -5.5252 -4.1183 0.0924
v -5.4917 -4.1183 0.0924
v -5.5196 -4.0473 0.2118
v -5.4917 -4.0473 0.0924
v -5.5252 -4.0473 0.0924
v -5.5532 -4.0473 0.2118
v -5.5196 -4.1183 0.0890
v -5.4973 -4.1183 0.0890
v -5.5140 -4.1183 0.0870
v -5.5029 -4.1183 0.0870
v -5.5084 -4.1183 0.0863
v -5.4973 -4.0473 0.0890
v -5.5196 -4.0473 0.0890
v -5.5029 -4.0473 0.0870
v -5.5140 -4.0473 0.0870
v -5.5084 -4.0473 0.0863
v -5.5252 -4.1155 0.0924
v -5.5532 -4.1155 0.2118
v -5.5196 -4.1155 0.2118
v -5.4917 -4.1155 0.0924
v -5.5252 -4.0501 0.0924
v -5.4917 -4.0501 0.0924
v -5.5196 -4.0501 0.2118
v -5.5532 -4.0501 0.2118
v -5.4973 -4.1155 0.0890
v -5.5196 -4.1155 0.0890
v -5.5029 -4.1155 0.0870
v -5.5140 -4.1155 0.0870
v -5.5084 -4.1155 0.0863
v -5.5196 -4.0501 0.0890
v -5.4973 -4.0501 0.0890
v -5.5140 -4.0501 0.0870
v -5.5029 -4.0501 0.0870
v -5.5084 -4.0501 0.0863
v -5.5204 -4.1162 0.1022
v -5.5204 -4.0488 0.1022
v -5.5174 -4.0488 0.0970
v -5.5174 -4.1162 0.0970
v -5.5117 -4.0488 0.0949
v -5.5117 -4.1162 0.0949
v -5.5060 -4.0488 0.0970
v -5.5060 -4.1162 0.0970
v -5.5030 -4.0488 0.1022
v -5.5030 -4.1162 0.1022
v -5.5041 -4.0488 0.1081
v -5.5041 -4.1162 0.1081
v -5.5087 -4.0488 0.1120
v -5.5087 -4.1162 0.1120
v -5.5147 -4.0488 0.1120
v -5.5147 -4.1162 0.1120
v -5.5193 -4.0488 0.1081
v -5.5193 -4.1162 0.1081
v -4.4804 -3.4817 0.2118
v -4.4468 -3.4817 0.2118
v -4.4748 -3.4817 0.0924
v -4.5083 -3.4817 0.0924
v -4.4804 -3.5527 0.2118
v -4.5083 -3.5527 0.0924
v -4.4748 -3.5527 0.0924
v -4.4468 -3.5527 0.2118
v -4.4804 -3.4817 0.0890
v -4.5027 -3.4817 0.0890
v -4.4860 -3.4817 0.0870
v -4.4971 -3.4817 0.0870
v -4.4916 -3.4817 0.0863
v -4.5027 -3.5527 0.0890
v -4.4804 -3.5527 0.0890
v -4.4971 -3.5527 0.0870
v -4.4860 -3.5527 0.0870
v -4.4916 -3.5527 0.0863
v -4.4748 -3.4845 0.0924
v -4.4468 -3.4845 0.2118
v -4.4804 -3.4845 0.2118
v -4.5083 -3.4845 0.0924
v -4.4748 -3.5499 0.0924
v -4.5083 -3.5499 0.0924
v -4.4804 -3.5499 0.2118
v -4.4468 -3.5499 0.2118
v -4.5027 -3.4845 0.0890
v -4.4804 -3.4845 0.0890
v -4.4971 -3.4845 0.0870
v -4.4860 -3.4845 0.0870
v -4.4916 -3.4845 0.0863
v -4.4804 -3.5499 0.0890
v -4.5027 -3.5499 0.0890
v -4.4860 -3.5499 0.0870
v -4.4971 -3.5499 0.0870
v -4.4916 -3.5499 0.0863
v -4.4796 -3.4838 0.1022
v -4.4796 -3.5512 0.1022
v -4.4826 -3.5512 0.0970
v -4.4826 -3.4838 0.0970
v -4.4883 -3.5512 0.0949
v -4.4883 -3.4838 0.0949
v -4.4940 -3.5512 0.0970
v -4.4940 -3.4838 0.0970
v -4.4970 -3.5512 0.1022
v -4.4970 -3.4838 0.1022
v -4.4959 -3.5512 0.1081
v -4.4959 -3.4838 0.1081
v -4.4913 -3.5512 0.1120
v -4.4913 -3.4838 0.1120
v -4.4853 -3.5512 0.1120
v -4.4853 -3.4838 0.1120
v -4.4807 -3.5512 0.1081
v -4.4807 -3.4838 0.1081
v -5.5196 -3.4817 0.2118
v -5.4917 -3.4817 0.0924
v -5.5252 -3.4817 0.0924
v -5.5532 -3.4817 0.2118
v -5.5196 -3.5527 0.2118
v -5.5532 -3.5527 0.2118
v -5.5252 -3.5527 0.0924
v -5.4917 -3.5527 0.0924
v -5.4973 -3.4817 0.0890
v -5.5196 -3.4817 0.0890
v -5.5029 -3.4817 0.0870
v -5.5140 -3.4817 0.0870
v -5.5084 -3.4817 0.0863
v -5.5196 -3.5527 0.0890
v -5.4973 -3.5527 0.0890
v -5.5140 -3.5527 0.0870
v -5.5029 -3.5527 0.0870
v -5.5084 -3.5527 0.0863
v -5.5252 -3.4845 0.0924
v -5.4917 -3.4845 0.0924
v -5.5196 -3.4845 0.2118
v -5.5532 -3.4845 0.2118
v -5.5252 -3.5499 0.0924
v -5.5532 -3.5499 0.2118
v -5.5196 -3.5499 0.2118
v -5.4917 -3.5499 0.0924
v -5.4973 -3.4845 0.0890
v -5.5196 -3.4845 0.0890
v -5.5029 -3.4845 0.0870
v -5.5140 -3.4845 0.0870
v -5.5084 -3.4845 0.0863
v -5.5196 -3.5499 0.0890
v -5.4973 -3.5499 0.0890
v -5.5140 -3.5499 0.0870
v -5.5029 -3.5499 0.0870
v -5.5084 -3.5499 0.0863
v -5.5204 -3.4838 0.1022
v -5.5174 -3.4838 0.0970
v -5.5174 -3.5512 0.0970
v -5.5204 -3.5512 0.1022
v -5.5117 -3.4838 0.0949
v -5.5117 -3.5512 0.0949
v -5.5060 -3.4838 0.0970
v -5.5060 -3.5512 0.0970
v -5.5030 -3.4838 0.1022
v -5.5030 -3.5512 0.1022
v -5.5041 -3.4838 0.1081
v -5.5041 -3.5512 0.1081
v -5.5087 -3.4838 0.1120
v -5.5087 -3.5512 0.1120
v -5.5147 -3.4838 0.1120
v -5.5147 -3.5512 0.1120
v -5.5193 -3.4838 0.1081
v -5.5193 -3.5512 0.1081
v -4.7159 -3.3683 1.2213
v -4.7159 -3.3802 1.2263
v -4.6123 -3.3802 1.2263
v -4.6123 -3.3683 1.2213
v -4.7159 -3.3634 1.2095
v -4.6123 -3.3634 1.2095
v -4.7159 -3.3683 1.1976
v -4.6123 -3.3683 1.1976
v -4.7159 -3.3802 1.1926
v -4.6123 -3.3802 1.1926
v -4.7159 -3.3921 1.1976
v -4.6123 -3.3921 1.1976
v -4.7159 -3.3970 1.2095
v -4.6123 -3.3970 1.2095
v -4.7159 -3.3921 1.2213
v -4.6123 -3.3921 1.2213
v -4.6515 -3.3802 1.2026
v -4.6488 -3.3736 1.2026
v -4.6488 -3.3736 1.1449
v -4.6515 -3.3802 1.1449
v -4.6421 -3.3708 1.2026
v -4.6421 -3.3708 1.1449
v -4.6355 -3.3736 1.2026
v -4.6355 -3.3736 1.1449
v -4.6328 -3.3802 1.2026
v -4.6328 -3.3802 1.1449
v -4.6355 -3.3868 1.2026
v -4.6355 -3.3868 1.1449
v -4.6421 -3.3896 1.2026
v -4.6421 -3.3896 1.1449
v -4.6488 -3.3868 1.2026
v -4.6488 -3.3868 1.1449
v -4.6954 -3.3802 1.2026
v -4.6927 -3.3736 1.2026
v -4.6927 -3.3736 1.1449
v -4.6954 -3.3802 1.1449
v -4.6861 -3.3708 1.2026
v -4.6861 -3.3708 1.1449
v -4.6794 -3.3736 1.2026
v -4.6794 -3.3736 1.1449
v -4.6767 -3.3802 1.2026
v -4.6767 -3.3802 1.1449
v -4.6794 -3.3868 1.2026
v -4.6794 -3.3868 1.1449
v -4.6861 -3.3896 1.2026
v -4.6861 -3.3896 1.1449
v -4.6927 -3.3868 1.2026
v -4.6927 -3.3868 1.1449
v -5.2841 -3.3683 1.2213
v -5.3877 -3.3683 1.2213
v -5.3877 -3.3802 1.2263
v -5.2841 -3.3802 1.2263
v -5.2841 -3.3634 1.2095
v -5.3877 -3.3634 1.2095
v -5.2841 -3.3683 1.1976
v -5.3877 -3.3683 1.1976
v -5.2841 -3.3802 1.1926
v -5.3877 -3.3802 1.1926
v -5.2841 -3.3921 1.1976
v -5.3877 -3.3921 1.1976
v -5.2841 -3.3970 1.2095
v -5.3877 -3.3970 1.2095
v -5.2841 -3.3921 1.2213
v -5.3877 -3.3921 1.2213
v -5.3485 -3.3802 1.2026
v -5.3485 -3.3802 1.1449
v -5.3512 -3.3736 1.1449
v -5.3512 -3.3736 1.2026
v -5.3579 -3.3708 1.1449
v -5.3579 -3.3708 1.2026
v -5.3645 -3.3736 1.1449
v -5.3645 -3.3736 1.2026
v -5.3672 -3.3802 1.1449
v -5.3672 -3.3802 1.2026
v -5.3645 -3.3868 1.1449
v -5.3645 -3.3868 1.2026
v -5.3579 -3.3896 1.1449
v -5.3579 -3.3896 1.2026
v -5.3512 -3.3868 1.1449
v -5.3512 -3.3868 1.2026
v -5.3046 -3.3802 1.2026
v -5.3046 -3.3802 1.1449
v -5.3073 -3.3736 1.1449
v -5.3073 -3.3736 1.2026
v -5.3139 -3.3708 1.1449
v -5.3139 -3.3708 1.2026
v -5.3206 -3.3736 1.1449
v -5.3206 -3.3736 1.2026
v -5.3233 -3.3802 1.1449
v -5.3233 -3.3802 1.2026
v -5.3206 -3.3868 1.1449
v -5.3206 -3.3868 1.2026
v -5.3139 -3.3896 1.1449
v -5.3139 -3.3896 1.2026
v -5.3073 -3.3868 1.1449
v -5.3073 -3.3868 1.2026
v -0.7755 -9.7004 1.4041
v -0.7755 -9.7004 0.2448
v -0.7755 -10.2970 1.4041
v -0.7755 -10.2970 0.2448
v -0.3397 -9.7004 1.4041
v -0.3397 -9.7004 0.2448
v -0.3397 -10.2970 1.4041
v -0.3397 -10.2970 0.2448
v -0.7542 -9.7278 0.0004
v -0.7542 -10.2696 0.0004
v -0.3610 -9.7278 0.0004
v -0.3610 -10.2696 0.0004
v -0.7605 -9.7161 1.4041
v -0.7605 -10.2813 1.4041
v -0.3547 -10.2813 1.4041
v -0.3547 -9.7161 1.4041
v -0.7400 -9.7448 1.0709
v -0.7400 -10.2545 1.0709
v -0.3753 -10.2545 1.0709
v -0.3753 -9.7448 1.0709
v -0.7361 -9.0941 1.1917
v -0.7361 -9.0941 0.2443
v -0.7361 -9.6908 1.1917
v -0.7361 -9.6908 0.2443
v -0.3003 -9.0941 1.1917
v -0.3003 -9.0941 0.2443
v -0.3003 -9.6908 1.1917
v -0.3003 -9.6908 0.2443
v -0.7148 -9.1216 0.0000
v -0.7148 -9.6634 0.0000
v -0.3216 -9.1216 0.0000
v -0.3216 -9.6634 0.0000
v -0.7211 -9.1099 1.1917
v -0.7211 -9.6751 1.1917
v -0.3153 -9.6751 1.1917
v -0.3153 -9.1099 1.1917
v -0.7005 -9.1386 0.8587
v -0.7005 -9.6483 0.8587
v -0.3358 -9.6483 0.8587
v -0.3358 -9.1386 0.8587
v -0.2703 -9.0941 0.2443
v -0.2703 -9.6908 0.8730
v -0.2703 -9.0941 0.8730
v -0.2703 -9.6908 0.2443
v 0.1655 -9.0941 0.8730
v 0.1655 -9.0941 0.2443
v 0.1655 -9.6908 0.2443
v 0.1655 -9.6908 0.8730
v -0.2490 -9.1216 0.0000
v -0.2490 -9.6634 0.0000
v 0.1442 -9.1216 0.0000
v 0.1442 -9.6634 0.0000
v -0.2553 -9.1099 0.8730
v -0.2553 -9.6751 0.8730
v 0.1505 -9.6751 0.8730
v 0.1505 -9.1099 0.8730
v -0.2347 -9.1386 0.5403
v -0.2347 -9.6483 0.5403
v 0.1300 -9.6483 0.5403
v 0.1300 -9.1386 0.5403
v -0.2895 -9.7152 1.2979
v -0.2895 -9.7152 0.2448
v -0.2895 -10.3119 1.2979
v -0.2895 -10.3119 0.2448
v 0.1463 -9.7152 1.2979
v 0.1463 -9.7152 0.2448
v 0.1463 -10.3119 1.2979
v 0.1463 -10.3119 0.2448
v -0.2682 -9.7426 0.0004
v -0.2682 -10.2844 0.0004
v 0.1250 -9.7426 0.0004
v 0.1250 -10.2844 0.0004
v -0.2745 -9.7309 1.2979
v -0.2745 -10.2961 1.2979
v 0.1313 -10.2961 1.2979
v 0.1313 -9.7309 1.2979
v -0.2540 -9.7596 0.9650
v -0.2540 -10.2693 0.9650
v 0.1107 -10.2693 0.9650
v 0.1107 -9.7596 0.9650
v 10.0295 2.5026 1.4041
v 10.0295 2.5026 0.2448
v 10.0295 1.9060 1.4041
v 10.0295 1.9060 0.2448
v 10.4653 2.5026 1.4041
v 10.4653 2.5026 0.2448
v 10.4653 1.9060 1.4041
v 10.4653 1.9060 0.2448
v 10.0508 2.4752 0.0004
v 10.0508 1.9334 0.0004
v 10.4440 2.4752 0.0004
v 10.4440 1.9334 0.0004
v 10.0445 2.4869 1.4041
v 10.0445 1.9217 1.4041
v 10.4503 1.9217 1.4041
v 10.4503 2.4869 1.4041
v 10.0650 2.4582 1.0709
v 10.0650 1.9485 1.0709
v 10.4297 1.9485 1.0709
v 10.4297 2.4582 1.0709
v 10.0689 3.1089 1.1917
v 10.0689 3.1089 0.2443
v 10.0689 2.5122 1.1917
v 10.0689 2.5122 0.2443
v 10.5047 3.1089 1.1917
v 10.5047 3.1089 0.2443
v 10.5047 2.5122 1.1917
v 10.5047 2.5122 0.2443
v 10.0902 3.0814 0.0000
v 10.0902 2.5396 0.0000
v 10.4834 3.0814 0.0000
v 10.4834 2.5396 0.0000
v 10.0839 3.0931 1.1917
v 10.0839 2.5279 1.1917
v 10.4897 2.5279 1.1917
v 10.4897 3.0931 1.1917
v 10.1045 3.0644 0.8587
v 10.1045 2.5547 0.8587
v 10.4692 2.5547 0.8587
v 10.4692 3.0644 0.8587
v 10.5347 3.1089 0.2443
v 10.5347 2.5122 0.8730
v 10.5347 3.1089 0.8730
v 10.5347 2.5122 0.2443
v 10.9705 3.1089 0.8730
v 10.9705 3.1089 0.2443
v 10.9705 2.5122 0.2443
v 10.9705 2.5122 0.8730
v 10.5560 3.0814 0.0000
v 10.5560 2.5396 0.0000
v 10.9492 3.0814 0.0000
v 10.9492 2.5396 0.0000
v 10.5497 3.0931 0.8730
v 10.5497 2.5279 0.8730
v 10.9555 2.5279 0.8730
v 10.9555 3.0931 0.8730
v 10.5703 3.0644 0.5403
v 10.5703 2.5547 0.5403
v 10.9350 2.5547 0.5403
v 10.9350 3.0644 0.5403
v 10.5155 2.4878 1.2979
v 10.5155 2.4878 0.2448
v 10.5155 1.8911 1.2979
v 10.5155 1.8911 0.2448
v 10.9513 2.4878 1.2979
v 10.9513 2.4878 0.2448
v 10.9513 1.8911 1.2979
v 10.9513 1.8911 0.2448
v 10.5368 2.4604 0.0004
v 10.5368 1.9186 0.0004
v 10.9300 2.4604 0.0004
v 10.9300 1.9186 0.0004
v 10.5305 2.4721 1.2979
v 10.5305 1.9069 1.2979
v 10.9363 1.9069 1.2979
v 10.9363 2.4721 1.2979
v 10.5510 2.4434 0.9650
v 10.5510 1.9337 0.9650
v 10.9157 1.9337 0.9650
v 10.9157 2.4434 0.9650
vt 0.0000 0.0000
vt 1.0000 0.0000
vt 1.0000 1.0000
vt 0.0000 1.0000
vt 0.0000 0.0000
vt 12.5000 0.0000
vt 12.5000 0.1000
vt 0.0000 0.1000
vt 0.0000 0.0000
vt 12.5000 0.0000
vt 12.5000 1.4000
vt 0.0000 1.4000
vt 0.0000 0.0000
vt 12.5000 0.0000
vt 12.5000 1.4000
vt 0.0000 1.4000
vt 0.0000 0.0000
vt 0.1000 0.0000
vt 0.1000 1.4000
vt 0.0000 1.4000
vt 0.0000 0.0000
vt 0.1000 0.0000
vt 0.1000 1.4000
vt 0.0000 1.4000
vt 0.0000 0.0000
vt 12.5000 0.0000
vt 12.5000 0.1000
vt 0.0000 0.1000
vt 0.0000 0.0000
vt 12.5000 0.0000
vt 12.5000 1.4000
vt 0.0000 1.4000
vt 0.0000 0.0000
vt 12.5000 0.0000
vt 12.5000 1.4000
vt 0.0000 1.4000
vt 0.0000 0.0000
vt 0.1000 0.0000
vt 0.1000 1.4000
vt 0.0000 1.4000
vt 0.0000 0.0000
vt 0.1000 0.0000
vt 0.1000 1.4000
vt 0.0000 1.4000
vt 0.0000 0.0000
vt 0.1000 0.0000
vt 0.1000 12.5000
vt 0.0000 12.5000
vt 0.0000 0.0000
vt 0.1000 0.0000
vt 0.1000 1.4000
vt 0.0000 1.4000
vt 0.0000 0.0000
vt 0.1000 0.0000
vt 0.1000 1.4000
vt 0.0000 1.4000
vt 0.0000 0.0000
vt 12.5000 0.0000
vt 12.5000 1.4000
vt 0.0000 1.4000
vt 0.0000 0.0000
vt 12.5000 0.0000
vt 12.5000 1.4000
vt 0.0000 1.4000
vt 0.0000 0.0000
vt 0.1000 0.0000
vt 0.1000 9.7500
vt 0.0000 9.7500
vt 0.0000 0.0000
vt 0.1000 0.0000
vt 0.1000 1.4000
vt 0.0000 1.4000
vt 0.0000 0.0000
vt 0.1000 0.0000
vt 0.1000 1.4000
vt 0.0000 1.4000
vt 0.0000 0.0000
vt 9.7500 0.0000
vt 9.7500 1.4000
vt 0.0000 1.4000
vt 0.0000 0.0000
vt 9.7500 0.0000
vt 9.7500 1.4000
vt 0.0000 1.4000
vt 0.0000 0.0000
vt 0.1000 0.0000
vt 0.1000 1.0000
vt 0.0000 1.0000
vt 0.0000 0.0000
vt 0.1000 0.0000
vt 0.1000 1.4000
vt 0.0000 1.4000
vt 0.0000 0.0000
vt 0.1000 0.0000
vt 0.1000 1.4000
vt 0.0000 1.4000
vt 0.0000 0.0000
vt 1.0000 0.0000
vt 1.0000 1.4000
vt 0.0000 1.4000
vt 0.0000 0.0000
vt 1.0000 0.0000
vt 1.0000 1.4000
vt 0.0000 1.4000
vt 0.0000 0.0000
vt 2.1500 0.0000
vt 2.1500 0.1000
vt 0.0000 0.1000
vt 0.0000 0.0000
vt 2.1500 0.0000
vt 2.1500 1.4000
vt 0.0000 1.4000
vt 0.0000 0.0000
vt 2.1500 0.0000
vt 2.1500 1.4000
vt 0.0000 1.4000
vt 0.0000 0.0000
vt 0.1000 0.0000
vt 0.1000 1.4000
vt 0.0000 1.4000
vt 0.0000 0.0000
vt 0.1000 0.0000
vt 0.1000 1.4000
vt 0.0000 1.4000
vt 0.0000 0.0000
vt 0.6500 0.0000
vt 0.6500 0.1000
vt 0.0000 0.1000
vt 0.0000 0.0000
vt 0.6500 0.0000
vt 0.6500 1.4000
vt 0.0000 1.4000
vt 0.0000 0.0000
vt 0.6500 0.0000
vt 0.6500 1.4000
vt 0.0000 1.4000
vt 0.0000 0.0000
vt 0.1000 0.0000
vt 0.1000 1.4000
vt 0.0000 1.4000
vt 0.0000 0.0000
vt 0.1000 0.0000
vt 0.1000 1.4000
vt 0.0000 1.4000
vt 0.0000 0.0000
vt 0.1000 0.0000
vt 0.1000 1.6500
vt 0.0000 1.6500
vt 0.0000 0.0000
vt 0.1000 0.0000
vt 0.1000 1.4000
vt 0.0000 1.4000
vt 0.0000 0.0000
vt 0.1000 0.0000
vt 0.1000 1.4000
vt 0.0000 1.4000
vt 0.0000 0.0000
vt 1.6500 0.0000
vt 1.6500 1.4000
vt 0.0000 1.4000
vt 0.0000 0.0000
vt 1.6500 0.0000
vt 1.6500 1.4000
vt 0.0000 1.4000
vt 0.0000 0.0000
vt 0.1000 0.0000
vt 0.1000 1.7500
vt 0.0000 1.7500
vt 0.0000 0.0000
vt 0.1000 0.0000
vt 0.1000 1.4000
vt 0.0000 1.4000
vt 0.0000 0.0000
vt 0.1000 0.0000
vt 0.1000 1.4000
vt 0.0000 1.4000
vt 0.0000 0.0000
vt 1.7500 0.0000
vt 1.7500 1.4000
vt 0.0000 1.4000
vt 0.0000 0.0000
vt 1.7500 0.0000
vt 1.7500 1.4000
vt 0.0000 1.4000
vt 0.0000 0.0000
vt 0.1000 0.0000
vt 0.1000 0.6500
vt 0.0000 0.6500
vt 0.0000 0.0000
vt 0.1000 0.0000
vt 0.1000 1.4000
vt 0.0000 1.4000
vt 0.0000 0.0000
vt 0.1000 0.0000
vt 0.1000 1.4000
vt 0.0000 1.4000
vt 0.0000 0.0000
vt 0.6500 0.0000
vt 0.6500 1.4000
vt 0.0000 1.4000
vt 0.0000 0.0000
vt 0.6500 0.0000
vt 0.6500 1.4000
vt 0.0000 1.4000
vt 0.0000 0.0000
vt 0.1000 0.0000
vt 0.1000 2.6000
vt 0.0000 2.6000
vt 0.0000 0.0000
vt 0.1000 0.0000
vt 0.1000 1.4000
vt 0.0000 1.4000
vt 0.0000 0.0000
vt 0.1000 0.0000
vt 0.1000 1.4000
vt 0.0000 1.4000
vt 0.0000 0.0000
vt 2.6000 0.0000
vt 2.6000 1.4000
vt 0.0000 1.4000
vt 0.0000 0.0000
vt 2.6000 0.0000
vt 2.6000 1.4000
vt 0.0000 1.4000
vt 0.0000 0.0000
vt 0.1000 0.0000
vt 0.1000 2.0000
vt 0.0000 2.0000
vt 0.0000 0.0000
vt 0.1000 0.0000
vt 0.1000 1.4000
vt 0.0000 1.4000
vt 0.0000 0.0000
vt 0.1000 0.0000
vt 0.1000 1.4000
vt 0.0000 1.4000
vt 0.0000 0.0000
vt 2.0000 0.0000
vt 2.0000 1.4000
vt 0.0000 1.4000
vt 0.0000 0.0000
vt 2.0000 0.0000
vt 2.0000 1.4000
vt 0.0000 1.4000
vt 0.0000 0.0000
vt 0.1000 0.0000
vt 0.1000 2.1500
vt 0.0000 2.1500
vt 0.0000 0.0000
vt 0.1000 0.0000
vt 0.1000 1.4000
vt 0.0000 1.4000
vt 0.0000 0.0000
vt 0.1000 0.0000
vt 0.1000 1.4000
vt 0.0000 1.4000
vt 0.0000 0.0000
vt 2.1500 0.0000
vt 2.1500 1.4000
vt 0.0000 1.4000
vt 0.0000 0.0000
vt 2.1500 0.0000
vt 2.1500 1.4000
vt 0.0000 1.4000
vt 0.0000 0.0000
vt 2.0000 0.0000
vt 2.0000 0.1000
vt 0.0000 0.1000
vt 0.0000 0.0000
vt 2.0000 0.0000
vt 2.0000 1.4000
vt 0.0000 1.4000
vt 0.0000 0.0000
vt 2.0000 0.0000
vt 2.0000 1.4000
vt 0.0000 1.4000
vt 0.0000 0.0000
vt 0.1000 0.0000
vt 0.1000 1.4000
vt 0.0000 1.4000
vt 0.0000 0.0000
vt 0.1000 0.0000
vt 0.1000 1.4000
vt 0.0000 1.4000
vt 0.0000 0.0000
vt 2.1500 0.0000
vt 2.1500 0.1000
vt 0.0000 0.1000
vt 0.0000 0.0000
vt 2.1500 0.0000
vt 2.1500 1.4000
vt 0.0000 1.4000
vt 0.0000 0.0000
vt 2.1500 0.0000
vt 2.1500 1.4000
vt 0.0000 1.4000
vt 0.0000 0.0000
vt 0.1000 0.0000
vt 0.1000 1.4000
vt 0.0000 1.4000
vt 0.0000 0.0000
vt 0.1000 0.0000
vt 0.1000 1.4000
vt 0.0000 1.4000
vt 0.0000 0.0000
vt 0.3000 0.0000
vt 0.3000 0.3000
vt 0.0000 0.3000
vt 0.0000 0.0000
vt 0.3000 0.0000
vt 0.3000 1.4000
vt 0.0000 1.4000
vt 0.0000 0.0000
vt 0.3000 0.0000
vt 0.3000 1.4000
vt 0.0000 1.4000
vt 0.0000 0.0000
vt 0.3000 0.0000
vt 0.3000 1.4000
vt 0.0000 1.4000
vt 0.0000 0.0000
vt 0.3000 0.0000
vt 0.3000 1.4000
vt 0.0000 1.4000
vt 0.0000 0.0000
vt 0.3000 0.0000
vt 0.3000 0.3000
vt 0.0000 0.3000
vt 0.0000 0.0000
vt 0.3000 0.0000
vt 0.3000 1.4000
vt 0.0000 1.4000
vt 0.0000 0.0000
vt 0.3000 0.0000
vt 0.3000 1.4000
vt 0.0000 1.4000
vt 0.0000 0.0000
vt 0.3000 0.0000
vt 0.3000 1.4000
vt 0.0000 1.4000
vt 0.0000 0.0000
vt 0.3000 0.0000
vt 0.3000 1.4000
vt 0.0000 1.4000
vt 0.0000 0.0000
vt 0.3000 0.0000
vt 0.3000 0.3000
vt 0.0000 0.3000
vt 0.0000 0.0000
vt 0.3000 0.0000
vt 0.3000 1.4000
vt 0.0000 1.4000
vt 0.0000 0.0000
vt 0.3000 0.0000
vt 0.3000 1.4000
vt 0.0000 1.4000
vt 0.0000 0.0000
vt 0.3000 0.0000
vt 0.3000 1.4000
vt 0.0000 1.4000
vt 0.0000 0.0000
vt 0.3000 0.0000
vt 0.3000 1.4000
vt 0.0000 1.4000
vt 0.0000 0.0000
vt 0.3000 0.0000
vt 0.3000 0.3000
vt 0.0000 0.3000
vt 0.0000 0.0000
vt 0.3000 0.0000
vt 0.3000 1.4000
vt 0.0000 1.4000
vt 0.0000 0.0000
vt 0.3000 0.0000
vt 0.3000 1.4000
vt 0.0000 1.4000
vt 0.0000 0.0000
vt 0.3000 0.0000
vt 0.3000 1.4000
vt 0.0000 1.4000
vt 0.0000 0.0000
vt 0.3000 0.0000
vt 0.3000 1.4000
vt 0.0000 1.4000
vt 0.0162 0.5223
vt 0.7563 0.5223
vt 0.0162 0.7158
vt 0.7563 0.7158
vt 0.7496 0.5145
vt 0.0095 0.0610
vt 0.7496 0.0610
vt 0.0095 0.5145
vt 0.9695 0.4804
vt 0.9696 0.9387
vt 0.7715 0.9383
vt 0.7714 0.4807
vt 0.0072 0.0394
vt 0.7516 0.0394
vt 0.0072 0.4990
vt 0.7516 0.4990
vt 0.7792 0.4991
vt 0.7793 0.0407
vt 0.9774 0.0411
vt 0.9773 0.4987
vt 0.0162 0.7181
vt 0.7563 0.7181
vt 0.0162 0.9116
vt 0.7563 0.9116
vt 0.2387 0.2061
vt 0.9426 0.2061
vt 0.2387 0.6920
vt 0.9426 0.6920
vt 0.2407 0.6920
vt 0.2407 0.2061
vt 0.9445 0.6920
vt 0.9445 0.2061
vt 1.0149 0.2061
vt 1.0149 0.6920
vt 0.9445 0.7624
vt 0.2407 0.7624
vt 0.1703 0.6920
vt 0.1703 0.2061
vt 0.2298 0.1026
vt 0.9336 0.1026
vt 0.2298 0.1730
vt 0.9336 0.1730
vt 0.0270 0.6920
vt 0.0270 0.4248
vt 0.4870 0.6920
vt 0.4870 0.4248
vt 0.5070 0.4017
vt 0.5070 0.0362
vt 0.9669 0.4017
vt 0.9669 0.0362
vt 0.0295 0.4152
vt 0.0295 0.0434
vt 0.4895 0.4152
vt 0.4895 0.0354
vt 0.0295 0.0354
vt 0.0295 0.0354
vt 0.4091 0.9717
vt 0.0374 0.9715
vt 0.4073 0.6988
vt 0.0392 0.6987
vt 0.5055 0.6769
vt 0.5055 0.4096
vt 0.9655 0.6769
vt 0.9655 0.4096
vt 0.5703 0.9624
vt 0.5703 0.7050
vt 0.9146 0.9624
vt 0.9223 0.7050
vt 0.0295 0.0354
vt 0.0295 0.0354
vt 0.0162 0.5223
vt 0.7563 0.5223
vt 0.0162 0.7158
vt 0.7563 0.7158
vt 0.7496 0.5145
vt 0.0095 0.0610
vt 0.7496 0.0610
vt 0.0095 0.5145
vt 0.9695 0.4804
vt 0.9696 0.9387
vt 0.7715 0.9383
vt 0.7714 0.4807
vt 0.0072 0.0394
vt 0.7516 0.0394
vt 0.0072 0.4990
vt 0.7516 0.4990
vt 0.7792 0.4991
vt 0.7793 0.0407
vt 0.9774 0.0411
vt 0.9773 0.4987
vt 0.0162 0.7181
vt 0.7563 0.7181
vt 0.0162 0.9116
vt 0.7563 0.9116
vt 0.2387 0.2061
vt 0.9426 0.2061
vt 0.2387 0.6920
vt 0.9426 0.6920
vt 0.2407 0.6920
vt 0.2407 0.2061
vt 0.9445 0.6920
vt 0.9445 0.2061
vt 1.0149 0.2061
vt 1.0149 0.6920
vt 0.9445 0.7624
vt 0.2407 0.7624
vt 0.1703 0.6920
vt 0.1703 0.2061
vt 0.2298 0.1026
vt 0.9336 0.1026
vt 0.2298 0.1730
vt 0.9336 0.1730
vt 0.0270 0.6920
vt 0.0270 0.4248
vt 0.4870 0.6920
vt 0.4870 0.4248
vt 0.5070 0.4017
vt 0.5070 0.0362
vt 0.9669 0.4017
vt 0.9669 0.0362
vt 0.0295 0.4152
vt 0.0295 0.0434
vt 0.4895 0.4152
vt 0.4895 0.0354
vt 0.0295 0.0354
vt 0.0295 0.0354
vt 0.4091 0.9717
vt 0.0374 0.9715
vt 0.4073 0.6988
vt 0.0392 0.6987
vt 0.5055 0.6769
vt 0.5055 0.4096
vt 0.9655 0.6769
vt 0.9655 0.4096
vt 0.5703 0.9624
vt 0.5703 0.7050
vt 0.9146 0.9624
vt 0.9223 0.7050
vt 0.0295 0.0354
vt 0.0295 0.0354
vt 0.0162 0.5223
vt 0.7563 0.5223
vt 0.0162 0.7158
vt 0.7563 0.7158
vt 0.7496 0.5145
vt 0.0095 0.0610
vt 0.7496 0.0610
vt 0.0095 0.5145
vt 0.9695 0.4804
vt 0.9696 0.9387
vt 0.7715 0.9383
vt 0.7714 0.4807
vt 0.0072 0.0394
vt 0.7516 0.0394
vt 0.0072 0.4990
vt 0.7516 0.4990
vt 0.7792 0.4991
vt 0.7793 0.0407
vt 0.9774 0.0411
vt 0.9773 0.4987
vt 0.0162 0.7181
vt 0.7563 0.7181
vt 0.0162 0.9116
vt 0.7563 0.9116
vt 0.2387 0.2061
vt 0.9426 0.2061
vt 0.2387 0.6920
vt 0.9426 0.6920
vt 0.2407 0.6920
vt 0.2407 0.2061
vt 0.9445 0.6920
vt 0.9445 0.2061
vt 1.0149 0.2061
vt 1.0149 0.6920
vt 0.9445 0.7624
vt 0.2407 0.7624
vt 0.1703 0.6920
vt 0.1703 0.2061
vt 0.2298 0.1026
vt 0.9336 0.1026
vt 0.2298 0.1730
vt 0.9336 0.1730
vt 0.0270 0.6920
vt 0.0270 0.4248
vt 0.4870 0.6920
vt 0.4870 0.4248
vt 0.5070 0.4017
vt 0.5070 0.0362
vt 0.9669 0.4017
vt 0.9669 0.0362
vt 0.0295 0.4152
vt 0.0295 0.0434
vt 0.4895 0.4152
vt 0.4895 0.0354
vt 0.0295 0.0354
vt 0.0295 0.0354
vt 0.4091 0.9717
vt 0.0374 0.9715
vt 0.4073 0.6988
vt 0.0392 0.6987
vt 0.5055 0.6769
vt 0.5055 0.4096
vt 0.9655 0.6769
vt 0.9655 0.4096
vt 0.5703 0.9624
vt 0.5703 0.7050
vt 0.9146 0.9624
vt 0.9223 0.7050
vt 0.0295 0.0354
vt 0.0295 0.0354
vt 0.0162 0.5223
vt 0.7563 0.5223
vt 0.0162 0.7158
vt 0.7563 0.7158
vt 0.7496 0.5145
vt 0.0095 0.0610
vt 0.7496 0.0610
vt 0.0095 0.5145
vt 0.9695 0.4804
vt 0.9696 0.9387
vt 0.7715 0.9383
vt 0.7714 0.4807
vt 0.0072 0.0394
vt 0.7516 0.0394
vt 0.0072 0.4990
vt 0.7516 0.4990
vt 0.7792 0.4991
vt 0.7793 0.0407
vt 0.9774 0.0411
vt 0.9773 0.4987
vt 0.0162 0.7181
vt 0.7563 0.7181
vt 0.0162 0.9116
vt 0.7563 0.9116
vt 0.2387 0.2061
vt 0.9426 0.2061
vt 0.2387 0.6920
vt 0.9426 0.6920
vt 0.2407 0.6920
vt 0.2407 0.2061
vt 0.9445 0.6920
vt 0.9445 0.2061
vt 1.0149 0.2061
vt 1.0149 0.6920
vt 0.9445 0.7624
vt 0.2407 0.7624
vt 0.1703 0.6920
vt 0.1703 0.2061
vt 0.2298 0.1026
vt 0.9336 0.1026
vt 0.2298 0.1730
vt 0.9336 0.1730
vt 0.0270 0.6920
vt 0.0270 0.4248
vt 0.4870 0.6920
vt 0.4870 0.4248
vt 0.5070 0.4017
vt 0.5070 0.0362
vt 0.9669 0.4017
vt 0.9669 0.0362
vt 0.0295 0.4152
vt 0.0295 0.0434
vt 0.4895 0.4152
vt 0.4895 0.0354
vt 0.0295 0.0354
vt 0.0295 0.0354
vt 0.4091 0.9717
vt 0.0374 0.9715
vt 0.4073 0.6988
vt 0.0392 0.6987
vt 0.5055 0.6769
vt 0.5055 0.4096
vt 0.9655 0.6769
vt 0.9655 0.4096
vt 0.5703 0.9624
vt 0.5703 0.7050
vt 0.9146 0.9624
vt 0.9223 0.7050
vt 0.0295 0.0354
vt 0.0295 0.0354
vt 0.0162 0.5223
vt 0.7563 0.5223
vt 0.0162 0.7158
vt 0.7563 0.7158
vt 0.7496 0.5145
vt 0.0095 0.0610
vt 0.7496 0.0610
vt 0.0095 0.5145
vt 0.9695 0.4804
vt 0.9696 0.9387
vt 0.7715 0.9383
vt 0.7714 0.4807
vt 0.0072 0.0394
vt 0.7516 0.0394
vt 0.0072 0.4990
vt 0.7516 0.4990
vt 0.7792 0.4991
vt 0.7793 0.0407
vt 0.9774 0.0411
vt 0.9773 0.4987
vt 0.0162 0.7181
vt 0.7563 0.7181
vt 0.0162 0.9116
vt 0.7563 0.9116
vt 0.2387 0.2061
vt 0.9426 0.2061
vt 0.2387 0.6920
vt 0.9426 0.6920
vt 0.2407 0.6920
vt 0.2407 0.2061
vt 0.9445 0.6920
vt 0.9445 0.2061
vt 1.0149 0.2061
vt 1.0149 0.6920
vt 0.9445 0.7624
vt 0.2407 0.7624
vt 0.1703 0.6920
vt 0.1703 0.2061
vt 0.2298 0.1026
vt 0.9336 0.1026
vt 0.2298 0.1730
vt 0.9336 0.1730
vt 0.0270 0.6920
vt 0.0270 0.4248
vt 0.4870 0.6920
vt 0.4870 0.4248
vt 0.5070 0.4017
vt 0.5070 0.0362
vt 0.9669 0.4017
vt 0.9669 0.0362
vt 0.0295 0.4152
vt 0.0295 0.0434
vt 0.4895 0.4152
vt 0.4895 0.0354
vt 0.0295 0.0354
vt 0.0295 0.0354
vt 0.4091 0.9717
vt 0.0374 0.9715
vt 0.4073 0.6988
vt 0.0392 0.6987
vt 0.5055 0.6769
vt 0.5055 0.4096
vt 0.9655 0.6769
vt 0.9655 0.4096
vt 0.5703 0.9624
vt 0.5703 0.7050
vt 0.9146 0.9624
vt 0.9223 0.7050
vt 0.0295 0.0354
vt 0.0295 0.0354
vt 0.0270 0.6920
vt 0.4870 0.4248
vt 0.4870 0.6920
vt 0.0270 0.4248
vt 0.5070 0.4017
vt 0.9669 0.0362
vt 0.9669 0.4017
vt 0.5070 0.0362
vt 0.0295 0.0434
vt 0.4895 0.4152
vt 0.0295 0.4152
vt 0.4895 0.0354
vt 0.0295 0.0354
vt 0.0374 0.9715
vt 0.4073 0.6988
vt 0.4091 0.9717
vt 0.0392 0.6987
vt 0.9655 0.6769
vt 0.5055 0.6769
vt 0.5055 0.4096
vt 0.9655 0.4096
vt 0.9146 0.9624
vt 0.9223 0.7050
vt 0.9223 0.9624
vt 0.5703 0.7050
vt 0.5703 0.9624
vt 0.0270 0.6920
vt 0.4870 0.4248
vt 0.4870 0.6920
vt 0.0270 0.4248
vt 0.5070 0.4017
vt 0.9669 0.0362
vt 0.9669 0.4017
vt 0.5070 0.0362
vt 0.0295 0.0434
vt 0.4895 0.4152
vt 0.0295 0.4152
vt 0.4895 0.0354
vt 0.0295 0.0354
vt 0.0374 0.9715
vt 0.4073 0.6988
vt 0.4091 0.9717
vt 0.0392 0.6987
vt 0.9655 0.6769
vt 0.5055 0.6769
vt 0.5055 0.4096
vt 0.9655 0.4096
vt 0.9146 0.9624
vt 0.9223 0.7050
vt 0.9223 0.9624
vt 0.5703 0.7050
vt 0.5703 0.9624
vt 0.0270 0.6920
vt 0.4870 0.4248
vt 0.4870 0.6920
vt 0.0270 0.4248
vt 0.5070 0.4017
vt 0.9669 0.0362
vt 0.9669 0.4017
vt 0.5070 0.0362
vt 0.0295 0.0434
vt 0.4895 0.4152
vt 0.0295 0.4152
vt 0.4895 0.0354
vt 0.0295 0.0354
vt 0.0374 0.9715
vt 0.4073 0.6988
vt 0.4091 0.9717
vt 0.0392 0.6987
vt 0.9655 0.6769
vt 0.5055 0.6769
vt 0.5055 0.4096
vt 0.9655 0.4096
vt 0.9146 0.9624
vt 0.9223 0.7050
vt 0.9223 0.9624
vt 0.5703 0.7050
vt 0.5703 0.9624
vt 0.9627 0.0975
vt 0.7859 0.0977
vt 0.7859 0.0858
vt 0.9627 0.0856
vt 0.4699 0.0651
vt 0.4699 0.0532
vt 0.5332 0.0530
vt 0.5333 0.0650
vt 0.8067 0.1171
vt 0.9833 0.1173
vt 0.9884 0.1204
vt 0.9900 0.1297
vt 0.8489 0.1294
vt 0.9823 0.1456
vt 0.8411 0.1455
vt 0.8411 0.1356
vt 0.9823 0.1358
vt 0.5332 0.0431
vt 0.3232 0.0208
vt 0.3249 0.0117
vt 0.3300 0.0087
vt 0.4644 0.0227
vt 0.4946 0.0109
vt 0.2471 0.0849
vt 0.0824 0.0852
vt 0.0824 0.0822
vt 0.2471 0.0819
vt 0.5332 0.0401
vt 0.4608 0.3748
vt 0.5240 0.5529
vt 0.3976 0.5529
vt 0.3127 0.0210
vt 0.3022 0.0210
vt 0.1598 0.0091
vt 0.3127 0.0091
vt 0.7801 0.0858
vt 0.7800 0.0977
vt 0.2960 0.0868
vt 0.2898 0.0743
vt 0.3021 0.0515
vt 0.3125 0.0532
vt 0.3029 0.1063
vt 0.2890 0.1063
vt 0.2890 0.0964
vt 0.3029 0.0964
vt 0.6925 0.0710
vt 0.7028 0.0693
vt 0.7150 0.0800
vt 0.7088 0.0925
vt 0.3126 0.0431
vt 0.1598 0.0427
vt 0.3021 0.0400
vt 0.3126 0.0401
vt 0.0763 0.0822
vt 0.0765 0.0852
vt 0.9688 0.0856
vt 0.9688 0.0975
vt 0.7707 0.0858
vt 0.7705 0.0977
vt 0.8352 0.1371
vt 0.8017 0.1205
vt 0.9979 0.1358
vt 0.9979 0.1457
vt 0.4996 0.0144
vt 0.4779 0.0305
vt 0.2531 0.0819
vt 0.2531 0.0849
vt 0.0660 0.0817
vt 0.0673 0.0848
vt 0.6133 0.0518
vt 0.6132 0.0636
vt 0.5537 0.0644
vt 0.5535 0.0527
vt 0.6131 0.0421
vt 0.5534 0.0429
vt 0.6135 0.3765
vt 0.6170 0.3815
vt 0.6170 0.5462
vt 0.6136 0.5512
vt 0.3608 0.1187
vt 0.3405 0.1188
vt 0.3404 0.1065
vt 0.3607 0.1065
vt 0.3826 0.1187
vt 0.3706 0.1187
vt 0.3706 0.1064
vt 0.3825 0.1065
vt 0.3306 0.1188
vt 0.3187 0.1190
vt 0.3186 0.1067
vt 0.3306 0.1066
vt 0.0066 0.1145
vt 0.0269 0.1145
vt 0.0269 0.1264
vt 0.0066 0.1265
vt 0.0269 0.1363
vt 0.0066 0.1363
vt 0.8053 0.1156
vt 0.8053 0.1037
vt 0.9821 0.1038
vt 0.9821 0.1157
vt 0.4065 0.0653
vt 0.4065 0.0533
vt 0.6129 0.3313
vt 0.5707 0.3435
vt 0.4295 0.3432
vt 0.4311 0.3340
vt 0.4361 0.3309
vt 0.6509 0.0148
vt 0.6509 0.0247
vt 0.5097 0.0247
vt 0.5097 0.0148
vt 0.4065 0.0434
vt 0.5550 0.3552
vt 0.5852 0.3672
vt 0.4205 0.3683
vt 0.4155 0.3653
vt 0.4138 0.3562
vt 0.0850 0.0314
vt 0.0851 0.0284
vt 0.2497 0.0296
vt 0.2497 0.0326
vt 0.3185 0.3748
vt 0.0964 0.0743
vt 0.0964 0.0515
vt 0.0956 0.1063
vt 0.0956 0.0964
vt 0.9084 0.0696
vt 0.9084 0.0803
vt 0.0173 0.0430
vt 0.0965 0.0398
vt 0.0068 0.0210
vt 0.0068 0.0091
vt 0.0173 0.0091
vt 0.0966 0.0210
vt 0.9880 0.1038
vt 0.9880 0.1158
vt 0.0233 0.0868
vt 0.0068 0.0532
vt 0.0147 0.1063
vt 0.0147 0.0964
vt 0.9979 0.0713
vt 0.9815 0.0928
vt 0.0068 0.0431
vt 0.0068 0.0401
vt 0.2558 0.0297
vt 0.2556 0.0327
vt 0.7992 0.1156
vt 0.7993 0.1037
vt 0.9973 0.1039
vt 0.9975 0.1158
vt 0.6179 0.3348
vt 0.5843 0.3512
vt 0.6665 0.0148
vt 0.6665 0.0247
vt 0.5686 0.3474
vt 0.5901 0.3637
vt 0.0789 0.0313
vt 0.0790 0.0283
vt 0.2661 0.0293
vt 0.2648 0.0323
vt 0.3250 0.0525
vt 0.3859 0.0533
vt 0.3858 0.0653
vt 0.3250 0.0645
vt 0.3251 0.0425
vt 0.3861 0.0433
vt 0.3266 0.0395
vt 0.3046 0.5462
vt 0.3046 0.3815
vt 0.3081 0.3765
vt 0.3081 0.5512
vt 0.3183 0.5529
vt 0.3812 0.0900
vt 0.3811 0.1022
vt 0.3608 0.1021
vt 0.3609 0.0899
vt 0.4029 0.0900
vt 0.4029 0.1022
vt 0.3910 0.1023
vt 0.3910 0.0900
vt 0.3510 0.0898
vt 0.3509 0.1020
vt 0.3390 0.1019
vt 0.3391 0.0896
vt 0.6591 0.0609
vt 0.6591 0.0490
vt 0.6794 0.0490
vt 0.6794 0.0609
vt 0.6591 0.0391
vt 0.6794 0.0391
vt 0.4206 0.1725
vt 0.6774 0.1720
vt 0.6777 0.3262
vt 0.4208 0.3267
vt 0.0362 0.5661
vt 0.6001 0.5665
vt 0.6173 0.9995
vt 0.0183 0.9991
vt 0.2458 0.1217
vt 0.3722 0.1235
vt 0.3803 0.3197
vt 0.2323 0.3204
vt 0.0205 0.3610
vt 0.2773 0.3612
vt 0.2852 0.5584
vt 0.0123 0.5583
vt 0.0432 0.1219
vt 0.1695 0.1242
vt 0.1768 0.3204
vt 0.0288 0.3205
vt 0.9775 0.0630
vt 0.7046 0.0630
vt 0.6925 0.0460
vt 0.9896 0.0460
vt 0.3945 0.3340
vt 0.2180 0.3340
vt 0.6121 0.0875
vt 0.3392 0.0866
vt 0.3272 0.0696
vt 0.6243 0.0705
vt 0.1911 0.3347
vt 0.0144 0.3340
vt 0.9900 0.0407
vt 0.6929 0.0407
vt 0.6929 0.0236
vt 0.9900 0.0236
vt 0.3959 0.3508
vt 0.2169 0.3514
vt 0.9900 0.0200
vt 0.6929 0.0200
vt 0.6929 0.0029
vt 0.9900 0.0029
vt 0.1921 0.3517
vt 0.0133 0.3514
vt 0.4008 0.1305
vt 0.6979 0.1318
vt 0.6743 0.1628
vt 0.4242 0.1617
vt 0.8089 0.1822
vt 0.9847 0.1832
vt 0.9534 0.2065
vt 0.8399 0.2059
vt 0.6965 0.1268
vt 0.3994 0.1255
vt 0.4230 0.0944
vt 0.6731 0.0955
vt 0.9888 0.1758
vt 0.8129 0.1746
vt 0.8442 0.1513
vt 0.9578 0.1521
vt 0.6341 0.9994
vt 0.6168 0.5664
vt 0.0195 0.5659
vt 0.0016 0.9989
vt 0.3880 0.3186
vt 0.3794 0.1232
vt 0.2928 0.5583
vt 0.2849 0.3611
vt 0.1984 0.3336
vt 0.1845 0.3193
vt 0.6853 0.0483
vt 0.6974 0.0652
vt 0.3199 0.0719
vt 0.3320 0.0889
vt 0.4019 0.3329
vt 0.2001 0.3510
vt 0.6853 0.0236
vt 0.6853 0.0407
vt 0.6853 0.0029
vt 0.6853 0.0200
vt 0.4035 0.3501
vt 0.8380 0.1457
vt 0.8055 0.1673
vt 0.6815 0.1653
vt 0.7051 0.1342
vt 0.4158 0.0920
vt 0.3922 0.1231
vt 0.9606 0.2089
vt 0.9919 0.1856
vt 0.2247 0.3191
vt 0.2385 0.1213
vt 0.1767 0.1240
vt 0.0047 0.5582
vt 0.0128 0.3609
vt 0.0212 0.3191
vt 0.0359 0.1215
vt 0.9969 0.0483
vt 0.9848 0.0652
vt 0.2106 0.3328
vt 0.0071 0.3328
vt 0.6315 0.0728
vt 0.6194 0.0898
vt 0.9976 0.0236
vt 0.9976 0.0407
vt 0.2087 0.3507
vt 0.0051 0.3506
vt 0.9976 0.0029
vt 0.9976 0.0200
vt 0.4170 0.1641
vt 0.3936 0.1328
vt 0.8327 0.2082
vt 0.8016 0.1846
vt 0.9657 0.1531
vt 0.9955 0.1784
vt 0.6804 0.0932
vt 0.7037 0.1244
vt 0.4136 0.3243
vt 0.4133 0.1749
vt 0.4111 0.3171
vt 0.4109 0.1824
vt 0.6846 0.1744
vt 0.6849 0.3238
vt 0.6871 0.1816
vt 0.6874 0.3164
vt 0.7982 0.1652
vt 0.7978 0.1269
vt 0.8128 0.1338
vt 0.7937 0.1652
vt 0.7933 0.1269
vt 0.7785 0.1342
vt 0.7097 0.2121
vt 0.7092 0.1738
vt 0.7242 0.1807
vt 0.7052 0.2121
vt 0.7047 0.1738
vt 0.6899 0.1811
vt 0.2098 0.2024
vt 0.2095 0.1641
vt 0.2245 0.1711
vt 0.2053 0.2024
vt 0.2050 0.1641
vt 0.1902 0.1714
vt 0.7855 0.2117
vt 0.7851 0.1733
vt 0.8001 0.1803
vt 0.7810 0.2117
vt 0.7806 0.1734
vt 0.7658 0.1807
vt 0.2069 0.1609
vt 0.2067 0.1226
vt 0.2216 0.1296
vt 0.2035 0.1609
vt 0.2022 0.1226
vt 0.7410 0.2120
vt 0.7258 0.1810
vt 0.7406 0.1737
vt 0.7451 0.1736
vt 0.7455 0.2119
vt 0.7600 0.1806
vt 0.2025 0.3262
vt 0.1874 0.2951
vt 0.2023 0.2879
vt 0.2068 0.2879
vt 0.2071 0.3262
vt 0.2217 0.2949
vt 0.2055 0.2440
vt 0.1904 0.2129
vt 0.2052 0.2057
vt 0.2097 0.2056
vt 0.2100 0.2439
vt 0.2247 0.2126
vt 0.2051 0.2848
vt 0.1900 0.2537
vt 0.2048 0.2464
vt 0.2094 0.2464
vt 0.2096 0.2847
vt 0.2243 0.2534
vt 0.1875 0.1302
vt 0.9418 0.2472
vt 0.9269 0.2160
vt 0.9418 0.2089
vt 0.9463 0.2089
vt 0.9463 0.2472
vt 0.9612 0.2160
vt 0.9057 0.2472
vt 0.8908 0.2160
vt 0.9057 0.2089
vt 0.9102 0.2089
vt 0.9102 0.2472
vt 0.9251 0.2160
vt 0.9789 0.2472
vt 0.9640 0.2160
vt 0.9789 0.2089
vt 0.9834 0.2089
vt 0.9834 0.2472
vt 0.9983 0.2160
vt 0.8695 0.2472
vt 0.8546 0.2160
vt 0.8695 0.2089
vt 0.8740 0.2089
vt 0.8740 0.2472
vt 0.8889 0.2160
vt 0.7616 0.1792
vt 0.7461 0.1483
vt 0.7609 0.1409
vt 0.7650 0.1792
vt 0.7654 0.1408
vt 0.8364 0.2485
vt 0.8364 0.2102
vt 0.8513 0.2173
vt 0.8319 0.2485
vt 0.8319 0.2102
vt 0.8170 0.2173
vt 0.7652 0.2442
vt 0.7652 0.2059
vt 0.7801 0.2130
vt 0.7607 0.2442
vt 0.7607 0.2059
vt 0.7458 0.2130
vt 0.7275 0.2458
vt 0.7275 0.2075
vt 0.7424 0.2146
vt 0.7230 0.2458
vt 0.7230 0.2075
vt 0.7081 0.2146
vt 0.7987 0.2491
vt 0.7987 0.2108
vt 0.8136 0.2179
vt 0.7942 0.2491
vt 0.7942 0.2108
vt 0.7793 0.2179
vt 0.7802 0.1481
vt 0.7652 0.1398
vt 0.7656 0.1015
vt 0.7804 0.1088
vt 0.7607 0.1398
vt 0.7611 0.1015
vt 0.7461 0.1084
vt 0.7079 0.2806
vt 0.7084 0.2423
vt 0.7232 0.2496
vt 0.7034 0.2806
vt 0.7039 0.2423
vt 0.6889 0.2492
vt 0.7346 0.1641
vt 0.7341 0.1258
vt 0.7491 0.1327
vt 0.7301 0.1641
vt 0.7296 0.1258
vt 0.7148 0.1331
vt 0.7298 0.1240
vt 0.7147 0.0929
vt 0.7295 0.0857
vt 0.7340 0.0857
vt 0.7343 0.1240
vt 0.7490 0.0927
vt 0.7229 0.3158
vt 0.7086 0.2844
vt 0.7236 0.2775
vt 0.7281 0.2776
vt 0.7274 0.3159
vt 0.7429 0.2849
vt 0.7424 0.2791
vt 0.7280 0.2476
vt 0.7430 0.2408
vt 0.7475 0.2409
vt 0.7469 0.2792
vt 0.7623 0.2482
vt 0.7442 0.6780
vt 0.7253 0.6780
vt 0.7253 0.6505
vt 0.7442 0.6505
vt 0.7064 0.6780
vt 0.7064 0.6505
vt 0.6874 0.6780
vt 0.6874 0.6505
vt 0.6685 0.6780
vt 0.6685 0.6505
vt 0.6496 0.6780
vt 0.6496 0.6505
vt 0.9904 0.6780
vt 0.9714 0.6780
vt 0.9714 0.6505
vt 0.9904 0.6505
vt 0.9525 0.6780
vt 0.9525 0.6505
vt 0.9336 0.6780
vt 0.9336 0.6505
vt 0.9146 0.6780
vt 0.9146 0.6505
vt 0.8957 0.6780
vt 0.8957 0.6505
vt 0.8768 0.6780
vt 0.8768 0.6505
vt 0.8578 0.6780
vt 0.8578 0.6505
vt 0.8389 0.6780
vt 0.8389 0.6505
vt 0.8200 0.6780
vt 0.8200 0.6505
vt 0.8010 0.6780
vt 0.8010 0.6505
vt 0.7821 0.6780
vt 0.7821 0.6505
vt 0.7632 0.6780
vt 0.7632 0.6505
vt 0.9509 0.4879
vt 0.9320 0.4880
vt 0.9141 0.4817
vt 0.9687 0.4813
vt 0.8995 0.4696
vt 0.9831 0.4690
vt 0.8900 0.4533
vt 0.9924 0.4525
vt 0.8865 0.4347
vt 0.9956 0.4339
vt 0.8897 0.4160
vt 0.9921 0.4153
vt 0.8990 0.3995
vt 0.9826 0.3989
vt 0.9134 0.3873
vt 0.9680 0.3869
vt 0.9312 0.3807
vt 0.9501 0.3805
vt 0.8005 0.3807
vt 0.8195 0.3810
vt 0.8372 0.3877
vt 0.7827 0.3869
vt 0.8515 0.4001
vt 0.7680 0.3989
vt 0.8608 0.4166
vt 0.7583 0.4152
vt 0.8638 0.4353
vt 0.7548 0.4338
vt 0.8602 0.4539
vt 0.7578 0.4525
vt 0.8506 0.4701
vt 0.7670 0.4690
vt 0.8359 0.4821
vt 0.7814 0.4814
vt 0.8180 0.4883
vt 0.7991 0.4881
vt 0.7260 0.6839
vt 0.7260 0.7115
vt 0.7070 0.7115
vt 0.7070 0.6839
vt 0.6881 0.7115
vt 0.6881 0.6839
vt 0.6691 0.7115
vt 0.6691 0.6839
vt 0.6502 0.7115
vt 0.6502 0.6839
vt 0.9910 0.6839
vt 0.9910 0.7115
vt 0.9721 0.7115
vt 0.9721 0.6839
vt 0.9531 0.7115
vt 0.9531 0.6839
vt 0.9342 0.7115
vt 0.9342 0.6839
vt 0.9153 0.7115
vt 0.9153 0.6839
vt 0.8964 0.7115
vt 0.8964 0.6839
vt 0.8774 0.7115
vt 0.8774 0.6839
vt 0.8585 0.7115
vt 0.8585 0.6839
vt 0.8396 0.7115
vt 0.8396 0.6839
vt 0.8206 0.7115
vt 0.8206 0.6839
vt 0.8017 0.7115
vt 0.8017 0.6839
vt 0.7828 0.7115
vt 0.7828 0.6839
vt 0.7638 0.7115
vt 0.7638 0.6839
vt 0.7449 0.7115
vt 0.7449 0.6839
vt 0.7971 0.6070
vt 0.7793 0.6005
vt 0.8338 0.6005
vt 0.8161 0.6070
vt 0.7648 0.5883
vt 0.8484 0.5883
vt 0.7553 0.5719
vt 0.8578 0.5719
vt 0.7521 0.5533
vt 0.8611 0.5533
vt 0.7553 0.5346
vt 0.8578 0.5346
vt 0.7648 0.5182
vt 0.8483 0.5182
vt 0.7793 0.5061
vt 0.8338 0.5060
vt 0.7971 0.4996
vt 0.8160 0.4996
vt 0.6734 0.6059
vt 0.6557 0.5992
vt 0.7102 0.5999
vt 0.6923 0.6061
vt 0.6413 0.5868
vt 0.7249 0.5879
vt 0.6321 0.5703
vt 0.7346 0.5716
vt 0.6291 0.5516
vt 0.7381 0.5530
vt 0.6326 0.5330
vt 0.7351 0.5343
vt 0.6423 0.5167
vt 0.7258 0.5178
vt 0.6570 0.5047
vt 0.7115 0.5055
vt 0.6748 0.4985
vt 0.6938 0.4987
vt 0.7458 0.7169
vt 0.7458 0.7444
vt 0.7269 0.7444
vt 0.7269 0.7169
vt 0.7080 0.7444
vt 0.7080 0.7169
vt 0.6890 0.7444
vt 0.6890 0.7169
vt 0.6701 0.7444
vt 0.6701 0.7169
vt 0.6512 0.7444
vt 0.6512 0.7169
vt 0.9920 0.7169
vt 0.9920 0.7444
vt 0.9730 0.7444
vt 0.9730 0.7169
vt 0.9541 0.7444
vt 0.9541 0.7169
vt 0.9351 0.7444
vt 0.9351 0.7169
vt 0.9162 0.7444
vt 0.9162 0.7169
vt 0.8973 0.7444
vt 0.8973 0.7169
vt 0.8783 0.7444
vt 0.8783 0.7169
vt 0.8594 0.7444
vt 0.8594 0.7169
vt 0.8405 0.7444
vt 0.8405 0.7169
vt 0.8215 0.7444
vt 0.8215 0.7169
vt 0.8026 0.7444
vt 0.8026 0.7169
vt 0.7837 0.7444
vt 0.7837 0.7169
vt 0.7647 0.7444
vt 0.7647 0.7169
vt 0.9310 0.3702
vt 0.9132 0.3638
vt 0.9677 0.3637
vt 0.9500 0.3702
vt 0.8987 0.3516
vt 0.9822 0.3515
vt 0.8892 0.3353
vt 0.9917 0.3351
vt 0.8859 0.3166
vt 0.9949 0.3164
vt 0.8891 0.2980
vt 0.9916 0.2978
vt 0.8986 0.2816
vt 0.9821 0.2814
vt 0.9131 0.2694
vt 0.9676 0.2693
vt 0.9308 0.2629
vt 0.9498 0.2628
vt 0.6761 0.4857
vt 0.6584 0.4792
vt 0.7129 0.4793
vt 0.6951 0.4858
vt 0.6439 0.4670
vt 0.7274 0.4672
vt 0.6344 0.4506
vt 0.7369 0.4508
vt 0.6312 0.4320
vt 0.7402 0.4322
vt 0.6345 0.4133
vt 0.7370 0.4135
vt 0.6440 0.3969
vt 0.7276 0.3971
vt 0.6586 0.3848
vt 0.7131 0.3849
vt 0.6764 0.3784
vt 0.6953 0.3784
vt 0.7258 0.6457
vt 0.7068 0.6457
vt 0.7068 0.6181
vt 0.7258 0.6181
vt 0.6879 0.6457
vt 0.6879 0.6181
vt 0.6690 0.6457
vt 0.6690 0.6181
vt 0.6500 0.6457
vt 0.6500 0.6181
vt 0.9909 0.6457
vt 0.9719 0.6457
vt 0.9719 0.6181
vt 0.9909 0.6181
vt 0.9530 0.6457
vt 0.9530 0.6181
vt 0.9341 0.6457
vt 0.9341 0.6181
vt 0.9151 0.6457
vt 0.9151 0.6181
vt 0.8962 0.6457
vt 0.8962 0.6181
vt 0.8773 0.6457
vt 0.8773 0.6181
vt 0.8583 0.6457
vt 0.8583 0.6181
vt 0.8394 0.6457
vt 0.8394 0.6181
vt 0.8205 0.6457
vt 0.8205 0.6181
vt 0.8015 0.6457
vt 0.8015 0.6181
vt 0.7826 0.6457
vt 0.7826 0.6181
vt 0.7637 0.6457
vt 0.7637 0.6181
vt 0.7447 0.6457
vt 0.7447 0.6181
vt 0.9316 0.5012
vt 0.9505 0.5013
vt 0.9682 0.5079
vt 0.9137 0.5075
vt 0.9827 0.5202
vt 0.8991 0.5196
vt 0.9920 0.5366
vt 0.8896 0.5359
vt 0.9952 0.5553
vt 0.8861 0.5545
vt 0.9918 0.5739
vt 0.8893 0.5732
vt 0.9822 0.5902
vt 0.8987 0.5897
vt 0.9676 0.6023
vt 0.9131 0.6019
vt 0.9498 0.6087
vt 0.9308 0.6085
vt 0.8200 0.3712
vt 0.8011 0.3710
vt 0.7834 0.3643
vt 0.8379 0.3649
vt 0.7690 0.3520
vt 0.8525 0.3529
vt 0.7597 0.3355
vt 0.8621 0.3366
vt 0.7566 0.3169
vt 0.8656 0.3179
vt 0.7600 0.2982
vt 0.8625 0.2993
vt 0.7697 0.2819
vt 0.8532 0.2828
vt 0.7843 0.2699
vt 0.8388 0.2705
vt 0.8022 0.2636
vt 0.8211 0.2638
vt 0.9036 0.9920
vt 0.9028 0.8915
vt 0.9297 0.8976
vt 0.9304 0.9981
vt 0.9885 0.8869
vt 0.9617 0.8931
vt 0.9620 0.7925
vt 0.9888 0.7863
vt 0.9079 0.8898
vt 0.9258 0.8939
vt 0.9128 0.8892
vt 0.9217 0.8912
vt 0.9174 0.8897
vt 0.9658 0.7888
vt 0.9837 0.7847
vt 0.9699 0.7861
vt 0.9789 0.7841
vt 0.9743 0.7846
vt 0.8693 0.7906
vt 0.8960 0.7840
vt 0.8969 0.8846
vt 0.8702 0.8911
vt 0.8382 0.8977
vt 0.8383 0.9983
vt 0.8115 0.9920
vt 0.8113 0.8915
vt 0.8909 0.7824
vt 0.8731 0.7868
vt 0.8861 0.7819
vt 0.8772 0.7841
vt 0.8815 0.7824
vt 0.8343 0.8940
vt 0.8164 0.8898
vt 0.8302 0.8913
vt 0.8213 0.8893
vt 0.8259 0.8898
vt 0.8911 0.7543
vt 0.9917 0.7543
vt 0.9917 0.7566
vt 0.8911 0.7566
vt 0.7611 0.7543
vt 0.8613 0.7543
vt 0.8613 0.7566
vt 0.7611 0.7566
vt 0.8912 0.7694
vt 0.9917 0.7694
vt 0.9917 0.7718
vt 0.8912 0.7718
vt 0.7611 0.7694
vt 0.8614 0.7694
vt 0.8614 0.7718
vt 0.7611 0.7718
vt 0.8857 0.7543
vt 0.8857 0.7566
vt 0.8667 0.7543
vt 0.8667 0.7566
vt 0.8808 0.7543
vt 0.8808 0.7566
vt 0.8716 0.7543
vt 0.8716 0.7566
vt 0.8762 0.7543
vt 0.8762 0.7566
vt 0.8858 0.7694
vt 0.8858 0.7718
vt 0.8668 0.7694
vt 0.8668 0.7718
vt 0.8809 0.7694
vt 0.8809 0.7718
vt 0.8716 0.7694
vt 0.8716 0.7718
vt 0.8765 0.7694
vt 0.8765 0.7718
vt 0.6881 0.8257
vt 0.6820 0.8257
vt 0.6820 0.7886
vt 0.6881 0.7886
vt 0.6779 0.8257
vt 0.6779 0.7886
vt 0.6737 0.8257
vt 0.6737 0.7886
vt 0.6676 0.8257
vt 0.6676 0.7886
vt 0.6609 0.8257
vt 0.6609 0.7886
vt 0.6557 0.8257
vt 0.6557 0.7886
vt 0.6520 0.8257
vt 0.6520 0.7886
vt 0.7000 0.8257
vt 0.6948 0.8257
vt 0.6948 0.7886
vt 0.7000 0.7886
vt 0.8692 0.9916
vt 0.8425 0.9981
vt 0.8417 0.8976
vt 0.8684 0.8911
vt 0.6844 0.9929
vt 0.6833 0.8923
vt 0.7102 0.8983
vt 0.7113 0.9988
vt 0.8455 0.8938
vt 0.8633 0.8895
vt 0.8495 0.8911
vt 0.8585 0.8889
vt 0.8539 0.8895
vt 0.6883 0.8906
vt 0.7063 0.8946
vt 0.6932 0.8900
vt 0.7021 0.8920
vt 0.6978 0.8904
vt 0.8065 0.8970
vt 0.8067 0.9975
vt 0.7799 0.9913
vt 0.7797 0.8908
vt 0.8361 0.7911
vt 0.8630 0.7850
vt 0.8624 0.8855
vt 0.8355 0.8916
vt 0.7848 0.8891
vt 0.8027 0.8933
vt 0.7897 0.8885
vt 0.7986 0.8906
vt 0.7943 0.8890
vt 0.8400 0.7874
vt 0.8579 0.7833
vt 0.8441 0.7847
vt 0.8531 0.7827
vt 0.8485 0.7832
vt 0.8612 0.7474
vt 0.8612 0.7497
vt 0.7611 0.7497
vt 0.7611 0.7474
vt 0.9917 0.7474
vt 0.9917 0.7497
vt 0.8910 0.7497
vt 0.8910 0.7474
vt 0.8607 0.7511
vt 0.8607 0.7534
vt 0.7611 0.7534
vt 0.7611 0.7511
vt 0.9917 0.7511
vt 0.9917 0.7534
vt 0.8904 0.7534
vt 0.8904 0.7511
vt 0.8666 0.7474
vt 0.8666 0.7497
vt 0.8856 0.7497
vt 0.8856 0.7474
vt 0.8715 0.7474
vt 0.8715 0.7497
vt 0.8807 0.7497
vt 0.8807 0.7474
vt 0.8763 0.7497
vt 0.8763 0.7474
vt 0.8661 0.7511
vt 0.8661 0.7534
vt 0.8850 0.7534
vt 0.8850 0.7511
vt 0.8709 0.7511
vt 0.8709 0.7534
vt 0.8802 0.7534
vt 0.8802 0.7511
vt 0.8755 0.7534
vt 0.8755 0.7511
vt 0.7396 0.7882
vt 0.7396 0.8253
vt 0.7335 0.8253
vt 0.7335 0.7882
vt 0.7293 0.8253
vt 0.7293 0.7882
vt 0.7252 0.8253
vt 0.7252 0.7882
vt 0.7190 0.8253
vt 0.7190 0.7882
vt 0.7123 0.8253
vt 0.7123 0.7882
vt 0.7072 0.8253
vt 0.7072 0.7882
vt 0.7552 0.7882
vt 0.7552 0.8253
vt 0.7515 0.8253
vt 0.7515 0.7882
vt 0.7463 0.8253
vt 0.7463 0.7882
vt 0.9968 0.9924
vt 0.9700 0.9987
vt 0.9697 0.8982
vt 0.9965 0.8918
vt 0.9375 0.9930
vt 0.9369 0.8924
vt 0.9638 0.8985
vt 0.9644 0.9991
vt 0.9735 0.8944
vt 0.9914 0.8902
vt 0.9776 0.8918
vt 0.9865 0.8896
vt 0.9820 0.8902
vt 0.9420 0.8907
vt 0.9599 0.8948
vt 0.9469 0.8901
vt 0.9558 0.8922
vt 0.9514 0.8906
vt 0.9342 0.7893
vt 0.9329 0.8898
vt 0.9062 0.8832
vt 0.9074 0.7827
vt 0.6531 0.8979
vt 0.6800 0.8919
vt 0.6788 0.9924
vt 0.6519 0.9984
vt 0.9126 0.7811
vt 0.9304 0.7855
vt 0.9174 0.7806
vt 0.9263 0.7828
vt 0.9220 0.7811
vt 0.6569 0.8942
vt 0.6749 0.8902
vt 0.6611 0.8915
vt 0.6700 0.8896
vt 0.6654 0.8900
vt 0.8908 0.7640
vt 0.8908 0.7616
vt 0.9917 0.7616
vt 0.9917 0.7640
vt 0.7611 0.7640
vt 0.7611 0.7616
vt 0.8611 0.7616
vt 0.8611 0.7640
vt 0.8614 0.7653
vt 0.8614 0.7676
vt 0.7611 0.7676
vt 0.7611 0.7653
vt 0.9917 0.7653
vt 0.9917 0.7676
vt 0.8911 0.7676
vt 0.8911 0.7653
vt 0.8854 0.7640
vt 0.8854 0.7616
vt 0.8664 0.7616
vt 0.8664 0.7640
vt 0.8805 0.7640
vt 0.8805 0.7616
vt 0.8713 0.7616
vt 0.8713 0.7640
vt 0.8759 0.7616
vt 0.8759 0.7640
vt 0.8667 0.7653
vt 0.8667 0.7676
vt 0.8857 0.7676
vt 0.8857 0.7653
vt 0.8716 0.7653
vt 0.8716 0.7676
vt 0.8809 0.7676
vt 0.8809 0.7653
vt 0.8762 0.7676
vt 0.8762 0.7653
vt 0.6654 0.7862
vt 0.6654 0.7491
vt 0.6715 0.7491
vt 0.6715 0.7862
vt 0.6757 0.7491
vt 0.6757 0.7862
vt 0.6798 0.7491
vt 0.6798 0.7862
vt 0.6860 0.7491
vt 0.6860 0.7862
vt 0.6927 0.7491
vt 0.6927 0.7862
vt 0.6978 0.7491
vt 0.6978 0.7862
vt 0.7015 0.7491
vt 0.7015 0.7862
vt 0.6535 0.7862
vt 0.6535 0.7491
vt 0.6587 0.7491
vt 0.6587 0.7862
vt 0.7160 0.9920
vt 0.7151 0.8915
vt 0.7420 0.8975
vt 0.7428 0.9980
vt 0.9003 0.9917
vt 0.8736 0.9981
vt 0.8728 0.8976
vt 0.8995 0.8911
vt 0.7202 0.8898
vt 0.7381 0.8938
vt 0.7250 0.8891
vt 0.7340 0.8912
vt 0.7296 0.8896
vt 0.8766 0.8938
vt 0.8944 0.8895
vt 0.8806 0.8911
vt 0.8896 0.8890
vt 0.8850 0.8895
vt 0.8039 0.7905
vt 0.8307 0.7843
vt 0.8301 0.8849
vt 0.8033 0.8910
vt 0.7751 0.8980
vt 0.7753 0.9985
vt 0.7485 0.9923
vt 0.7483 0.8918
vt 0.8256 0.7827
vt 0.8077 0.7867
vt 0.8208 0.7820
vt 0.8118 0.7841
vt 0.8162 0.7825
vt 0.7713 0.8943
vt 0.7534 0.8901
vt 0.7672 0.8916
vt 0.7583 0.8895
vt 0.7629 0.8900
vt 0.8627 0.7762
vt 0.7611 0.7762
vt 0.7611 0.7739
vt 0.8627 0.7739
vt 0.9917 0.7762
vt 0.8924 0.7762
vt 0.8924 0.7739
vt 0.9917 0.7739
vt 0.8912 0.7581
vt 0.9917 0.7581
vt 0.9917 0.7605
vt 0.8912 0.7605
vt 0.7611 0.7581
vt 0.8615 0.7581
vt 0.8615 0.7605
vt 0.7611 0.7605
vt 0.8681 0.7762
vt 0.8681 0.7739
vt 0.8871 0.7762
vt 0.8871 0.7739
vt 0.8730 0.7762
vt 0.8730 0.7739
vt 0.8822 0.7762
vt 0.8822 0.7739
vt 0.8776 0.7762
vt 0.8776 0.7739
vt 0.8858 0.7581
vt 0.8858 0.7605
vt 0.8669 0.7581
vt 0.8669 0.7605
vt 0.8809 0.7581
vt 0.8809 0.7605
vt 0.8717 0.7581
vt 0.8717 0.7605
vt 0.8763 0.7581
vt 0.8763 0.7605
vt 0.7383 0.7862
vt 0.7322 0.7862
vt 0.7322 0.7491
vt 0.7383 0.7491
vt 0.7281 0.7862
vt 0.7281 0.7491
vt 0.7239 0.7862
vt 0.7239 0.7491
vt 0.7178 0.7862
vt 0.7178 0.7491
vt 0.7111 0.7862
vt 0.7111 0.7491
vt 0.7059 0.7862
vt 0.7059 0.7491
vt 0.7539 0.7862
vt 0.7502 0.7862
vt 0.7502 0.7491
vt 0.7539 0.7491
vt 0.7450 0.7862
vt 0.7450 0.7491
vt 0.6262 0.0614
vt 0.6233 0.0614
vt 0.6233 0.0397
vt 0.6262 0.0397
vt 0.6309 0.0614
vt 0.6309 0.0397
vt 0.6356 0.0614
vt 0.6356 0.0397
vt 0.6386 0.0614
vt 0.6386 0.0397
vt 0.6415 0.0614
vt 0.6415 0.0397
vt 0.6462 0.0614
vt 0.6462 0.0397
vt 0.6509 0.0614
vt 0.6509 0.0397
vt 0.6539 0.0397
vt 0.6539 0.0614
vt 0.6968 0.0909
vt 0.6968 0.0924
vt 0.6842 0.0926
vt 0.6842 0.0910
vt 0.6968 0.0940
vt 0.6842 0.0941
vt 0.6967 0.0814
vt 0.6967 0.0830
vt 0.6841 0.0831
vt 0.6841 0.0816
vt 0.6967 0.0846
vt 0.6841 0.0847
vt 0.6968 0.0862
vt 0.6841 0.0863
vt 0.6968 0.0877
vt 0.6841 0.0878
vt 0.6968 0.0893
vt 0.6842 0.0894
vt 0.6896 0.0765
vt 0.6896 0.0781
vt 0.6770 0.0780
vt 0.6770 0.0764
vt 0.6896 0.0796
vt 0.6770 0.0795
vt 0.6897 0.0671
vt 0.6897 0.0686
vt 0.6771 0.0685
vt 0.6771 0.0670
vt 0.6897 0.0702
vt 0.6770 0.0701
vt 0.6897 0.0718
vt 0.6770 0.0717
vt 0.6897 0.0734
vt 0.6770 0.0732
vt 0.6896 0.0749
vt 0.6770 0.0748
vt 0.6455 0.0672
vt 0.6455 0.0889
vt 0.6425 0.0889
vt 0.6425 0.0672
vt 0.6502 0.0672
vt 0.6502 0.0889
vt 0.6549 0.0672
vt 0.6549 0.0889
vt 0.6578 0.0672
vt 0.6578 0.0889
vt 0.6608 0.0672
vt 0.6608 0.0889
vt 0.6655 0.0672
vt 0.6655 0.0889
vt 0.6702 0.0672
vt 0.6702 0.0889
vt 0.6731 0.0672
vt 0.6731 0.0889
vt 0.6358 0.0884
vt 0.6325 0.0884
vt 0.6325 0.0880
vt 0.6358 0.0881
vt 0.6326 0.0876
vt 0.6358 0.0877
vt 0.6360 0.0906
vt 0.6327 0.0910
vt 0.6327 0.0906
vt 0.6359 0.0902
vt 0.6326 0.0902
vt 0.6359 0.0899
vt 0.6326 0.0898
vt 0.6358 0.0895
vt 0.6325 0.0893
vt 0.6358 0.0891
vt 0.6325 0.0889
vt 0.6358 0.0888
vt 0.6363 0.0804
vt 0.6330 0.0804
vt 0.6331 0.0799
vt 0.6363 0.0800
vt 0.6331 0.0795
vt 0.6363 0.0796
vt 0.6365 0.0825
vt 0.6332 0.0830
vt 0.6332 0.0826
vt 0.6364 0.0822
vt 0.6331 0.0821
vt 0.6364 0.0818
vt 0.6331 0.0817
vt 0.6363 0.0814
vt 0.6330 0.0812
vt 0.6363 0.0811
vt 0.6330 0.0808
vt 0.6363 0.0807
vt 0.9627 0.0975
vt 0.7859 0.0977
vt 0.7859 0.0858
vt 0.9627 0.0856
vt 0.4699 0.0651
vt 0.4699 0.0532
vt 0.5332 0.0530
vt 0.5333 0.0650
vt 0.8067 0.1171
vt 0.9833 0.1173
vt 0.9884 0.1204
vt 0.9900 0.1297
vt 0.8489 0.1294
vt 0.9823 0.1456
vt 0.8411 0.1455
vt 0.8411 0.1356
vt 0.9823 0.1358
vt 0.5332 0.0431
vt 0.3232 0.0208
vt 0.3249 0.0117
vt 0.3300 0.0087
vt 0.4644 0.0227
vt 0.4946 0.0109
vt 0.2471 0.0849
vt 0.0824 0.0852
vt 0.0824 0.0822
vt 0.2471 0.0819
vt 0.5332 0.0401
vt 0.4608 0.3748
vt 0.5240 0.5529
vt 0.3976 0.5529
vt 0.3127 0.0210
vt 0.3022 0.0210
vt 0.1598 0.0091
vt 0.3127 0.0091
vt 0.7801 0.0858
vt 0.7800 0.0977
vt 0.2960 0.0868
vt 0.2898 0.0743
vt 0.3021 0.0515
vt 0.3125 0.0532
vt 0.3029 0.1063
vt 0.2890 0.1063
vt 0.2890 0.0964
vt 0.3029 0.0964
vt 0.6925 0.0710
vt 0.7028 0.0693
vt 0.7150 0.0800
vt 0.7088 0.0925
vt 0.3126 0.0431
vt 0.1598 0.0427
vt 0.3021 0.0400
vt 0.3126 0.0401
vt 0.0763 0.0822
vt 0.0765 0.0852
vt 0.9688 0.0856
vt 0.9688 0.0975
vt 0.7707 0.0858
vt 0.7705 0.0977
vt 0.8352 0.1371
vt 0.8017 0.1205
vt 0.9979 0.1358
vt 0.9979 0.1457
vt 0.4996 0.0144
vt 0.4779 0.0305
vt 0.2531 0.0819
vt 0.2531 0.0849
vt 0.0660 0.0817
vt 0.0673 0.0848
vt 0.6133 0.0518
vt 0.6132 0.0636
vt 0.5537 0.0644
vt 0.5535 0.0527
vt 0.6131 0.0421
vt 0.5534 0.0429
vt 0.6135 0.3765
vt 0.6170 0.3815
vt 0.6170 0.5462
vt 0.6136 0.5512
vt 0.3608 0.1187
vt 0.3405 0.1188
vt 0.3404 0.1065
vt 0.3607 0.1065
vt 0.3826 0.1187
vt 0.3706 0.1187
vt 0.3706 0.1064
vt 0.3825 0.1065
vt 0.3306 0.1188
vt 0.3187 0.1190
vt 0.3186 0.1067
vt 0.3306 0.1066
vt 0.0066 0.1145
vt 0.0269 0.1145
vt 0.0269 0.1264
vt 0.0066 0.1265
vt 0.0269 0.1363
vt 0.0066 0.1363
vt 0.8053 0.1156
vt 0.8053 0.1037
vt 0.9821 0.1038
vt 0.9821 0.1157
vt 0.4065 0.0653
vt 0.4065 0.0533
vt 0.6129 0.3313
vt 0.5707 0.3435
vt 0.4295 0.3432
vt 0.4311 0.3340
vt 0.4361 0.3309
vt 0.6509 0.0148
vt 0.6509 0.0247
vt 0.5097 0.0247
vt 0.5097 0.0148
vt 0.4065 0.0434
vt 0.5550 0.3552
vt 0.5852 0.3672
vt 0.4205 0.3683
vt 0.4155 0.3653
vt 0.4138 0.3562
vt 0.0850 0.0314
vt 0.0851 0.0284
vt 0.2497 0.0296
vt 0.2497 0.0326
vt 0.3185 0.3748
vt 0.0964 0.0743
vt 0.0964 0.0515
vt 0.0956 0.1063
vt 0.0956 0.0964
vt 0.9084 0.0696
vt 0.9084 0.0803
vt 0.0173 0.0430
vt 0.0965 0.0398
vt 0.0068 0.0210
vt 0.0068 0.0091
vt 0.0173 0.0091
vt 0.0966 0.0210
vt 0.9880 0.1038
vt 0.9880 0.1158
vt 0.0233 0.0868
vt 0.0068 0.0532
vt 0.0147 0.1063
vt 0.0147 0.0964
vt 0.9979 0.0713
vt 0.9815 0.0928
vt 0.0068 0.0431
vt 0.0068 0.0401
vt 0.2558 0.0297
vt 0.2556 0.0327
vt 0.7992 0.1156
vt 0.7993 0.1037
vt 0.9973 0.1039
vt 0.9975 0.1158
vt 0.6179 0.3348
vt 0.5843 0.3512
vt 0.6665 0.0148
vt 0.6665 0.0247
vt 0.5686 0.3474
vt 0.5901 0.3637
vt 0.0789 0.0313
vt 0.0790 0.0283
vt 0.2661 0.0293
vt 0.2648 0.0323
vt 0.3250 0.0525
vt 0.3859 0.0533
vt 0.3858 0.0653
vt 0.3250 0.0645
vt 0.3251 0.0425
vt 0.3861 0.0433
vt 0.3266 0.0395
vt 0.3046 0.5462
vt 0.3046 0.3815
vt 0.3081 0.3765
vt 0.3081 0.5512
vt 0.3183 0.5529
vt 0.3812 0.0900
vt 0.3811 0.1022
vt 0.3608 0.1021
vt 0.3609 0.0899
vt 0.4029 0.0900
vt 0.4029 0.1022
vt 0.3910 0.1023
vt 0.3910 0.0900
vt 0.3510 0.0898
vt 0.3509 0.1020
vt 0.3390 0.1019
vt 0.3391 0.0896
vt 0.6591 0.0609
vt 0.6591 0.0490
vt 0.6794 0.0490
vt 0.6794 0.0609
vt 0.6591 0.0391
vt 0.6794 0.0391
vt 0.4206 0.1725
vt 0.6774 0.1720
vt 0.6777 0.3262
vt 0.4208 0.3267
vt 0.0362 0.5661
vt 0.6001 0.5665
vt 0.6173 0.9995
vt 0.0183 0.9991
vt 0.2458 0.1217
vt 0.3722 0.1235
vt 0.3803 0.3197
vt 0.2323 0.3204
vt 0.0205 0.3610
vt 0.2773 0.3612
vt 0.2852 0.5584
vt 0.0123 0.5583
vt 0.0432 0.1219
vt 0.1695 0.1242
vt 0.1768 0.3204
vt 0.0288 0.3205
vt 0.9775 0.0630
vt 0.7046 0.0630
vt 0.6925 0.0460
vt 0.9896 0.0460
vt 0.3945 0.3340
vt 0.2180 0.3340
vt 0.6121 0.0875
vt 0.3392 0.0866
vt 0.3272 0.0696
vt 0.6243 0.0705
vt 0.1911 0.3347
vt 0.0144 0.3340
vt 0.9900 0.0407
vt 0.6929 0.0407
vt 0.6929 0.0236
vt 0.9900 0.0236
vt 0.3959 0.3508
vt 0.2169 0.3514
vt 0.9900 0.0200
vt 0.6929 0.0200
vt 0.6929 0.0029
vt 0.9900 0.0029
vt 0.1921 0.3517
vt 0.0133 0.3514
vt 0.4008 0.1305
vt 0.6979 0.1318
vt 0.6743 0.1628
vt 0.4242 0.1617
vt 0.8089 0.1822
vt 0.9847 0.1832
vt 0.9534 0.2065
vt 0.8399 0.2059
vt 0.6965 0.1268
vt 0.3994 0.1255
vt 0.4230 0.0944
vt 0.6731 0.0955
vt 0.9888 0.1758
vt 0.8129 0.1746
vt 0.8442 0.1513
vt 0.9578 0.1521
vt 0.6341 0.9994
vt 0.6168 0.5664
vt 0.0195 0.5659
vt 0.0016 0.9989
vt 0.3880 0.3186
vt 0.3794 0.1232
vt 0.2928 0.5583
vt 0.2849 0.3611
vt 0.1984 0.3336
vt 0.1845 0.3193
vt 0.6853 0.0483
vt 0.6974 0.0652
vt 0.3199 0.0719
vt 0.3320 0.0889
vt 0.4019 0.3329
vt 0.2001 0.3510
vt 0.6853 0.0236
vt 0.6853 0.0407
vt 0.6853 0.0029
vt 0.6853 0.0200
vt 0.4035 0.3501
vt 0.8380 0.1457
vt 0.8055 0.1673
vt 0.6815 0.1653
vt 0.7051 0.1342
vt 0.4158 0.0920
vt 0.3922 0.1231
vt 0.9606 0.2089
vt 0.9919 0.1856
vt 0.2247 0.3191
vt 0.2385 0.1213
vt 0.1767 0.1240
vt 0.0047 0.5582
vt 0.0128 0.3609
vt 0.0212 0.3191
vt 0.0359 0.1215
vt 0.9969 0.0483
vt 0.9848 0.0652
vt 0.2106 0.3328
vt 0.0071 0.3328
vt 0.6315 0.0728
vt 0.6194 0.0898
vt 0.9976 0.0236
vt 0.9976 0.0407
vt 0.2087 0.3507
vt 0.0051 0.3506
vt 0.9976 0.0029
vt 0.9976 0.0200
vt 0.4170 0.1641
vt 0.3936 0.1328
vt 0.8327 0.2082
vt 0.8016 0.1846
vt 0.9657 0.1531
vt 0.9955 0.1784
vt 0.6804 0.0932
vt 0.7037 0.1244
vt 0.4136 0.3243
vt 0.4133 0.1749
vt 0.4111 0.3171
vt 0.4109 0.1824
vt 0.6846 0.1744
vt 0.6849 0.3238
vt 0.6871 0.1816
vt 0.6874 0.3164
vt 0.7982 0.1652
vt 0.7978 0.1269
vt 0.8128 0.1338
vt 0.7937 0.1652
vt 0.7933 0.1269
vt 0.7785 0.1342
vt 0.7097 0.2121
vt 0.7092 0.1738
vt 0.7242 0.1807
vt 0.7052 0.2121
vt 0.7047 0.1738
vt 0.6899 0.1811
vt 0.2098 0.2024
vt 0.2095 0.1641
vt 0.2245 0.1711
vt 0.2053 0.2024
vt 0.2050 0.1641
vt 0.1902 0.1714
vt 0.7855 0.2117
vt 0.7851 0.1733
vt 0.8001 0.1803
vt 0.7810 0.2117
vt 0.7806 0.1734
vt 0.7658 0.1807
vt 0.2069 0.1609
vt 0.2067 0.1226
vt 0.2216 0.1296
vt 0.2035 0.1609
vt 0.2022 0.1226
vt 0.7410 0.2120
vt 0.7258 0.1810
vt 0.7406 0.1737
vt 0.7451 0.1736
vt 0.7455 0.2119
vt 0.7600 0.1806
vt 0.2025 0.3262
vt 0.1874 0.2951
vt 0.2023 0.2879
vt 0.2068 0.2879
vt 0.2071 0.3262
vt 0.2217 0.2949
vt 0.2055 0.2440
vt 0.1904 0.2129
vt 0.2052 0.2057
vt 0.2097 0.2056
vt 0.2100 0.2439
vt 0.2247 0.2126
vt 0.2051 0.2848
vt 0.1900 0.2537
vt 0.2048 0.2464
vt 0.2094 0.2464
vt 0.2096 0.2847
vt 0.2243 0.2534
vt 0.1875 0.1302
vt 0.9418 0.2472
vt 0.9269 0.2160
vt 0.9418 0.2089
vt 0.9463 0.2089
vt 0.9463 0.2472
vt 0.9612 0.2160
vt 0.9057 0.2472
vt 0.8908 0.2160
vt 0.9057 0.2089
vt 0.9102 0.2089
vt 0.9102 0.2472
vt 0.9251 0.2160
vt 0.9789 0.2472
vt 0.9640 0.2160
vt 0.9789 0.2089
vt 0.9834 0.2089
vt 0.9834 0.2472
vt 0.9983 0.2160
vt 0.8695 0.2472
vt 0.8546 0.2160
vt 0.8695 0.2089
vt 0.8740 0.2089
vt 0.8740 0.2472
vt 0.8889 0.2160
vt 0.7616 0.1792
vt 0.7461 0.1483
vt 0.7609 0.1409
vt 0.7650 0.1792
vt 0.7654 0.1408
vt 0.8364 0.2485
vt 0.8364 0.2102
vt 0.8513 0.2173
vt 0.8319 0.2485
vt 0.8319 0.2102
vt 0.8170 0.2173
vt 0.7652 0.2442
vt 0.7652 0.2059
vt 0.7801 0.2130
vt 0.7607 0.2442
vt 0.7607 0.2059
vt 0.7458 0.2130
vt 0.7275 0.2458
vt 0.7275 0.2075
vt 0.7424 0.2146
vt 0.7230 0.2458
vt 0.7230 0.2075
vt 0.7081 0.2146
vt 0.7987 0.2491
vt 0.7987 0.2108
vt 0.8136 0.2179
vt 0.7942 0.2491
vt 0.7942 0.2108
vt 0.7793 0.2179
vt 0.7802 0.1481
vt 0.7652 0.1398
vt 0.7656 0.1015
vt 0.7804 0.1088
vt 0.7607 0.1398
vt 0.7611 0.1015
vt 0.7461 0.1084
vt 0.7079 0.2806
vt 0.7084 0.2423
vt 0.7232 0.2496
vt 0.7034 0.2806
vt 0.7039 0.2423
vt 0.6889 0.2492
vt 0.7346 0.1641
vt 0.7341 0.1258
vt 0.7491 0.1327
vt 0.7301 0.1641
vt 0.7296 0.1258
vt 0.7148 0.1331
vt 0.7298 0.1240
vt 0.7147 0.0929
vt 0.7295 0.0857
vt 0.7340 0.0857
vt 0.7343 0.1240
vt 0.7490 0.0927
vt 0.7229 0.3158
vt 0.7086 0.2844
vt 0.7236 0.2775
vt 0.7281 0.2776
vt 0.7274 0.3159
vt 0.7429 0.2849
vt 0.7424 0.2791
vt 0.7280 0.2476
vt 0.7430 0.2408
vt 0.7475 0.2409
vt 0.7469 0.2792
vt 0.7623 0.2482
vt 0.7442 0.6780
vt 0.7253 0.6780
vt 0.7253 0.6505
vt 0.7442 0.6505
vt 0.7064 0.6780
vt 0.7064 0.6505
vt 0.6874 0.6780
vt 0.6874 0.6505
vt 0.6685 0.6780
vt 0.6685 0.6505
vt 0.6496 0.6780
vt 0.6496 0.6505
vt 0.9904 0.6780
vt 0.9714 0.6780
vt 0.9714 0.6505
vt 0.9904 0.6505
vt 0.9525 0.6780
vt 0.9525 0.6505
vt 0.9336 0.6780
vt 0.9336 0.6505
vt 0.9146 0.6780
vt 0.9146 0.6505
vt 0.8957 0.6780
vt 0.8957 0.6505
vt 0.8768 0.6780
vt 0.8768 0.6505
vt 0.8578 0.6780
vt 0.8578 0.6505
vt 0.8389 0.6780
vt 0.8389 0.6505
vt 0.8200 0.6780
vt 0.8200 0.6505
vt 0.8010 0.6780
vt 0.8010 0.6505
vt 0.7821 0.6780
vt 0.7821 0.6505
vt 0.7632 0.6780
vt 0.7632 0.6505
vt 0.9509 0.4879
vt 0.9320 0.4880
vt 0.9141 0.4817
vt 0.9687 0.4813
vt 0.8995 0.4696
vt 0.9831 0.4690
vt 0.8900 0.4533
vt 0.9924 0.4525
vt 0.8865 0.4347
vt 0.9956 0.4339
vt 0.8897 0.4160
vt 0.9921 0.4153
vt 0.8990 0.3995
vt 0.9826 0.3989
vt 0.9134 0.3873
vt 0.9680 0.3869
vt 0.9312 0.3807
vt 0.9501 0.3805
vt 0.8005 0.3807
vt 0.8195 0.3810
vt 0.8372 0.3877
vt 0.7827 0.3869
vt 0.8515 0.4001
vt 0.7680 0.3989
vt 0.8608 0.4166
vt 0.7583 0.4152
vt 0.8638 0.4353
vt 0.7548 0.4338
vt 0.8602 0.4539
vt 0.7578 0.4525
vt 0.8506 0.4701
vt 0.7670 0.4690
vt 0.8359 0.4821
vt 0.7814 0.4814
vt 0.8180 0.4883
vt 0.7991 0.4881
vt 0.7260 0.6839
vt 0.7260 0.7115
vt 0.7070 0.7115
vt 0.7070 0.6839
vt 0.6881 0.7115
vt 0.6881 0.6839
vt 0.6691 0.7115
vt 0.6691 0.6839
vt 0.6502 0.7115
vt 0.6502 0.6839
vt 0.9910 0.6839
vt 0.9910 0.7115
vt 0.9721 0.7115
vt 0.9721 0.6839
vt 0.9531 0.7115
vt 0.9531 0.6839
vt 0.9342 0.7115
vt 0.9342 0.6839
vt 0.9153 0.7115
vt 0.9153 0.6839
vt 0.8964 0.7115
vt 0.8964 0.6839
vt 0.8774 0.7115
vt 0.8774 0.6839
vt 0.8585 0.7115
vt 0.8585 0.6839
vt 0.8396 0.7115
vt 0.8396 0.6839
vt 0.8206 0.7115
vt 0.8206 0.6839
vt 0.8017 0.7115
vt 0.8017 0.6839
vt 0.7828 0.7115
vt 0.7828 0.6839
vt 0.7638 0.7115
vt 0.7638 0.6839
vt 0.7449 0.7115
vt 0.7449 0.6839
vt 0.7971 0.6070
vt 0.7793 0.6005
vt 0.8338 0.6005
vt 0.8161 0.6070
vt 0.7648 0.5883
vt 0.8484 0.5883
vt 0.7553 0.5719
vt 0.8578 0.5719
vt 0.7521 0.5533
vt 0.8611 0.5533
vt 0.7553 0.5346
vt 0.8578 0.5346
vt 0.7648 0.5182
vt 0.8483 0.5182
vt 0.7793 0.5061
vt 0.8338 0.5060
vt 0.7971 0.4996
vt 0.8160 0.4996
vt 0.6734 0.6059
vt 0.6557 0.5992
vt 0.7102 0.5999
vt 0.6923 0.6061
vt 0.6413 0.5868
vt 0.7249 0.5879
vt 0.6321 0.5703
vt 0.7346 0.5716
vt 0.6291 0.5516
vt 0.7381 0.5530
vt 0.6326 0.5330
vt 0.7351 0.5343
vt 0.6423 0.5167
vt 0.7258 0.5178
vt 0.6570 0.5047
vt 0.7115 0.5055
vt 0.6748 0.4985
vt 0.6938 0.4987
vt 0.7458 0.7169
vt 0.7458 0.7444
vt 0.7269 0.7444
vt 0.7269 0.7169
vt 0.7080 0.7444
vt 0.7080 0.7169
vt 0.6890 0.7444
vt 0.6890 0.7169
vt 0.6701 0.7444
vt 0.6701 0.7169
vt 0.6512 0.7444
vt 0.6512 0.7169
vt 0.9920 0.7169
vt 0.9920 0.7444
vt 0.9730 0.7444
vt 0.9730 0.7169
vt 0.9541 0.7444
vt 0.9541 0.7169
vt 0.9351 0.7444
vt 0.9351 0.7169
vt 0.9162 0.7444
vt 0.9162 0.7169
vt 0.8973 0.7444
vt 0.8973 0.7169
vt 0.8783 0.7444
vt 0.8783 0.7169
vt 0.8594 0.7444
vt 0.8594 0.7169
vt 0.8405 0.7444
vt 0.8405 0.7169
vt 0.8215 0.7444
vt 0.8215 0.7169
vt 0.8026 0.7444
vt 0.8026 0.7169
vt 0.7837 0.7444
vt 0.7837 0.7169
vt 0.7647 0.7444
vt 0.7647 0.7169
vt 0.9310 0.3702
vt 0.9132 0.3638
vt 0.9677 0.3637
vt 0.9500 0.3702
vt 0.8987 0.3516
vt 0.9822 0.3515
vt 0.8892 0.3353
vt 0.9917 0.3351
vt 0.8859 0.3166
vt 0.9949 0.3164
vt 0.8891 0.2980
vt 0.9916 0.2978
vt 0.8986 0.2816
vt 0.9821 0.2814
vt 0.9131 0.2694
vt 0.9676 0.2693
vt 0.9308 0.2629
vt 0.9498 0.2628
vt 0.6761 0.4857
vt 0.6584 0.4792
vt 0.7129 0.4793
vt 0.6951 0.4858
vt 0.6439 0.4670
vt 0.7274 0.4672
vt 0.6344 0.4506
vt 0.7369 0.4508
vt 0.6312 0.4320
vt 0.7402 0.4322
vt 0.6345 0.4133
vt 0.7370 0.4135
vt 0.6440 0.3969
vt 0.7276 0.3971
vt 0.6586 0.3848
vt 0.7131 0.3849
vt 0.6764 0.3784
vt 0.6953 0.3784
vt 0.7258 0.6457
vt 0.7068 0.6457
vt 0.7068 0.6181
vt 0.7258 0.6181
vt 0.6879 0.6457
vt 0.6879 0.6181
vt 0.6690 0.6457
vt 0.6690 0.6181
vt 0.6500 0.6457
vt 0.6500 0.6181
vt 0.9909 0.6457
vt 0.9719 0.6457
vt 0.9719 0.6181
vt 0.9909 0.6181
vt 0.9530 0.6457
vt 0.9530 0.6181
vt 0.9341 0.6457
vt 0.9341 0.6181
vt 0.9151 0.6457
vt 0.9151 0.6181
vt 0.8962 0.6457
vt 0.8962 0.6181
vt 0.8773 0.6457
vt 0.8773 0.6181
vt 0.8583 0.6457
vt 0.8583 0.6181
vt 0.8394 0.6457
vt 0.8394 0.6181
vt 0.8205 0.6457
vt 0.8205 0.6181
vt 0.8015 0.6457
vt 0.8015 0.6181
vt 0.7826 0.6457
vt 0.7826 0.6181
vt 0.7637 0.6457
vt 0.7637 0.6181
vt 0.7447 0.6457
vt 0.7447 0.6181
vt 0.9316 0.5012
vt 0.9505 0.5013
vt 0.9682 0.5079
vt 0.9137 0.5075
vt 0.9827 0.5202
vt 0.8991 0.5196
vt 0.9920 0.5366
vt 0.8896 0.5359
vt 0.9952 0.5553
vt 0.8861 0.5545
vt 0.9918 0.5739
vt 0.8893 0.5732
vt 0.9822 0.5902
vt 0.8987 0.5897
vt 0.9676 0.6023
vt 0.9131 0.6019
vt 0.9498 0.6087
vt 0.9308 0.6085
vt 0.8200 0.3712
vt 0.8011 0.3710
vt 0.7834 0.3643
vt 0.8379 0.3649
vt 0.7690 0.3520
vt 0.8525 0.3529
vt 0.7597 0.3355
vt 0.8621 0.3366
vt 0.7566 0.3169
vt 0.8656 0.3179
vt 0.7600 0.2982
vt 0.8625 0.2993
vt 0.7697 0.2819
vt 0.8532 0.2828
vt 0.7843 0.2699
vt 0.8388 0.2705
vt 0.8022 0.2636
vt 0.8211 0.2638
vt 0.9036 0.9920
vt 0.9028 0.8915
vt 0.9297 0.8976
vt 0.9304 0.9981
vt 0.9885 0.8869
vt 0.9617 0.8931
vt 0.9620 0.7925
vt 0.9888 0.7863
vt 0.9079 0.8898
vt 0.9258 0.8939
vt 0.9128 0.8892
vt 0.9217 0.8912
vt 0.9174 0.8897
vt 0.9658 0.7888
vt 0.9837 0.7847
vt 0.9699 0.7861
vt 0.9789 0.7841
vt 0.9743 0.7846
vt 0.8693 0.7906
vt 0.8960 0.7840
vt 0.8969 0.8846
vt 0.8702 0.8911
vt 0.8382 0.8977
vt 0.8383 0.9983
vt 0.8115 0.9920
vt 0.8113 0.8915
vt 0.8909 0.7824
vt 0.8731 0.7868
vt 0.8861 0.7819
vt 0.8772 0.7841
vt 0.8815 0.7824
vt 0.8343 0.8940
vt 0.8164 0.8898
vt 0.8302 0.8913
vt 0.8213 0.8893
vt 0.8259 0.8898
vt 0.8911 0.7543
vt 0.9917 0.7543
vt 0.9917 0.7566
vt 0.8911 0.7566
vt 0.7611 0.7543
vt 0.8613 0.7543
vt 0.8613 0.7566
vt 0.7611 0.7566
vt 0.8912 0.7694
vt 0.9917 0.7694
vt 0.9917 0.7718
vt 0.8912 0.7718
vt 0.7611 0.7694
vt 0.8614 0.7694
vt 0.8614 0.7718
vt 0.7611 0.7718
vt 0.8857 0.7543
vt 0.8857 0.7566
vt 0.8667 0.7543
vt 0.8667 0.7566
vt 0.8808 0.7543
vt 0.8808 0.7566
vt 0.8716 0.7543
vt 0.8716 0.7566
vt 0.8762 0.7543
vt 0.8762 0.7566
vt 0.8858 0.7694
vt 0.8858 0.7718
vt 0.8668 0.7694
vt 0.8668 0.7718
vt 0.8809 0.7694
vt 0.8809 0.7718
vt 0.8716 0.7694
vt 0.8716 0.7718
vt 0.8765 0.7694
vt 0.8765 0.7718
vt 0.6881 0.8257
vt 0.6820 0.8257
vt 0.6820 0.7886
vt 0.6881 0.7886
vt 0.6779 0.8257
vt 0.6779 0.7886
vt 0.6737 0.8257
vt 0.6737 0.7886
vt 0.6676 0.8257
vt 0.6676 0.7886
vt 0.6609 0.8257
vt 0.6609 0.7886
vt 0.6557 0.8257
vt 0.6557 0.7886
vt 0.6520 0.8257
vt 0.6520 0.7886
vt 0.7000 0.8257
vt 0.6948 0.8257
vt 0.6948 0.7886
vt 0.7000 0.7886
vt 0.8692 0.9916
vt 0.8425 0.9981
vt 0.8417 0.8976
vt 0.8684 0.8911
vt 0.6844 0.9929
vt 0.6833 0.8923
vt 0.7102 0.8983
vt 0.7113 0.9988
vt 0.8455 0.8938
vt 0.8633 0.8895
vt 0.8495 0.8911
vt 0.8585 0.8889
vt 0.8539 0.8895
vt 0.6883 0.8906
vt 0.7063 0.8946
vt 0.6932 0.8900
vt 0.7021 0.8920
vt 0.6978 0.8904
vt 0.8065 0.8970
vt 0.8067 0.9975
vt 0.7799 0.9913
vt 0.7797 0.8908
vt 0.8361 0.7911
vt 0.8630 0.7850
vt 0.8624 0.8855
vt 0.8355 0.8916
vt 0.7848 0.8891
vt 0.8027 0.8933
vt 0.7897 0.8885
vt 0.7986 0.8906
vt 0.7943 0.8890
vt 0.8400 0.7874
vt 0.8579 0.7833
vt 0.8441 0.7847
vt 0.8531 0.7827
vt 0.8485 0.7832
vt 0.8612 0.7474
vt 0.8612 0.7497
vt 0.7611 0.7497
vt 0.7611 0.7474
vt 0.9917 0.7474
vt 0.9917 0.7497
vt 0.8910 0.7497
vt 0.8910 0.7474
vt 0.8607 0.7511
vt 0.8607 0.7534
vt 0.7611 0.7534
vt 0.7611 0.7511
vt 0.9917 0.7511
vt 0.9917 0.7534
vt 0.8904 0.7534
vt 0.8904 0.7511
vt 0.8666 0.7474
vt 0.8666 0.7497
vt 0.8856 0.7497
vt 0.8856 0.7474
vt 0.8715 0.7474
vt 0.8715 0.7497
vt 0.8807 0.7497
vt 0.8807 0.7474
vt 0.8763 0.7497
vt 0.8763 0.7474
vt 0.8661 0.7511
vt 0.8661 0.7534
vt 0.8850 0.7534
vt 0.8850 0.7511
vt 0.8709 0.7511
vt 0.8709 0.7534
vt 0.8802 0.7534
vt 0.8802 0.7511
vt 0.8755 0.7534
vt 0.8755 0.7511
vt 0.7396 0.7882
vt 0.7396 0.8253
vt 0.7335 0.8253
vt 0.7335 0.7882
vt 0.7293 0.8253
vt 0.7293 0.7882
vt 0.7252 0.8253
vt 0.7252 0.7882
vt 0.7190 0.8253
vt 0.7190 0.7882
vt 0.7123 0.8253
vt 0.7123 0.7882
vt 0.7072 0.8253
vt 0.7072 0.7882
vt 0.7552 0.7882
vt 0.7552 0.8253
vt 0.7515 0.8253
vt 0.7515 0.7882
vt 0.7463 0.8253
vt 0.7463 0.7882
vt 0.9968 0.9924
vt 0.9700 0.9987
vt 0.9697 0.8982
vt 0.9965 0.8918
vt 0.9375 0.9930
vt 0.9369 0.8924
vt 0.9638 0.8985
vt 0.9644 0.9991
vt 0.9735 0.8944
vt 0.9914 0.8902
vt 0.9776 0.8918
vt 0.9865 0.8896
vt 0.9820 0.8902
vt 0.9420 0.8907
vt 0.9599 0.8948
vt 0.9469 0.8901
vt 0.9558 0.8922
vt 0.9514 0.8906
vt 0.9342 0.7893
vt 0.9329 0.8898
vt 0.9062 0.8832
vt 0.9074 0.7827
vt 0.6531 0.8979
vt 0.6800 0.8919
vt 0.6788 0.9924
vt 0.6519 0.9984
vt 0.9126 0.7811
vt 0.9304 0.7855
vt 0.9174 0.7806
vt 0.9263 0.7828
vt 0.9220 0.7811
vt 0.6569 0.8942
vt 0.6749 0.8902
vt 0.6611 0.8915
vt 0.6700 0.8896
vt 0.6654 0.8900
vt 0.8908 0.7640
vt 0.8908 0.7616
vt 0.9917 0.7616
vt 0.9917 0.7640
vt 0.7611 0.7640
vt 0.7611 0.7616
vt 0.8611 0.7616
vt 0.8611 0.7640
vt 0.8614 0.7653
vt 0.8614 0.7676
vt 0.7611 0.7676
vt 0.7611 0.7653
vt 0.9917 0.7653
vt 0.9917 0.7676
vt 0.8911 0.7676
vt 0.8911 0.7653
vt 0.8854 0.7640
vt 0.8854 0.7616
vt 0.8664 0.7616
vt 0.8664 0.7640
vt 0.8805 0.7640
vt 0.8805 0.7616
vt 0.8713 0.7616
vt 0.8713 0.7640
vt 0.8759 0.7616
vt 0.8759 0.7640
vt 0.8667 0.7653
vt 0.8667 0.7676
vt 0.8857 0.7676
vt 0.8857 0.7653
vt 0.8716 0.7653
vt 0.8716 0.7676
vt 0.8809 0.7676
vt 0.8809 0.7653
vt 0.8762 0.7676
vt 0.8762 0.7653
vt 0.6654 0.7862
vt 0.6654 0.7491
vt 0.6715 0.7491
vt 0.6715 0.7862
vt 0.6757 0.7491
vt 0.6757 0.7862
vt 0.6798 0.7491
vt 0.6798 0.7862
vt 0.6860 0.7491
vt 0.6860 0.7862
vt 0.6927 0.7491
vt 0.6927 0.7862
vt 0.6978 0.7491
vt 0.6978 0.7862
vt 0.7015 0.7491
vt 0.7015 0.7862
vt 0.6535 0.7862
vt 0.6535 0.7491
vt 0.6587 0.7491
vt 0.6587 0.7862
vt 0.7160 0.9920
vt 0.7151 0.8915
vt 0.7420 0.8975
vt 0.7428 0.9980
vt 0.9003 0.9917
vt 0.8736 0.9981
vt 0.8728 0.8976
vt 0.8995 0.8911
vt 0.7202 0.8898
vt 0.7381 0.8938
vt 0.7250 0.8891
vt 0.7340 0.8912
vt 0.7296 0.8896
vt 0.8766 0.8938
vt 0.8944 0.8895
vt 0.8806 0.8911
vt 0.8896 0.8890
vt 0.8850 0.8895
vt 0.8039 0.7905
vt 0.8307 0.7843
vt 0.8301 0.8849
vt 0.8033 0.8910
vt 0.7751 0.8980
vt 0.7753 0.9985
vt 0.7485 0.9923
vt 0.7483 0.8918
vt 0.8256 0.7827
vt 0.8077 0.7867
vt 0.8208 0.7820
vt 0.8118 0.7841
vt 0.8162 0.7825
vt 0.7713 0.8943
vt 0.7534 0.8901
vt 0.7672 0.8916
vt 0.7583 0.8895
vt 0.7629 0.8900
vt 0.8627 0.7762
vt 0.7611 0.7762
vt 0.7611 0.7739
vt 0.8627 0.7739
vt 0.9917 0.7762
vt 0.8924 0.7762
vt 0.8924 0.7739
vt 0.9917 0.7739
vt 0.8912 0.7581
vt 0.9917 0.7581
vt 0.9917 0.7605
vt 0.8912 0.7605
vt 0.7611 0.7581
vt 0.8615 0.7581
vt 0.8615 0.7605
vt 0.7611 0.7605
vt 0.8681 0.7762
vt 0.8681 0.7739
vt 0.8871 0.7762
vt 0.8871 0.7739
vt 0.8730 0.7762
vt 0.8730 0.7739
vt 0.8822 0.7762
vt 0.8822 0.7739
vt 0.8776 0.7762
vt 0.8776 0.7739
vt 0.8858 0.7581
vt 0.8858 0.7605
vt 0.8669 0.7581
vt 0.8669 0.7605
vt 0.8809 0.7581
vt 0.8809 0.7605
vt 0.8717 0.7581
vt 0.8717 0.7605
vt 0.8763 0.7581
vt 0.8763 0.7605
vt 0.7383 0.7862
vt 0.7322 0.7862
vt 0.7322 0.7491
vt 0.7383 0.7491
vt 0.7281 0.7862
vt 0.7281 0.7491
vt 0.7239 0.7862
vt 0.7239 0.7491
vt 0.7178 0.7862
vt 0.7178 0.7491
vt 0.7111 0.7862
vt 0.7111 0.7491
vt 0.7059 0.7862
vt 0.7059 0.7491
vt 0.7539 0.7862
vt 0.7502 0.7862
vt 0.7502 0.7491
vt 0.7539 0.7491
vt 0.7450 0.7862
vt 0.7450 0.7491
vt 0.6262 0.0614
vt 0.6233 0.0614
vt 0.6233 0.0397
vt 0.6262 0.0397
vt 0.6309 0.0614
vt 0.6309 0.0397
vt 0.6356 0.0614
vt 0.6356 0.0397
vt 0.6386 0.0614
vt 0.6386 0.0397
vt 0.6415 0.0614
vt 0.6415 0.0397
vt 0.6462 0.0614
vt 0.6462 0.0397
vt 0.6509 0.0614
vt 0.6509 0.0397
vt 0.6539 0.0397
vt 0.6539 0.0614
vt 0.6968 0.0909
vt 0.6968 0.0924
vt 0.6842 0.0926
vt 0.6842 0.0910
vt 0.6968 0.0940
vt 0.6842 0.0941
vt 0.6967 0.0814
vt 0.6967 0.0830
vt 0.6841 0.0831
vt 0.6841 0.0816
vt 0.6967 0.0846
vt 0.6841 0.0847
vt 0.6968 0.0862
vt 0.6841 0.0863
vt 0.6968 0.0877
vt 0.6841 0.0878
vt 0.6968 0.0893
vt 0.6842 0.0894
vt 0.6896 0.0765
vt 0.6896 0.0781
vt 0.6770 0.0780
vt 0.6770 0.0764
vt 0.6896 0.0796
vt 0.6770 0.0795
vt 0.6897 0.0671
vt 0.6897 0.0686
vt 0.6771 0.0685
vt 0.6771 0.0670
vt 0.6897 0.0702
vt 0.6770 0.0701
vt 0.6897 0.0718
vt 0.6770 0.0717
vt 0.6897 0.0734
vt 0.6770 0.0732
vt 0.6896 0.0749
vt 0.6770 0.0748
vt 0.6455 0.0672
vt 0.6455 0.0889
vt 0.6425 0.0889
vt 0.6425 0.0672
vt 0.6502 0.0672
vt 0.6502 0.0889
vt 0.6549 0.0672
vt 0.6549 0.0889
vt 0.6578 0.0672
vt 0.6578 0.0889
vt 0.6608 0.0672
vt 0.6608 0.0889
vt 0.6655 0.0672
vt 0.6655 0.0889
vt 0.6702 0.0672
vt 0.6702 0.0889
vt 0.6731 0.0672
vt 0.6731 0.0889
vt 0.6358 0.0884
vt 0.6325 0.0884
vt 0.6325 0.0880
vt 0.6358 0.0881
vt 0.6326 0.0876
vt 0.6358 0.0877
vt 0.6360 0.0906
vt 0.6327 0.0910
vt 0.6327 0.0906
vt 0.6359 0.0902
vt 0.6326 0.0902
vt 0.6359 0.0899
vt 0.6326 0.0898
vt 0.6358 0.0895
vt 0.6325 0.0893
vt 0.6358 0.0891
vt 0.6325 0.0889
vt 0.6358 0.0888
vt 0.6363 0.0804
vt 0.6330 0.0804
vt 0.6331 0.0799
vt 0.6363 0.0800
vt 0.6331 0.0795
vt 0.6363 0.0796
vt 0.6365 0.0825
vt 0.6332 0.0830
vt 0.6332 0.0826
vt 0.6364 0.0822
vt 0.6331 0.0821
vt 0.6364 0.0818
vt 0.6331 0.0817
vt 0.6363 0.0814
vt 0.6330 0.0812
vt 0.6363 0.0811
vt 0.6330 0.0808
vt 0.6363 0.0807
vt 0.2027 0.9960
vt 0.2027 0.4680
vt 0.4720 0.9960
vt 0.4720 0.4680
vt 0.0041 0.9960
vt 0.0041 0.4680
vt 0.6708 0.9960
vt 0.6708 0.4680
vt 0.9417 0.9960
vt 0.9417 0.4680
vt 0.2027 0.3566
vt 0.4720 0.3566
vt 0.0041 0.3566
vt 0.6708 0.3566
vt 0.9417 0.3566
vt 0.2507 0.1832
vt 0.0039 0.0041
vt 0.2507 0.0041
vt 0.0039 0.1832
vt 0.2605 0.1822
vt 0.4968 0.1761
vt 0.5033 0.1822
vt 0.2669 0.1761
vt 0.2605 0.0048
vt 0.2669 0.0109
vt 0.5033 0.0048
vt 0.4968 0.0109
vt 0.2516 0.1925
vt 0.0041 0.3458
vt 0.0041 0.1925
vt 0.2516 0.3458
vt 0.4294 0.1925
vt 0.4294 0.3458
vt 0.6772 0.1925
vt 0.6772 0.3458
vt 0.8541 0.1925
vt 0.8541 0.3458
vt 0.5166 0.0041
vt 0.7658 0.1824
vt 0.5166 0.1824
vt 0.7658 0.0041
vt 0.2027 0.8991
vt 0.4720 0.8991
vt 0.0041 0.8991
vt 0.6708 0.8991
vt 0.9417 0.8991
vt 0.4968 0.1761
vt 0.2669 0.1761
vt 0.6771 0.1925
vt 0.4296 0.3458
vt 0.4296 0.1925
vt 0.6771 0.3458
vt 0.2519 0.1925
vt 0.2519 0.3458
vt 0.9417 0.7548
vt 0.6708 0.7548
vt 0.4720 0.7548
vt 0.2027 0.7548
vt 0.0041 0.7548
vt 0.4968 0.1761
vt 0.2669 0.1761
vt 0.2669 0.0109
vt 0.6768 0.1925
vt 0.4295 0.3458
vt 0.4295 0.1925
vt 0.6768 0.3458
vt 0.2518 0.1925
vt 0.2518 0.3458
vt 0.6708 0.9497
vt 0.9417 0.9497
vt 0.4720 0.9497
vt 0.2027 0.9497
vt 0.0041 0.9497
vt 0.4968 0.1761
vt 0.2669 0.1761
vt 0.2669 0.0109
vt 0.6774 0.1925
vt 0.4295 0.3458
vt 0.4295 0.1925
vt 0.6774 0.3458
vt 0.2517 0.1925
vt 0.2517 0.3458
vt 0.2027 0.9960
vt 0.2027 0.4680
vt 0.4720 0.9960
vt 0.4720 0.4680
vt 0.0041 0.9960
vt 0.0041 0.4680
vt 0.6708 0.9960
vt 0.6708 0.4680
vt 0.9417 0.9960
vt 0.9417 0.4680
vt 0.2027 0.3566
vt 0.4720 0.3566
vt 0.0041 0.3566
vt 0.6708 0.3566
vt 0.9417 0.3566
vt 0.2507 0.1832
vt 0.0039 0.0041
vt 0.2507 0.0041
vt 0.0039 0.1832
vt 0.2605 0.1822
vt 0.4968 0.1761
vt 0.5033 0.1822
vt 0.2669 0.1761
vt 0.2605 0.0048
vt 0.2669 0.0109
vt 0.5033 0.0048
vt 0.4968 0.0109
vt 0.2516 0.1925
vt 0.0041 0.3458
vt 0.0041 0.1925
vt 0.2516 0.3458
vt 0.4294 0.1925
vt 0.4294 0.3458
vt 0.6772 0.1925
vt 0.6772 0.3458
vt 0.8541 0.1925
vt 0.8541 0.3458
vt 0.5166 0.0041
vt 0.7658 0.1824
vt 0.5166 0.1824
vt 0.7658 0.0041
vt 0.2027 0.8991
vt 0.4720 0.8991
vt 0.0041 0.8991
vt 0.6708 0.8991
vt 0.9417 0.8991
vt 0.4968 0.1761
vt 0.2669 0.1761
vt 0.6771 0.1925
vt 0.4296 0.3458
vt 0.4296 0.1925
vt 0.6771 0.3458
vt 0.2519 0.1925
vt 0.2519 0.3458
vt 0.9417 0.7548
vt 0.6708 0.7548
vt 0.4720 0.7548
vt 0.2027 0.7548
vt 0.0041 0.7548
vt 0.4968 0.1761
vt 0.2669 0.1761
vt 0.2669 0.0109
vt 0.6768 0.1925
vt 0.4295 0.3458
vt 0.4295 0.1925
vt 0.6768 0.3458
vt 0.2518 0.1925
vt 0.2518 0.3458
vt 0.6708 0.9497
vt 0.9417 0.9497
vt 0.4720 0.9497
vt 0.2027 0.9497
vt 0.0041 0.9497
vt 0.4968 0.1761
vt 0.2669 0.1761
vt 0.2669 0.0109
vt 0.6774 0.1925
vt 0.4295 0.3458
vt 0.4295 0.1925
vt 0.6774 0.3458
vt 0.2517 0.1925
vt 0.2517 0.3458
vn 0.0000 0.0000 1.0000
vn 0.0000 0.0000 -1.0000
vn 0.0000 1.0000 0.0000
vn 0.0000 -1.0000 0.0000
vn 1.0000 0.0000 0.0000
vn -1.0000 0.0000 0.0000
vn -1.0000 0.0000 0.0000
vn 0.0000 1.0000 0.0000
vn -0.0000 -1.0000 -0.0000
vn 1.0000 -0.0000 -0.0000
vn -0.0000 0.0000 -1.0000
vn 0.0000 -0.0000 1.0000
vn -1.0000 0.0000 -0.0000
vn 0.0000 1.0000 0.0000
vn -0.0000 -1.0000 -0.0000
vn 1.0000 -0.0000 0.0000
vn 0.0000 0.0000 -1.0000
vn -0.0000 -0.0000 1.0000
vn -1.0000 0.0000 0.0000
vn 0.0000 1.0000 -0.0000
vn -0.0000 -1.0000 0.0000
vn 1.0000 -0.0000 0.0000
vn 0.0000 -0.0000 -1.0000
vn -0.0000 0.0000 1.0000
vn 0.0000 -0.8302 -0.5575
vn -1.0000 -0.0000 0.0000
vn 1.0000 0.0000 -0.0000
vn -0.0000 0.8302 0.5575
vn -0.0000 0.5575 -0.8302
vn 0.0000 -0.5575 0.8302
vn 0.0000 0.8372 -0.5470
vn -1.0000 -0.0000 -0.0000
vn 1.0000 0.0000 0.0000
vn -0.0000 -0.8372 0.5470
vn -0.0000 0.5470 0.8372
vn 0.0000 -0.5470 -0.8372
vn 0.0000 -0.8216 -0.5700
vn -1.0000 -0.0000 0.0000
vn 1.0000 0.0000 -0.0000
vn -0.0000 0.8216 0.5700
vn -0.0000 0.5700 -0.8216
vn 0.0000 -0.5700 0.8216
vn -0.0000 1.0000 0.0000
vn 1.0000 0.0000 -0.0000
vn -1.0000 -0.0000 0.0000
vn 0.0000 -1.0000 -0.0000
vn -0.0000 0.0000 -1.0000
vn 0.0000 -0.0000 1.0000
vn 0.0001 -0.0000 -1.0000
vn 1.0000 0.0000 0.0001
vn -1.0000 -0.0000 -0.0001
vn -0.0001 0.0000 1.0000
vn 0.0000 -1.0000 0.0000
vn -0.0000 1.0000 -0.0000
vn 0.0001 -0.0000 -1.0000
vn 1.0000 0.0000 0.0001
vn -1.0000 -0.0000 -0.0001
vn -0.0001 0.0000 1.0000
vn 0.0000 -1.0000 0.0000
vn -0.0000 1.0000 -0.0000
vn -1.0000 -0.0000 -0.0000
vn -0.0000 0.0000 1.0000
vn 0.0000 -0.0000 -1.0000
vn 1.0000 0.0000 0.0000
vn -0.0000 1.0000 -0.0000
vn 0.0000 -1.0000 0.0000
vn -0.0018 -1.0000 0.0000
vn -0.0018 -1.0000 -0.0000
vn -0.0000 0.0000 -1.0000
vn -0.0000 0.0000 -1.0000
vn 1.0000 -0.0018 -0.0000
vn 1.0000 -0.0018 -0.0000
vn -0.0000 0.0000 1.0000
vn -0.0000 -0.0000 1.0000
vn -1.0000 0.0018 -0.0000
vn -1.0000 0.0018 0.0000
vn 0.0018 1.0000 0.0000
vn 0.0018 1.0000 -0.0000
vn -0.0018 -1.0000 0.0000
vn -0.0018 -1.0000 -0.0000
vn 1.0000 -0.0018 -0.0000
vn 1.0000 -0.0018 -0.0000
vn 0.0000 -0.0000 -1.0000
vn 0.0000 -0.0000 -1.0000
vn 1.0000 -0.0018 -0.0000
vn 1.0000 -0.0018 -0.0000
vn -0.0000 0.0000 1.0000
vn -0.0000 -0.0000 1.0000
vn -1.0000 0.0018 -0.0000
vn -1.0000 0.0018 -0.0000
vn 0.0018 1.0000 0.0000
vn 0.0018 1.0000 -0.0000
vn 1.0000 -0.0018 -0.0000
vn 1.0000 -0.0018 -0.0000
vn -0.0000 -0.0000 -1.0000
vn -0.0000 -0.0000 -1.0000
vn 0.0018 1.0000 -0.0000
vn 0.0018 1.0000 -0.0000
vn -0.0000 -0.0000 1.0000
vn 0.0000 -0.0000 1.0000
vn -0.0018 -1.0000 -0.0000
vn -0.0018 -1.0000 -0.0000
vn -1.0000 0.0018 -0.0000
vn -1.0000 0.0018 -0.0000
vn -1.0000 0.0018 -0.0000
vn -1.0000 0.0018 -0.0000
vn 0.0000 0.0000 -1.0000
vn 0.0000 0.0000 -1.0000
vn -0.0018 -1.0000 -0.0000
vn -0.0018 -1.0000 0.0000
vn -0.0000 0.0000 1.0000
vn 0.0018 1.0000 -0.0000
vn 0.0018 1.0000 0.0000
vn 1.0000 -0.0018 -0.0000
vn 1.0000 -0.0018 -0.0000
vn 0.0000 -0.0000 1.0000
vn 0.0018 1.0000 -0.0000
vn 0.0018 1.0000 -0.0000
vn 0.0000 -0.0000 -1.0000
vn 0.0000 -0.0000 -1.0000
vn -1.0000 0.0018 -0.0000
vn -1.0000 0.0018 -0.0000
vn 0.0000 0.0000 1.0000
vn 1.0000 -0.0018 -0.0000
vn 1.0000 -0.0018 -0.0000
vn -0.0018 -1.0000 0.0000
vn -0.0018 -1.0000 -0.0000
vn 0.1953 0.9807 -0.0000
vn 0.1953 0.9807 -0.0000
vn -0.0000 0.0000 -1.0000
vn -0.0000 0.0000 -1.0000
vn -0.9807 0.1953 0.0000
vn -0.9807 0.1953 -0.0000
vn 0.0000 0.0000 1.0000
vn 0.9807 -0.1953 -0.0000
vn 0.9807 -0.1953 0.0000
vn -0.1953 -0.9807 -0.0000
vn -0.1953 -0.9807 -0.0000
vn 0.0018 1.0000 -0.0000
vn 0.0018 1.0000 -0.0000
vn -1.0000 0.0018 -0.0000
vn -1.0000 0.0018 -0.0000
vn 0.0000 -0.0000 1.0000
vn 0.0000 -0.0000 1.0000
vn 1.0000 -0.0018 -0.0000
vn 1.0000 -0.0018 0.0000
vn -0.0018 -1.0000 0.0000
vn -0.0018 -1.0000 -0.0000
vn 0.0018 1.0000 -0.0000
vn 0.0018 1.0000 -0.0000
vn 0.0000 0.0000 -1.0000
vn -1.0000 0.0018 -0.0000
vn -1.0000 0.0018 -0.0000
vn 0.0000 -0.0000 1.0000
vn 0.0000 -0.0000 1.0000
vn 1.0000 -0.0018 -0.0000
vn 1.0000 -0.0018 0.0000
vn -0.0018 -1.0000 0.0000
vn -0.0018 -1.0000 -0.0000
vn -0.0000 -0.0000 -1.0000
vn -0.0000 -0.0000 -1.0000
vn 0.0000 0.0000 1.0000
vn 0.0000 0.0000 1.0000
vn 0.0000 -1.0000 -0.0000
vn 1.0000 -0.0000 -0.0000
vn -0.0000 1.0000 0.0000
vn -1.0000 0.0000 0.0000
vn -0.0000 -0.0000 -1.0000
vn -0.0000 -0.0000 -1.0000
vn 0.0000 -0.0000 1.0000
vn -0.0000 0.0000 -1.0000
vn 0.0000 -0.0000 1.0000
vn -0.0000 1.0000 0.0000
vn 0.0000 0.0000 1.0000
vn -0.0000 1.0000 0.0000
vn -0.0000 -0.0000 -1.0000
vn -0.0000 0.0000 -1.0000
vn 0.0000 -0.0000 -1.0000
vn -0.0000 0.0000 1.0000
vn -0.1650 -0.9863 -0.0000
vn 0.9863 -0.1650 0.0000
vn 0.1650 0.9863 0.0000
vn -0.9863 0.1650 -0.0000
vn 0.0000 -0.0000 1.0000
vn -0.0000 0.0000 -1.0000
vn 0.0000 -0.0000 1.0000
vn -0.0000 0.0000 1.0000
vn -0.9801 -0.1984 0.0000
vn 0.1983 -0.9801 0.0000
vn 0.9801 0.1984 0.0000
vn -0.1983 0.9801 -0.0000
vn 0.0000 -0.0000 1.0000
vn -0.9801 -0.1983 0.0000
vn 0.1983 -0.9801 0.0000
vn 0.9801 0.1983 -0.0000
vn -0.1983 0.9801 -0.0000
vn 0.0000 -0.0000 1.0000
vn 0.1983 -0.9801 0.0000
vn 0.9801 0.1984 0.0000
vn -0.1983 0.9801 -0.0000
vn 1.0000 0.0054 -0.0000
vn 0.0000 -0.0000 -1.0000
vn -0.0000 0.0000 1.0000
vn -0.0024 1.0000 0.0000
vn 0.0024 -1.0000 -0.0000
vn 0.0024 -1.0000 -0.0000
vn -1.0000 -0.0054 0.0000
vn -1.0000 -0.0054 0.0000
vn -0.0024 1.0000 -0.0000
vn -0.0024 1.0000 -0.0000
vn 1.0000 0.0054 -0.0000
vn -0.0000 -0.0000 -1.0000
vn 0.0000 0.0000 1.0000
vn 0.0000 -0.0000 1.0000
vn -0.0024 1.0000 0.0000
vn 0.0024 -1.0000 0.0000
vn -1.0000 -0.0054 0.0000
vn -1.0000 -0.0054 -0.0000
vn -0.0024 1.0000 0.0000
vn -0.0024 1.0000 -0.0000
vn 1.0000 0.0054 0.0000
vn 1.0000 0.0054 -0.0000
vn -0.0024 1.0000 0.0000
vn -1.0000 -0.0054 0.0000
vn -1.0000 -0.0054 0.0000
vn 0.9096 -0.4155 -0.0000
vn 0.9096 -0.4155 -0.0000
vn -0.8980 0.4390 0.0301
vn -0.4182 -0.9083 -0.0000
vn -0.4182 -0.9083 -0.0000
vn -0.9096 0.4155 0.0000
vn -0.9096 0.4155 0.0000
vn 0.4182 0.9083 -0.0000
vn 0.4182 0.9083 -0.0000
vn -1.0000 0.0000 0.0000
vn 0.0000 1.0000 0.0000
vn -0.0000 -1.0000 -0.0000
vn 1.0000 -0.0000 -0.0000
vn -0.0000 0.0000 -1.0000
vn 0.0000 -0.0000 1.0000
vn -1.0000 0.0000 -0.0000
vn 0.0000 1.0000 0.0000
vn -0.0000 -1.0000 -0.0000
vn 1.0000 -0.0000 0.0000
vn 0.0000 0.0000 -1.0000
vn -0.0000 -0.0000 1.0000
vn -1.0000 0.0000 0.0000
vn 0.0000 1.0000 -0.0000
vn -0.0000 -1.0000 0.0000
vn 1.0000 -0.0000 0.0000
vn 0.0000 -0.0000 -1.0000
vn -0.0000 0.0000 1.0000
vn 0.0000 -0.8302 -0.5575
vn -1.0000 -0.0000 0.0000
vn 1.0000 0.0000 -0.0000
vn -0.0000 0.8302 0.5575
vn -0.0000 0.5575 -0.8302
vn 0.0000 -0.5575 0.8302
vn 0.0000 0.8372 -0.5470
vn -1.0000 -0.0000 -0.0000
vn 1.0000 0.0000 0.0000
vn -0.0000 -0.8372 0.5470
vn -0.0000 0.5470 0.8372
vn 0.0000 -0.5470 -0.8372
vn 0.0000 -0.8216 -0.5700
vn -1.0000 -0.0000 0.0000
vn 1.0000 0.0000 -0.0000
vn -0.0000 0.8216 0.5700
vn -0.0000 0.5700 -0.8216
vn 0.0000 -0.5700 0.8216
vn -0.0000 1.0000 0.0000
vn 1.0000 0.0000 -0.0000
vn -1.0000 -0.0000 0.0000
vn 0.0000 -1.0000 -0.0000
vn -0.0000 0.0000 -1.0000
vn 0.0000 -0.0000 1.0000
vn 0.0001 -0.0000 -1.0000
vn 1.0000 0.0000 0.0001
vn -1.0000 -0.0000 -0.0001
vn -0.0001 0.0000 1.0000
vn 0.0000 -1.0000 0.0000
vn -0.0000 1.0000 -0.0000
vn 0.0001 -0.0000 -1.0000
vn 1.0000 0.0000 0.0001
vn -1.0000 -0.0000 -0.0001
vn -0.0001 0.0000 1.0000
vn 0.0000 -1.0000 0.0000
vn -0.0000 1.0000 -0.0000
vn -1.0000 -0.0000 -0.0000
vn -0.0000 0.0000 1.0000
vn 0.0000 -0.0000 -1.0000
vn 1.0000 0.0000 0.0000
vn -0.0000 1.0000 -0.0000
vn 0.0000 -1.0000 0.0000
vn -0.0018 -1.0000 0.0000
vn -0.0018 -1.0000 -0.0000
vn -0.0000 0.0000 -1.0000
vn -0.0000 0.0000 -1.0000
vn 1.0000 -0.0018 -0.0000
vn 1.0000 -0.0018 -0.0000
vn -0.0000 0.0000 1.0000
vn -0.0000 -0.0000 1.0000
vn -1.0000 0.0018 -0.0000
vn -1.0000 0.0018 0.0000
vn 0.0018 1.0000 0.0000
vn 0.0018 1.0000 -0.0000
vn -0.0018 -1.0000 0.0000
vn -0.0018 -1.0000 -0.0000
vn 1.0000 -0.0018 -0.0000
vn 1.0000 -0.0018 -0.0000
vn 0.0000 -0.0000 -1.0000
vn 0.0000 -0.0000 -1.0000
vn 1.0000 -0.0018 -0.0000
vn 1.0000 -0.0018 -0.0000
vn -0.0000 0.0000 1.0000
vn -0.0000 -0.0000 1.0000
vn -1.0000 0.0018 -0.0000
vn -1.0000 0.0018 -0.0000
vn 0.0018 1.0000 0.0000
vn 0.0018 1.0000 -0.0000
vn 1.0000 -0.0018 -0.0000
vn 1.0000 -0.0018 -0.0000
vn -0.0000 -0.0000 -1.0000
vn -0.0000 -0.0000 -1.0000
vn 0.0018 1.0000 -0.0000
vn 0.0018 1.0000 -0.0000
vn -0.0000 -0.0000 1.0000
vn 0.0000 -0.0000 1.0000
vn -0.0018 -1.0000 -0.0000
vn -0.0018 -1.0000 -0.0000
vn -1.0000 0.0018 -0.0000
vn -1.0000 0.0018 -0.0000
vn -1.0000 0.0018 -0.0000
vn -1.0000 0.0018 -0.0000
vn 0.0000 0.0000 -1.0000
vn 0.0000 0.0000 -1.0000
vn -0.0018 -1.0000 -0.0000
vn -0.0018 -1.0000 0.0000
vn -0.0000 0.0000 1.0000
vn 0.0018 1.0000 -0.0000
vn 0.0018 1.0000 0.0000
vn 1.0000 -0.0018 -0.0000
vn 1.0000 -0.0018 -0.0000
vn 0.0000 -0.0000 1.0000
vn 0.0018 1.0000 -0.0000
vn 0.0018 1.0000 -0.0000
vn 0.0000 -0.0000 -1.0000
vn 0.0000 -0.0000 -1.0000
vn -1.0000 0.0018 -0.0000
vn -1.0000 0.0018 -0.0000
vn 0.0000 0.0000 1.0000
vn 1.0000 -0.0018 -0.0000
vn 1.0000 -0.0018 -0.0000
vn -0.0018 -1.0000 0.0000
vn -0.0018 -1.0000 -0.0000
vn 0.1953 0.9807 -0.0000
vn 0.1953 0.9807 -0.0000
vn -0.0000 0.0000 -1.0000
vn -0.0000 0.0000 -1.0000
vn -0.9807 0.1953 0.0000
vn -0.9807 0.1953 -0.0000
vn 0.0000 0.0000 1.0000
vn 0.9807 -0.1953 -0.0000
vn 0.9807 -0.1953 0.0000
vn -0.1953 -0.9807 -0.0000
vn -0.1953 -0.9807 -0.0000
vn 0.0018 1.0000 -0.0000
vn 0.0018 1.0000 -0.0000
vn -1.0000 0.0018 -0.0000
vn -1.0000 0.0018 -0.0000
vn 0.0000 -0.0000 1.0000
vn 0.0000 -0.0000 1.0000
vn 1.0000 -0.0018 -0.0000
vn 1.0000 -0.0018 0.0000
vn -0.0018 -1.0000 0.0000
vn -0.0018 -1.0000 -0.0000
vn 0.0018 1.0000 -0.0000
vn 0.0018 1.0000 -0.0000
vn 0.0000 0.0000 -1.0000
vn -1.0000 0.0018 -0.0000
vn -1.0000 0.0018 -0.0000
vn 0.0000 -0.0000 1.0000
vn 0.0000 -0.0000 1.0000
vn 1.0000 -0.0018 -0.0000
vn 1.0000 -0.0018 0.0000
vn -0.0018 -1.0000 0.0000
vn -0.0018 -1.0000 -0.0000
vn -0.0000 -0.0000 -1.0000
vn -0.0000 -0.0000 -1.0000
vn 0.0000 0.0000 1.0000
vn 0.0000 0.0000 1.0000
vn 0.0000 -1.0000 -0.0000
vn 1.0000 -0.0000 -0.0000
vn -0.0000 1.0000 0.0000
vn -1.0000 0.0000 0.0000
vn -0.0000 -0.0000 -1.0000
vn -0.0000 -0.0000 -1.0000
vn 0.0000 -0.0000 1.0000
vn -0.0000 0.0000 -1.0000
vn 0.0000 -0.0000 1.0000
vn -0.0000 1.0000 0.0000
vn 0.0000 0.0000 1.0000
vn -0.0000 1.0000 0.0000
vn -0.0000 -0.0000 -1.0000
vn -0.0000 0.0000 -1.0000
vn 0.0000 -0.0000 -1.0000
vn -0.0000 0.0000 1.0000
vn -0.1650 -0.9863 -0.0000
vn 0.9863 -0.1650 0.0000
vn 0.1650 0.9863 0.0000
vn -0.9863 0.1650 -0.0000
vn 0.0000 -0.0000 1.0000
vn -0.0000 0.0000 -1.0000
vn 0.0000 -0.0000 1.0000
vn -0.0000 0.0000 1.0000
vn -0.9801 -0.1984 0.0000
vn 0.1983 -0.9801 0.0000
vn 0.9801 0.1984 0.0000
vn -0.1983 0.9801 -0.0000
vn 0.0000 -0.0000 1.0000
vn -0.9801 -0.1983 0.0000
vn 0.1983 -0.9801 0.0000
vn 0.9801 0.1983 -0.0000
vn -0.1983 0.9801 -0.0000
vn 0.0000 -0.0000 1.0000
vn 0.1983 -0.9801 0.0000
vn 0.9801 0.1984 0.0000
vn -0.1983 0.9801 -0.0000
vn 1.0000 0.0054 -0.0000
vn 0.0000 -0.0000 -1.0000
vn -0.0000 0.0000 1.0000
vn -0.0024 1.0000 0.0000
vn 0.0024 -1.0000 -0.0000
vn 0.0024 -1.0000 -0.0000
vn -1.0000 -0.0054 0.0000
vn -1.0000 -0.0054 0.0000
vn -0.0024 1.0000 -0.0000
vn -0.0024 1.0000 -0.0000
vn 1.0000 0.0054 -0.0000
vn -0.0000 -0.0000 -1.0000
vn 0.0000 0.0000 1.0000
vn 0.0000 -0.0000 1.0000
vn -0.0024 1.0000 0.0000
vn 0.0024 -1.0000 0.0000
vn -1.0000 -0.0054 0.0000
vn -1.0000 -0.0054 -0.0000
vn -0.0024 1.0000 0.0000
vn -0.0024 1.0000 -0.0000
vn 1.0000 0.0054 0.0000
vn 1.0000 0.0054 -0.0000
vn -0.0024 1.0000 0.0000
vn -1.0000 -0.0054 0.0000
vn -1.0000 -0.0054 0.0000
vn 0.9096 -0.4155 -0.0000
vn 0.9096 -0.4155 -0.0000
vn -0.8980 0.4390 0.0301
vn -0.4182 -0.9083 -0.0000
vn -0.4182 -0.9083 -0.0000
vn -0.9096 0.4155 0.0000
vn -0.9096 0.4155 0.0000
vn 0.4182 0.9083 -0.0000
vn 0.4182 0.9083 -0.0000
vn -1.0000 0.0000 0.0000
vn 0.0000 1.0000 0.0000
vn -0.0000 -1.0000 -0.0000
vn 1.0000 -0.0000 -0.0000
vn -0.0000 0.0000 -1.0000
vn 0.0000 -0.0000 1.0000
vn -1.0000 0.0000 -0.0000
vn 0.0000 1.0000 0.0000
vn -0.0000 -1.0000 -0.0000
vn 1.0000 -0.0000 0.0000
vn 0.0000 0.0000 -1.0000
vn -0.0000 -0.0000 1.0000
vn -1.0000 0.0000 0.0000
vn 0.0000 1.0000 -0.0000
vn -0.0000 -1.0000 0.0000
vn 1.0000 -0.0000 0.0000
vn 0.0000 -0.0000 -1.0000
vn -0.0000 0.0000 1.0000
vn 0.0000 -0.8302 -0.5575
vn -1.0000 -0.0000 0.0000
vn 1.0000 0.0000 -0.0000
vn -0.0000 0.8302 0.5575
vn -0.0000 0.5575 -0.8302
vn 0.0000 -0.5575 0.8302
vn 0.0000 0.8372 -0.5470
vn -1.0000 -0.0000 -0.0000
vn 1.0000 0.0000 0.0000
vn -0.0000 -0.8372 0.5470
vn -0.0000 0.5470 0.8372
vn 0.0000 -0.5470 -0.8372
vn 0.0000 -0.8216 -0.5700
vn -1.0000 -0.0000 0.0000
vn 1.0000 0.0000 -0.0000
vn -0.0000 0.8216 0.5700
vn -0.0000 0.5700 -0.8216
vn 0.0000 -0.5700 0.8216
vn -0.0000 1.0000 0.0000
vn 1.0000 0.0000 -0.0000
vn -1.0000 -0.0000 0.0000
vn 0.0000 -1.0000 -0.0000
vn -0.0000 0.0000 -1.0000
vn 0.0000 -0.0000 1.0000
vn 0.0001 -0.0000 -1.0000
vn 1.0000 0.0000 0.0001
vn -1.0000 -0.0000 -0.0001
vn -0.0001 0.0000 1.0000
vn 0.0000 -1.0000 0.0000
vn -0.0000 1.0000 -0.0000
vn 0.0001 -0.0000 -1.0000
vn 1.0000 0.0000 0.0001
vn -1.0000 -0.0000 -0.0001
vn -0.0001 0.0000 1.0000
vn 0.0000 -1.0000 0.0000
vn -0.0000 1.0000 -0.0000
vn -1.0000 -0.0000 -0.0000
vn -0.0000 0.0000 1.0000
vn 0.0000 -0.0000 -1.0000
vn 1.0000 0.0000 0.0000
vn -0.0000 1.0000 -0.0000
vn 0.0000 -1.0000 0.0000
vn -0.0018 -1.0000 0.0000
vn -0.0018 -1.0000 -0.0000
vn -0.0000 0.0000 -1.0000
vn -0.0000 0.0000 -1.0000
vn 1.0000 -0.0018 -0.0000
vn 1.0000 -0.0018 -0.0000
vn -0.0000 0.0000 1.0000
vn -0.0000 -0.0000 1.0000
vn -1.0000 0.0018 -0.0000
vn -1.0000 0.0018 0.0000
vn 0.0018 1.0000 0.0000
vn 0.0018 1.0000 -0.0000
vn -0.0018 -1.0000 0.0000
vn -0.0018 -1.0000 -0.0000
vn 1.0000 -0.0018 -0.0000
vn 1.0000 -0.0018 -0.0000
vn 0.0000 -0.0000 -1.0000
vn 0.0000 -0.0000 -1.0000
vn 1.0000 -0.0018 -0.0000
vn 1.0000 -0.0018 -0.0000
vn -0.0000 0.0000 1.0000
vn -0.0000 -0.0000 1.0000
vn -1.0000 0.0018 -0.0000
vn -1.0000 0.0018 -0.0000
vn 0.0018 1.0000 0.0000
vn 0.0018 1.0000 -0.0000
vn 1.0000 -0.0018 -0.0000
vn 1.0000 -0.0018 -0.0000
vn -0.0000 -0.0000 -1.0000
vn -0.0000 -0.0000 -1.0000
vn 0.0018 1.0000 -0.0000
vn 0.0018 1.0000 -0.0000
vn -0.0000 -0.0000 1.0000
vn 0.0000 -0.0000 1.0000
vn -0.0018 -1.0000 -0.0000
vn -0.0018 -1.0000 -0.0000
vn -1.0000 0.0018 -0.0000
vn -1.0000 0.0018 -0.0000
vn -1.0000 0.0018 -0.0000
vn -1.0000 0.0018 -0.0000
vn 0.0000 0.0000 -1.0000
vn 0.0000 0.0000 -1.0000
vn -0.0018 -1.0000 -0.0000
vn -0.0018 -1.0000 0.0000
vn -0.0000 0.0000 1.0000
vn 0.0018 1.0000 -0.0000
vn 0.0018 1.0000 0.0000
vn 1.0000 -0.0018 -0.0000
vn 1.0000 -0.0018 -0.0000
vn 0.0000 -0.0000 1.0000
vn 0.0018 1.0000 -0.0000
vn 0.0018 1.0000 -0.0000
vn 0.0000 -0.0000 -1.0000
vn 0.0000 -0.0000 -1.0000
vn -1.0000 0.0018 -0.0000
vn -1.0000 0.0018 -0.0000
vn 0.0000 0.0000 1.0000
vn 1.0000 -0.0018 -0.0000
vn 1.0000 -0.0018 -0.0000
vn -0.0018 -1.0000 0.0000
vn -0.0018 -1.0000 -0.0000
vn 0.1953 0.9807 -0.0000
vn 0.1953 0.9807 -0.0000
vn -0.0000 0.0000 -1.0000
vn -0.0000 0.0000 -1.0000
vn -0.9807 0.1953 0.0000
vn -0.9807 0.1953 -0.0000
vn 0.0000 0.0000 1.0000
vn 0.9807 -0.1953 -0.0000
vn 0.9807 -0.1953 0.0000
vn -0.1953 -0.9807 -0.0000
vn -0.1953 -0.9807 -0.0000
vn 0.0018 1.0000 -0.0000
vn 0.0018 1.0000 -0.0000
vn -1.0000 0.0018 -0.0000
vn -1.0000 0.0018 -0.0000
vn 0.0000 -0.0000 1.0000
vn 0.0000 -0.0000 1.0000
vn 1.0000 -0.0018 -0.0000
vn 1.0000 -0.0018 0.0000
vn -0.0018 -1.0000 0.0000
vn -0.0018 -1.0000 -0.0000
vn 0.0018 1.0000 -0.0000
vn 0.0018 1.0000 -0.0000
vn 0.0000 0.0000 -1.0000
vn -1.0000 0.0018 -0.0000
vn -1.0000 0.0018 -0.0000
vn 0.0000 -0.0000 1.0000
vn 0.0000 -0.0000 1.0000
vn 1.0000 -0.0018 -0.0000
vn 1.0000 -0.0018 0.0000
vn -0.0018 -1.0000 0.0000
vn -0.0018 -1.0000 -0.0000
vn -0.0000 -0.0000 -1.0000
vn -0.0000 -0.0000 -1.0000
vn 0.0000 0.0000 1.0000
vn 0.0000 0.0000 1.0000
vn 0.0000 -1.0000 -0.0000
vn 1.0000 -0.0000 -0.0000
vn -0.0000 1.0000 0.0000
vn -1.0000 0.0000 0.0000
vn -0.0000 -0.0000 -1.0000
vn -0.0000 -0.0000 -1.0000
vn 0.0000 -0.0000 1.0000
vn -0.0000 0.0000 -1.0000
vn 0.0000 -0.0000 1.0000
vn -0.0000 1.0000 0.0000
vn 0.0000 0.0000 1.0000
vn -0.0000 1.0000 0.0000
vn -0.0000 -0.0000 -1.0000
vn -0.0000 0.0000 -1.0000
vn 0.0000 -0.0000 -1.0000
vn -0.0000 0.0000 1.0000
vn -0.1650 -0.9863 -0.0000
vn 0.9863 -0.1650 0.0000
vn 0.1650 0.9863 0.0000
vn -0.9863 0.1650 -0.0000
vn 0.0000 -0.0000 1.0000
vn -0.0000 0.0000 -1.0000
vn 0.0000 -0.0000 1.0000
vn -0.0000 0.0000 1.0000
vn -0.9801 -0.1984 0.0000
vn 0.1983 -0.9801 0.0000
vn 0.9801 0.1984 0.0000
vn -0.1983 0.9801 -0.0000
vn 0.0000 -0.0000 1.0000
vn -0.9801 -0.1983 0.0000
vn 0.1983 -0.9801 0.0000
vn 0.9801 0.1983 -0.0000
vn -0.1983 0.9801 -0.0000
vn 0.0000 -0.0000 1.0000
vn 0.1983 -0.9801 0.0000
vn 0.9801 0.1984 0.0000
vn -0.1983 0.9801 -0.0000
vn 1.0000 0.0054 -0.0000
vn 0.0000 -0.0000 -1.0000
vn -0.0000 0.0000 1.0000
vn -0.0024 1.0000 0.0000
vn 0.0024 -1.0000 -0.0000
vn 0.0024 -1.0000 -0.0000
vn -1.0000 -0.0054 0.0000
vn -1.0000 -0.0054 0.0000
vn -0.0024 1.0000 -0.0000
vn -0.0024 1.0000 -0.0000
vn 1.0000 0.0054 -0.0000
vn -0.0000 -0.0000 -1.0000
vn 0.0000 0.0000 1.0000
vn 0.0000 -0.0000 1.0000
vn -0.0024 1.0000 0.0000
vn 0.0024 -1.0000 0.0000
vn -1.0000 -0.0054 0.0000
vn -1.0000 -0.0054 -0.0000
vn -0.0024 1.0000 0.0000
vn -0.0024 1.0000 -0.0000
vn 1.0000 0.0054 0.0000
vn 1.0000 0.0054 -0.0000
vn -0.0024 1.0000 0.0000
vn -1.0000 -0.0054 0.0000
vn -1.0000 -0.0054 0.0000
vn 0.9096 -0.4155 -0.0000
vn 0.9096 -0.4155 -0.0000
vn -0.8980 0.4390 0.0301
vn -0.4182 -0.9083 -0.0000
vn -0.4182 -0.9083 -0.0000
vn -0.9096 0.4155 0.0000
vn -0.9096 0.4155 0.0000
vn 0.4182 0.9083 -0.0000
vn 0.4182 0.9083 -0.0000
vn -1.0000 0.0000 0.0000
vn 0.0000 1.0000 0.0000
vn -0.0000 -1.0000 -0.0000
vn 1.0000 -0.0000 -0.0000
vn -0.0000 0.0000 -1.0000
vn 0.0000 -0.0000 1.0000
vn -1.0000 0.0000 -0.0000
vn 0.0000 1.0000 0.0000
vn -0.0000 -1.0000 -0.0000
vn 1.0000 -0.0000 0.0000
vn 0.0000 0.0000 -1.0000
vn -0.0000 -0.0000 1.0000
vn -1.0000 0.0000 0.0000
vn 0.0000 1.0000 -0.0000
vn -0.0000 -1.0000 0.0000
vn 1.0000 -0.0000 0.0000
vn 0.0000 -0.0000 -1.0000
vn -0.0000 0.0000 1.0000
vn 0.0000 -0.8302 -0.5575
vn -1.0000 -0.0000 0.0000
vn 1.0000 0.0000 -0.0000
vn -0.0000 0.8302 0.5575
vn -0.0000 0.5575 -0.8302
vn 0.0000 -0.5575 0.8302
vn 0.0000 0.8372 -0.5470
vn -1.0000 -0.0000 -0.0000
vn 1.0000 0.0000 0.0000
vn -0.0000 -0.8372 0.5470
vn -0.0000 0.5470 0.8372
vn 0.0000 -0.5470 -0.8372
vn 0.0000 -0.8216 -0.5700
vn -1.0000 -0.0000 0.0000
vn 1.0000 0.0000 -0.0000
vn -0.0000 0.8216 0.5700
vn -0.0000 0.5700 -0.8216
vn 0.0000 -0.5700 0.8216
vn -0.0000 1.0000 0.0000
vn 1.0000 0.0000 -0.0000
vn -1.0000 -0.0000 0.0000
vn 0.0000 -1.0000 -0.0000
vn -0.0000 0.0000 -1.0000
vn 0.0000 -0.0000 1.0000
vn 0.0001 -0.0000 -1.0000
vn 1.0000 0.0000 0.0001
vn -1.0000 -0.0000 -0.0001
vn -0.0001 0.0000 1.0000
vn 0.0000 -1.0000 0.0000
vn -0.0000 1.0000 -0.0000
vn 0.0001 -0.0000 -1.0000
vn 1.0000 0.0000 0.0001
vn -1.0000 -0.0000 -0.0001
vn -0.0001 0.0000 1.0000
vn 0.0000 -1.0000 0.0000
vn -0.0000 1.0000 -0.0000
vn -1.0000 -0.0000 -0.0000
vn -0.0000 0.0000 1.0000
vn 0.0000 -0.0000 -1.0000
vn 1.0000 0.0000 0.0000
vn -0.0000 1.0000 -0.0000
vn 0.0000 -1.0000 0.0000
vn -0.0018 -1.0000 0.0000
vn -0.0018 -1.0000 -0.0000
vn -0.0000 0.0000 -1.0000
vn -0.0000 0.0000 -1.0000
vn 1.0000 -0.0018 -0.0000
vn 1.0000 -0.0018 -0.0000
vn -0.0000 0.0000 1.0000
vn -0.0000 -0.0000 1.0000
vn -1.0000 0.0018 -0.0000
vn -1.0000 0.0018 0.0000
vn 0.0018 1.0000 0.0000
vn 0.0018 1.0000 -0.0000
vn -0.0018 -1.0000 0.0000
vn -0.0018 -1.0000 -0.0000
vn 1.0000 -0.0018 -0.0000
vn 1.0000 -0.0018 -0.0000
vn 0.0000 -0.0000 -1.0000
vn 0.0000 -0.0000 -1.0000
vn 1.0000 -0.0018 -0.0000
vn 1.0000 -0.0018 -0.0000
vn -0.0000 0.0000 1.0000
vn -0.0000 -0.0000 1.0000
vn -1.0000 0.0018 -0.0000
vn -1.0000 0.0018 -0.0000
vn 0.0018 1.0000 0.0000
vn 0.0018 1.0000 -0.0000
vn 1.0000 -0.0018 -0.0000
vn 1.0000 -0.0018 -0.0000
vn -0.0000 -0.0000 -1.0000
vn -0.0000 -0.0000 -1.0000
vn 0.0018 1.0000 -0.0000
vn 0.0018 1.0000 -0.0000
vn -0.0000 -0.0000 1.0000
vn 0.0000 -0.0000 1.0000
vn -0.0018 -1.0000 -0.0000
vn -0.0018 -1.0000 -0.0000
vn -1.0000 0.0018 -0.0000
vn -1.0000 0.0018 -0.0000
vn -1.0000 0.0018 -0.0000
vn -1.0000 0.0018 -0.0000
vn 0.0000 0.0000 -1.0000
vn 0.0000 0.0000 -1.0000
vn -0.0018 -1.0000 -0.0000
vn -0.0018 -1.0000 0.0000
vn -0.0000 0.0000 1.0000
vn 0.0018 1.0000 -0.0000
vn 0.0018 1.0000 0.0000
vn 1.0000 -0.0018 -0.0000
vn 1.0000 -0.0018 -0.0000
vn 0.0000 -0.0000 1.0000
vn 0.0018 1.0000 -0.0000
vn 0.0018 1.0000 -0.0000
vn 0.0000 -0.0000 -1.0000
vn 0.0000 -0.0000 -1.0000
vn -1.0000 0.0018 -0.0000
vn -1.0000 0.0018 -0.0000
vn 0.0000 0.0000 1.0000
vn 1.0000 -0.0018 -0.0000
vn 1.0000 -0.0018 -0.0000
vn -0.0018 -1.0000 0.0000
vn -0.0018 -1.0000 -0.0000
vn 0.1953 0.9807 -0.0000
vn 0.1953 0.9807 -0.0000
vn -0.0000 0.0000 -1.0000
vn -0.0000 0.0000 -1.0000
vn -0.9807 0.1953 0.0000
vn -0.9807 0.1953 -0.0000
vn 0.0000 0.0000 1.0000
vn 0.9807 -0.1953 -0.0000
vn 0.9807 -0.1953 0.0000
vn -0.1953 -0.9807 -0.0000
vn -0.1953 -0.9807 -0.0000
vn 0.0018 1.0000 -0.0000
vn 0.0018 1.0000 -0.0000
vn -1.0000 0.0018 -0.0000
vn -1.0000 0.0018 -0.0000
vn 0.0000 -0.0000 1.0000
vn 0.0000 -0.0000 1.0000
vn 1.0000 -0.0018 -0.0000
vn 1.0000 -0.0018 0.0000
vn -0.0018 -1.0000 0.0000
vn -0.0018 -1.0000 -0.0000
vn 0.0018 1.0000 -0.0000
vn 0.0018 1.0000 -0.0000
vn 0.0000 0.0000 -1.0000
vn -1.0000 0.0018 -0.0000
vn -1.0000 0.0018 -0.0000
vn 0.0000 -0.0000 1.0000
vn 0.0000 -0.0000 1.0000
vn 1.0000 -0.0018 -0.0000
vn 1.0000 -0.0018 0.0000
vn -0.0018 -1.0000 0.0000
vn -0.0018 -1.0000 -0.0000
vn -0.0000 -0.0000 -1.0000
vn -0.0000 -0.0000 -1.0000
vn 0.0000 0.0000 1.0000
vn 0.0000 0.0000 1.0000
vn 0.0000 -1.0000 -0.0000
vn 1.0000 -0.0000 -0.0000
vn -0.0000 1.0000 0.0000
vn -1.0000 0.0000 0.0000
vn -0.0000 -0.0000 -1.0000
vn -0.0000 -0.0000 -1.0000
vn 0.0000 -0.0000 1.0000
vn -0.0000 0.0000 -1.0000
vn 0.0000 -0.0000 1.0000
vn -0.0000 1.0000 0.0000
vn 0.0000 0.0000 1.0000
vn -0.0000 1.0000 0.0000
vn -0.0000 -0.0000 -1.0000
vn -0.0000 0.0000 -1.0000
vn 0.0000 -0.0000 -1.0000
vn -0.0000 0.0000 1.0000
vn -0.1650 -0.9863 -0.0000
vn 0.9863 -0.1650 0.0000
vn 0.1650 0.9863 0.0000
vn -0.9863 0.1650 -0.0000
vn 0.0000 -0.0000 1.0000
vn -0.0000 0.0000 -1.0000
vn 0.0000 -0.0000 1.0000
vn -0.0000 0.0000 1.0000
vn -0.9801 -0.1984 0.0000
vn 0.1983 -0.9801 0.0000
vn 0.9801 0.1984 0.0000
vn -0.1983 0.9801 -0.0000
vn 0.0000 -0.0000 1.0000
vn -0.9801 -0.1983 0.0000
vn 0.1983 -0.9801 0.0000
vn 0.9801 0.1983 -0.0000
vn -0.1983 0.9801 -0.0000
vn 0.0000 -0.0000 1.0000
vn 0.1983 -0.9801 0.0000
vn 0.9801 0.1984 0.0000
vn -0.1983 0.9801 -0.0000
vn 1.0000 0.0054 -0.0000
vn 0.0000 -0.0000 -1.0000
vn -0.0000 0.0000 1.0000
vn -0.0024 1.0000 0.0000
vn 0.0024 -1.0000 -0.0000
vn 0.0024 -1.0000 -0.0000
vn -1.0000 -0.0054 0.0000
vn -1.0000 -0.0054 0.0000
vn -0.0024 1.0000 -0.0000
vn -0.0024 1.0000 -0.0000
vn 1.0000 0.0054 -0.0000
vn -0.0000 -0.0000 -1.0000
vn 0.0000 0.0000 1.0000
vn 0.0000 -0.0000 1.0000
vn -0.0024 1.0000 0.0000
vn 0.0024 -1.0000 0.0000
vn -1.0000 -0.0054 0.0000
vn -1.0000 -0.0054 -0.0000
vn -0.0024 1.0000 0.0000
vn -0.0024 1.0000 -0.0000
vn 1.0000 0.0054 0.0000
vn 1.0000 0.0054 -0.0000
vn -0.0024 1.0000 0.0000
vn -1.0000 -0.0054 0.0000
vn -1.0000 -0.0054 0.0000
vn 0.9096 -0.4155 -0.0000
vn 0.9096 -0.4155 -0.0000
vn -0.8980 0.4390 0.0301
vn -0.4182 -0.9083 -0.0000
vn -0.4182 -0.9083 -0.0000
vn -0.9096 0.4155 0.0000
vn -0.9096 0.4155 0.0000
vn 0.4182 0.9083 -0.0000
vn 0.4182 0.9083 -0.0000
vn -1.0000 0.0000 0.0000
vn 0.0000 1.0000 0.0000
vn -0.0000 -1.0000 -0.0000
vn 1.0000 -0.0000 -0.0000
vn -0.0000 0.0000 -1.0000
vn 0.0000 -0.0000 1.0000
vn -1.0000 0.0000 -0.0000
vn 0.0000 1.0000 0.0000
vn -0.0000 -1.0000 -0.0000
vn 1.0000 -0.0000 0.0000
vn 0.0000 0.0000 -1.0000
vn -0.0000 -0.0000 1.0000
vn -1.0000 0.0000 0.0000
vn 0.0000 1.0000 -0.0000
vn -0.0000 -1.0000 0.0000
vn 1.0000 -0.0000 0.0000
vn 0.0000 -0.0000 -1.0000
vn -0.0000 0.0000 1.0000
vn 0.0000 -0.8302 -0.5575
vn -1.0000 -0.0000 0.0000
vn 1.0000 0.0000 -0.0000
vn -0.0000 0.8302 0.5575
vn -0.0000 0.5575 -0.8302
vn 0.0000 -0.5575 0.8302
vn 0.0000 0.8372 -0.5470
vn -1.0000 -0.0000 -0.0000
vn 1.0000 0.0000 0.0000
vn -0.0000 -0.8372 0.5470
vn -0.0000 0.5470 0.8372
vn 0.0000 -0.5470 -0.8372
vn 0.0000 -0.8216 -0.5700
vn -1.0000 -0.0000 0.0000
vn 1.0000 0.0000 -0.0000
vn -0.0000 0.8216 0.5700
vn -0.0000 0.5700 -0.8216
vn 0.0000 -0.5700 0.8216
vn -0.0000 1.0000 0.0000
vn 1.0000 0.0000 -0.0000
vn -1.0000 -0.0000 0.0000
vn 0.0000 -1.0000 -0.0000
vn -0.0000 0.0000 -1.0000
vn 0.0000 -0.0000 1.0000
vn 0.0001 -0.0000 -1.0000
vn 1.0000 0.0000 0.0001
vn -1.0000 -0.0000 -0.0001
vn -0.0001 0.0000 1.0000
vn 0.0000 -1.0000 0.0000
vn -0.0000 1.0000 -0.0000
vn 0.0001 -0.0000 -1.0000
vn 1.0000 0.0000 0.0001
vn -1.0000 -0.0000 -0.0001
vn -0.0001 0.0000 1.0000
vn 0.0000 -1.0000 0.0000
vn -0.0000 1.0000 -0.0000
vn -1.0000 -0.0000 -0.0000
vn -0.0000 0.0000 1.0000
vn 0.0000 -0.0000 -1.0000
vn 1.0000 0.0000 0.0000
vn -0.0000 1.0000 -0.0000
vn 0.0000 -1.0000 0.0000
vn -0.0018 -1.0000 0.0000
vn -0.0018 -1.0000 -0.0000
vn -0.0000 0.0000 -1.0000
vn -0.0000 0.0000 -1.0000
vn 1.0000 -0.0018 -0.0000
vn 1.0000 -0.0018 -0.0000
vn -0.0000 0.0000 1.0000
vn -0.0000 -0.0000 1.0000
vn -1.0000 0.0018 -0.0000
vn -1.0000 0.0018 0.0000
vn 0.0018 1.0000 0.0000
vn 0.0018 1.0000 -0.0000
vn -0.0018 -1.0000 0.0000
vn -0.0018 -1.0000 -0.0000
vn 1.0000 -0.0018 -0.0000
vn 1.0000 -0.0018 -0.0000
vn 0.0000 -0.0000 -1.0000
vn 0.0000 -0.0000 -1.0000
vn 1.0000 -0.0018 -0.0000
vn 1.0000 -0.0018 -0.0000
vn -0.0000 0.0000 1.0000
vn -0.0000 -0.0000 1.0000
vn -1.0000 0.0018 -0.0000
vn -1.0000 0.0018 -0.0000
vn 0.0018 1.0000 0.0000
vn 0.0018 1.0000 -0.0000
vn 1.0000 -0.0018 -0.0000
vn 1.0000 -0.0018 -0.0000
vn -0.0000 -0.0000 -1.0000
vn -0.0000 -0.0000 -1.0000
vn 0.0018 1.0000 -0.0000
vn 0.0018 1.0000 -0.0000
vn -0.0000 -0.0000 1.0000
vn 0.0000 -0.0000 1.0000
vn -0.0018 -1.0000 -0.0000
vn -0.0018 -1.0000 -0.0000
vn -1.0000 0.0018 -0.0000
vn -1.0000 0.0018 -0.0000
vn -1.0000 0.0018 -0.0000
vn -1.0000 0.0018 -0.0000
vn 0.0000 0.0000 -1.0000
vn 0.0000 0.0000 -1.0000
vn -0.0018 -1.0000 -0.0000
vn -0.0018 -1.0000 0.0000
vn -0.0000 0.0000 1.0000
vn 0.0018 1.0000 -0.0000
vn 0.0018 1.0000 0.0000
vn 1.0000 -0.0018 -0.0000
vn 1.0000 -0.0018 -0.0000
vn 0.0000 -0.0000 1.0000
vn 0.0018 1.0000 -0.0000
vn 0.0018 1.0000 -0.0000
vn 0.0000 -0.0000 -1.0000
vn 0.0000 -0.0000 -1.0000
vn -1.0000 0.0018 -0.0000
vn -1.0000 0.0018 -0.0000
vn 0.0000 0.0000 1.0000
vn 1.0000 -0.0018 -0.0000
vn 1.0000 -0.0018 -0.0000
vn -0.0018 -1.0000 0.0000
vn -0.0018 -1.0000 -0.0000
vn 0.1953 0.9807 -0.0000
vn 0.1953 0.9807 -0.0000
vn -0.0000 0.0000 -1.0000
vn -0.0000 0.0000 -1.0000
vn -0.9807 0.1953 0.0000
vn -0.9807 0.1953 -0.0000
vn 0.0000 0.0000 1.0000
vn 0.9807 -0.1953 -0.0000
vn 0.9807 -0.1953 0.0000
vn -0.1953 -0.9807 -0.0000
vn -0.1953 -0.9807 -0.0000
vn 0.0018 1.0000 -0.0000
vn 0.0018 1.0000 -0.0000
vn -1.0000 0.0018 -0.0000
vn -1.0000 0.0018 -0.0000
vn 0.0000 -0.0000 1.0000
vn 0.0000 -0.0000 1.0000
vn 1.0000 -0.0018 -0.0000
vn 1.0000 -0.0018 0.0000
vn -0.0018 -1.0000 0.0000
vn -0.0018 -1.0000 -0.0000
vn 0.0018 1.0000 -0.0000
vn 0.0018 1.0000 -0.0000
vn 0.0000 0.0000 -1.0000
vn -1.0000 0.0018 -0.0000
vn -1.0000 0.0018 -0.0000
vn 0.0000 -0.0000 1.0000
vn 0.0000 -0.0000 1.0000
vn 1.0000 -0.0018 -0.0000
vn 1.0000 -0.0018 0.0000
vn -0.0018 -1.0000 0.0000
vn -0.0018 -1.0000 -0.0000
vn -0.0000 -0.0000 -1.0000
vn -0.0000 -0.0000 -1.0000
vn 0.0000 0.0000 1.0000
vn 0.0000 0.0000 1.0000
vn 0.0000 -1.0000 -0.0000
vn 1.0000 -0.0000 -0.0000
vn -0.0000 1.0000 0.0000
vn -1.0000 0.0000 0.0000
vn -0.0000 -0.0000 -1.0000
vn -0.0000 -0.0000 -1.0000
vn 0.0000 -0.0000 1.0000
vn -0.0000 0.0000 -1.0000
vn 0.0000 -0.0000 1.0000
vn -0.0000 1.0000 0.0000
vn 0.0000 0.0000 1.0000
vn -0.0000 1.0000 0.0000
vn -0.0000 -0.0000 -1.0000
vn -0.0000 0.0000 -1.0000
vn 0.0000 -0.0000 -1.0000
vn -0.0000 0.0000 1.0000
vn -0.1650 -0.9863 -0.0000
vn 0.9863 -0.1650 0.0000
vn 0.1650 0.9863 0.0000
vn -0.9863 0.1650 -0.0000
vn 0.0000 -0.0000 1.0000
vn -0.0000 0.0000 -1.0000
vn 0.0000 -0.0000 1.0000
vn -0.0000 0.0000 1.0000
vn -0.9801 -0.1984 0.0000
vn 0.1983 -0.9801 0.0000
vn 0.9801 0.1984 0.0000
vn -0.1983 0.9801 -0.0000
vn 0.0000 -0.0000 1.0000
vn -0.9801 -0.1983 0.0000
vn 0.1983 -0.9801 0.0000
vn 0.9801 0.1983 -0.0000
vn -0.1983 0.9801 -0.0000
vn 0.0000 -0.0000 1.0000
vn 0.1983 -0.9801 0.0000
vn 0.9801 0.1984 0.0000
vn -0.1983 0.9801 -0.0000
vn 1.0000 0.0054 -0.0000
vn 0.0000 -0.0000 -1.0000
vn -0.0000 0.0000 1.0000
vn -0.0024 1.0000 0.0000
vn 0.0024 -1.0000 -0.0000
vn 0.0024 -1.0000 -0.0000
vn -1.0000 -0.0054 0.0000
vn -1.0000 -0.0054 0.0000
vn -0.0024 1.0000 -0.0000
vn -0.0024 1.0000 -0.0000
vn 1.0000 0.0054 -0.0000
vn -0.0000 -0.0000 -1.0000
vn 0.0000 0.0000 1.0000
vn 0.0000 -0.0000 1.0000
vn -0.0024 1.0000 0.0000
vn 0.0024 -1.0000 0.0000
vn -1.0000 -0.0054 0.0000
vn -1.0000 -0.0054 -0.0000
vn -0.0024 1.0000 0.0000
vn -0.0024 1.0000 -0.0000
vn 1.0000 0.0054 0.0000
vn 1.0000 0.0054 -0.0000
vn -0.0024 1.0000 0.0000
vn -1.0000 -0.0054 0.0000
vn -1.0000 -0.0054 0.0000
vn 0.9096 -0.4155 -0.0000
vn 0.9096 -0.4155 -0.0000
vn -0.8980 0.4390 0.0301
vn -0.4182 -0.9083 -0.0000
vn -0.4182 -0.9083 -0.0000
vn -0.9096 0.4155 0.0000
vn -0.9096 0.4155 0.0000
vn 0.4182 0.9083 -0.0000
vn 0.4182 0.9083 -0.0000
vn -0.0002 1.0000 0.0000
vn 0.0000 0.0000 -1.0000
vn -0.0000 0.0000 1.0000
vn 1.0000 0.0076 0.0000
vn 0.0002 -1.0000 0.0000
vn 0.0002 -1.0000 0.0000
vn -1.0000 -0.0076 0.0000
vn -1.0000 -0.0076 0.0000
vn -1.0000 -0.0076 0.0000
vn 1.0000 0.0002 -0.0000
vn 0.0076 -1.0000 -0.0000
vn 0.0076 -1.0000 -0.0000
vn -1.0000 -0.0002 0.0000
vn -1.0000 -0.0002 0.0000
vn -0.0077 1.0000 0.0000
vn -0.0076 1.0000 -0.0000
vn -0.0076 1.0000 0.0000
vn 0.0076 -1.0000 -0.0000
vn -1.0000 -0.0002 0.0000
vn -0.0076 1.0000 -0.0000
vn 0.0076 -1.0000 -0.0000
vn -1.0000 -0.0002 0.0000
vn -0.0076 1.0000 -0.0000
vn 1.0000 0.0002 0.0000
vn 0.0076 -1.0000 0.0000
vn -1.0000 -0.0002 0.0000
vn -0.0077 1.0000 -0.0000
vn -0.0076 1.0000 -0.0000
vn -0.0076 1.0000 0.0000
vn -0.0076 1.0000 -0.0000
vn 1.0000 0.0002 -0.0000
vn 0.0076 -1.0000 0.0000
vn -1.0000 -0.0002 0.0000
vn -0.0076 1.0000 -0.0000
vn -0.0076 1.0000 0.0000
vn -0.0076 1.0000 -0.0000
vn -0.0002 1.0000 0.0000
vn 1.0000 0.0076 -0.0000
vn 0.0002 -1.0000 0.0000
vn -1.0000 -0.0076 0.0000
vn -1.0000 -0.0076 0.0000
vn -1.0000 -0.0076 -0.0000
vn -1.0000 -0.0076 0.0000
vn -0.0002 1.0000 0.0000
vn 1.0000 0.0076 -0.0000
vn 0.0002 -1.0000 0.0000
vn 0.0002 -1.0000 -0.0000
vn -1.0000 -0.0076 0.0000
vn -1.0000 -0.0076 0.0000
vn -1.0000 -0.0076 -0.0000
vn -1.0000 -0.0076 0.0000
vn -1.0000 -0.0076 0.0000
vn 0.0002 -1.0000 0.0000
vn -1.0000 -0.0076 0.0000
vn -1.0000 -0.0076 0.0000
vn 1.0000 0.0002 0.0000
vn 0.0076 -1.0000 0.0000
vn 0.0076 -1.0000 -0.0000
vn -1.0000 -0.0002 0.0000
vn -1.0000 -0.0002 0.0000
vn -0.0077 1.0000 0.0000
vn -0.0076 1.0000 -0.0000
vn -0.0076 1.0000 0.0000
vn -0.0002 1.0000 -0.0000
vn 1.0000 0.0076 -0.0000
vn 1.0000 0.0076 -0.0000
vn 0.0002 -1.0000 0.0000
vn 0.0002 -1.0000 0.0000
vn -1.0000 -0.0076 0.0000
vn -1.0000 -0.0076 0.0000
vn -1.0000 -0.0076 -0.0000
vn 1.0000 0.0076 -0.0000
vn 0.0002 -1.0000 0.0000
vn -1.0000 -0.0076 0.0000
vn 1.0000 0.0076 -0.0000
vn 1.0000 0.0076 -0.0000
vn 0.0002 -1.0000 0.0000
vn -1.0000 -0.0076 0.0000
vn -1.0000 -0.0076 0.0000
vn -0.0002 1.0000 0.0000
vn 1.0000 0.0076 0.0000
vn 1.0000 0.0076 -0.0000
vn -1.0000 -0.0076 0.0000
vn -1.0000 -0.0076 0.0000
vn -1.0000 -0.0076 0.0000
vn 1.0000 0.0076 -0.0000
vn -1.0000 -0.0076 0.0000
vn 1.0000 0.0076 -0.0000
vn -1.0000 -0.0076 0.0000
vn -0.0002 1.0000 0.0000
vn 1.0000 0.0076 -0.0000
vn 1.0000 0.0076 -0.0000
vn 0.0002 -1.0000 0.0000
vn 0.0002 -1.0000 0.0000
vn -1.0000 -0.0076 -0.0000
vn -1.0000 -0.0076 0.0000
vn -1.0000 -0.0076 0.0000
vn 1.0000 0.0002 0.0000
vn 0.0076 -1.0000 -0.0000
vn 0.0076 -1.0000 -0.0000
vn -1.0000 -0.0002 -0.0000
vn -1.0000 -0.0002 0.0000
vn -0.0076 1.0000 0.0000
vn -0.0076 1.0000 0.0000
vn -0.0076 1.0000 -0.0000
vn 0.0076 -1.0000 -0.0000
vn -0.0076 1.0000 0.0000
vn -0.0076 1.0000 -0.0000
vn 0.0076 -1.0000 -0.0000
vn -1.0000 -0.0002 0.0000
vn -0.0076 1.0000 0.0000
vn -0.0002 1.0000 0.0000
vn 0.0000 0.0000 -1.0000
vn -0.0000 0.0000 1.0000
vn 1.0000 0.0076 0.0000
vn 0.0002 -1.0000 0.0000
vn 0.0002 -1.0000 0.0000
vn -1.0000 -0.0076 0.0000
vn -1.0000 -0.0076 0.0000
vn -1.0000 -0.0076 0.0000
vn 1.0000 0.0002 -0.0000
vn 0.0076 -1.0000 -0.0000
vn 0.0076 -1.0000 -0.0000
vn -1.0000 -0.0002 0.0000
vn -1.0000 -0.0002 0.0000
vn -0.0077 1.0000 0.0000
vn -0.0076 1.0000 -0.0000
vn -0.0076 1.0000 0.0000
vn 0.0076 -1.0000 -0.0000
vn -1.0000 -0.0002 0.0000
vn -0.0076 1.0000 -0.0000
vn 0.0076 -1.0000 -0.0000
vn -1.0000 -0.0002 0.0000
vn -0.0076 1.0000 -0.0000
vn 1.0000 0.0002 0.0000
vn 0.0076 -1.0000 0.0000
vn -1.0000 -0.0002 0.0000
vn -0.0077 1.0000 -0.0000
vn -0.0076 1.0000 -0.0000
vn -0.0076 1.0000 0.0000
vn -0.0076 1.0000 -0.0000
vn 1.0000 0.0002 -0.0000
vn 0.0076 -1.0000 0.0000
vn -1.0000 -0.0002 0.0000
vn -0.0076 1.0000 -0.0000
vn -0.0076 1.0000 0.0000
vn -0.0076 1.0000 -0.0000
vn -0.0002 1.0000 0.0000
vn 1.0000 0.0076 -0.0000
vn 0.0002 -1.0000 0.0000
vn -1.0000 -0.0076 0.0000
vn -1.0000 -0.0076 0.0000
vn -1.0000 -0.0076 -0.0000
vn -1.0000 -0.0076 0.0000
vn -0.0002 1.0000 0.0000
vn 1.0000 0.0076 -0.0000
vn 0.0002 -1.0000 0.0000
vn 0.0002 -1.0000 -0.0000
vn -1.0000 -0.0076 0.0000
vn -1.0000 -0.0076 0.0000
vn -1.0000 -0.0076 -0.0000
vn -1.0000 -0.0076 0.0000
vn -1.0000 -0.0076 0.0000
vn 0.0002 -1.0000 0.0000
vn -1.0000 -0.0076 0.0000
vn -1.0000 -0.0076 0.0000
vn 1.0000 0.0002 0.0000
vn 0.0076 -1.0000 0.0000
vn 0.0076 -1.0000 -0.0000
vn -1.0000 -0.0002 0.0000
vn -1.0000 -0.0002 0.0000
vn -0.0077 1.0000 0.0000
vn -0.0076 1.0000 -0.0000
vn -0.0076 1.0000 0.0000
vn -0.0002 1.0000 -0.0000
vn 1.0000 0.0076 -0.0000
vn 1.0000 0.0076 -0.0000
vn 0.0002 -1.0000 0.0000
vn 0.0002 -1.0000 0.0000
vn -1.0000 -0.0076 0.0000
vn -1.0000 -0.0076 0.0000
vn -1.0000 -0.0076 -0.0000
vn 1.0000 0.0076 -0.0000
vn 0.0002 -1.0000 0.0000
vn -1.0000 -0.0076 0.0000
vn 1.0000 0.0076 -0.0000
vn 1.0000 0.0076 -0.0000
vn 0.0002 -1.0000 0.0000
vn -1.0000 -0.0076 0.0000
vn -1.0000 -0.0076 0.0000
vn -0.0002 1.0000 0.0000
vn 1.0000 0.0076 0.0000
vn 1.0000 0.0076 -0.0000
vn -1.0000 -0.0076 0.0000
vn -1.0000 -0.0076 0.0000
vn -1.0000 -0.0076 0.0000
vn 1.0000 0.0076 -0.0000
vn -1.0000 -0.0076 0.0000
vn 1.0000 0.0076 -0.0000
vn -1.0000 -0.0076 0.0000
vn -0.0002 1.0000 0.0000
vn 1.0000 0.0076 -0.0000
vn 1.0000 0.0076 -0.0000
vn 0.0002 -1.0000 0.0000
vn 0.0002 -1.0000 0.0000
vn -1.0000 -0.0076 -0.0000
vn -1.0000 -0.0076 0.0000
vn -1.0000 -0.0076 0.0000
vn 1.0000 0.0002 0.0000
vn 0.0076 -1.0000 -0.0000
vn 0.0076 -1.0000 -0.0000
vn -1.0000 -0.0002 -0.0000
vn -1.0000 -0.0002 0.0000
vn -0.0076 1.0000 0.0000
vn -0.0076 1.0000 0.0000
vn -0.0076 1.0000 -0.0000
vn 0.0076 -1.0000 -0.0000
vn -0.0076 1.0000 0.0000
vn -0.0076 1.0000 -0.0000
vn 0.0076 -1.0000 -0.0000
vn -1.0000 -0.0002 0.0000
vn -0.0076 1.0000 0.0000
vn -0.0002 1.0000 0.0000
vn 0.0000 0.0000 -1.0000
vn -0.0000 0.0000 1.0000
vn 1.0000 0.0076 0.0000
vn 0.0002 -1.0000 0.0000
vn 0.0002 -1.0000 0.0000
vn -1.0000 -0.0076 0.0000
vn -1.0000 -0.0076 0.0000
vn -1.0000 -0.0076 0.0000
vn 1.0000 0.0002 -0.0000
vn 0.0076 -1.0000 -0.0000
vn 0.0076 -1.0000 -0.0000
vn -1.0000 -0.0002 0.0000
vn -1.0000 -0.0002 0.0000
vn -0.0077 1.0000 0.0000
vn -0.0076 1.0000 -0.0000
vn -0.0076 1.0000 0.0000
vn 0.0076 -1.0000 -0.0000
vn -1.0000 -0.0002 0.0000
vn -0.0076 1.0000 -0.0000
vn 0.0076 -1.0000 -0.0000
vn -1.0000 -0.0002 0.0000
vn -0.0076 1.0000 -0.0000
vn 1.0000 0.0002 0.0000
vn 0.0076 -1.0000 0.0000
vn -1.0000 -0.0002 0.0000
vn -0.0077 1.0000 -0.0000
vn -0.0076 1.0000 -0.0000
vn -0.0076 1.0000 0.0000
vn -0.0076 1.0000 -0.0000
vn 1.0000 0.0002 -0.0000
vn 0.0076 -1.0000 0.0000
vn -1.0000 -0.0002 0.0000
vn -0.0076 1.0000 -0.0000
vn -0.0076 1.0000 0.0000
vn -0.0076 1.0000 -0.0000
vn -0.0002 1.0000 0.0000
vn 1.0000 0.0076 -0.0000
vn 0.0002 -1.0000 0.0000
vn -1.0000 -0.0076 0.0000
vn -1.0000 -0.0076 0.0000
vn -1.0000 -0.0076 -0.0000
vn -1.0000 -0.0076 0.0000
vn -0.0002 1.0000 0.0000
vn 1.0000 0.0076 -0.0000
vn 0.0002 -1.0000 0.0000
vn 0.0002 -1.0000 -0.0000
vn -1.0000 -0.0076 0.0000
vn -1.0000 -0.0076 0.0000
vn -1.0000 -0.0076 -0.0000
vn -1.0000 -0.0076 0.0000
vn -1.0000 -0.0076 0.0000
vn 0.0002 -1.0000 0.0000
vn -1.0000 -0.0076 0.0000
vn -1.0000 -0.0076 0.0000
vn 1.0000 0.0002 0.0000
vn 0.0076 -1.0000 0.0000
vn 0.0076 -1.0000 -0.0000
vn -1.0000 -0.0002 0.0000
vn -1.0000 -0.0002 0.0000
vn -0.0077 1.0000 0.0000
vn -0.0076 1.0000 -0.0000
vn -0.0076 1.0000 0.0000
vn -0.0002 1.0000 -0.0000
vn 1.0000 0.0076 -0.0000
vn 1.0000 0.0076 -0.0000
vn 0.0002 -1.0000 0.0000
vn 0.0002 -1.0000 0.0000
vn -1.0000 -0.0076 0.0000
vn -1.0000 -0.0076 0.0000
vn -1.0000 -0.0076 -0.0000
vn 1.0000 0.0076 -0.0000
vn 0.0002 -1.0000 0.0000
vn -1.0000 -0.0076 0.0000
vn 1.0000 0.0076 -0.0000
vn 1.0000 0.0076 -0.0000
vn 0.0002 -1.0000 0.0000
vn -1.0000 -0.0076 0.0000
vn -1.0000 -0.0076 0.0000
vn -0.0002 1.0000 0.0000
vn 1.0000 0.0076 0.0000
vn 1.0000 0.0076 -0.0000
vn -1.0000 -0.0076 0.0000
vn -1.0000 -0.0076 0.0000
vn -1.0000 -0.0076 0.0000
vn 1.0000 0.0076 -0.0000
vn -1.0000 -0.0076 0.0000
vn 1.0000 0.0076 -0.0000
vn -1.0000 -0.0076 0.0000
vn -0.0002 1.0000 0.0000
vn 1.0000 0.0076 -0.0000
vn 1.0000 0.0076 -0.0000
vn 0.0002 -1.0000 0.0000
vn 0.0002 -1.0000 0.0000
vn -1.0000 -0.0076 -0.0000
vn -1.0000 -0.0076 0.0000
vn -1.0000 -0.0076 0.0000
vn 1.0000 0.0002 0.0000
vn 0.0076 -1.0000 -0.0000
vn 0.0076 -1.0000 -0.0000
vn -1.0000 -0.0002 -0.0000
vn -1.0000 -0.0002 0.0000
vn -0.0076 1.0000 0.0000
vn -0.0076 1.0000 0.0000
vn -0.0076 1.0000 -0.0000
vn 0.0076 -1.0000 -0.0000
vn -0.0076 1.0000 0.0000
vn -0.0076 1.0000 -0.0000
vn 0.0076 -1.0000 -0.0000
vn -1.0000 -0.0002 0.0000
vn -0.0076 1.0000 0.0000
vn 1.0000 -0.0000 0.0000
vn 1.0000 -0.0000 0.0000
vn 0.0018 1.0000 -0.0006
vn 0.0000 1.0000 0.0088
vn -0.0000 -0.0000 1.0000
vn -0.0000 -0.0000 1.0000
vn -0.0000 -0.0000 1.0000
vn 1.0000 -0.0000 -0.0000
vn 0.0019 1.0000 -0.0000
vn -0.0000 -0.0000 -1.0000
vn -0.0000 0.0000 -1.0000
vn 0.0000 0.0000 -1.0000
vn 1.0000 -0.0000 -0.0000
vn 1.0000 -0.0000 -0.0000
vn 0.0000 0.9992 -0.0397
vn -0.0000 -0.0000 1.0000
vn 0.1591 -0.9873 0.0000
vn 0.8516 0.5242 -0.0000
vn 0.8487 0.5288 -0.0027
vn 0.8977 -0.4405 0.0000
vn 0.0000 0.0000 -1.0000
vn -0.0000 -0.0000 -1.0000
vn 0.1591 -0.9873 0.0000
vn 0.8267 0.5626 0.0000
vn 0.8490 0.5194 0.0977
vn 0.8233 -0.5677 -0.0000
vn 0.8233 -0.5677 0.0000
vn 0.1704 0.9854 0.0014
vn 0.1756 0.9845 0.0055
vn 0.8711 -0.4911 -0.0000
vn 0.0000 -0.0000 -1.0000
vn 0.0000 -0.0000 -1.0000
vn 0.8233 -0.5677 -0.0000
vn 0.1611 0.9869 0.0097
vn 0.1703 0.9844 0.0434
vn 0.0000 1.0000 0.0000
vn 1.0000 -0.0000 -0.0000
vn 1.0000 -0.0000 0.0000
vn -1.0000 0.0000 0.0000
vn -1.0000 0.0000 -0.0000
vn -1.0000 -0.0000 0.0000
vn -1.0000 -0.0000 -0.0000
vn -0.0018 1.0000 -0.0006
vn 0.0000 -0.0000 1.0000
vn 0.0000 -0.0000 1.0000
vn 0.0000 -0.0000 1.0000
vn -1.0000 -0.0000 0.0000
vn -0.0019 1.0000 0.0000
vn -0.0000 0.0000 -1.0000
vn 0.0000 -0.0000 -1.0000
vn 0.0000 0.0000 -1.0000
vn -1.0000 -0.0000 0.0000
vn -1.0000 -0.0000 -0.0000
vn -0.0000 -1.0000 -0.0000
vn -0.1591 -0.9873 -0.0000
vn -0.8487 0.5288 -0.0027
vn -0.8516 0.5242 0.0000
vn -0.8977 -0.4405 -0.0000
vn 0.0000 -0.0000 -1.0000
vn -0.1591 -0.9873 0.0000
vn -0.8490 0.5194 0.0977
vn -0.8267 0.5626 0.0000
vn -0.8233 -0.5677 0.0000
vn -0.8233 -0.5677 -0.0000
vn -0.1756 0.9845 0.0055
vn -0.1704 0.9854 0.0014
vn -0.8711 -0.4911 -0.0000
vn -0.0000 -0.0000 -1.0000
vn -0.0000 -0.0000 -1.0000
vn -0.8233 -0.5677 -0.0000
vn -0.1703 0.9844 0.0434
vn -0.1611 0.9869 0.0097
vn -1.0000 -0.0000 -0.0000
vn -1.0000 -0.0000 -0.0000
vn 1.0000 0.0000 0.0000
vn 1.0000 0.0000 0.0000
vn 0.0000 -0.9997 -0.0227
vn 0.9992 0.0000 -0.0406
vn -0.0000 0.9997 -0.0227
vn -0.9992 -0.0000 -0.0406
vn 0.0000 0.3397 -0.9405
vn -0.4302 -0.0000 -0.9028
vn 0.0000 -0.3397 -0.9405
vn 0.4302 -0.0000 -0.9028
vn -0.0000 -1.0000 0.0000
vn 1.0000 -0.0000 0.0000
vn -1.0000 0.0000 0.0000
vn -0.0000 0.0000 1.0000
vn -0.0000 -0.0000 1.0000
vn 0.0000 -0.0000 1.0000
vn 0.0000 -0.0000 1.0000
vn 0.3160 -0.9481 -0.0344
vn 0.3160 -0.9481 -0.0344
vn -0.3160 -0.9481 -0.0344
vn -0.3160 -0.9481 -0.0344
vn 0.9477 0.3159 -0.0457
vn 0.9477 0.3159 -0.0457
vn -0.3160 0.9481 -0.0344
vn -0.3160 0.9481 -0.0344
vn 0.3125 0.1042 -0.9442
vn 0.3125 0.1042 -0.9442
vn -0.0920 0.2759 -0.9568
vn -0.0920 0.2759 -0.9568
vn 0.0920 -0.2759 -0.9568
vn 0.0920 -0.2759 -0.9568
vn -0.3125 -0.1042 -0.9442
vn -0.3125 -0.1042 -0.9442
vn -0.9487 -0.3162 0.0000
vn -0.9487 -0.3162 0.0000
vn 0.3162 -0.9487 0.0000
vn -0.3162 0.9487 0.0000
vn -0.3162 0.9487 0.0000
vn 0.9487 0.3162 0.0000
vn 0.9487 0.3162 0.0000
vn 0.0000 0.0000 1.0000
vn 0.0000 0.0000 1.0000
vn -0.0000 0.0000 1.0000
vn -0.0000 0.0000 1.0000
vn 0.0000 -0.0000 1.0000
vn 0.0000 -0.0000 1.0000
vn -0.0000 -0.0000 1.0000
vn -0.0000 -0.0000 1.0000
vn 0.9477 -0.3159 -0.0457
vn 0.9477 -0.3159 -0.0457
vn -0.9477 -0.3159 -0.0457
vn -0.9477 -0.3159 -0.0457
vn 0.3160 0.9481 -0.0344
vn 0.3160 0.9481 -0.0344
vn -0.9477 0.3159 -0.0457
vn -0.9477 0.3159 -0.0457
vn 0.0920 0.2759 -0.9568
vn 0.0920 0.2759 -0.9568
vn -0.3125 0.1042 -0.9442
vn -0.3125 0.1042 -0.9442
vn 0.3125 -0.1042 -0.9442
vn 0.3125 -0.1042 -0.9442
vn -0.0920 -0.2759 -0.9568
vn -0.0920 -0.2759 -0.9568
vn -0.3162 -0.9487 0.0000
vn 0.9487 -0.3162 0.0000
vn 0.9487 -0.3162 0.0000
vn -0.9487 0.3162 0.0000
vn -0.9487 0.3162 0.0000
vn 0.3162 0.9487 0.0000
vn 0.3162 0.9487 0.0000
vn 0.0000 0.0000 1.0000
vn 0.0000 0.0000 1.0000
vn -0.0000 0.0000 1.0000
vn -0.0000 0.0000 1.0000
vn 0.0000 -0.0000 1.0000
vn 0.0000 -0.0000 1.0000
vn -0.0000 -0.0000 1.0000
vn -0.0000 -0.0000 1.0000
vn 1.0000 -0.0000 0.0000
vn -0.0000 0.9024 -0.4309
vn -1.0000 0.0000 -0.0000
vn -0.9995 -0.0000 -0.0325
vn 0.0000 -0.9024 -0.4309
vn -0.9024 0.0000 -0.4309
vn 0.9024 -0.0000 -0.4309
vn 0.9848 -0.0000 -0.1736
vn 0.9848 -0.0000 -0.1736
vn 0.8660 -0.0000 -0.5000
vn 0.6428 0.0000 -0.7660
vn 0.3420 -0.0000 -0.9397
vn -0.3420 0.0000 -0.9397
vn -0.6428 -0.0000 -0.7660
vn -0.8660 -0.0000 -0.5000
vn -0.9848 0.0000 -0.1736
vn -0.9848 -0.0000 0.1736
vn -0.8660 -0.0000 0.5000
vn -0.6428 0.0000 0.7660
vn -0.3420 -0.0000 0.9397
vn 0.3420 0.0000 0.9397
vn 0.6428 -0.0000 0.7660
vn 0.8660 0.0000 0.5000
vn 0.9848 0.0000 0.1736
vn 0.9848 -0.0000 0.1736
vn -0.9848 -0.0000 -0.1736
vn -0.9848 -0.0000 -0.1736
vn -0.8660 0.0000 -0.5000
vn -0.6428 0.0000 -0.7660
vn 0.3420 0.0000 -0.9397
vn 0.6428 0.0000 -0.7660
vn 0.8660 0.0000 -0.5000
vn 0.9848 0.0000 -0.1736
vn 0.9848 -0.0000 0.1736
vn 0.8660 -0.0000 0.5000
vn 0.6428 -0.0000 0.7660
vn 0.3420 0.0000 0.9397
vn -0.3420 0.0000 0.9397
vn -0.6428 -0.0000 0.7660
vn -0.8660 -0.0000 0.5000
vn -0.9848 0.0000 0.1736
vn -0.9848 0.0000 0.1736
vn 0.9848 0.0000 -0.1736
vn 0.8660 -0.0000 -0.5000
vn 0.8660 -0.0000 -0.5000
vn 0.6428 -0.0000 -0.7660
vn 0.6428 -0.0000 -0.7660
vn 0.3420 -0.0000 -0.9397
vn -0.3420 -0.0000 -0.9397
vn -0.6428 -0.0000 -0.7660
vn -0.6428 -0.0000 -0.7660
vn -0.8660 -0.0000 -0.5000
vn -0.8660 0.0000 -0.5000
vn -0.9848 0.0000 -0.1736
vn -0.9848 -0.0000 -0.1736
vn -0.9848 0.0000 0.1736
vn -0.9848 0.0000 0.1736
vn -0.8660 0.0000 0.5000
vn -0.6428 -0.0000 0.7660
vn -0.3420 0.0000 0.9397
vn -0.0000 -0.0000 1.0000
vn 0.3420 0.0000 0.9397
vn 0.6428 0.0000 0.7660
vn 0.6428 0.0000 0.7660
vn 0.8660 0.0000 0.5000
vn 0.8660 0.0000 0.5000
vn -0.9848 0.0000 -0.1736
vn -0.8660 -0.0000 -0.5000
vn -0.8660 0.0000 -0.5000
vn -0.6428 0.0000 -0.7660
vn -0.6428 -0.0000 -0.7660
vn -0.3420 0.0000 -0.9397
vn 0.3420 0.0000 -0.9397
vn 0.6428 -0.0000 -0.7660
vn 0.6428 -0.0000 -0.7660
vn 0.8660 -0.0000 -0.5000
vn 0.9848 -0.0000 -0.1736
vn 0.9848 -0.0000 -0.1736
vn 0.9848 0.0000 0.1736
vn 0.9848 0.0000 0.1736
vn 0.6428 0.0000 0.7660
vn 0.3420 -0.0000 0.9397
vn 0.0000 -0.0000 1.0000
vn -0.3420 -0.0000 0.9397
vn -0.6428 0.0000 0.7660
vn -0.6428 -0.0000 0.7660
vn -0.8660 0.0000 0.5000
vn -0.8660 0.0000 0.5000
vn -0.0000 -1.0000 -0.0000
vn -0.0000 -1.0000 0.0000
vn -0.0000 -1.0000 0.0001
vn 0.9737 0.0000 -0.2277
vn -0.9737 0.0000 0.2277
vn -0.9737 0.0000 0.2277
vn -0.9737 0.0000 0.2277
vn -0.9737 -0.0000 0.2277
vn 0.5177 0.0000 -0.8556
vn 0.5177 -0.0000 -0.8556
vn -0.5177 -0.0000 -0.8556
vn -0.5177 -0.0000 -0.8556
vn 0.3413 -0.0000 -0.9400
vn 0.3413 -0.0000 -0.9400
vn -0.3413 0.0000 -0.9400
vn -0.3413 -0.0000 -0.9400
vn -0.1201 -0.0000 -0.9928
vn 0.1201 0.0000 -0.9928
vn -0.5177 0.0000 -0.8556
vn -0.5177 0.0001 -0.8556
vn -0.3413 0.0001 -0.9400
vn -0.3415 -0.0003 -0.9399
vn 0.3413 -0.0000 -0.9400
vn 0.3413 -0.0000 -0.9400
vn 0.1201 0.0001 -0.9928
vn 0.1200 -0.0001 -0.9928
vn -0.1201 -0.0004 -0.9928
vn -0.1199 0.0001 -0.9928
vn 0.8660 0.0000 -0.5000
vn 0.3420 -0.0000 -0.9397
vn -0.3420 0.0000 -0.9397
vn -0.8660 -0.0000 -0.5000
vn -0.9848 -0.0000 0.1736
vn -0.6428 0.0000 0.7660
vn 0.6428 -0.0000 0.7660
vn 0.9848 -0.0000 0.1737
vn 0.0000 -1.0000 -0.0000
vn 0.0000 -1.0000 0.0000
vn -0.9737 -0.0000 -0.2277
vn 0.9737 -0.0000 0.2277
vn 0.9737 0.0000 0.2277
vn 0.9737 -0.0000 0.2277
vn 0.9737 -0.0000 0.2277
vn -0.5177 -0.0000 -0.8556
vn -0.5177 -0.0000 -0.8556
vn 0.5177 -0.0000 -0.8556
vn 0.5177 -0.0000 -0.8556
vn -0.3413 -0.0000 -0.9400
vn -0.3413 -0.0000 -0.9400
vn 0.3413 -0.0000 -0.9400
vn 0.3413 0.0000 -0.9400
vn 0.1201 -0.0000 -0.9928
vn -0.1201 0.0000 -0.9928
vn 0.5177 0.0001 -0.8556
vn 0.5177 0.0000 -0.8556
vn 0.3415 -0.0003 -0.9399
vn 0.3413 0.0001 -0.9400
vn -0.3413 0.0000 -0.9400
vn -0.3413 -0.0000 -0.9400
vn -0.1200 -0.0001 -0.9928
vn -0.1201 0.0001 -0.9928
vn 0.1199 0.0001 -0.9928
vn 0.1201 -0.0004 -0.9928
vn -0.3420 0.0000 -0.9397
vn 0.3420 0.0000 -0.9397
vn 0.6428 0.0000 0.7660
vn -0.6428 0.0000 0.7660
vn -0.9848 -0.0000 0.1737
vn 0.9737 0.0000 -0.2277
vn -0.9737 -0.0000 0.2277
vn -0.9737 0.0000 0.2277
vn 0.5177 0.0000 -0.8556
vn 0.5177 -0.0000 -0.8556
vn -0.5177 0.0000 -0.8556
vn -0.5177 0.0000 -0.8556
vn 0.3413 -0.0000 -0.9400
vn 0.3413 0.0000 -0.9400
vn -0.3413 0.0000 -0.9400
vn -0.3413 0.0000 -0.9400
vn -0.1201 -0.0000 -0.9928
vn -0.5177 -0.0001 -0.8556
vn -0.5177 -0.0000 -0.8556
vn -0.3415 0.0003 -0.9399
vn -0.3413 -0.0001 -0.9400
vn 0.3413 -0.0000 -0.9400
vn 0.3413 0.0000 -0.9400
vn 0.1200 0.0001 -0.9928
vn 0.1201 -0.0001 -0.9928
vn -0.1199 -0.0001 -0.9928
vn -0.1201 0.0004 -0.9928
vn 0.8660 -0.0000 -0.5000
vn 0.9848 -0.0000 0.1736
vn 0.9737 -0.0000 0.2277
vn 0.9737 0.0000 0.2277
vn -0.5177 0.0000 -0.8556
vn 0.5177 0.0000 -0.8556
vn 0.5177 0.0000 -0.8556
vn -0.3413 0.0000 -0.9400
vn 0.3413 0.0000 -0.9400
vn 0.5177 -0.0000 -0.8556
vn 0.5177 -0.0001 -0.8556
vn 0.3413 -0.0001 -0.9400
vn 0.3415 0.0003 -0.9399
vn -0.3413 0.0000 -0.9400
vn -0.1201 -0.0001 -0.9928
vn -0.1200 0.0001 -0.9928
vn 0.1201 0.0004 -0.9928
vn 0.1199 -0.0001 -0.9928
vn -0.0000 0.3827 0.9239
vn 0.0000 0.9239 0.3827
vn -0.0000 0.9239 -0.3827
vn -0.0000 0.3827 -0.9239
vn 0.0000 -0.3827 -0.9239
vn 0.0000 -0.9239 -0.3827
vn 0.0000 -0.9239 0.3827
vn -0.0000 -0.3827 0.9239
vn -0.9239 0.3827 -0.0000
vn -0.3827 0.9239 -0.0000
vn 0.3827 0.9239 0.0000
vn 0.9239 0.3827 0.0000
vn 0.9239 -0.3827 -0.0000
vn 0.3827 -0.9239 -0.0000
vn -0.3827 -0.9239 -0.0000
vn -0.9239 -0.3827 0.0000
vn -0.9239 0.3827 -0.0000
vn -0.3827 0.9239 -0.0000
vn -0.3827 0.9239 -0.0000
vn 0.0000 0.3827 0.9239
vn 0.0000 0.9239 0.3827
vn 0.0000 -0.9239 0.3827
vn -0.0000 -0.3827 0.9239
vn 0.9239 0.3827 0.0000
vn 0.3827 0.9239 0.0000
vn -0.3827 -0.9239 0.0000
vn 0.3827 -0.9239 0.0000
vn 0.9239 -0.3827 0.0000
vn 0.9239 0.3827 -0.0000
vn -0.3827 0.9239 -0.0000
vn -0.9239 0.3827 0.0000
vn -0.9239 -0.3827 -0.0000
vn -0.3827 -0.9239 -0.0000
vn 0.9239 -0.3827 0.0000
vn 1.0000 -0.0000 0.0000
vn 1.0000 -0.0000 0.0000
vn 0.0018 1.0000 -0.0006
vn 0.0000 1.0000 0.0088
vn -0.0000 -0.0000 1.0000
vn -0.0000 -0.0000 1.0000
vn -0.0000 -0.0000 1.0000
vn 1.0000 -0.0000 -0.0000
vn 0.0019 1.0000 -0.0000
vn -0.0000 -0.0000 -1.0000
vn -0.0000 0.0000 -1.0000
vn 0.0000 0.0000 -1.0000
vn 1.0000 -0.0000 -0.0000
vn 1.0000 -0.0000 -0.0000
vn 0.0000 0.9992 -0.0397
vn -0.0000 -0.0000 1.0000
vn 0.1591 -0.9873 0.0000
vn 0.8516 0.5242 -0.0000
vn 0.8487 0.5288 -0.0027
vn 0.8977 -0.4405 0.0000
vn 0.0000 0.0000 -1.0000
vn -0.0000 -0.0000 -1.0000
vn 0.1591 -0.9873 0.0000
vn 0.8267 0.5626 0.0000
vn 0.8490 0.5194 0.0977
vn 0.8233 -0.5677 -0.0000
vn 0.8233 -0.5677 0.0000
vn 0.1704 0.9854 0.0014
vn 0.1756 0.9845 0.0055
vn 0.8711 -0.4911 -0.0000
vn 0.0000 -0.0000 -1.0000
vn 0.0000 -0.0000 -1.0000
vn 0.8233 -0.5677 -0.0000
vn 0.1611 0.9869 0.0097
vn 0.1703 0.9844 0.0434
vn 0.0000 1.0000 0.0000
vn 1.0000 -0.0000 -0.0000
vn 1.0000 -0.0000 0.0000
vn -1.0000 0.0000 0.0000
vn -1.0000 0.0000 -0.0000
vn -1.0000 -0.0000 0.0000
vn -1.0000 -0.0000 -0.0000
vn -0.0018 1.0000 -0.0006
vn 0.0000 -0.0000 1.0000
vn 0.0000 -0.0000 1.0000
vn 0.0000 -0.0000 1.0000
vn -1.0000 -0.0000 0.0000
vn -0.0019 1.0000 0.0000
vn -0.0000 0.0000 -1.0000
vn 0.0000 -0.0000 -1.0000
vn 0.0000 0.0000 -1.0000
vn -1.0000 -0.0000 0.0000
vn -1.0000 -0.0000 -0.0000
vn -0.0000 -1.0000 -0.0000
vn -0.1591 -0.9873 -0.0000
vn -0.8487 0.5288 -0.0027
vn -0.8516 0.5242 0.0000
vn -0.8977 -0.4405 -0.0000
vn 0.0000 -0.0000 -1.0000
vn -0.1591 -0.9873 0.0000
vn -0.8490 0.5194 0.0977
vn -0.8267 0.5626 0.0000
vn -0.8233 -0.5677 0.0000
vn -0.8233 -0.5677 -0.0000
vn -0.1756 0.9845 0.0055
vn -0.1704 0.9854 0.0014
vn -0.8711 -0.4911 -0.0000
vn -0.0000 -0.0000 -1.0000
vn -0.0000 -0.0000 -1.0000
vn -0.8233 -0.5677 -0.0000
vn -0.1703 0.9844 0.0434
vn -0.1611 0.9869 0.0097
vn -1.0000 -0.0000 -0.0000
vn -1.0000 -0.0000 -0.0000
vn 1.0000 0.0000 0.0000
vn 1.0000 0.0000 0.0000
vn 0.0000 -0.9997 -0.0227
vn 0.9992 0.0000 -0.0406
vn -0.0000 0.9997 -0.0227
vn -0.9992 -0.0000 -0.0406
vn 0.0000 0.3397 -0.9405
vn -0.4302 -0.0000 -0.9028
vn 0.0000 -0.3397 -0.9405
vn 0.4302 -0.0000 -0.9028
vn -0.0000 -1.0000 0.0000
vn 1.0000 -0.0000 0.0000
vn -1.0000 0.0000 0.0000
vn -0.0000 0.0000 1.0000
vn -0.0000 -0.0000 1.0000
vn 0.0000 -0.0000 1.0000
vn 0.0000 -0.0000 1.0000
vn 0.3160 -0.9481 -0.0344
vn 0.3160 -0.9481 -0.0344
vn -0.3160 -0.9481 -0.0344
vn -0.3160 -0.9481 -0.0344
vn 0.9477 0.3159 -0.0457
vn 0.9477 0.3159 -0.0457
vn -0.3160 0.9481 -0.0344
vn -0.3160 0.9481 -0.0344
vn 0.3125 0.1042 -0.9442
vn 0.3125 0.1042 -0.9442
vn -0.0920 0.2759 -0.9568
vn -0.0920 0.2759 -0.9568
vn 0.0920 -0.2759 -0.9568
vn 0.0920 -0.2759 -0.9568
vn -0.3125 -0.1042 -0.9442
vn -0.3125 -0.1042 -0.9442
vn -0.9487 -0.3162 0.0000
vn -0.9487 -0.3162 0.0000
vn 0.3162 -0.9487 0.0000
vn -0.3162 0.9487 0.0000
vn -0.3162 0.9487 0.0000
vn 0.9487 0.3162 0.0000
vn 0.9487 0.3162 0.0000
vn 0.0000 0.0000 1.0000
vn 0.0000 0.0000 1.0000
vn -0.0000 0.0000 1.0000
vn -0.0000 0.0000 1.0000
vn 0.0000 -0.0000 1.0000
vn 0.0000 -0.0000 1.0000
vn -0.0000 -0.0000 1.0000
vn -0.0000 -0.0000 1.0000
vn 0.9477 -0.3159 -0.0457
vn 0.9477 -0.3159 -0.0457
vn -0.9477 -0.3159 -0.0457
vn -0.9477 -0.3159 -0.0457
vn 0.3160 0.9481 -0.0344
vn 0.3160 0.9481 -0.0344
vn -0.9477 0.3159 -0.0457
vn -0.9477 0.3159 -0.0457
vn 0.0920 0.2759 -0.9568
vn 0.0920 0.2759 -0.9568
vn -0.3125 0.1042 -0.9442
vn -0.3125 0.1042 -0.9442
vn 0.3125 -0.1042 -0.9442
vn 0.3125 -0.1042 -0.9442
vn -0.0920 -0.2759 -0.9568
vn -0.0920 -0.2759 -0.9568
vn -0.3162 -0.9487 0.0000
vn 0.9487 -0.3162 0.0000
vn 0.9487 -0.3162 0.0000
vn -0.9487 0.3162 0.0000
vn -0.9487 0.3162 0.0000
vn 0.3162 0.9487 0.0000
vn 0.3162 0.9487 0.0000
vn 0.0000 0.0000 1.0000
vn 0.0000 0.0000 1.0000
vn -0.0000 0.0000 1.0000
vn -0.0000 0.0000 1.0000
vn 0.0000 -0.0000 1.0000
vn 0.0000 -0.0000 1.0000
vn -0.0000 -0.0000 1.0000
vn -0.0000 -0.0000 1.0000
vn 1.0000 -0.0000 0.0000
vn -0.0000 0.9024 -0.4309
vn -1.0000 0.0000 -0.0000
vn -0.9995 -0.0000 -0.0325
vn 0.0000 -0.9024 -0.4309
vn -0.9024 0.0000 -0.4309
vn 0.9024 -0.0000 -0.4309
vn 0.9848 -0.0000 -0.1736
vn 0.9848 -0.0000 -0.1736
vn 0.8660 -0.0000 -0.5000
vn 0.6428 0.0000 -0.7660
vn 0.3420 -0.0000 -0.9397
vn -0.3420 0.0000 -0.9397
vn -0.6428 -0.0000 -0.7660
vn -0.8660 -0.0000 -0.5000
vn -0.9848 0.0000 -0.1736
vn -0.9848 -0.0000 0.1736
vn -0.8660 -0.0000 0.5000
vn -0.6428 0.0000 0.7660
vn -0.3420 -0.0000 0.9397
vn 0.3420 0.0000 0.9397
vn 0.6428 -0.0000 0.7660
vn 0.8660 0.0000 0.5000
vn 0.9848 0.0000 0.1736
vn 0.9848 -0.0000 0.1736
vn -0.9848 -0.0000 -0.1736
vn -0.9848 -0.0000 -0.1736
vn -0.8660 0.0000 -0.5000
vn -0.6428 0.0000 -0.7660
vn 0.3420 0.0000 -0.9397
vn 0.6428 0.0000 -0.7660
vn 0.8660 0.0000 -0.5000
vn 0.9848 0.0000 -0.1736
vn 0.9848 -0.0000 0.1736
vn 0.8660 -0.0000 0.5000
vn 0.6428 -0.0000 0.7660
vn 0.3420 0.0000 0.9397
vn -0.3420 0.0000 0.9397
vn -0.6428 -0.0000 0.7660
vn -0.8660 -0.0000 0.5000
vn -0.9848 0.0000 0.1736
vn -0.9848 0.0000 0.1736
vn 0.9848 0.0000 -0.1736
vn 0.8660 -0.0000 -0.5000
vn 0.8660 -0.0000 -0.5000
vn 0.6428 -0.0000 -0.7660
vn 0.6428 -0.0000 -0.7660
vn 0.3420 -0.0000 -0.9397
vn -0.3420 -0.0000 -0.9397
vn -0.6428 -0.0000 -0.7660
vn -0.6428 -0.0000 -0.7660
vn -0.8660 -0.0000 -0.5000
vn -0.8660 0.0000 -0.5000
vn -0.9848 0.0000 -0.1736
vn -0.9848 -0.0000 -0.1736
vn -0.9848 0.0000 0.1736
vn -0.9848 0.0000 0.1736
vn -0.8660 0.0000 0.5000
vn -0.6428 -0.0000 0.7660
vn -0.3420 0.0000 0.9397
vn -0.0000 -0.0000 1.0000
vn 0.3420 0.0000 0.9397
vn 0.6428 0.0000 0.7660
vn 0.6428 0.0000 0.7660
vn 0.8660 0.0000 0.5000
vn 0.8660 0.0000 0.5000
vn -0.9848 0.0000 -0.1736
vn -0.8660 -0.0000 -0.5000
vn -0.8660 0.0000 -0.5000
vn -0.6428 0.0000 -0.7660
vn -0.6428 -0.0000 -0.7660
vn -0.3420 0.0000 -0.9397
vn 0.3420 0.0000 -0.9397
vn 0.6428 -0.0000 -0.7660
vn 0.6428 -0.0000 -0.7660
vn 0.8660 -0.0000 -0.5000
vn 0.9848 -0.0000 -0.1736
vn 0.9848 -0.0000 -0.1736
vn 0.9848 0.0000 0.1736
vn 0.9848 0.0000 0.1736
vn 0.6428 0.0000 0.7660
vn 0.3420 -0.0000 0.9397
vn 0.0000 -0.0000 1.0000
vn -0.3420 -0.0000 0.9397
vn -0.6428 0.0000 0.7660
vn -0.6428 -0.0000 0.7660
vn -0.8660 0.0000 0.5000
vn -0.8660 0.0000 0.5000
vn -0.0000 -1.0000 -0.0000
vn -0.0000 -1.0000 0.0000
vn -0.0000 -1.0000 0.0001
vn 0.9737 0.0000 -0.2277
vn -0.9737 0.0000 0.2277
vn -0.9737 0.0000 0.2277
vn -0.9737 0.0000 0.2277
vn -0.9737 -0.0000 0.2277
vn 0.5177 0.0000 -0.8556
vn 0.5177 -0.0000 -0.8556
vn -0.5177 -0.0000 -0.8556
vn -0.5177 -0.0000 -0.8556
vn 0.3413 -0.0000 -0.9400
vn 0.3413 -0.0000 -0.9400
vn -0.3413 0.0000 -0.9400
vn -0.3413 -0.0000 -0.9400
vn -0.1201 -0.0000 -0.9928
vn 0.1201 0.0000 -0.9928
vn -0.5177 0.0000 -0.8556
vn -0.5177 0.0001 -0.8556
vn -0.3413 0.0001 -0.9400
vn -0.3415 -0.0003 -0.9399
vn 0.3413 -0.0000 -0.9400
vn 0.3413 -0.0000 -0.9400
vn 0.1201 0.0001 -0.9928
vn 0.1200 -0.0001 -0.9928
vn -0.1201 -0.0004 -0.9928
vn -0.1199 0.0001 -0.9928
vn 0.8660 0.0000 -0.5000
vn 0.3420 -0.0000 -0.9397
vn -0.3420 0.0000 -0.9397
vn -0.8660 -0.0000 -0.5000
vn -0.9848 -0.0000 0.1736
vn -0.6428 0.0000 0.7660
vn 0.6428 -0.0000 0.7660
vn 0.9848 -0.0000 0.1737
vn 0.0000 -1.0000 -0.0000
vn 0.0000 -1.0000 0.0000
vn -0.9737 -0.0000 -0.2277
vn 0.9737 -0.0000 0.2277
vn 0.9737 0.0000 0.2277
vn 0.9737 -0.0000 0.2277
vn 0.9737 -0.0000 0.2277
vn -0.5177 -0.0000 -0.8556
vn -0.5177 -0.0000 -0.8556
vn 0.5177 -0.0000 -0.8556
vn 0.5177 -0.0000 -0.8556
vn -0.3413 -0.0000 -0.9400
vn -0.3413 -0.0000 -0.9400
vn 0.3413 -0.0000 -0.9400
vn 0.3413 0.0000 -0.9400
vn 0.1201 -0.0000 -0.9928
vn -0.1201 0.0000 -0.9928
vn 0.5177 0.0001 -0.8556
vn 0.5177 0.0000 -0.8556
vn 0.3415 -0.0003 -0.9399
vn 0.3413 0.0001 -0.9400
vn -0.3413 0.0000 -0.9400
vn -0.3413 -0.0000 -0.9400
vn -0.1200 -0.0001 -0.9928
vn -0.1201 0.0001 -0.9928
vn 0.1199 0.0001 -0.9928
vn 0.1201 -0.0004 -0.9928
vn -0.3420 0.0000 -0.9397
vn 0.3420 0.0000 -0.9397
vn 0.6428 0.0000 0.7660
vn -0.6428 0.0000 0.7660
vn -0.9848 -0.0000 0.1737
vn 0.9737 0.0000 -0.2277
vn -0.9737 -0.0000 0.2277
vn -0.9737 0.0000 0.2277
vn 0.5177 0.0000 -0.8556
vn 0.5177 -0.0000 -0.8556
vn -0.5177 0.0000 -0.8556
vn -0.5177 0.0000 -0.8556
vn 0.3413 -0.0000 -0.9400
vn 0.3413 0.0000 -0.9400
vn -0.3413 0.0000 -0.9400
vn -0.3413 0.0000 -0.9400
vn -0.1201 -0.0000 -0.9928
vn -0.5177 -0.0001 -0.8556
vn -0.5177 -0.0000 -0.8556
vn -0.3415 0.0003 -0.9399
vn -0.3413 -0.0001 -0.9400
vn 0.3413 -0.0000 -0.9400
vn 0.3413 0.0000 -0.9400
vn 0.1200 0.0001 -0.9928
vn 0.1201 -0.0001 -0.9928
vn -0.1199 -0.0001 -0.9928
vn -0.1201 0.0004 -0.9928
vn 0.8660 -0.0000 -0.5000
vn 0.9848 -0.0000 0.1736
vn 0.9737 -0.0000 0.2277
vn 0.9737 0.0000 0.2277
vn -0.5177 0.0000 -0.8556
vn 0.5177 0.0000 -0.8556
vn 0.5177 0.0000 -0.8556
vn -0.3413 0.0000 -0.9400
vn 0.3413 0.0000 -0.9400
vn 0.5177 -0.0000 -0.8556
vn 0.5177 -0.0001 -0.8556
vn 0.3413 -0.0001 -0.9400
vn 0.3415 0.0003 -0.9399
vn -0.3413 0.0000 -0.9400
vn -0.1201 -0.0001 -0.9928
vn -0.1200 0.0001 -0.9928
vn 0.1201 0.0004 -0.9928
vn 0.1199 -0.0001 -0.9928
vn -0.0000 0.3827 0.9239
vn 0.0000 0.9239 0.3827
vn -0.0000 0.9239 -0.3827
vn -0.0000 0.3827 -0.9239
vn 0.0000 -0.3827 -0.9239
vn 0.0000 -0.9239 -0.3827
vn 0.0000 -0.9239 0.3827
vn -0.0000 -0.3827 0.9239
vn -0.9239 0.3827 -0.0000
vn -0.3827 0.9239 -0.0000
vn 0.3827 0.9239 0.0000
vn 0.9239 0.3827 0.0000
vn 0.9239 -0.3827 -0.0000
vn 0.3827 -0.9239 -0.0000
vn -0.3827 -0.9239 -0.0000
vn -0.9239 -0.3827 0.0000
vn -0.9239 0.3827 -0.0000
vn -0.3827 0.9239 -0.0000
vn -0.3827 0.9239 -0.0000
vn 0.0000 0.3827 0.9239
vn 0.0000 0.9239 0.3827
vn 0.0000 -0.9239 0.3827
vn -0.0000 -0.3827 0.9239
vn 0.9239 0.3827 0.0000
vn 0.3827 0.9239 0.0000
vn -0.3827 -0.9239 0.0000
vn 0.3827 -0.9239 0.0000
vn 0.9239 -0.3827 0.0000
vn 0.9239 0.3827 -0.0000
vn -0.3827 0.9239 -0.0000
vn -0.9239 0.3827 0.0000
vn -0.9239 -0.3827 -0.0000
vn -0.3827 -0.9239 -0.0000
vn 0.9239 -0.3827 0.0000
vn -1.0000 -0.0000 0.0000
vn -0.0000 1.0000 -0.0000
vn 1.0000 0.0000 -0.0000
vn 0.0000 -1.0000 0.0000
vn -0.9962 0.0000 -0.0869
vn 0.0000 0.9938 -0.1115
vn 0.9962 -0.0000 -0.0869
vn 0.0000 -0.9938 -0.1115
vn -0.0000 0.0000 -1.0000
vn 0.0000 -0.0000 1.0000
vn 0.9981 0.0000 0.0615
vn -0.0000 0.9968 0.0802
vn -0.9981 0.0000 0.0615
vn 0.0000 -0.9963 0.0857
vn -0.9962 -0.0000 -0.0869
vn 0.0000 0.9938 -0.1115
vn 0.9962 -0.0000 -0.0869
vn -0.0000 -0.9938 -0.1115
vn 0.9981 -0.0000 0.0616
vn -0.0000 0.9968 0.0802
vn -0.9981 0.0000 0.0616
vn 0.0000 -0.9963 0.0858
vn -0.9962 -0.0000 -0.0869
vn 0.9962 -0.0000 -0.0869
vn 0.9981 -0.0000 0.0616
vn -0.0000 0.9968 0.0803
vn -0.9981 -0.0000 0.0616
vn 0.0000 -0.9963 0.0859
vn -0.9962 -0.0000 -0.0869
vn 0.0000 0.9938 -0.1115
vn 0.9981 0.0000 0.0616
vn -0.0000 0.9968 0.0803
vn -0.9981 -0.0000 0.0616
vn 0.0000 -0.9963 0.0858
vn -1.0000 -0.0000 0.0000
vn -0.0000 1.0000 -0.0000
vn 1.0000 0.0000 -0.0000
vn 0.0000 -1.0000 0.0000
vn -0.9962 0.0000 -0.0869
vn 0.0000 0.9938 -0.1115
vn 0.9962 -0.0000 -0.0869
vn 0.0000 -0.9938 -0.1115
vn -0.0000 0.0000 -1.0000
vn 0.0000 -0.0000 1.0000
vn 0.9981 0.0000 0.0615
vn -0.0000 0.9968 0.0802
vn -0.9981 0.0000 0.0615
vn 0.0000 -0.9963 0.0857
vn -0.9962 -0.0000 -0.0869
vn 0.0000 0.9938 -0.1115
vn 0.9962 -0.0000 -0.0869
vn -0.0000 -0.9938 -0.1115
vn 0.9981 -0.0000 0.0616
vn -0.0000 0.9968 0.0802
vn -0.9981 0.0000 0.0616
vn 0.0000 -0.9963 0.0858
vn -0.9962 -0.0000 -0.0869
vn 0.9962 -0.0000 -0.0869
vn 0.9981 -0.0000 0.0616
vn -0.0000 0.9968 0.0803
vn -0.9981 -0.0000 0.0616
vn 0.0000 -0.9963 0.0859
vn -0.9962 -0.0000 -0.0869
vn 0.0000 0.9938 -0.1115
vn 0.9981 0.0000 0.0616
vn -0.0000 0.9968 0.0803
vn -0.9981 -0.0000 0.0616
vn 0.0000 -0.9963 0.0858

usemtl floor_material
f 1/1/1 2/2/1 3/3/1 4/4/1

usemtl wall_material
f 5/5/1 6/6/1 7/7/1 8/8/1
f 9/9/3 10/10/3 11/11/3 12/12/3
f 13/13/4 14/14/4 15/15/4 16/16/4
f 17/17/5 18/18/5 19/19/5 20/20/5
f 21/21/6 22/22/6 23/23/6 24/24/6
f 25/25/1 26/26/1 27/27/1 28/28/1
f 29/29/3 30/30/3 31/31/3 32/32/3
f 33/33/4 34/34/4 35/35/4 36/36/4
f 37/37/5 38/38/5 39/39/5 40/40/5
f 41/41/6 42/42/6 43/43/6 44/44/6
f 45/45/1 46/46/1 47/47/1 48/48/1
f 49/49/3 50/50/3 51/51/3 52/52/3
f 53/53/4 54/54/4 55/55/4 56/56/4
f 57/57/5 58/58/5 59/59/5 60/60/5
f 61/61/6 62/62/6 63/63/6 64/64/6
f 65/65/1 66/66/1 67/67/1 68/68/1
f 69/69/3 70/70/3 71/71/3 72/72/3
f 73/73/4 74/74/4 75/75/4 76/76/4
f 77/77/5 78/78/5 79/79/5 80/80/5
f 81/81/6 82/82/6 83/83/6 84/84/6
f 85/85/1 86/86/1 87/87/1 88/88/1
f 89/89/3 90/90/3 91/91/3 92/92/3
f 93/93/4 94/94/4 95/95/4 96/96/4
f 97/97/5 98/98/5 99/99/5 100/100/5
f 101/101/6 102/102/6 103/103/6 104/104/6
f 105/105/1 106/106/1 107/107/1 108/108/1
f 109/109/3 110/110/3 111/111/3 112/112/3
f 113/113/4 114/114/4 115/115/4 116/116/4
f 117/117/5 118/118/5 119/119/5 120/120/5
f 121/121/6 122/122/6 123/123/6 124/124/6
f 125/125/1 126/126/1 127/127/1 128/128/1
f 129/129/3 130/130/3 131/131/3 132/132/3
f 133/133/4 134/134/4 135/135/4 136/136/4
f 137/137/5 138/138/5 139/139/5 140/140/5
f 141/141/6 142/142/6 143/143/6 144/144/6
f 145/145/1 146/146/1 147/147/1 148/148/1
f 149/149/3 150/150/3 151/151/3 152/152/3
f 153/153/4 154/154/4 155/155/4 156/156/4
f 157/157/5 158/158/5 159/159/5 160/160/5
f 161/161/6 162/162/6 163/163/6 164/164/6
f 165/165/1 166/166/1 167/167/1 168/168/1
f 169/169/3 170/170/3 171/171/3 172/172/3
f 173/173/4 174/174/4 175/175/4 176/176/4
f 177/177/5 178/178/5 179/179/5 180/180/5
f 181/181/6 182/182/6 183/183/6 184/184/6
f 185/185/1 186/186/1 187/187/1 188/188/1
f 189/189/3 190/190/3 191/191/3 192/192/3
f 193/193/4 194/194/4 195/195/4 196/196/4
f 197/197/5 198/198/5 199/199/5 200/200/5
f 201/201/6 202/202/6 203/203/6 204/204/6
f 205/205/1 206/206/1 207/207/1 208/208/1
f 209/209/3 210/210/3 211/211/3 212/212/3
f 213/213/4 214/214/4 215/215/4 216/216/4
f 217/217/5 218/218/5 219/219/5 220/220/5
f 221/221/6 222/222/6 223/223/6 224/224/6
f 225/225/1 226/226/1 227/227/1 228/228/1
f 229/229/3 230/230/3 231/231/3 232/232/3
f 233/233/4 234/234/4 235/235/4 236/236/4
f 237/237/5 238/238/5 239/239/5 240/240/5
f 241/241/6 242/242/6 243/243/6 244/244/6
f 245/245/1 246/246/1 247/247/1 248/248/1
f 249/249/3 250/250/3 251/251/3 252/252/3
f 253/253/4 254/254/4 255/255/4 256/256/4
f 257/257/5 258/258/5 259/259/5 260/260/5
f 261/261/6 262/262/6 263/263/6 264/264/6
f 265/265/1 266/266/1 267/267/1 268/268/1
f 269/269/3 270/270/3 271/271/3 272/272/3
f 273/273/4 274/274/4 275/275/4 276/276/4
f 277/277/5 278/278/5 279/279/5 280/280/5
f 281/281/6 282/282/6 283/283/6 284/284/6
f 285/285/1 286/286/1 287/287/1 288/288/1
f 289/289/3 290/290/3 291/291/3 292/292/3
f 293/293/4 294/294/4 295/295/4 296/296/4
f 297/297/5 298/298/5 299/299/5 300/300/5
f 301/301/6 302/302/6 303/303/6 304/304/6

usemtl column_material
f 305/305/1 306/306/1 307/307/1 308/308/1
f 309/309/3 310/310/3 311/311/3 312/312/3
f 313/313/4 314/314/4 315/315/4 316/316/4
f 317/317/5 318/318/5 319/319/5 320/320/5
f 321/321/6 322/322/6 323/323/6 324/324/6
f 325/325/1 326/326/1 327/327/1 328/328/1
f 329/329/3 330/330/3 331/331/3 332/332/3
f 333/333/4 334/334/4 335/335/4 336/336/4
f 337/337/5 338/338/5 339/339/5 340/340/5
f 341/341/6 342/342/6 343/343/6 344/344/6
f 345/345/1 346/346/1 347/347/1 348/348/1
f 349/349/3 350/350/3 351/351/3 352/352/3
f 353/353/4 354/354/4 355/355/4 356/356/4
f 357/357/5 358/358/5 359/359/5 360/360/5
f 361/361/6 362/362/6 363/363/6 364/364/6
f 365/365/1 366/366/1 367/367/1 368/368/1
f 369/369/3 370/370/3 371/371/3 372/372/3
f 373/373/4 374/374/4 375/375/4 376/376/4
f 377/377/5 378/378/5 379/379/5 380/380/5
f 381/381/6 382/382/6 383/383/6 384/384/6

usemtl shelf_$Material_0
f 385//7 386//7 387//7
f 387//7 386//7 388//7
f 386//8 385//8 389//8
f 386//8 389//8 390//8
f 387//9 388//9 391//9
f 391//9 388//9 392//9
f 391//10 392//10 389//10
f 389//10 392//10 390//10
f 388//11 386//11 392//11
f 392//11 386//11 390//11
f 385//12 387//12 391//12
f 385//12 391//12 389//12
f 797//235 798//235 799//235
f 799//235 798//235 800//235
f 798//236 797//236 801//236
f 798//236 801//236 802//236
f 799//237 800//237 803//237
f 803//237 800//237 804//237
f 803//238 804//238 801//238
f 801//238 804//238 802//238
f 800//239 798//239 804//239
f 804//239 798//239 802//239
f 797//240 799//240 803//240
f 797//240 803//240 801//240
f 1209//463 1210//463 1211//463
f 1211//463 1210//463 1212//463
f 1210//464 1209//464 1213//464
f 1210//464 1213//464 1214//464
f 1211//465 1212//465 1215//465
f 1215//465 1212//465 1216//465
f 1215//466 1216//466 1213//466
f 1213//466 1216//466 1214//466
f 1212//467 1210//467 1216//467
f 1216//467 1210//467 1214//467
f 1209//468 1211//468 1215//468
f 1209//468 1215//468 1213//468
f 1621//691 1622//691 1623//691
f 1623//691 1622//691 1624//691
f 1622//692 1621//692 1625//692
f 1622//692 1625//692 1626//692
f 1623//693 1624//693 1627//693
f 1627//693 1624//693 1628//693
f 1627//694 1628//694 1625//694
f 1625//694 1628//694 1626//694
f 1624//695 1622//695 1628//695
f 1628//695 1622//695 1626//695
f 1621//696 1623//696 1627//696
f 1621//696 1627//696 1625//696
f 2033//919 2034//919 2035//919
f 2035//919 2034//919 2036//919
f 2034//920 2033//920 2037//920
f 2034//920 2037//920 2038//920
f 2035//921 2036//921 2039//921
f 2039//921 2036//921 2040//921
f 2039//922 2040//922 2037//922
f 2037//922 2040//922 2038//922
f 2036//923 2034//923 2040//923
f 2040//923 2034//923 2038//923
f 2033//924 2035//924 2039//924
f 2033//924 2039//924 2037//924

usemtl shelf_$Material_1
f 393//13 394//13 395//13
f 395//13 394//13 396//13
f 394//14 393//14 397//14
f 394//14 397//14 398//14
f 395//15 396//15 399//15
f 399//15 396//15 400//15
f 399//16 400//16 397//16
f 397//16 400//16 398//16
f 396//17 394//17 400//17
f 400//17 394//17 398//17
f 393//18 395//18 399//18
f 393//18 399//18 397//18
f 805//241 806//241 807//241
f 807//241 806//241 808//241
f 806//242 805//242 809//242
f 806//242 809//242 810//242
f 807//243 808//243 811//243
f 811//243 808//243 812//243
f 811//244 812//244 809//244
f 809//244 812//244 810//244
f 808//245 806//245 812//245
f 812//245 806//245 810//245
f 805//246 807//246 811//246
f 805//246 811//246 809//246
f 1217//469 1218//469 1219//469
f 1219//469 1218//469 1220//469
f 1218//470 1217//470 1221//470
f 1218//470 1221//470 1222//470
f 1219//471 1220//471 1223//471
f 1223//471 1220//471 1224//471
f 1223//472 1224//472 1221//472
f 1221//472 1224//472 1222//472
f 1220//473 1218//473 1224//473
f 1224//473 1218//473 1222//473
f 1217//474 1219//474 1223//474
f 1217//474 1223//474 1221//474
f 1629//697 1630//697 1631//697
f 1631//697 1630//697 1632//697
f 1630//698 1629//698 1633//698
f 1630//698 1633//698 1634//698
f 1631//699 1632//699 1635//699
f 1635//699 1632//699 1636//699
f 1635//700 1636//700 1633//700
f 1633//700 1636//700 1634//700
f 1632//701 1630//701 1636//701
f 1636//701 1630//701 1634//701
f 1629//702 1631//702 1635//702
f 1629//702 1635//702 1633//702
f 2041//925 2042//925 2043//925
f 2043//925 2042//925 2044//925
f 2042//926 2041//926 2045//926
f 2042//926 2045//926 2046//926
f 2043//927 2044//927 2047//927
f 2047//927 2044//927 2048//927
f 2047//928 2048//928 2045//928
f 2045//928 2048//928 2046//928
f 2044//929 2042//929 2048//929
f 2048//929 2042//929 2046//929
f 2041//930 2043//930 2047//930
f 2041//930 2047//930 2045//930

usemtl shelf_$Material_2
f 401//19 402//19 403//19
f 403//19 402//19 404//19
f 402//20 401//20 405//20
f 402//20 405//20 406//20
f 403//21 404//21 407//21
f 407//21 404//21 408//21
f 407//22 408//22 405//22
f 405//22 408//22 406//22
f 404//23 402//23 408//23
f 408//23 402//23 406//23
f 401//24 403//24 407//24
f 401//24 407//24 405//24
f 813//247 814//247 815//247
f 815//247 814//247 816//247
f 814//248 813//248 817//248
f 814//248 817//248 818//248
f 815//249 816//249 819//249
f 819//249 816//249 820//249
f 819//250 820//250 817//250
f 817//250 820//250 818//250
f 816//251 814//251 820//251
f 820//251 814//251 818//251
f 813//252 815//252 819//252
f 813//252 819//252 817//252
f 1225//475 1226//475 1227//475
f 1227//475 1226//475 1228//475
f 1226//476 1225//476 1229//476
f 1226//476 1229//476 1230//476
f 1227//477 1228//477 1231//477
f 1231//477 1228//477 1232//477
f 1231//478 1232//478 1229//478
f 1229//478 1232//478 1230//478
f 1228//479 1226//479 1232//479
f 1232//479 1226//479 1230//479
f 1225//480 1227//480 1231//480
f 1225//480 1231//480 1229//480
f 1637//703 1638//703 1639//703
f 1639//703 1638//703 1640//703
f 1638//704 1637//704 1641//704
f 1638//704 1641//704 1642//704
f 1639//705 1640//705 1643//705
f 1643//705 1640//705 1644//705
f 1643//706 1644//706 1641//706
f 1641//706 1644//706 1642//706
f 1640//707 1638//707 1644//707
f 1644//707 1638//707 1642//707
f 1637//708 1639//708 1643//708
f 1637//708 1643//708 1641//708
f 2049//931 2050//931 2051//931
f 2051//931 2050//931 2052//931
f 2050//932 2049//932 2053//932
f 2050//932 2053//932 2054//932
f 2051//933 2052//933 2055//933
f 2055//933 2052//933 2056//933
f 2055//934 2056//934 2053//934
f 2053//934 2056//934 2054//934
f 2052//935 2050//935 2056//935
f 2056//935 2050//935 2054//935
f 2049//936 2051//936 2055//936
f 2049//936 2055//936 2053//936

usemtl shelf_$Material_3
f 409//25 410//25 411//25
f 411//25 410//25 412//25
f 410//26 409//26 413//26
f 410//26 413//26 414//26
f 411//27 412//27 415//27
f 415//27 412//27 416//27
f 415//28 416//28 413//28
f 413//28 416//28 414//28
f 412//29 410//29 416//29
f 416//29 410//29 414//29
f 409//30 411//30 415//30
f 409//30 415//30 413//30
f 821//253 822//253 823//253
f 823//253 822//253 824//253
f 822//254 821//254 825//254
f 822//254 825//254 826//254
f 823//255 824//255 827//255
f 827//255 824//255 828//255
f 827//256 828//256 825//256
f 825//256 828//256 826//256
f 824//257 822//257 828//257
f 828//257 822//257 826//257
f 821//258 823//258 827//258
f 821//258 827//258 825//258
f 1233//481 1234//481 1235//481
f 1235//481 1234//481 1236//481
f 1234//482 1233//482 1237//482
f 1234//482 1237//482 1238//482
f 1235//483 1236//483 1239//483
f 1239//483 1236//483 1240//483
f 1239//484 1240//484 1237//484
f 1237//484 1240//484 1238//484
f 1236//485 1234//485 1240//485
f 1240//485 1234//485 1238//485
f 1233//486 1235//486 1239//486
f 1233//486 1239//486 1237//486
f 1645//709 1646//709 1647//709
f 1647//709 1646//709 1648//709
f 1646//710 1645//710 1649//710
f 1646//710 1649//710 1650//710
f 1647//711 1648//711 1651//711
f 1651//711 1648//711 1652//711
f 1651//712 1652//712 1649//712
f 1649//712 1652//712 1650//712
f 1648//713 1646//713 1652//713
f 1652//713 1646//713 1650//713
f 1645//714 1647//714 1651//714
f 1645//714 1651//714 1649//714
f 2057//937 2058//937 2059//937
f 2059//937 2058//937 2060//937
f 2058//938 2057//938 2061//938
f 2058//938 2061//938 2062//938
f 2059//939 2060//939 2063//939
f 2063//939 2060//939 2064//939
f 2063//940 2064//940 2061//940
f 2061//940 2064//940 2062//940
f 2060//941 2058//941 2064//941
f 2064//941 2058//941 2062//941
f 2057//942 2059//942 2063//942
f 2057//942 2063//942 2061//942

usemtl shelf_$Material_4
f 417//31 418//31 419//31
f 419//31 418//31 420//31
f 418//32 417//32 421//32
f 418//32 421//32 422//32
f 419//33 420//33 423//33
f 423//33 420//33 424//33
f 423//34 424//34 421//34
f 421//34 424//34 422//34
f 420//35 418//35 424//35
f 424//35 418//35 422//35
f 417//36 419//36 423//36
f 417//36 423//36 421//36
f 829//259 830//259 831//259
f 831//259 830//259 832//259
f 830//260 829//260 833//260
f 830//260 833//260 834//260
f 831//261 832//261 835//261
f 835//261 832//261 836//261
f 835//262 836//262 833//262
f 833//262 836//262 834//262
f 832//263 830//263 836//263
f 836//263 830//263 834//263
f 829//264 831//264 835//264
f 829//264 835//264 833//264
f 1241//487 1242//487 1243//487
f 1243//487 1242//487 1244//487
f 1242//488 1241//488 1245//488
f 1242//488 1245//488 1246//488
f 1243//489 1244//489 1247//489
f 1247//489 1244//489 1248//489
f 1247//490 1248//490 1245//490
f 1245//490 1248//490 1246//490
f 1244//491 1242//491 1248//491
f 1248//491 1242//491 1246//491
f 1241//492 1243//492 1247//492
f 1241//492 1247//492 1245//492
f 1653//715 1654//715 1655//715
f 1655//715 1654//715 1656//715
f 1654//716 1653//716 1657//716
f 1654//716 1657//716 1658//716
f 1655//717 1656//717 1659//717
f 1659//717 1656//717 1660//717
f 1659//718 1660//718 1657//718
f 1657//718 1660//718 1658//718
f 1656//719 1654//719 1660//719
f 1660//719 1654//719 1658//719
f 1653//720 1655//720 1659//720
f 1653//720 1659//720 1657//720
f 2065//943 2066//943 2067//943
f 2067//943 2066//943 2068//943
f 2066//944 2065//944 2069//944
f 2066//944 2069//944 2070//944
f 2067//945 2068//945 2071//945
f 2071//945 2068//945 2072//945
f 2071//946 2072//946 2069//946
f 2069//946 2072//946 2070//946
f 2068//947 2066//947 2072//947
f 2072//947 2066//947 2070//947
f 2065//948 2067//948 2071//948
f 2065//948 2071//948 2069//948

usemtl shelf_$Material_5
f 425//37 426//37 427//37
f 427//37 426//37 428//37
f 426//38 425//38 429//38
f 426//38 429//38 430//38
f 427//39 428//39 431//39
f 431//39 428//39 432//39
f 431//40 432//40 429//40
f 429//40 432//40 430//40
f 428//41 426//41 432//41
f 432//41 426//41 430//41
f 425//42 427//42 431//42
f 425//42 431//42 429//42
f 837//265 838//265 839//265
f 839//265 838//265 840//265
f 838//266 837//266 841//266
f 838//266 841//266 842//266
f 839//267 840//267 843//267
f 843//267 840//267 844//267
f 843//268 844//268 841//268
f 841//268 844//268 842//268
f 840//269 838//269 844//269
f 844//269 838//269 842//269
f 837//270 839//270 843//270
f 837//270 843//270 841//270
f 1249//493 1250//493 1251//493
f 1251//493 1250//493 1252//493
f 1250//494 1249//494 1253//494
f 1250//494 1253//494 1254//494
f 1251//495 1252//495 1255//495
f 1255//495 1252//495 1256//495
f 1255//496 1256//496 1253//496
f 1253//496 1256//496 1254//496
f 1252//497 1250//497 1256//497
f 1256//497 1250//497 1254//497
f 1249//498 1251//498 1255//498
f 1249//498 1255//498 1253//498
f 1661//721 1662//721 1663//721
f 1663//721 1662//721 1664//721
f 1662//722 1661//722 1665//722
f 1662//722 1665//722 1666//722
f 1663//723 1664//723 1667//723
f 1667//723 1664//723 1668//723
f 1667//724 1668//724 1665//724
f 1665//724 1668//724 1666//724
f 1664//725 1662//725 1668//725
f 1668//725 1662//725 1666//725
f 1661//726 1663//726 1667//726
f 1661//726 1667//726 1665//726
f 2073//949 2074//949 2075//949
f 2075//949 2074//949 2076//949
f 2074//950 2073//950 2077//950
f 2074//950 2077//950 2078//950
f 2075//951 2076//951 2079//951
f 2079//951 2076//951 2080//951
f 2079//952 2080//952 2077//952
f 2077//952 2080//952 2078//952
f 2076//953 2074//953 2080//953
f 2080//953 2074//953 2078//953
f 2073//954 2075//954 2079//954
f 2073//954 2079//954 2077//954

usemtl shelf_$Material_6
f 433//43 434//43 435//43
f 435//43 434//43 436//43
f 434//44 433//44 437//44
f 434//44 437//44 438//44
f 435//45 436//45 439//45
f 439//45 436//45 440//45
f 439//46 440//46 437//46
f 437//46 440//46 438//46
f 436//47 434//47 440//47
f 440//47 434//47 438//47
f 433//48 435//48 439//48
f 433//48 439//48 437//48
f 845//271 846//271 847//271
f 847//271 846//271 848//271
f 846//272 845//272 849//272
f 846//272 849//272 850//272
f 847//273 848//273 851//273
f 851//273 848//273 852//273
f 851//274 852//274 849//274
f 849//274 852//274 850//274
f 848//275 846//275 852//275
f 852//275 846//275 850//275
f 845//276 847//276 851//276
f 845//276 851//276 849//276
f 1257//499 1258//499 1259//499
f 1259//499 1258//499 1260//499
f 1258//500 1257//500 1261//500
f 1258//500 1261//500 1262//500
f 1259//501 1260//501 1263//501
f 1263//501 1260//501 1264//501
f 1263//502 1264//502 1261//502
f 1261//502 1264//502 1262//502
f 1260//503 1258//503 1264//503
f 1264//503 1258//503 1262//503
f 1257//504 1259//504 1263//504
f 1257//504 1263//504 1261//504
f 1669//727 1670//727 1671//727
f 1671//727 1670//727 1672//727
f 1670//728 1669//728 1673//728
f 1670//728 1673//728 1674//728
f 1671//729 1672//729 1675//729
f 1675//729 1672//729 1676//729
f 1675//730 1676//730 1673//730
f 1673//730 1676//730 1674//730
f 1672//731 1670//731 1676//731
f 1676//731 1670//731 1674//731
f 1669//732 1671//732 1675//732
f 1669//732 1675//732 1673//732
f 2081//955 2082//955 2083//955
f 2083//955 2082//955 2084//955
f 2082//956 2081//956 2085//956
f 2082//956 2085//956 2086//956
f 2083//957 2084//957 2087//957
f 2087//957 2084//957 2088//957
f 2087//958 2088//958 2085//958
f 2085//958 2088//958 2086//958
f 2084//959 2082//959 2088//959
f 2088//959 2082//959 2086//959
f 2081//960 2083//960 2087//960
f 2081//960 2087//960 2085//960

usemtl shelf_$Material_7
f 441//49 442//49 443//49
f 443//49 442//49 444//49
f 442//50 441//50 445//50
f 442//50 445//50 446//50
f 443//51 444//51 447//51
f 447//51 444//51 448//51
f 447//52 448//52 445//52
f 445//52 448//52 446//52
f 444//53 442//53 448//53
f 448//53 442//53 446//53
f 441//54 443//54 447//54
f 441//54 447//54 445//54
f 853//277 854//277 855//277
f 855//277 854//277 856//277
f 854//278 853//278 857//278
f 854//278 857//278 858//278
f 855//279 856//279 859//279
f 859//279 856//279 860//279
f 859//280 860//280 857//280
f 857//280 860//280 858//280
f 856//281 854//281 860//281
f 860//281 854//281 858//281
f 853//282 855//282 859//282
f 853//282 859//282 857//282
f 1265//505 1266//505 1267//505
f 1267//505 1266//505 1268//505
f 1266//506 1265//506 1269//506
f 1266//506 1269//506 1270//506
f 1267//507 1268//507 1271//507
f 1271//507 1268//507 1272//507
f 1271//508 1272//508 1269//508
f 1269//508 1272//508 1270//508
f 1268//509 1266//509 1272//509
f 1272//509 1266//509 1270//509
f 1265//510 1267//510 1271//510
f 1265//510 1271//510 1269//510
f 1677//733 1678//733 1679//733
f 1679//733 1678//733 1680//733
f 1678//734 1677//734 1681//734
f 1678//734 1681//734 1682//734
f 1679//735 1680//735 1683//735
f 1683//735 1680//735 1684//735
f 1683//736 1684//736 1681//736
f 1681//736 1684//736 1682//736
f 1680//737 1678//737 1684//737
f 1684//737 1678//737 1682//737
f 1677//738 1679//738 1683//738
f 1677//738 1683//738 1681//738
f 2089//961 2090//961 2091//961
f 2091//961 2090//961 2092//961
f 2090//962 2089//962 2093//962
f 2090//962 2093//962 2094//962
f 2091//963 2092//963 2095//963
f 2095//963 2092//963 2096//963
f 2095//964 2096//964 2093//964
f 2093//964 2096//964 2094//964
f 2092//965 2090//965 2096//965
f 2096//965 2090//965 2094//965
f 2089//966 2091//966 2095//966
f 2089//966 2095//966 2093//966

usemtl shelf_$Material_8
f 449//55 450//55 451//55
f 451//55 450//55 452//55
f 450//56 449//56 453//56
f 450//56 453//56 454//56
f 451//57 452//57 455//57
f 455//57 452//57 456//57
f 455//58 456//58 453//58
f 453//58 456//58 454//58
f 452//59 450//59 456//59
f 456//59 450//59 454//59
f 449//60 451//60 455//60
f 449//60 455//60 453//60
f 861//283 862//283 863//283
f 863//283 862//283 864//283
f 862//284 861//284 865//284
f 862//284 865//284 866//284
f 863//285 864//285 867//285
f 867//285 864//285 868//285
f 867//286 868//286 865//286
f 865//286 868//286 866//286
f 864//287 862//287 868//287
f 868//287 862//287 866//287
f 861//288 863//288 867//288
f 861//288 867//288 865//288
f 1273//511 1274//511 1275//511
f 1275//511 1274//511 1276//511
f 1274//512 1273//512 1277//512
f 1274//512 1277//512 1278//512
f 1275//513 1276//513 1279//513
f 1279//513 1276//513 1280//513
f 1279//514 1280//514 1277//514
f 1277//514 1280//514 1278//514
f 1276//515 1274//515 1280//515
f 1280//515 1274//515 1278//515
f 1273//516 1275//516 1279//516
f 1273//516 1279//516 1277//516
f 1685//739 1686//739 1687//739
f 1687//739 1686//739 1688//739
f 1686//740 1685//740 1689//740
f 1686//740 1689//740 1690//740
f 1687//741 1688//741 1691//741
f 1691//741 1688//741 1692//741
f 1691//742 1692//742 1689//742
f 1689//742 1692//742 1690//742
f 1688//743 1686//743 1692//743
f 1692//743 1686//743 1690//743
f 1685//744 1687//744 1691//744
f 1685//744 1691//744 1689//744
f 2097//967 2098//967 2099//967
f 2099//967 2098//967 2100//967
f 2098//968 2097//968 2101//968
f 2098//968 2101//968 2102//968
f 2099//969 2100//969 2103//969
f 2103//969 2100//969 2104//969
f 2103//970 2104//970 2101//970
f 2101//970 2104//970 2102//970
f 2100//971 2098//971 2104//971
f 2104//971 2098//971 2102//971
f 2097//972 2099//972 2103//972
f 2097//972 2103//972 2101//972

usemtl shelf_$Material_9
f 457//25 458//25 459//25
f 459//25 458//25 460//25
f 458//26 457//26 461//26
f 458//26 461//26 462//26
f 459//27 460//27 463//27
f 463//27 460//27 464//27
f 463//28 464//28 461//28
f 461//28 464//28 462//28
f 460//29 458//29 464//29
f 464//29 458//29 462//29
f 457//30 459//30 463//30
f 457//30 463//30 461//30
f 869//253 870//253 871//253
f 871//253 870//253 872//253
f 870//254 869//254 873//254
f 870//254 873//254 874//254
f 871//255 872//255 875//255
f 875//255 872//255 876//255
f 875//256 876//256 873//256
f 873//256 876//256 874//256
f 872//257 870//257 876//257
f 876//257 870//257 874//257
f 869//258 871//258 875//258
f 869//258 875//258 873//258
f 1281//481 1282//481 1283//481
f 1283//481 1282//481 1284//481
f 1282//482 1281//482 1285//482
f 1282//482 1285//482 1286//482
f 1283//483 1284//483 1287//483
f 1287//483 1284//483 1288//483
f 1287//484 1288//484 1285//484
f 1285//484 1288//484 1286//484
f 1284//485 1282//485 1288//485
f 1288//485 1282//485 1286//485
f 1281//486 1283//486 1287//486
f 1281//486 1287//486 1285//486
f 1693//709 1694//709 1695//709
f 1695//709 1694//709 1696//709
f 1694//710 1693//710 1697//710
f 1694//710 1697//710 1698//710
f 1695//711 1696//711 1699//711
f 1699//711 1696//711 1700//711
f 1699//712 1700//712 1697//712
f 1697//712 1700//712 1698//712
f 1696//713 1694//713 1700//713
f 1700//713 1694//713 1698//713
f 1693//714 1695//714 1699//714
f 1693//714 1699//714 1697//714
f 2105//937 2106//937 2107//937
f 2107//937 2106//937 2108//937
f 2106//938 2105//938 2109//938
f 2106//938 2109//938 2110//938
f 2107//939 2108//939 2111//939
f 2111//939 2108//939 2112//939
f 2111//940 2112//940 2109//940
f 2109//940 2112//940 2110//940
f 2108//941 2106//941 2112//941
f 2112//941 2106//941 2110//941
f 2105//942 2107//942 2111//942
f 2105//942 2111//942 2109//942

usemtl shelf_$Material_10
f 465//31 466//31 467//31
f 467//31 466//31 468//31
f 466//32 465//32 469//32
f 466//32 469//32 470//32
f 467//33 468//33 471//33
f 471//33 468//33 472//33
f 471//34 472//34 469//34
f 469//34 472//34 470//34
f 468//35 466//35 472//35
f 472//35 466//35 470//35
f 465//36 467//36 471//36
f 465//36 471//36 469//36
f 877//259 878//259 879//259
f 879//259 878//259 880//259
f 878//260 877//260 881//260
f 878//260 881//260 882//260
f 879//261 880//261 883//261
f 883//261 880//261 884//261
f 883//262 884//262 881//262
f 881//262 884//262 882//262
f 880//263 878//263 884//263
f 884//263 878//263 882//263
f 877//264 879//264 883//264
f 877//264 883//264 881//264
f 1289//487 1290//487 1291//487
f 1291//487 1290//487 1292//487
f 1290//488 1289//488 1293//488
f 1290//488 1293//488 1294//488
f 1291//489 1292//489 1295//489
f 1295//489 1292//489 1296//489
f 1295//490 1296//490 1293//490
f 1293//490 1296//490 1294//490
f 1292//491 1290//491 1296//491
f 1296//491 1290//491 1294//491
f 1289//492 1291//492 1295//492
f 1289//492 1295//492 1293//492
f 1701//715 1702//715 1703//715
f 1703//715 1702//715 1704//715
f 1702//716 1701//716 1705//716
f 1702//716 1705//716 1706//716
f 1703//717 1704//717 1707//717
f 1707//717 1704//717 1708//717
f 1707//718 1708//718 1705//718
f 1705//718 1708//718 1706//718
f 1704//719 1702//719 1708//719
f 1708//719 1702//719 1706//719
f 1701//720 1703//720 1707//720
f 1701//720 1707//720 1705//720
f 2113//943 2114//943 2115//943
f 2115//943 2114//943 2116//943
f 2114//944 2113//944 2117//944
f 2114//944 2117//944 2118//944
f 2115//945 2116//945 2119//945
f 2119//945 2116//945 2120//945
f 2119//946 2120//946 2117//946
f 2117//946 2120//946 2118//946
f 2116//947 2114//947 2120//947
f 2120//947 2114//947 2118//947
f 2113//948 2115//948 2119//948
f 2113//948 2119//948 2117//948

usemtl shelf_$Material_11
f 473//37 474//37 475//37
f 475//37 474//37 476//37
f 474//38 473//38 477//38
f 474//38 477//38 478//38
f 475//39 476//39 479//39
f 479//39 476//39 480//39
f 479//40 480//40 477//40
f 477//40 480//40 478//40
f 476//41 474//41 480//41
f 480//41 474//41 478//41
f 473//42 475//42 479//42
f 473//42 479//42 477//42
f 885//265 886//265 887//265
f 887//265 886//265 888//265
f 886//266 885//266 889//266
f 886//266 889//266 890//266
f 887//267 888//267 891//267
f 891//267 888//267 892//267
f 891//268 892//268 889//268
f 889//268 892//268 890//268
f 888//269 886//269 892//269
f 892//269 886//269 890//269
f 885//270 887//270 891//270
f 885//270 891//270 889//270
f 1297//493 1298//493 1299//493
f 1299//493 1298//493 1300//493
f 1298//494 1297//494 1301//494
f 1298//494 1301//494 1302//494
f 1299//495 1300//495 1303//495
f 1303//495 1300//495 1304//495
f 1303//496 1304//496 1301//496
f 1301//496 1304//496 1302//496
f 1300//497 1298//497 1304//497
f 1304//497 1298//497 1302//497
f 1297//498 1299//498 1303//498
f 1297//498 1303//498 1301//498
f 1709//721 1710//721 1711//721
f 1711//721 1710//721 1712//721
f 1710//722 1709//722 1713//722
f 1710//722 1713//722 1714//722
f 1711//723 1712//723 1715//723
f 1715//723 1712//723 1716//723
f 1715//724 1716//724 1713//724
f 1713//724 1716//724 1714//724
f 1712//725 1710//725 1716//725
f 1716//725 1710//725 1714//725
f 1709//726 1711//726 1715//726
f 1709//726 1715//726 1713//726
f 2121//949 2122//949 2123//949
f 2123//949 2122//949 2124//949
f 2122//950 2121//950 2125//950
f 2122//950 2125//950 2126//950
f 2123//951 2124//951 2127//951
f 2127//951 2124//951 2128//951
f 2127//952 2128//952 2125//952
f 2125//952 2128//952 2126//952
f 2124//953 2122//953 2128//953
f 2128//953 2122//953 2126//953
f 2121//954 2123//954 2127//954
f 2121//954 2127//954 2125//954

usemtl shelf_$Material_12
f 481//43 482//43 483//43
f 483//43 482//43 484//43
f 482//44 481//44 485//44
f 482//44 485//44 486//44
f 483//45 484//45 487//45
f 487//45 484//45 488//45
f 487//46 488//46 485//46
f 485//46 488//46 486//46
f 484//47 482//47 488//47
f 488//47 482//47 486//47
f 481//48 483//48 487//48
f 481//48 487//48 485//48
f 893//271 894//271 895//271
f 895//271 894//271 896//271
f 894//272 893//272 897//272
f 894//272 897//272 898//272
f 895//273 896//273 899//273
f 899//273 896//273 900//273
f 899//274 900//274 897//274
f 897//274 900//274 898//274
f 896//275 894//275 900//275
f 900//275 894//275 898//275
f 893//276 895//276 899//276
f 893//276 899//276 897//276
f 1305//499 1306//499 1307//499
f 1307//499 1306//499 1308//499
f 1306//500 1305//500 1309//500
f 1306//500 1309//500 1310//500
f 1307//501 1308//501 1311//501
f 1311//501 1308//501 1312//501
f 1311//502 1312//502 1309//502
f 1309//502 1312//502 1310//502
f 1308//503 1306//503 1312//503
f 1312//503 1306//503 1310//503
f 1305//504 1307//504 1311//504
f 1305//504 1311//504 1309//504
f 1717//727 1718//727 1719//727
f 1719//727 1718//727 1720//727
f 1718//728 1717//728 1721//728
f 1718//728 1721//728 1722//728
f 1719//729 1720//729 1723//729
f 1723//729 1720//729 1724//729
f 1723//730 1724//730 1721//730
f 1721//730 1724//730 1722//730
f 1720//731 1718//731 1724//731
f 1724//731 1718//731 1722//731
f 1717//732 1719//732 1723//732
f 1717//732 1723//732 1721//732
f 2129//955 2130//955 2131//955
f 2131//955 2130//955 2132//955
f 2130//956 2129//956 2133//956
f 2130//956 2133//956 2134//956
f 2131//957 2132//957 2135//957
f 2135//957 2132//957 2136//957
f 2135//958 2136//958 2133//958
f 2133//958 2136//958 2134//958
f 2132//959 2130//959 2136//959
f 2136//959 2130//959 2134//959
f 2129//960 2131//960 2135//960
f 2129//960 2135//960 2133//960

usemtl shelf_$Material_13
f 489//49 490//49 491//49
f 491//49 490//49 492//49
f 490//50 489//50 493//50
f 490//50 493//50 494//50
f 491//51 492//51 495//51
f 495//51 492//51 496//51
f 495//52 496//52 493//52
f 493//52 496//52 494//52
f 492//53 490//53 496//53
f 496//53 490//53 494//53
f 489//54 491//54 495//54
f 489//54 495//54 493//54
f 901//277 902//277 903//277
f 903//277 902//277 904//277
f 902//278 901//278 905//278
f 902//278 905//278 906//278
f 903//279 904//279 907//279
f 907//279 904//279 908//279
f 907//280 908//280 905//280
f 905//280 908//280 906//280
f 904//281 902//281 908//281
f 908//281 902//281 906//281
f 901//282 903//282 907//282
f 901//282 907//282 905//282
f 1313//505 1314//505 1315//505
f 1315//505 1314//505 1316//505
f 1314//506 1313//506 1317//506
f 1314//506 1317//506 1318//506
f 1315//507 1316//507 1319//507
f 1319//507 1316//507 1320//507
f 1319//508 1320//508 1317//508
f 1317//508 1320//508 1318//508
f 1316//509 1314//509 1320//509
f 1320//509 1314//509 1318//509
f 1313//510 1315//510 1319//510
f 1313//510 1319//510 1317//510
f 1725//733 1726//733 1727//733
f 1727//733 1726//733 1728//733
f 1726//734 1725//734 1729//734
f 1726//734 1729//734 1730//734
f 1727//735 1728//735 1731//735
f 1731//735 1728//735 1732//735
f 1731//736 1732//736 1729//736
f 1729//736 1732//736 1730//736
f 1728//737 1726//737 1732//737
f 1732//737 1726//737 1730//737
f 1725//738 1727//738 1731//738
f 1725//738 1731//738 1729//738
f 2137//961 2138//961 2139//961
f 2139//961 2138//961 2140//961
f 2138//962 2137//962 2141//962
f 2138//962 2141//962 2142//962
f 2139//963 2140//963 2143//963
f 2143//963 2140//963 2144//963
f 2143//964 2144//964 2141//964
f 2141//964 2144//964 2142//964
f 2140//965 2138//965 2144//965
f 2144//965 2138//965 2142//965
f 2137//966 2139//966 2143//966
f 2137//966 2143//966 2141//966

usemtl shelf_$Material_14
f 497//55 498//55 499//55
f 499//55 498//55 500//55
f 498//56 497//56 501//56
f 498//56 501//56 502//56
f 499//57 500//57 503//57
f 503//57 500//57 504//57
f 503//58 504//58 501//58
f 501//58 504//58 502//58
f 500//59 498//59 504//59
f 504//59 498//59 502//59
f 497//60 499//60 503//60
f 497//60 503//60 501//60
f 909//283 910//283 911//283
f 911//283 910//283 912//283
f 910//284 909//284 913//284
f 910//284 913//284 914//284
f 911//285 912//285 915//285
f 915//285 912//285 916//285
f 915//286 916//286 913//286
f 913//286 916//286 914//286
f 912//287 910//287 916//287
f 916//287 910//287 914//287
f 909//288 911//288 915//288
f 909//288 915//288 913//288
f 1321//511 1322//511 1323//511
f 1323//511 1322//511 1324//511
f 1322//512 1321//512 1325//512
f 1322//512 1325//512 1326//512
f 1323//513 1324//513 1327//513
f 1327//513 1324//513 1328//513
f 1327//514 1328//514 1325//514
f 1325//514 1328//514 1326//514
f 1324//515 1322//515 1328//515
f 1328//515 1322//515 1326//515
f 1321//516 1323//516 1327//516
f 1321//516 1327//516 1325//516
f 1733//739 1734//739 1735//739
f 1735//739 1734//739 1736//739
f 1734//740 1733//740 1737//740
f 1734//740 1737//740 1738//740
f 1735//741 1736//741 1739//741
f 1739//741 1736//741 1740//741
f 1739//742 1740//742 1737//742
f 1737//742 1740//742 1738//742
f 1736//743 1734//743 1740//743
f 1740//743 1734//743 1738//743
f 1733//744 1735//744 1739//744
f 1733//744 1739//744 1737//744
f 2145//967 2146//967 2147//967
f 2147//967 2146//967 2148//967
f 2146//968 2145//968 2149//968
f 2146//968 2149//968 2150//968
f 2147//969 2148//969 2151//969
f 2151//969 2148//969 2152//969
f 2151//970 2152//970 2149//970
f 2149//970 2152//970 2150//970
f 2148//971 2146//971 2152//971
f 2152//971 2146//971 2150//971
f 2145//972 2147//972 2151//972
f 2145//972 2151//972 2149//972

usemtl shelf_$Material_15
f 505//25 506//25 507//25
f 507//25 506//25 508//25
f 506//26 505//26 509//26
f 506//26 509//26 510//26
f 507//27 508//27 511//27
f 511//27 508//27 512//27
f 511//28 512//28 509//28
f 509//28 512//28 510//28
f 508//29 506//29 512//29
f 512//29 506//29 510//29
f 505//30 507//30 511//30
f 505//30 511//30 509//30
f 917//253 918//253 919//253
f 919//253 918//253 920//253
f 918//254 917//254 921//254
f 918//254 921//254 922//254
f 919//255 920//255 923//255
f 923//255 920//255 924//255
f 923//256 924//256 921//256
f 921//256 924//256 922//256
f 920//257 918//257 924//257
f 924//257 918//257 922//257
f 917//258 919//258 923//258
f 917//258 923//258 921//258
f 1329//481 1330//481 1331//481
f 1331//481 1330//481 1332//481
f 1330//482 1329//482 1333//482
f 1330//482 1333//482 1334//482
f 1331//483 1332//483 1335//483
f 1335//483 1332//483 1336//483
f 1335//484 1336//484 1333//484
f 1333//484 1336//484 1334//484
f 1332//485 1330//485 1336//485
f 1336//485 1330//485 1334//485
f 1329//486 1331//486 1335//486
f 1329//486 1335//486 1333//486
f 1741//709 1742//709 1743//709
f 1743//709 1742//709 1744//709
f 1742//710 1741//710 1745//710
f 1742//710 1745//710 1746//710
f 1743//711 1744//711 1747//711
f 1747//711 1744//711 1748//711
f 1747//712 1748//712 1745//712
f 1745//712 1748//712 1746//712
f 1744//713 1742//713 1748//713
f 1748//713 1742//713 1746//713
f 1741//714 1743//714 1747//714
f 1741//714 1747//714 1745//714
f 2153//937 2154//937 2155//937
f 2155//937 2154//937 2156//937
f 2154//938 2153//938 2157//938
f 2154//938 2157//938 2158//938
f 2155//939 2156//939 2159//939
f 2159//939 2156//939 2160//939
f 2159//940 2160//940 2157//940
f 2157//940 2160//940 2158//940
f 2156//941 2154//941 2160//941
f 2160//941 2154//941 2158//941
f 2153//942 2155//942 2159//942
f 2153//942 2159//942 2157//942

usemtl shelf_$Material_16
f 513//31 514//31 515//31
f 515//31 514//31 516//31
f 514//32 513//32 517//32
f 514//32 517//32 518//32
f 515//33 516//33 519//33
f 519//33 516//33 520//33
f 519//34 520//34 517//34
f 517//34 520//34 518//34
f 516//35 514//35 520//35
f 520//35 514//35 518//35
f 513//36 515//36 519//36
f 513//36 519//36 517//36
f 925//259 926//259 927//259
f 927//259 926//259 928//259
f 926//260 925//260 929//260
f 926//260 929//260 930//260
f 927//261 928//261 931//261
f 931//261 928//261 932//261
f 931//262 932//262 929//262
f 929//262 932//262 930//262
f 928//263 926//263 932//263
f 932//263 926//263 930//263
f 925//264 927//264 931//264
f 925//264 931//264 929//264
f 1337//487 1338//487 1339//487
f 1339//487 1338//487 1340//487
f 1338//488 1337//488 1341//488
f 1338//488 1341//488 1342//488
f 1339//489 1340//489 1343//489
f 1343//489 1340//489 1344//489
f 1343//490 1344//490 1341//490
f 1341//490 1344//490 1342//490
f 1340//491 1338//491 1344//491
f 1344//491 1338//491 1342//491
f 1337//492 1339//492 1343//492
f 1337//492 1343//492 1341//492
f 1749//715 1750//715 1751//715
f 1751//715 1750//715 1752//715
f 1750//716 1749//716 1753//716
f 1750//716 1753//716 1754//716
f 1751//717 1752//717 1755//717
f 1755//717 1752//717 1756//717
f 1755//718 1756//718 1753//718
f 1753//718 1756//718 1754//718
f 1752//719 1750//719 1756//719
f 1756//719 1750//719 1754//719
f 1749//720 1751//720 1755//720
f 1749//720 1755//720 1753//720
f 2161//943 2162//943 2163//943
f 2163//943 2162//943 2164//943
f 2162//944 2161//944 2165//944
f 2162//944 2165//944 2166//944
f 2163//945 2164//945 2167//945
f 2167//945 2164//945 2168//945
f 2167//946 2168//946 2165//946
f 2165//946 2168//946 2166//946
f 2164//947 2162//947 2168//947
f 2168//947 2162//947 2166//947
f 2161//948 2163//948 2167//948
f 2161//948 2167//948 2165//948

usemtl shelf_$Material_17
f 521//37 522//37 523//37
f 523//37 522//37 524//37
f 522//38 521//38 525//38
f 522//38 525//38 526//38
f 523//39 524//39 527//39
f 527//39 524//39 528//39
f 527//40 528//40 525//40
f 525//40 528//40 526//40
f 524//41 522//41 528//41
f 528//41 522//41 526//41
f 521//42 523//42 527//42
f 521//42 527//42 525//42
f 933//265 934//265 935//265
f 935//265 934//265 936//265
f 934//266 933//266 937//266
f 934//266 937//266 938//266
f 935//267 936//267 939//267
f 939//267 936//267 940//267
f 939//268 940//268 937//268
f 937//268 940//268 938//268
f 936//269 934//269 940//269
f 940//269 934//269 938//269
f 933//270 935//270 939//270
f 933//270 939//270 937//270
f 1345//493 1346//493 1347//493
f 1347//493 1346//493 1348//493
f 1346//494 1345//494 1349//494
f 1346//494 1349//494 1350//494
f 1347//495 1348//495 1351//495
f 1351//495 1348//495 1352//495
f 1351//496 1352//496 1349//496
f 1349//496 1352//496 1350//496
f 1348//497 1346//497 1352//497
f 1352//497 1346//497 1350//497
f 1345//498 1347//498 1351//498
f 1345//498 1351//498 1349//498
f 1757//721 1758//721 1759//721
f 1759//721 1758//721 1760//721
f 1758//722 1757//722 1761//722
f 1758//722 1761//722 1762//722
f 1759//723 1760//723 1763//723
f 1763//723 1760//723 1764//723
f 1763//724 1764//724 1761//724
f 1761//724 1764//724 1762//724
f 1760//725 1758//725 1764//725
f 1764//725 1758//725 1762//725
f 1757//726 1759//726 1763//726
f 1757//726 1763//726 1761//726
f 2169//949 2170//949 2171//949
f 2171//949 2170//949 2172//949
f 2170//950 2169//950 2173//950
f 2170//950 2173//950 2174//950
f 2171//951 2172//951 2175//951
f 2175//951 2172//951 2176//951
f 2175//952 2176//952 2173//952
f 2173//952 2176//952 2174//952
f 2172//953 2170//953 2176//953
f 2176//953 2170//953 2174//953
f 2169//954 2171//954 2175//954
f 2169//954 2175//954 2173//954

usemtl shelf_$Material_18
f 529//43 530//43 531//43
f 531//43 530//43 532//43
f 530//44 529//44 533//44
f 530//44 533//44 534//44
f 531//45 532//45 535//45
f 535//45 532//45 536//45
f 535//46 536//46 533//46
f 533//46 536//46 534//46
f 532//47 530//47 536//47
f 536//47 530//47 534//47
f 529//48 531//48 535//48
f 529//48 535//48 533//48
f 941//271 942//271 943//271
f 943//271 942//271 944//271
f 942//272 941//272 945//272
f 942//272 945//272 946//272
f 943//273 944//273 947//273
f 947//273 944//273 948//273
f 947//274 948//274 945//274
f 945//274 948//274 946//274
f 944//275 942//275 948//275
f 948//275 942//275 946//275
f 941//276 943//276 947//276
f 941//276 947//276 945//276
f 1353//499 1354//499 1355//499
f 1355//499 1354//499 1356//499
f 1354//500 1353//500 1357//500
f 1354//500 1357//500 1358//500
f 1355//501 1356//501 1359//501
f 1359//501 1356//501 1360//501
f 1359//502 1360//502 1357//502
f 1357//502 1360//502 1358//502
f 1356//503 1354//503 1360//503
f 1360//503 1354//503 1358//503
f 1353//504 1355//504 1359//504
f 1353//504 1359//504 1357//504
f 1765//727 1766//727 1767//727
f 1767//727 1766//727 1768//727
f 1766//728 1765//728 1769//728
f 1766//728 1769//728 1770//728
f 1767//729 1768//729 1771//729
f 1771//729 1768//729 1772//729
f 1771//730 1772//730 1769//730
f 1769//730 1772//730 1770//730
f 1768//731 1766//731 1772//731
f 1772//731 1766//731 1770//731
f 1765//732 1767//732 1771//732
f 1765//732 1771//732 1769//732
f 2177//955 2178//955 2179//955
f 2179//955 2178//955 2180//955
f 2178//956 2177//956 2181//956
f 2178//956 2181//956 2182//956
f 2179//957 2180//957 2183//957
f 2183//957 2180//957 2184//957
f 2183//958 2184//958 2181//958
f 2181//958 2184//958 2182//958
f 2180//959 2178//959 2184//959
f 2184//959 2178//959 2182//959
f 2177//960 2179//960 2183//960
f 2177//960 2183//960 2181//960

usemtl shelf_$Material_19
f 537//49 538//49 539//49
f 539//49 538//49 540//49
f 538//50 537//50 541//50
f 538//50 541//50 542//50
f 539//51 540//51 543//51
f 543//51 540//51 544//51
f 543//52 544//52 541//52
f 541//52 544//52 542//52
f 540//53 538//53 544//53
f 544//53 538//53 542//53
f 537//54 539//54 543//54
f 537//54 543//54 541//54
f 949//277 950//277 951//277
f 951//277 950//277 952//277
f 950//278 949//278 953//278
f 950//278 953//278 954//278
f 951//279 952//279 955//279
f 955//279 952//279 956//279
f 955//280 956//280 953//280
f 953//280 956//280 954//280
f 952//281 950//281 956//281
f 956//281 950//281 954//281
f 949//282 951//282 955//282
f 949//282 955//282 953//282
f 1361//505 1362//505 1363//505
f 1363//505 1362//505 1364//505
f 1362//506 1361//506 1365//506
f 1362//506 1365//506 1366//506
f 1363//507 1364//507 1367//507
f 1367//507 1364//507 1368//507
f 1367//508 1368//508 1365//508
f 1365//508 1368//508 1366//508
f 1364//509 1362//509 1368//509
f 1368//509 1362//509 1366//509
f 1361//510 1363//510 1367//510
f 1361//510 1367//510 1365//510
f 1773//733 1774//733 1775//733
f 1775//733 1774//733 1776//733
f 1774//734 1773//734 1777//734
f 1774//734 1777//734 1778//734
f 1775//735 1776//735 1779//735
f 1779//735 1776//735 1780//735
f 1779//736 1780//736 1777//736
f 1777//736 1780//736 1778//736
f 1776//737 1774//737 1780//737
f 1780//737 1774//737 1778//737
f 1773//738 1775//738 1779//738
f 1773//738 1779//738 1777//738
f 2185//961 2186//961 2187//961
f 2187//961 2186//961 2188//961
f 2186//962 2185//962 2189//962
f 2186//962 2189//962 2190//962
f 2187//963 2188//963 2191//963
f 2191//963 2188//963 2192//963
f 2191//964 2192//964 2189//964
f 2189//964 2192//964 2190//964
f 2188//965 2186//965 2192//965
f 2192//965 2186//965 2190//965
f 2185//966 2187//966 2191//966
f 2185//966 2191//966 2189//966

usemtl shelf_$Material_20
f 545//55 546//55 547//55
f 547//55 546//55 548//55
f 546//56 545//56 549//56
f 546//56 549//56 550//56
f 547//57 548//57 551//57
f 551//57 548//57 552//57
f 551//58 552//58 549//58
f 549//58 552//58 550//58
f 548//59 546//59 552//59
f 552//59 546//59 550//59
f 545//60 547//60 551//60
f 545//60 551//60 549//60
f 957//283 958//283 959//283
f 959//283 958//283 960//283
f 958//284 957//284 961//284
f 958//284 961//284 962//284
f 959//285 960//285 963//285
f 963//285 960//285 964//285
f 963//286 964//286 961//286
f 961//286 964//286 962//286
f 960//287 958//287 964//287
f 964//287 958//287 962//287
f 957//288 959//288 963//288
f 957//288 963//288 961//288
f 1369//511 1370//511 1371//511
f 1371//511 1370//511 1372//511
f 1370//512 1369//512 1373//512
f 1370//512 1373//512 1374//512
f 1371//513 1372//513 1375//513
f 1375//513 1372//513 1376//513
f 1375//514 1376//514 1373//514
f 1373//514 1376//514 1374//514
f 1372//515 1370//515 1376//515
f 1376//515 1370//515 1374//515
f 1369//516 1371//516 1375//516
f 1369//516 1375//516 1373//516
f 1781//739 1782//739 1783//739
f 1783//739 1782//739 1784//739
f 1782//740 1781//740 1785//740
f 1782//740 1785//740 1786//740
f 1783//741 1784//741 1787//741
f 1787//741 1784//741 1788//741
f 1787//742 1788//742 1785//742
f 1785//742 1788//742 1786//742
f 1784//743 1782//743 1788//743
f 1788//743 1782//743 1786//743
f 1781//744 1783//744 1787//744
f 1781//744 1787//744 1785//744
f 2193//967 2194//967 2195//967
f 2195//967 2194//967 2196//967
f 2194//968 2193//968 2197//968
f 2194//968 2197//968 2198//968
f 2195//969 2196//969 2199//969
f 2199//969 2196//969 2200//969
f 2199//970 2200//970 2197//970
f 2197//970 2200//970 2198//970
f 2196//971 2194//971 2200//971
f 2200//971 2194//971 2198//971
f 2193//972 2195//972 2199//972
f 2193//972 2199//972 2197//972

usemtl shelf_$Material_21
f 553//61 554//61 555//61
f 555//61 554//61 556//61
f 554//62 553//62 557//62
f 554//62 557//62 558//62
f 555//63 556//63 559//63
f 559//63 556//63 560//63
f 559//64 560//64 557//64
f 557//64 560//64 558//64
f 556//65 554//65 560//65
f 560//65 554//65 558//65
f 553//66 555//66 559//66
f 553//66 559//66 557//66
f 965//289 966//289 967//289
f 967//289 966//289 968//289
f 966//290 965//290 969//290
f 966//290 969//290 970//290
f 967//291 968//291 971//291
f 971//291 968//291 972//291
f 971//292 972//292 969//292
f 969//292 972//292 970//292
f 968//293 966//293 972//293
f 972//293 966//293 970//293
f 965//294 967//294 971//294
f 965//294 971//294 969//294
f 1377//517 1378//517 1379//517
f 1379//517 1378//517 1380//517
f 1378//518 1377//518 1381//518
f 1378//518 1381//518 1382//518
f 1379//519 1380//519 1383//519
f 1383//519 1380//519 1384//519
f 1383//520 1384//520 1381//520
f 1381//520 1384//520 1382//520
f 1380//521 1378//521 1384//521
f 1384//521 1378//521 1382//521
f 1377//522 1379//522 1383//522
f 1377//522 1383//522 1381//522
f 1789//745 1790//745 1791//745
f 1791//745 1790//745 1792//745
f 1790//746 1789//746 1793//746
f 1790//746 1793//746 1794//746
f 1791//747 1792//747 1795//747
f 1795//747 1792//747 1796//747
f 1795//748 1796//748 1793//748
f 1793//748 1796//748 1794//748
f 1792//749 1790//749 1796//749
f 1796//749 1790//749 1794//749
f 1789//750 1791//750 1795//750
f 1789//750 1795//750 1793//750
f 2201//973 2202//973 2203//973
f 2203//973 2202//973 2204//973
f 2202//974 2201//974 2205//974
f 2202//974 2205//974 2206//974
f 2203//975 2204//975 2207//975
f 2207//975 2204//975 2208//975
f 2207//976 2208//976 2205//976
f 2205//976 2208//976 2206//976
f 2204//977 2202//977 2208//977
f 2208//977 2202//977 2206//977
f 2201//978 2203//978 2207//978
f 2201//978 2207//978 2205//978

usemtl shelf_$Material_22
f 561/385/67 562/386/67 563/387/67
f 564/388/68 563/387/68 562/386/68
f 565/389/69 562/390/69 561/391/69
f 562/390/70 565/389/70 566/392/70
f 567/393/71 564/394/71 562/395/71
f 567/393/72 562/395/72 566/396/72
f 567/397/73 568/398/73 564/399/73
f 568/398/74 563/400/74 564/399/74
f 563/401/75 568/402/75 565/403/75
f 563/401/76 565/403/76 561/404/76
f 566/405/77 565/406/77 567/407/77
f 568/408/78 567/407/78 565/406/78
f 569/385/79 570/386/79 571/387/79
f 572/388/80 571/387/80 570/386/80
f 573/389/69 570/390/69 569/391/69
f 570/390/70 573/389/70 574/392/70
f 575/393/81 572/394/81 570/395/81
f 575/393/82 570/395/82 574/396/82
f 575/397/73 576/398/73 572/399/73
f 576/398/74 571/400/74 572/399/74
f 571/401/75 576/402/75 573/403/75
f 571/401/76 573/403/76 569/404/76
f 574/405/77 573/406/77 575/407/77
f 576/408/78 575/407/78 573/406/78
f 577/385/79 578/386/79 579/387/79
f 580/388/80 579/387/80 578/386/80
f 581/389/83 578/390/83 577/391/83
f 578/390/84 581/389/84 582/392/84
f 583/393/85 580/394/85 578/395/85
f 583/393/86 578/395/86 582/396/86
f 583/397/87 584/398/87 580/399/87
f 584/398/88 579/400/88 580/399/88
f 579/401/89 584/402/89 581/403/89
f 579/401/90 581/403/90 577/404/90
f 584/408/91 583/407/91 582/405/91
f 584/408/92 582/405/92 581/406/92
f 585/385/93 586/386/93 587/387/93
f 588/388/94 587/387/94 586/386/94
f 589/389/95 586/390/95 585/391/95
f 586/390/96 589/389/96 590/392/96
f 586/395/97 591/393/97 588/394/97
f 591/393/98 586/395/98 590/396/98
f 588/399/99 591/397/99 592/398/99
f 588/399/100 592/398/100 587/400/100
f 587/401/101 592/402/101 589/403/101
f 587/401/102 589/403/102 585/404/102
f 590/405/103 589/406/103 591/407/103
f 592/408/104 591/407/104 589/406/104
f 593/385/105 594/386/105 595/387/105
f 596/388/106 595/387/106 594/386/106
f 597/392/107 594/390/107 598/389/107
f 594/390/108 593/391/108 598/389/108
f 599/393/109 596/394/109 594/395/109
f 599/393/110 594/395/110 597/396/110
f 595/400/111 596/399/111 600/398/111
f 600/398/99 596/399/99 599/397/99
f 595/401/112 600/402/112 598/403/112
f 595/401/113 598/403/113 593/404/113
f 597/405/114 598/406/114 599/407/114
f 600/408/115 599/407/115 598/406/115
f 601/385/93 602/386/93 603/387/93
f 604/388/94 603/387/94 602/386/94
f 605/389/95 602/390/95 601/391/95
f 602/390/96 605/389/96 606/392/96
f 602/395/97 607/393/97 604/394/97
f 607/393/98 602/395/98 606/396/98
f 604/399/99 607/397/99 608/398/99
f 604/399/116 608/398/116 603/400/116
f 603/401/101 608/402/101 605/403/101
f 603/401/102 605/403/102 601/404/102
f 606/405/103 605/406/103 607/407/103
f 608/408/104 607/407/104 605/406/104
f 609/385/117 610/386/117 611/387/117
f 612/388/118 611/387/118 610/386/118
f 613/389/119 614/392/119 610/390/119
f 613/389/120 610/390/120 609/391/120
f 610/395/121 615/393/121 612/394/121
f 615/393/122 610/395/122 614/396/122
f 612/399/123 616/398/123 611/400/123
f 616/398/99 612/399/99 615/397/99
f 611/401/124 616/402/124 613/403/124
f 611/401/125 613/403/125 609/404/125
f 614/405/126 613/406/126 615/407/126
f 616/408/127 615/407/127 613/406/127
f 617/385/128 618/388/128 619/387/128
f 618/388/129 617/385/129 620/386/129
f 621/389/130 622/392/130 620/390/130
f 620/390/131 617/391/131 621/389/131
f 623/393/132 618/394/132 620/395/132
f 623/393/133 620/395/133 622/396/133
f 618/399/134 624/398/134 619/400/134
f 624/398/99 618/399/99 623/397/99
f 619/401/135 624/402/135 621/403/135
f 619/401/136 621/403/136 617/404/136
f 622/405/137 624/408/137 623/407/137
f 624/408/138 622/405/138 621/406/138
f 625/385/139 626/386/139 627/387/139
f 628/388/140 627/387/140 626/386/140
f 629/389/84 630/392/84 626/390/84
f 629/389/83 626/390/83 625/391/83
f 631/393/141 628/394/141 626/395/141
f 631/393/142 626/395/142 630/396/142
f 628/399/143 632/398/143 627/400/143
f 632/398/144 628/399/144 631/397/144
f 627/401/145 632/402/145 629/403/145
f 627/401/146 629/403/146 625/404/146
f 630/405/147 632/408/147 631/407/147
f 632/408/148 630/405/148 629/406/148
f 633/385/149 634/386/149 635/387/149
f 636/388/150 635/387/150 634/386/150
f 637/389/151 638/392/151 634/390/151
f 637/389/151 634/390/151 633/391/151
f 639/393/152 636/394/152 634/395/152
f 639/393/153 634/395/153 638/396/153
f 636/399/154 640/398/154 635/400/154
f 640/398/155 636/399/155 639/397/155
f 635/401/156 640/402/156 637/403/156
f 635/401/157 637/403/157 633/404/157
f 640/408/158 639/407/158 638/405/158
f 640/408/159 638/405/159 637/406/159
f 641/385/139 642/386/139 643/387/139
f 644/388/140 643/387/140 642/386/140
f 645/389/151 646/392/151 642/390/151
f 645/389/151 642/390/151 641/391/151
f 647/393/141 644/394/141 642/395/141
f 647/393/142 642/395/142 646/396/142
f 644/399/143 648/398/143 643/400/143
f 648/398/144 644/399/144 647/397/144
f 643/401/145 648/402/145 645/403/145
f 643/401/146 645/403/146 641/404/146
f 646/405/147 648/408/147 647/407/147
f 648/408/148 646/405/148 645/406/148
f 973/455/295 974/456/295 975/457/295
f 976/458/296 975/457/296 974/456/296
f 977/459/297 974/460/297 973/461/297
f 974/460/298 977/459/298 978/462/298
f 979/463/299 976/464/299 974/465/299
f 979/463/300 974/465/300 978/466/300
f 979/467/301 980/468/301 976/469/301
f 980/468/302 975/470/302 976/469/302
f 975/471/303 980/472/303 977/473/303
f 975/471/304 977/473/304 973/474/304
f 978/475/305 977/476/305 979/477/305
f 980/478/306 979/477/306 977/476/306
f 981/455/307 982/456/307 983/457/307
f 984/458/308 983/457/308 982/456/308
f 985/459/297 982/460/297 981/461/297
f 982/460/298 985/459/298 986/462/298
f 987/463/309 984/464/309 982/465/309
f 987/463/310 982/465/310 986/466/310
f 987/467/301 988/468/301 984/469/301
f 988/468/302 983/470/302 984/469/302
f 983/471/303 988/472/303 985/473/303
f 983/471/304 985/473/304 981/474/304
f 986/475/305 985/476/305 987/477/305
f 988/478/306 987/477/306 985/476/306
f 989/455/307 990/456/307 991/457/307
f 992/458/308 991/457/308 990/456/308
f 993/459/311 990/460/311 989/461/311
f 990/460/312 993/459/312 994/462/312
f 995/463/313 992/464/313 990/465/313
f 995/463/314 990/465/314 994/466/314
f 995/467/315 996/468/315 992/469/315
f 996/468/316 991/470/316 992/469/316
f 991/471/317 996/472/317 993/473/317
f 991/471/318 993/473/318 989/474/318
f 996/478/319 995/477/319 994/475/319
f 996/478/320 994/475/320 993/476/320
f 997/455/321 998/456/321 999/457/321
f 1000/458/322 999/457/322 998/456/322
f 1001/459/323 998/460/323 997/461/323
f 998/460/324 1001/459/324 1002/462/324
f 998/465/325 1003/463/325 1000/464/325
f 1003/463/326 998/465/326 1002/466/326
f 1000/469/327 1003/467/327 1004/468/327
f 1000/469/328 1004/468/328 999/470/328
f 999/471/329 1004/472/329 1001/473/329
f 999/471/330 1001/473/330 997/474/330
f 1002/475/331 1001/476/331 1003/477/331
f 1004/478/332 1003/477/332 1001/476/332
f 1005/455/333 1006/456/333 1007/457/333
f 1008/458/334 1007/457/334 1006/456/334
f 1009/462/335 1006/460/335 1010/459/335
f 1006/460/336 1005/461/336 1010/459/336
f 1011/463/337 1008/464/337 1006/465/337
f 1011/463/338 1006/465/338 1009/466/338
f 1007/470/339 1008/469/339 1012/468/339
f 1012/468/327 1008/469/327 1011/467/327
f 1007/471/340 1012/472/340 1010/473/340
f 1007/471/341 1010/473/341 1005/474/341
f 1009/475/342 1010/476/342 1011/477/342
f 1012/478/343 1011/477/343 1010/476/343
f 1013/455/321 1014/456/321 1015/457/321
f 1016/458/322 1015/457/322 1014/456/322
f 1017/459/323 1014/460/323 1013/461/323
f 1014/460/324 1017/459/324 1018/462/324
f 1014/465/325 1019/463/325 1016/464/325
f 1019/463/326 1014/465/326 1018/466/326
f 1016/469/327 1019/467/327 1020/468/327
f 1016/469/344 1020/468/344 1015/470/344
f 1015/471/329 1020/472/329 1017/473/329
f 1015/471/330 1017/473/330 1013/474/330
f 1018/475/331 1017/476/331 1019/477/331
f 1020/478/332 1019/477/332 1017/476/332
f 1021/455/345 1022/456/345 1023/457/345
f 1024/458/346 1023/457/346 1022/456/346
f 1025/459/347 1026/462/347 1022/460/347
f 1025/459/348 1022/460/348 1021/461/348
f 1022/465/349 1027/463/349 1024/464/349
f 1027/463/350 1022/465/350 1026/466/350
f 1024/469/351 1028/468/351 1023/470/351
f 1028/468/327 1024/469/327 1027/467/327
f 1023/471/352 1028/472/352 1025/473/352
f 1023/471/353 1025/473/353 1021/474/353
f 1026/475/354 1025/476/354 1027/477/354
f 1028/478/355 1027/477/355 1025/476/355
f 1029/455/356 1030/458/356 1031/457/356
f 1030/458/357 1029/455/357 1032/456/357
f 1033/459/358 1034/462/358 1032/460/358
f 1032/460/359 1029/461/359 1033/459/359
f 1035/463/360 1030/464/360 1032/465/360
f 1035/463/361 1032/465/361 1034/466/361
f 1030/469/362 1036/468/362 1031/470/362
f 1036/468/327 1030/469/327 1035/467/327
f 1031/471/363 1036/472/363 1033/473/363
f 1031/471/364 1033/473/364 1029/474/364
f 1034/475/365 1036/478/365 1035/477/365
f 1036/478/366 1034/475/366 1033/476/366
f 1037/455/367 1038/456/367 1039/457/367
f 1040/458/368 1039/457/368 1038/456/368
f 1041/459/312 1042/462/312 1038/460/312
f 1041/459/311 1038/460/311 1037/461/311
f 1043/463/369 1040/464/369 1038/465/369
f 1043/463/370 1038/465/370 1042/466/370
f 1040/469/371 1044/468/371 1039/470/371
f 1044/468/372 1040/469/372 1043/467/372
f 1039/471/373 1044/472/373 1041/473/373
f 1039/471/374 1041/473/374 1037/474/374
f 1042/475/375 1044/478/375 1043/477/375
f 1044/478/376 1042/475/376 1041/476/376
f 1045/455/377 1046/456/377 1047/457/377
f 1048/458/378 1047/457/378 1046/456/378
f 1049/459/379 1050/462/379 1046/460/379
f 1049/459/379 1046/460/379 1045/461/379
f 1051/463/380 1048/464/380 1046/465/380
f 1051/463/381 1046/465/381 1050/466/381
f 1048/469/382 1052/468/382 1047/470/382
f 1052/468/383 1048/469/383 1051/467/383
f 1047/471/384 1052/472/384 1049/473/384
f 1047/471/385 1049/473/385 1045/474/385
f 1052/478/386 1051/477/386 1050/475/386
f 1052/478/387 1050/475/387 1049/476/387
f 1053/455/367 1054/456/367 1055/457/367
f 1056/458/368 1055/457/368 1054/456/368
f 1057/459/379 1058/462/379 1054/460/379
f 1057/459/379 1054/460/379 1053/461/379
f 1059/463/369 1056/464/369 1054/465/369
f 1059/463/370 1054/465/370 1058/466/370
f 1056/469/371 1060/468/371 1055/470/371
f 1060/468/372 1056/469/372 1059/467/372
f 1055/471/373 1060/472/373 1057/473/373
f 1055/471/374 1057/473/374 1053/474/374
f 1058/475/375 1060/478/375 1059/477/375
f 1060/478/376 1058/475/376 1057/476/376
f 1385/525/523 1386/526/523 1387/527/523
f 1388/528/524 1387/527/524 1386/526/524
f 1389/529/525 1386/530/525 1385/531/525
f 1386/530/526 1389/529/526 1390/532/526
f 1391/533/527 1388/534/527 1386/535/527
f 1391/533/528 1386/535/528 1390/536/528
f 1391/537/529 1392/538/529 1388/539/529
f 1392/538/530 1387/540/530 1388/539/530
f 1387/541/531 1392/542/531 1389/543/531
f 1387/541/532 1389/543/532 1385/544/532
f 1390/545/533 1389/546/533 1391/547/533
f 1392/548/534 1391/547/534 1389/546/534
f 1393/525/535 1394/526/535 1395/527/535
f 1396/528/536 1395/527/536 1394/526/536
f 1397/529/525 1394/530/525 1393/531/525
f 1394/530/526 1397/529/526 1398/532/526
f 1399/533/537 1396/534/537 1394/535/537
f 1399/533/538 1394/535/538 1398/536/538
f 1399/537/529 1400/538/529 1396/539/529
f 1400/538/530 1395/540/530 1396/539/530
f 1395/541/531 1400/542/531 1397/543/531
f 1395/541/532 1397/543/532 1393/544/532
f 1398/545/533 1397/546/533 1399/547/533
f 1400/548/534 1399/547/534 1397/546/534
f 1401/525/535 1402/526/535 1403/527/535
f 1404/528/536 1403/527/536 1402/526/536
f 1405/529/539 1402/530/539 1401/531/539
f 1402/530/540 1405/529/540 1406/532/540
f 1407/533/541 1404/534/541 1402/535/541
f 1407/533/542 1402/535/542 1406/536/542
f 1407/537/543 1408/538/543 1404/539/543
f 1408/538/544 1403/540/544 1404/539/544
f 1403/541/545 1408/542/545 1405/543/545
f 1403/541/546 1405/543/546 1401/544/546
f 1408/548/547 1407/547/547 1406/545/547
f 1408/548/548 1406/545/548 1405/546/548
f 1409/525/549 1410/526/549 1411/527/549
f 1412/528/550 1411/527/550 1410/526/550
f 1413/529/551 1410/530/551 1409/531/551
f 1410/530/552 1413/529/552 1414/532/552
f 1410/535/553 1415/533/553 1412/534/553
f 1415/533/554 1410/535/554 1414/536/554
f 1412/539/555 1415/537/555 1416/538/555
f 1412/539/556 1416/538/556 1411/540/556
f 1411/541/557 1416/542/557 1413/543/557
f 1411/541/558 1413/543/558 1409/544/558
f 1414/545/559 1413/546/559 1415/547/559
f 1416/548/560 1415/547/560 1413/546/560
f 1417/525/561 1418/526/561 1419/527/561
f 1420/528/562 1419/527/562 1418/526/562
f 1421/532/563 1418/530/563 1422/529/563
f 1418/530/564 1417/531/564 1422/529/564
f 1423/533/565 1420/534/565 1418/535/565
f 1423/533/566 1418/535/566 1421/536/566
f 1419/540/567 1420/539/567 1424/538/567
f 1424/538/555 1420/539/555 1423/537/555
f 1419/541/568 1424/542/568 1422/543/568
f 1419/541/569 1422/543/569 1417/544/569
f 1421/545/570 1422/546/570 1423/547/570
f 1424/548/571 1423/547/571 1422/546/571
f 1425/525/549 1426/526/549 1427/527/549
f 1428/528/550 1427/527/550 1426/526/550
f 1429/529/551 1426/530/551 1425/531/551
f 1426/530/552 1429/529/552 1430/532/552
f 1426/535/553 1431/533/553 1428/534/553
f 1431/533/554 1426/535/554 1430/536/554
f 1428/539/555 1431/537/555 1432/538/555
f 1428/539/572 1432/538/572 1427/540/572
f 1427/541/557 1432/542/557 1429/543/557
f 1427/541/558 1429/543/558 1425/544/558
f 1430/545/559 1429/546/559 1431/547/559
f 1432/548/560 1431/547/560 1429/546/560
f 1433/525/573 1434/526/573 1435/527/573
f 1436/528/574 1435/527/574 1434/526/574
f 1437/529/575 1438/532/575 1434/530/575
f 1437/529/576 1434/530/576 1433/531/576
f 1434/535/577 1439/533/577 1436/534/577
f 1439/533/578 1434/535/578 1438/536/578
f 1436/539/579 1440/538/579 1435/540/579
f 1440/538/555 1436/539/555 1439/537/555
f 1435/541/580 1440/542/580 1437/543/580
f 1435/541/581 1437/543/581 1433/544/581
f 1438/545/582 1437/546/582 1439/547/582
f 1440/548/583 1439/547/583 1437/546/583
f 1441/525/584 1442/528/584 1443/527/584
f 1442/528/585 1441/525/585 1444/526/585
f 1445/529/586 1446/532/586 1444/530/586
f 1444/530/587 1441/531/587 1445/529/587
f 1447/533/588 1442/534/588 1444/535/588
f 1447/533/589 1444/535/589 1446/536/589
f 1442/539/590 1448/538/590 1443/540/590
f 1448/538/555 1442/539/555 1447/537/555
f 1443/541/591 1448/542/591 1445/543/591
f 1443/541/592 1445/543/592 1441/544/592
f 1446/545/593 1448/548/593 1447/547/593
f 1448/548/594 1446/545/594 1445/546/594
f 1449/525/595 1450/526/595 1451/527/595
f 1452/528/596 1451/527/596 1450/526/596
f 1453/529/540 1454/532/540 1450/530/540
f 1453/529/539 1450/530/539 1449/531/539
f 1455/533/597 1452/534/597 1450/535/597
f 1455/533/598 1450/535/598 1454/536/598
f 1452/539/599 1456/538/599 1451/540/599
f 1456/538/600 1452/539/600 1455/537/600
f 1451/541/601 1456/542/601 1453/543/601
f 1451/541/602 1453/543/602 1449/544/602
f 1454/545/603 1456/548/603 1455/547/603
f 1456/548/604 1454/545/604 1453/546/604
f 1457/525/605 1458/526/605 1459/527/605
f 1460/528/606 1459/527/606 1458/526/606
f 1461/529/607 1462/532/607 1458/530/607
f 1461/529/607 1458/530/607 1457/531/607
f 1463/533/608 1460/534/608 1458/535/608
f 1463/533/609 1458/535/609 1462/536/609
f 1460/539/610 1464/538/610 1459/540/610
f 1464/538/611 1460/539/611 1463/537/611
f 1459/541/612 1464/542/612 1461/543/612
f 1459/541/613 1461/543/613 1457/544/613
f 1464/548/614 1463/547/614 1462/545/614
f 1464/548/615 1462/545/615 1461/546/615
f 1465/525/595 1466/526/595 1467/527/595
f 1468/528/596 1467/527/596 1466/526/596
f 1469/529/607 1470/532/607 1466/530/607
f 1469/529/607 1466/530/607 1465/531/607
f 1471/533/597 1468/534/597 1466/535/597
f 1471/533/598 1466/535/598 1470/536/598
f 1468/539/599 1472/538/599 1467/540/599
f 1472/538/600 1468/539/600 1471/537/600
f 1467/541/601 1472/542/601 1469/543/601
f 1467/541/602 1469/543/602 1465/544/602
f 1470/545/603 1472/548/603 1471/547/603
f 1472/548/604 1470/545/604 1469/546/604
f 1797/595/751 1798/596/751 1799/597/751
f 1800/598/752 1799/597/752 1798/596/752
f 1801/599/753 1798/600/753 1797/601/753
f 1798/600/754 1801/599/754 1802/602/754
f 1803/603/755 1800/604/755 1798/605/755
f 1803/603/756 1798/605/756 1802/606/756
f 1803/607/757 1804/608/757 1800/609/757
f 1804/608/758 1799/610/758 1800/609/758
f 1799/611/759 1804/612/759 1801/613/759
f 1799/611/760 1801/613/760 1797/614/760
f 1802/615/761 1801/616/761 1803/617/761
f 1804/618/762 1803/617/762 1801/616/762
f 1805/595/763 1806/596/763 1807/597/763
f 1808/598/764 1807/597/764 1806/596/764
f 1809/599/753 1806/600/753 1805/601/753
f 1806/600/754 1809/599/754 1810/602/754
f 1811/603/765 1808/604/765 1806/605/765
f 1811/603/766 1806/605/766 1810/606/766
f 1811/607/757 1812/608/757 1808/609/757
f 1812/608/758 1807/610/758 1808/609/758
f 1807/611/759 1812/612/759 1809/613/759
f 1807/611/760 1809/613/760 1805/614/760
f 1810/615/761 1809/616/761 1811/617/761
f 1812/618/762 1811/617/762 1809/616/762
f 1813/595/763 1814/596/763 1815/597/763
f 1816/598/764 1815/597/764 1814/596/764
f 1817/599/767 1814/600/767 1813/601/767
f 1814/600/768 1817/599/768 1818/602/768
f 1819/603/769 1816/604/769 1814/605/769
f 1819/603/770 1814/605/770 1818/606/770
f 1819/607/771 1820/608/771 1816/609/771
f 1820/608/772 1815/610/772 1816/609/772
f 1815/611/773 1820/612/773 1817/613/773
f 1815/611/774 1817/613/774 1813/614/774
f 1820/618/775 1819/617/775 1818/615/775
f 1820/618/776 1818/615/776 1817/616/776
f 1821/595/777 1822/596/777 1823/597/777
f 1824/598/778 1823/597/778 1822/596/778
f 1825/599/779 1822/600/779 1821/601/779
f 1822/600/780 1825/599/780 1826/602/780
f 1822/605/781 1827/603/781 1824/604/781
f 1827/603/782 1822/605/782 1826/606/782
f 1824/609/783 1827/607/783 1828/608/783
f 1824/609/784 1828/608/784 1823/610/784
f 1823/611/785 1828/612/785 1825/613/785
f 1823/611/786 1825/613/786 1821/614/786
f 1826/615/787 1825/616/787 1827/617/787
f 1828/618/788 1827/617/788 1825/616/788
f 1829/595/789 1830/596/789 1831/597/789
f 1832/598/790 1831/597/790 1830/596/790
f 1833/602/791 1830/600/791 1834/599/791
f 1830/600/792 1829/601/792 1834/599/792
f 1835/603/793 1832/604/793 1830/605/793
f 1835/603/794 1830/605/794 1833/606/794
f 1831/610/795 1832/609/795 1836/608/795
f 1836/608/783 1832/609/783 1835/607/783
f 1831/611/796 1836/612/796 1834/613/796
f 1831/611/797 1834/613/797 1829/614/797
f 1833/615/798 1834/616/798 1835/617/798
f 1836/618/799 1835/617/799 1834/616/799
f 1837/595/777 1838/596/777 1839/597/777
f 1840/598/778 1839/597/778 1838/596/778
f 1841/599/779 1838/600/779 1837/601/779
f 1838/600/780 1841/599/780 1842/602/780
f 1838/605/781 1843/603/781 1840/604/781
f 1843/603/782 1838/605/782 1842/606/782
f 1840/609/783 1843/607/783 1844/608/783
f 1840/609/800 1844/608/800 1839/610/800
f 1839/611/785 1844/612/785 1841/613/785
f 1839/611/786 1841/613/786 1837/614/786
f 1842/615/787 1841/616/787 1843/617/787
f 1844/618/788 1843/617/788 1841/616/788
f 1845/595/801 1846/596/801 1847/597/801
f 1848/598/802 1847/597/802 1846/596/802
f 1849/599/803 1850/602/803 1846/600/803
f 1849/599/804 1846/600/804 1845/601/804
f 1846/605/805 1851/603/805 1848/604/805
f 1851/603/806 1846/605/806 1850/606/806
f 1848/609/807 1852/608/807 1847/610/807
f 1852/608/783 1848/609/783 1851/607/783
f 1847/611/808 1852/612/808 1849/613/808
f 1847/611/809 1849/613/809 1845/614/809
f 1850/615/810 1849/616/810 1851/617/810
f 1852/618/811 1851/617/811 1849/616/811
f 1853/595/812 1854/598/812 1855/597/812
f 1854/598/813 1853/595/813 1856/596/813
f 1857/599/814 1858/602/814 1856/600/814
f 1856/600/815 1853/601/815 1857/599/815
f 1859/603/816 1854/604/816 1856/605/816
f 1859/603/817 1856/605/817 1858/606/817
f 1854/609/818 1860/608/818 1855/610/818
f 1860/608/783 1854/609/783 1859/607/783
f 1855/611/819 1860/612/819 1857/613/819
f 1855/611/820 1857/613/820 1853/614/820
f 1858/615/821 1860/618/821 1859/617/821
f 1860/618/822 1858/615/822 1857/616/822
f 1861/595/823 1862/596/823 1863/597/823
f 1864/598/824 1863/597/824 1862/596/824
f 1865/599/768 1866/602/768 1862/600/768
f 1865/599/767 1862/600/767 1861/601/767
f 1867/603/825 1864/604/825 1862/605/825
f 1867/603/826 1862/605/826 1866/606/826
f 1864/609/827 1868/608/827 1863/610/827
f 1868/608/828 1864/609/828 1867/607/828
f 1863/611/829 1868/612/829 1865/613/829
f 1863/611/830 1865/613/830 1861/614/830
f 1866/615/831 1868/618/831 1867/617/831
f 1868/618/832 1866/615/832 1865/616/832
f 1869/595/833 1870/596/833 1871/597/833
f 1872/598/834 1871/597/834 1870/596/834
f 1873/599/835 1874/602/835 1870/600/835
f 1873/599/835 1870/600/835 1869/601/835
f 1875/603/836 1872/604/836 1870/605/836
f 1875/603/837 1870/605/837 1874/606/837
f 1872/609/838 1876/608/838 1871/610/838
f 1876/608/839 1872/609/839 1875/607/839
f 1871/611/840 1876/612/840 1873/613/840
f 1871/611/841 1873/613/841 1869/614/841
f 1876/618/842 1875/617/842 1874/615/842
f 1876/618/843 1874/615/843 1873/616/843
f 1877/595/823 1878/596/823 1879/597/823
f 1880/598/824 1879/597/824 1878/596/824
f 1881/599/835 1882/602/835 1878/600/835
f 1881/599/835 1878/600/835 1877/601/835
f 1883/603/825 1880/604/825 1878/605/825
f 1883/603/826 1878/605/826 1882/606/826
f 1880/609/827 1884/608/827 1879/610/827
f 1884/608/828 1880/609/828 1883/607/828
f 1879/611/829 1884/612/829 1881/613/829
f 1879/611/830 1881/613/830 1877/614/830
f 1882/615/831 1884/618/831 1883/617/831
f 1884/618/832 1882/615/832 1881/616/832
f 2209/665/979 2210/666/979 2211/667/979
f 2212/668/980 2211/667/980 2210/666/980
f 2213/669/981 2210/670/981 2209/671/981
f 2210/670/982 2213/669/982 2214/672/982
f 2215/673/983 2212/674/983 2210/675/983
f 2215/673/984 2210/675/984 2214/676/984
f 2215/677/985 2216/678/985 2212/679/985
f 2216/678/986 2211/680/986 2212/679/986
f 2211/681/987 2216/682/987 2213/683/987
f 2211/681/988 2213/683/988 2209/684/988
f 2214/685/989 2213/686/989 2215/687/989
f 2216/688/990 2215/687/990 2213/686/990
f 2217/665/991 2218/666/991 2219/667/991
f 2220/668/992 2219/667/992 2218/666/992
f 2221/669/981 2218/670/981 2217/671/981
f 2218/670/982 2221/669/982 2222/672/982
f 2223/673/993 2220/674/993 2218/675/993
f 2223/673/994 2218/675/994 2222/676/994
f 2223/677/985 2224/678/985 2220/679/985
f 2224/678/986 2219/680/986 2220/679/986
f 2219/681/987 2224/682/987 2221/683/987
f 2219/681/988 2221/683/988 2217/684/988
f 2222/685/989 2221/686/989 2223/687/989
f 2224/688/990 2223/687/990 2221/686/990
f 2225/665/991 2226/666/991 2227/667/991
f 2228/668/992 2227/667/992 2226/666/992
f 2229/669/995 2226/670/995 2225/671/995
f 2226/670/996 2229/669/996 2230/672/996
f 2231/673/997 2228/674/997 2226/675/997
f 2231/673/998 2226/675/998 2230/676/998
f 2231/677/999 2232/678/999 2228/679/999
f 2232/678/1000 2227/680/1000 2228/679/1000
f 2227/681/1001 2232/682/1001 2229/683/1001
f 2227/681/1002 2229/683/1002 2225/684/1002
f 2232/688/1003 2231/687/1003 2230/685/1003
f 2232/688/1004 2230/685/1004 2229/686/1004
f 2233/665/1005 2234/666/1005 2235/667/1005
f 2236/668/1006 2235/667/1006 2234/666/1006
f 2237/669/1007 2234/670/1007 2233/671/1007
f 2234/670/1008 2237/669/1008 2238/672/1008
f 2234/675/1009 2239/673/1009 2236/674/1009
f 2239/673/1010 2234/675/1010 2238/676/1010
f 2236/679/1011 2239/677/1011 2240/678/1011
f 2236/679/1012 2240/678/1012 2235/680/1012
f 2235/681/1013 2240/682/1013 2237/683/1013
f 2235/681/1014 2237/683/1014 2233/684/1014
f 2238/685/1015 2237/686/1015 2239/687/1015
f 2240/688/1016 2239/687/1016 2237/686/1016
f 2241/665/1017 2242/666/1017 2243/667/1017
f 2244/668/1018 2243/667/1018 2242/666/1018
f 2245/672/1019 2242/670/1019 2246/669/1019
f 2242/670/1020 2241/671/1020 2246/669/1020
f 2247/673/1021 2244/674/1021 2242/675/1021
f 2247/673/1022 2242/675/1022 2245/676/1022
f 2243/680/1023 2244/679/1023 2248/678/1023
f 2248/678/1011 2244/679/1011 2247/677/1011
f 2243/681/1024 2248/682/1024 2246/683/1024
f 2243/681/1025 2246/683/1025 2241/684/1025
f 2245/685/1026 2246/686/1026 2247/687/1026
f 2248/688/1027 2247/687/1027 2246/686/1027
f 2249/665/1005 2250/666/1005 2251/667/1005
f 2252/668/1006 2251/667/1006 2250/666/1006
f 2253/669/1007 2250/670/1007 2249/671/1007
f 2250/670/1008 2253/669/1008 2254/672/1008
f 2250/675/1009 2255/673/1009 2252/674/1009
f 2255/673/1010 2250/675/1010 2254/676/1010
f 2252/679/1011 2255/677/1011 2256/678/1011
f 2252/679/1028 2256/678/1028 2251/680/1028
f 2251/681/1013 2256/682/1013 2253/683/1013
f 2251/681/1014 2253/683/1014 2249/684/1014
f 2254/685/1015 2253/686/1015 2255/687/1015
f 2256/688/1016 2255/687/1016 2253/686/1016
f 2257/665/1029 2258/666/1029 2259/667/1029
f 2260/668/1030 2259/667/1030 2258/666/1030
f 2261/669/1031 2262/672/1031 2258/670/1031
f 2261/669/1032 2258/670/1032 2257/671/1032
f 2258/675/1033 2263/673/1033 2260/674/1033
f 2263/673/1034 2258/675/1034 2262/676/1034
f 2260/679/1035 2264/678/1035 2259/680/1035
f 2264/678/1011 2260/679/1011 2263/677/1011
f 2259/681/1036 2264/682/1036 2261/683/1036
f 2259/681/1037 2261/683/1037 2257/684/1037
f 2262/685/1038 2261/686/1038 2263/687/1038
f 2264/688/1039 2263/687/1039 2261/686/1039
f 2265/665/1040 2266/668/1040 2267/667/1040
f 2266/668/1041 2265/665/1041 2268/666/1041
f 2269/669/1042 2270/672/1042 2268/670/1042
f 2268/670/1043 2265/671/1043 2269/669/1043
f 2271/673/1044 2266/674/1044 2268/675/1044
f 2271/673/1045 2268/675/1045 2270/676/1045
f 2266/679/1046 2272/678/1046 2267/680/1046
f 2272/678/1011 2266/679/1011 2271/677/1011
f 2267/681/1047 2272/682/1047 2269/683/1047
f 2267/681/1048 2269/683/1048 2265/684/1048
f 2270/685/1049 2272/688/1049 2271/687/1049
f 2272/688/1050 2270/685/1050 2269/686/1050
f 2273/665/1051 2274/666/1051 2275/667/1051
f 2276/668/1052 2275/667/1052 2274/666/1052
f 2277/669/996 2278/672/996 2274/670/996
f 2277/669/995 2274/670/995 2273/671/995
f 2279/673/1053 2276/674/1053 2274/675/1053
f 2279/673/1054 2274/675/1054 2278/676/1054
f 2276/679/1055 2280/678/1055 2275/680/1055
f 2280/678/1056 2276/679/1056 2279/677/1056
f 2275/681/1057 2280/682/1057 2277/683/1057
f 2275/681/1058 2277/683/1058 2273/684/1058
f 2278/685/1059 2280/688/1059 2279/687/1059
f 2280/688/1060 2278/685/1060 2277/686/1060
f 2281/665/1061 2282/666/1061 2283/667/1061
f 2284/668/1062 2283/667/1062 2282/666/1062
f 2285/669/1063 2286/672/1063 2282/670/1063
f 2285/669/1063 2282/670/1063 2281/671/1063
f 2287/673/1064 2284/674/1064 2282/675/1064
f 2287/673/1065 2282/675/1065 2286/676/1065
f 2284/679/1066 2288/678/1066 2283/680/1066
f 2288/678/1067 2284/679/1067 2287/677/1067
f 2283/681/1068 2288/682/1068 2285/683/1068
f 2283/681/1069 2285/683/1069 2281/684/1069
f 2288/688/1070 2287/687/1070 2286/685/1070
f 2288/688/1071 2286/685/1071 2285/686/1071
f 2289/665/1051 2290/666/1051 2291/667/1051
f 2292/668/1052 2291/667/1052 2290/666/1052
f 2293/669/1063 2294/672/1063 2290/670/1063
f 2293/669/1063 2290/670/1063 2289/671/1063
f 2295/673/1053 2292/674/1053 2290/675/1053
f 2295/673/1054 2290/675/1054 2294/676/1054
f 2292/679/1055 2296/678/1055 2291/680/1055
f 2296/678/1056 2292/679/1056 2295/677/1056
f 2291/681/1057 2296/682/1057 2293/683/1057
f 2291/681/1058 2293/683/1058 2289/684/1058
f 2294/685/1059 2296/688/1059 2295/687/1059
f 2296/688/1060 2294/685/1060 2293/686/1060

usemtl shelf_$Material_23
f 649/409/160 650/410/160 651/411/160
f 651/411/161 650/410/161 652/412/161
f 653/413/162 654/414/162 655/415/162
f 654/414/163 656/416/163 655/415/163
f 655/415/164 656/416/164 649/417/164
f 655/415/164 649/417/164 651/418/164
f 653/413/165 655/415/165 651/419/165
f 653/413/165 651/419/165 652/420/165
f 652/421/166 650/422/166 653/413/166
f 654/414/166 653/413/166 650/422/166
f 650/423/167 649/424/167 654/425/167
f 656/426/167 654/425/167 649/424/167
f 657/409/168 658/410/168 659/411/168
f 659/411/169 658/410/169 660/412/169
f 661/413/170 662/414/170 663/415/170
f 662/414/170 664/416/170 663/415/170
f 663/415/164 664/416/164 657/417/164
f 663/415/164 657/417/164 659/418/164
f 661/413/165 663/415/165 659/419/165
f 661/413/165 659/419/165 660/420/165
f 660/421/166 658/422/166 661/413/166
f 662/414/166 661/413/166 658/422/166
f 658/423/167 657/424/167 662/425/167
f 664/426/167 662/425/167 657/424/167
f 665/409/171 666/410/171 667/411/171
f 667/411/171 666/410/171 668/412/171
f 669/413/172 670/414/172 671/415/172
f 670/414/172 672/416/172 671/415/172
f 671/415/164 672/416/164 665/417/164
f 671/415/164 665/417/164 667/418/164
f 669/413/165 671/415/165 667/419/165
f 669/413/165 667/419/165 668/420/165
f 670/414/173 669/413/173 668/421/173
f 670/414/173 668/421/173 666/422/173
f 672/426/167 670/425/167 666/423/167
f 672/426/167 666/423/167 665/424/167
f 673/409/171 674/410/171 675/411/171
f 675/411/161 674/410/161 676/412/161
f 677/413/172 678/414/172 679/415/172
f 678/414/174 680/416/174 679/415/174
f 679/415/164 680/416/164 673/417/164
f 679/415/164 673/417/164 675/418/164
f 677/413/165 679/415/165 675/419/165
f 677/413/165 675/419/165 676/420/165
f 676/421/175 674/422/175 677/413/175
f 678/414/175 677/413/175 674/422/175
f 674/423/167 673/424/167 678/425/167
f 680/426/167 678/425/167 673/424/167
f 681/409/176 682/410/176 683/411/176
f 683/411/177 682/410/177 684/412/177
f 685/413/172 686/414/172 687/415/172
f 686/414/172 688/416/172 687/415/172
f 681/417/164 687/415/164 688/416/164
f 687/415/164 681/417/164 683/418/164
f 685/413/165 687/415/165 683/419/165
f 685/413/165 683/419/165 684/420/165
f 684/421/175 682/422/175 685/413/175
f 686/414/175 685/413/175 682/422/175
f 682/423/167 681/424/167 686/425/167
f 688/426/167 686/425/167 681/424/167
f 689/409/171 690/410/171 691/411/171
f 691/411/171 690/410/171 692/412/171
f 693/413/172 694/414/172 695/415/172
f 694/414/172 696/416/172 695/415/172
f 689/417/164 695/415/164 696/416/164
f 695/415/164 689/417/164 691/418/164
f 693/413/165 695/415/165 691/419/165
f 693/413/165 691/419/165 692/420/165
f 694/414/173 693/413/173 692/421/173
f 694/414/173 692/421/173 690/422/173
f 696/426/167 694/425/167 690/423/167
f 696/426/167 690/423/167 689/424/167
f 697/410/178 698/411/178 699/409/178
f 698/411/178 697/410/178 700/412/178
f 701/415/179 702/413/179 703/414/179
f 703/414/179 704/416/179 701/415/179
f 699/417/180 698/418/180 704/416/180
f 701/415/180 704/416/180 698/418/180
f 702/413/181 701/415/181 698/419/181
f 702/413/181 698/419/181 700/420/181
f 703/414/182 702/413/182 700/421/182
f 703/414/182 700/421/182 697/422/182
f 704/426/183 703/425/183 697/423/183
f 704/426/183 697/423/183 699/424/183
f 705/410/178 706/411/178 707/409/178
f 706/411/178 705/410/178 708/412/178
f 709/415/184 710/413/184 711/414/184
f 711/414/184 712/416/184 709/415/184
f 709/415/180 712/416/180 707/417/180
f 709/415/180 707/417/180 706/418/180
f 710/413/181 709/415/181 706/419/181
f 710/413/181 706/419/181 708/420/181
f 708/421/182 711/414/182 710/413/182
f 711/414/182 708/421/182 705/422/182
f 712/426/183 711/425/183 705/423/183
f 712/426/183 705/423/183 707/424/183
f 713/409/171 714/410/171 715/411/171
f 715/411/161 714/410/161 716/412/161
f 717/413/172 718/414/172 719/415/172
f 718/414/174 720/416/174 719/415/174
f 719/415/164 720/416/164 713/417/164
f 719/415/164 713/417/164 715/418/164
f 717/413/165 719/415/165 715/419/165
f 717/413/165 715/419/165 716/420/165
f 716/421/175 714/422/175 717/413/175
f 718/414/175 717/413/175 714/422/175
f 714/423/167 713/424/167 718/425/167
f 720/426/167 718/425/167 713/424/167
f 721/409/176 722/410/176 723/411/176
f 723/411/177 722/410/177 724/412/177
f 725/413/172 726/414/172 727/415/172
f 726/414/172 728/416/172 727/415/172
f 721/417/164 727/415/164 728/416/164
f 727/415/164 721/417/164 723/418/164
f 725/413/165 727/415/165 723/419/165
f 725/413/165 723/419/165 724/420/165
f 724/421/175 722/422/175 725/413/175
f 726/414/175 725/413/175 722/422/175
f 722/423/167 721/424/167 726/425/167
f 728/426/167 726/425/167 721/424/167
f 729/412/185 730/411/185 731/410/185
f 730/411/185 732/409/185 731/410/185
f 733/415/186 734/414/186 735/416/186
f 734/414/187 733/415/187 736/413/187
f 733/415/188 735/416/188 732/417/188
f 733/415/188 732/417/188 730/418/188
f 733/415/189 729/420/189 736/413/189
f 729/420/189 733/415/189 730/419/189
f 729/421/190 734/414/190 736/413/190
f 734/414/190 729/421/190 731/422/190
f 731/423/191 732/424/191 734/425/191
f 735/426/191 734/425/191 732/424/191
f 737/412/185 738/411/185 739/410/185
f 738/411/185 740/409/185 739/410/185
f 741/415/192 742/414/192 743/416/192
f 742/414/192 741/415/192 744/413/192
f 741/415/188 743/416/188 740/417/188
f 741/415/188 740/417/188 738/418/188
f 744/413/189 741/415/189 738/419/189
f 744/413/189 738/419/189 737/420/189
f 737/421/190 739/422/190 744/413/190
f 742/414/190 744/413/190 739/422/190
f 739/423/191 740/424/191 742/425/191
f 743/426/191 742/425/191 740/424/191
f 745/412/171 746/411/171 747/410/171
f 746/411/171 748/409/171 747/410/171
f 749/415/172 750/414/172 751/416/172
f 750/414/172 749/415/172 752/413/172
f 749/415/193 751/416/193 748/417/193
f 749/415/193 748/417/193 746/418/193
f 752/413/194 749/415/194 746/419/194
f 752/413/194 746/419/194 745/420/194
f 750/414/195 752/413/195 745/421/195
f 750/414/195 745/421/195 747/422/195
f 751/426/196 750/425/196 747/423/196
f 751/426/196 747/423/196 748/424/196
f 753/412/171 754/411/171 755/410/171
f 754/411/171 756/409/171 755/410/171
f 757/415/197 758/414/197 759/416/197
f 758/414/172 757/415/172 760/413/172
f 757/415/188 759/416/188 756/417/188
f 757/415/188 756/417/188 754/418/188
f 760/413/198 757/415/198 754/419/198
f 760/413/198 754/419/198 753/420/198
f 758/414/199 760/413/199 753/421/199
f 758/414/199 753/421/199 755/422/199
f 755/423/200 756/424/200 758/425/200
f 759/426/200 758/425/200 756/424/200
f 1061/479/388 1062/480/388 1063/481/388
f 1063/481/389 1062/480/389 1064/482/389
f 1065/483/390 1066/484/390 1067/485/390
f 1066/484/391 1068/486/391 1067/485/391
f 1067/485/392 1068/486/392 1061/487/392
f 1067/485/392 1061/487/392 1063/488/392
f 1065/483/393 1067/485/393 1063/489/393
f 1065/483/393 1063/489/393 1064/490/393
f 1064/491/394 1062/492/394 1065/483/394
f 1066/484/394 1065/483/394 1062/492/394
f 1062/493/395 1061/494/395 1066/495/395
f 1068/496/395 1066/495/395 1061/494/395
f 1069/479/396 1070/480/396 1071/481/396
f 1071/481/397 1070/480/397 1072/482/397
f 1073/483/398 1074/484/398 1075/485/398
f 1074/484/398 1076/486/398 1075/485/398
f 1075/485/392 1076/486/392 1069/487/392
f 1075/485/392 1069/487/392 1071/488/392
f 1073/483/393 1075/485/393 1071/489/393
f 1073/483/393 1071/489/393 1072/490/393
f 1072/491/394 1070/492/394 1073/483/394
f 1074/484/394 1073/483/394 1070/492/394
f 1070/493/395 1069/494/395 1074/495/395
f 1076/496/395 1074/495/395 1069/494/395
f 1077/479/399 1078/480/399 1079/481/399
f 1079/481/399 1078/480/399 1080/482/399
f 1081/483/400 1082/484/400 1083/485/400
f 1082/484/400 1084/486/400 1083/485/400
f 1083/485/392 1084/486/392 1077/487/392
f 1083/485/392 1077/487/392 1079/488/392
f 1081/483/393 1083/485/393 1079/489/393
f 1081/483/393 1079/489/393 1080/490/393
f 1082/484/401 1081/483/401 1080/491/401
f 1082/484/401 1080/491/401 1078/492/401
f 1084/496/395 1082/495/395 1078/493/395
f 1084/496/395 1078/493/395 1077/494/395
f 1085/479/399 1086/480/399 1087/481/399
f 1087/481/389 1086/480/389 1088/482/389
f 1089/483/400 1090/484/400 1091/485/400
f 1090/484/402 1092/486/402 1091/485/402
f 1091/485/392 1092/486/392 1085/487/392
f 1091/485/392 1085/487/392 1087/488/392
f 1089/483/393 1091/485/393 1087/489/393
f 1089/483/393 1087/489/393 1088/490/393
f 1088/491/403 1086/492/403 1089/483/403
f 1090/484/403 1089/483/403 1086/492/403
f 1086/493/395 1085/494/395 1090/495/395
f 1092/496/395 1090/495/395 1085/494/395
f 1093/479/404 1094/480/404 1095/481/404
f 1095/481/405 1094/480/405 1096/482/405
f 1097/483/400 1098/484/400 1099/485/400
f 1098/484/400 1100/486/400 1099/485/400
f 1093/487/392 1099/485/392 1100/486/392
f 1099/485/392 1093/487/392 1095/488/392
f 1097/483/393 1099/485/393 1095/489/393
f 1097/483/393 1095/489/393 1096/490/393
f 1096/491/403 1094/492/403 1097/483/403
f 1098/484/403 1097/483/403 1094/492/403
f 1094/493/395 1093/494/395 1098/495/395
f 1100/496/395 1098/495/395 1093/494/395
f 1101/479/399 1102/480/399 1103/481/399
f 1103/481/399 1102/480/399 1104/482/399
f 1105/483/400 1106/484/400 1107/485/400
f 1106/484/400 1108/486/400 1107/485/400
f 1101/487/392 1107/485/392 1108/486/392
f 1107/485/392 1101/487/392 1103/488/392
f 1105/483/393 1107/485/393 1103/489/393
f 1105/483/393 1103/489/393 1104/490/393
f 1106/484/401 1105/483/401 1104/491/401
f 1106/484/401 1104/491/401 1102/492/401
f 1108/496/395 1106/495/395 1102/493/395
f 1108/496/395 1102/493/395 1101/494/395
f 1109/480/406 1110/481/406 1111/479/406
f 1110/481/406 1109/480/406 1112/482/406
f 1113/485/407 1114/483/407 1115/484/407
f 1115/484/407 1116/486/407 1113/485/407
f 1111/487/408 1110/488/408 1116/486/408
f 1113/485/408 1116/486/408 1110/488/408
f 1114/483/409 1113/485/409 1110/489/409
f 1114/483/409 1110/489/409 1112/490/409
f 1115/484/410 1114/483/410 1112/491/410
f 1115/484/410 1112/491/410 1109/492/410
f 1116/496/411 1115/495/411 1109/493/411
f 1116/496/411 1109/493/411 1111/494/411
f 1117/480/406 1118/481/406 1119/479/406
f 1118/481/406 1117/480/406 1120/482/406
f 1121/485/412 1122/483/412 1123/484/412
f 1123/484/412 1124/486/412 1121/485/412
f 1121/485/408 1124/486/408 1119/487/408
f 1121/485/408 1119/487/408 1118/488/408
f 1122/483/409 1121/485/409 1118/489/409
f 1122/483/409 1118/489/409 1120/490/409
f 1120/491/410 1123/484/410 1122/483/410
f 1123/484/410 1120/491/410 1117/492/410
f 1124/496/411 1123/495/411 1117/493/411
f 1124/496/411 1117/493/411 1119/494/411
f 1125/479/399 1126/480/399 1127/481/399
f 1127/481/389 1126/480/389 1128/482/389
f 1129/483/400 1130/484/400 1131/485/400
f 1130/484/402 1132/486/402 1131/485/402
f 1131/485/392 1132/486/392 1125/487/392
f 1131/485/392 1125/487/392 1127/488/392
f 1129/483/393 1131/485/393 1127/489/393
f 1129/483/393 1127/489/393 1128/490/393
f 1128/491/403 1126/492/403 1129/483/403
f 1130/484/403 1129/483/403 1126/492/403
f 1126/493/395 1125/494/395 1130/495/395
f 1132/496/395 1130/495/395 1125/494/395
f 1133/479/404 1134/480/404 1135/481/404
f 1135/481/405 1134/480/405 1136/482/405
f 1137/483/400 1138/484/400 1139/485/400
f 1138/484/400 1140/486/400 1139/485/400
f 1133/487/392 1139/485/392 1140/486/392
f 1139/485/392 1133/487/392 1135/488/392
f 1137/483/393 1139/485/393 1135/489/393
f 1137/483/393 1135/489/393 1136/490/393
f 1136/491/403 1134/492/403 1137/483/403
f 1138/484/403 1137/483/403 1134/492/403
f 1134/493/395 1133/494/395 1138/495/395
f 1140/496/395 1138/495/395 1133/494/395
f 1141/482/413 1142/481/413 1143/480/413
f 1142/481/413 1144/479/413 1143/480/413
f 1145/485/414 1146/484/414 1147/486/414
f 1146/484/415 1145/485/415 1148/483/415
f 1145/485/416 1147/486/416 1144/487/416
f 1145/485/416 1144/487/416 1142/488/416
f 1145/485/417 1141/490/417 1148/483/417
f 1141/490/417 1145/485/417 1142/489/417
f 1141/491/418 1146/484/418 1148/483/418
f 1146/484/418 1141/491/418 1143/492/418
f 1143/493/419 1144/494/419 1146/495/419
f 1147/496/419 1146/495/419 1144/494/419
f 1149/482/413 1150/481/413 1151/480/413
f 1150/481/413 1152/479/413 1151/480/413
f 1153/485/420 1154/484/420 1155/486/420
f 1154/484/420 1153/485/420 1156/483/420
f 1153/485/416 1155/486/416 1152/487/416
f 1153/485/416 1152/487/416 1150/488/416
f 1156/483/417 1153/485/417 1150/489/417
f 1156/483/417 1150/489/417 1149/490/417
f 1149/491/418 1151/492/418 1156/483/418
f 1154/484/418 1156/483/418 1151/492/418
f 1151/493/419 1152/494/419 1154/495/419
f 1155/496/419 1154/495/419 1152/494/419
f 1157/482/399 1158/481/399 1159/480/399
f 1158/481/399 1160/479/399 1159/480/399
f 1161/485/400 1162/484/400 1163/486/400
f 1162/484/400 1161/485/400 1164/483/400
f 1161/485/421 1163/486/421 1160/487/421
f 1161/485/421 1160/487/421 1158/488/421
f 1164/483/422 1161/485/422 1158/489/422
f 1164/483/422 1158/489/422 1157/490/422
f 1162/484/423 1164/483/423 1157/491/423
f 1162/484/423 1157/491/423 1159/492/423
f 1163/496/424 1162/495/424 1159/493/424
f 1163/496/424 1159/493/424 1160/494/424
f 1165/482/399 1166/481/399 1167/480/399
f 1166/481/399 1168/479/399 1167/480/399
f 1169/485/425 1170/484/425 1171/486/425
f 1170/484/400 1169/485/400 1172/483/400
f 1169/485/416 1171/486/416 1168/487/416
f 1169/485/416 1168/487/416 1166/488/416
f 1172/483/426 1169/485/426 1166/489/426
f 1172/483/426 1166/489/426 1165/490/426
f 1170/484/427 1172/483/427 1165/491/427
f 1170/484/427 1165/491/427 1167/492/427
f 1167/493/428 1168/494/428 1170/495/428
f 1171/496/428 1170/495/428 1168/494/428
f 1473/549/616 1474/550/616 1475/551/616
f 1475/551/617 1474/550/617 1476/552/617
f 1477/553/618 1478/554/618 1479/555/618
f 1478/554/619 1480/556/619 1479/555/619
f 1479/555/620 1480/556/620 1473/557/620
f 1479/555/620 1473/557/620 1475/558/620
f 1477/553/621 1479/555/621 1475/559/621
f 1477/553/621 1475/559/621 1476/560/621
f 1476/561/622 1474/562/622 1477/553/622
f 1478/554/622 1477/553/622 1474/562/622
f 1474/563/623 1473/564/623 1478/565/623
f 1480/566/623 1478/565/623 1473/564/623
f 1481/549/624 1482/550/624 1483/551/624
f 1483/551/625 1482/550/625 1484/552/625
f 1485/553/626 1486/554/626 1487/555/626
f 1486/554/626 1488/556/626 1487/555/626
f 1487/555/620 1488/556/620 1481/557/620
f 1487/555/620 1481/557/620 1483/558/620
f 1485/553/621 1487/555/621 1483/559/621
f 1485/553/621 1483/559/621 1484/560/621
f 1484/561/622 1482/562/622 1485/553/622
f 1486/554/622 1485/553/622 1482/562/622
f 1482/563/623 1481/564/623 1486/565/623
f 1488/566/623 1486/565/623 1481/564/623
f 1489/549/627 1490/550/627 1491/551/627
f 1491/551/627 1490/550/627 1492/552/627
f 1493/553/628 1494/554/628 1495/555/628
f 1494/554/628 1496/556/628 1495/555/628
f 1495/555/620 1496/556/620 1489/557/620
f 1495/555/620 1489/557/620 1491/558/620
f 1493/553/621 1495/555/621 1491/559/621
f 1493/553/621 1491/559/621 1492/560/621
f 1494/554/629 1493/553/629 1492/561/629
f 1494/554/629 1492/561/629 1490/562/629
f 1496/566/623 1494/565/623 1490/563/623
f 1496/566/623 1490/563/623 1489/564/623
f 1497/549/627 1498/550/627 1499/551/627
f 1499/551/617 1498/550/617 1500/552/617
f 1501/553/628 1502/554/628 1503/555/628
f 1502/554/630 1504/556/630 1503/555/630
f 1503/555/620 1504/556/620 1497/557/620
f 1503/555/620 1497/557/620 1499/558/620
f 1501/553/621 1503/555/621 1499/559/621
f 1501/553/621 1499/559/621 1500/560/621
f 1500/561/631 1498/562/631 1501/553/631
f 1502/554/631 1501/553/631 1498/562/631
f 1498/563/623 1497/564/623 1502/565/623
f 1504/566/623 1502/565/623 1497/564/623
f 1505/549/632 1506/550/632 1507/551/632
f 1507/551/633 1506/550/633 1508/552/633
f 1509/553/628 1510/554/628 1511/555/628
f 1510/554/628 1512/556/628 1511/555/628
f 1505/557/620 1511/555/620 1512/556/620
f 1511/555/620 1505/557/620 1507/558/620
f 1509/553/621 1511/555/621 1507/559/621
f 1509/553/621 1507/559/621 1508/560/621
f 1508/561/631 1506/562/631 1509/553/631
f 1510/554/631 1509/553/631 1506/562/631
f 1506/563/623 1505/564/623 1510/565/623
f 1512/566/623 1510/565/623 1505/564/623
f 1513/549/627 1514/550/627 1515/551/627
f 1515/551/627 1514/550/627 1516/552/627
f 1517/553/628 1518/554/628 1519/555/628
f 1518/554/628 1520/556/628 1519/555/628
f 1513/557/620 1519/555/620 1520/556/620
f 1519/555/620 1513/557/620 1515/558/620
f 1517/553/621 1519/555/621 1515/559/621
f 1517/553/621 1515/559/621 1516/560/621
f 1518/554/629 1517/553/629 1516/561/629
f 1518/554/629 1516/561/629 1514/562/629
f 1520/566/623 1518/565/623 1514/563/623
f 1520/566/623 1514/563/623 1513/564/623
f 1521/550/634 1522/551/634 1523/549/634
f 1522/551/634 1521/550/634 1524/552/634
f 1525/555/635 1526/553/635 1527/554/635
f 1527/554/635 1528/556/635 1525/555/635
f 1523/557/636 1522/558/636 1528/556/636
f 1525/555/636 1528/556/636 1522/558/636
f 1526/553/637 1525/555/637 1522/559/637
f 1526/553/637 1522/559/637 1524/560/637
f 1527/554/638 1526/553/638 1524/561/638
f 1527/554/638 1524/561/638 1521/562/638
f 1528/566/639 1527/565/639 1521/563/639
f 1528/566/639 1521/563/639 1523/564/639
f 1529/550/634 1530/551/634 1531/549/634
f 1530/551/634 1529/550/634 1532/552/634
f 1533/555/640 1534/553/640 1535/554/640
f 1535/554/640 1536/556/640 1533/555/640
f 1533/555/636 1536/556/636 1531/557/636
f 1533/555/636 1531/557/636 1530/558/636
f 1534/553/637 1533/555/637 1530/559/637
f 1534/553/637 1530/559/637 1532/560/637
f 1532/561/638 1535/554/638 1534/553/638
f 1535/554/638 1532/561/638 1529/562/638
f 1536/566/639 1535/565/639 1529/563/639
f 1536/566/639 1529/563/639 1531/564/639
f 1537/549/627 1538/550/627 1539/551/627
f 1539/551/617 1538/550/617 1540/552/617
f 1541/553/628 1542/554/628 1543/555/628
f 1542/554/630 1544/556/630 1543/555/630
f 1543/555/620 1544/556/620 1537/557/620
f 1543/555/620 1537/557/620 1539/558/620
f 1541/553/621 1543/555/621 1539/559/621
f 1541/553/621 1539/559/621 1540/560/621
f 1540/561/631 1538/562/631 1541/553/631
f 1542/554/631 1541/553/631 1538/562/631
f 1538/563/623 1537/564/623 1542/565/623
f 1544/566/623 1542/565/623 1537/564/623
f 1545/549/632 1546/550/632 1547/551/632
f 1547/551/633 1546/550/633 1548/552/633
f 1549/553/628 1550/554/628 1551/555/628
f 1550/554/628 1552/556/628 1551/555/628
f 1545/557/620 1551/555/620 1552/556/620
f 1551/555/620 1545/557/620 1547/558/620
f 1549/553/621 1551/555/621 1547/559/621
f 1549/553/621 1547/559/621 1548/560/621
f 1548/561/631 1546/562/631 1549/553/631
f 1550/554/631 1549/553/631 1546/562/631
f 1546/563/623 1545/564/623 1550/565/623
f 1552/566/623 1550/565/623 1545/564/623
f 1553/552/641 1554/551/641 1555/550/641
f 1554/551/641 1556/549/641 1555/550/641
f 1557/555/642 1558/554/642 1559/556/642
f 1558/554/643 1557/555/643 1560/553/643
f 1557/555/644 1559/556/644 1556/557/644
f 1557/555/644 1556/557/644 1554/558/644
f 1557/555/645 1553/560/645 1560/553/645
f 1553/560/645 1557/555/645 1554/559/645
f 1553/561/646 1558/554/646 1560/553/646
f 1558/554/646 1553/561/646 1555/562/646
f 1555/563/647 1556/564/647 1558/565/647
f 1559/566/647 1558/565/647 1556/564/647
f 1561/552/641 1562/551/641 1563/550/641
f 1562/551/641 1564/549/641 1563/550/641
f 1565/555/648 1566/554/648 1567/556/648
f 1566/554/648 1565/555/648 1568/553/648
f 1565/555/644 1567/556/644 1564/557/644
f 1565/555/644 1564/557/644 1562/558/644
f 1568/553/645 1565/555/645 1562/559/645
f 1568/553/645 1562/559/645 1561/560/645
f 1561/561/646 1563/562/646 1568/553/646
f 1566/554/646 1568/553/646 1563/562/646
f 1563/563/647 1564/564/647 1566/565/647
f 1567/566/647 1566/565/647 1564/564/647
f 1569/552/627 1570/551/627 1571/550/627
f 1570/551/627 1572/549/627 1571/550/627
f 1573/555/628 1574/554/628 1575/556/628
f 1574/554/628 1573/555/628 1576/553/628
f 1573/555/649 1575/556/649 1572/557/649
f 1573/555/649 1572/557/649 1570/558/649
f 1576/553/650 1573/555/650 1570/559/650
f 1576/553/650 1570/559/650 1569/560/650
f 1574/554/651 1576/553/651 1569/561/651
f 1574/554/651 1569/561/651 1571/562/651
f 1575/566/652 1574/565/652 1571/563/652
f 1575/566/652 1571/563/652 1572/564/652
f 1577/552/627 1578/551/627 1579/550/627
f 1578/551/627 1580/549/627 1579/550/627
f 1581/555/653 1582/554/653 1583/556/653
f 1582/554/628 1581/555/628 1584/553/628
f 1581/555/644 1583/556/644 1580/557/644
f 1581/555/644 1580/557/644 1578/558/644
f 1584/553/654 1581/555/654 1578/559/654
f 1584/553/654 1578/559/654 1577/560/654
f 1582/554/655 1584/553/655 1577/561/655
f 1582/554/655 1577/561/655 1579/562/655
f 1579/563/656 1580/564/656 1582/565/656
f 1583/566/656 1582/565/656 1580/564/656
f 1885/619/844 1886/620/844 1887/621/844
f 1887/621/845 1886/620/845 1888/622/845
f 1889/623/846 1890/624/846 1891/625/846
f 1890/624/847 1892/626/847 1891/625/847
f 1891/625/848 1892/626/848 1885/627/848
f 1891/625/848 1885/627/848 1887/628/848
f 1889/623/849 1891/625/849 1887/629/849
f 1889/623/849 1887/629/849 1888/630/849
f 1888/631/850 1886/632/850 1889/623/850
f 1890/624/850 1889/623/850 1886/632/850
f 1886/633/851 1885/634/851 1890/635/851
f 1892/636/851 1890/635/851 1885/634/851
f 1893/619/852 1894/620/852 1895/621/852
f 1895/621/853 1894/620/853 1896/622/853
f 1897/623/854 1898/624/854 1899/625/854
f 1898/624/854 1900/626/854 1899/625/854
f 1899/625/848 1900/626/848 1893/627/848
f 1899/625/848 1893/627/848 1895/628/848
f 1897/623/849 1899/625/849 1895/629/849
f 1897/623/849 1895/629/849 1896/630/849
f 1896/631/850 1894/632/850 1897/623/850
f 1898/624/850 1897/623/850 1894/632/850
f 1894/633/851 1893/634/851 1898/635/851
f 1900/636/851 1898/635/851 1893/634/851
f 1901/619/855 1902/620/855 1903/621/855
f 1903/621/855 1902/620/855 1904/622/855
f 1905/623/856 1906/624/856 1907/625/856
f 1906/624/856 1908/626/856 1907/625/856
f 1907/625/848 1908/626/848 1901/627/848
f 1907/625/848 1901/627/848 1903/628/848
f 1905/623/849 1907/625/849 1903/629/849
f 1905/623/849 1903/629/849 1904/630/849
f 1906/624/857 1905/623/857 1904/631/857
f 1906/624/857 1904/631/857 1902/632/857
f 1908/636/851 1906/635/851 1902/633/851
f 1908/636/851 1902/633/851 1901/634/851
f 1909/619/855 1910/620/855 1911/621/855
f 1911/621/845 1910/620/845 1912/622/845
f 1913/623/856 1914/624/856 1915/625/856
f 1914/624/858 1916/626/858 1915/625/858
f 1915/625/848 1916/626/848 1909/627/848
f 1915/625/848 1909/627/848 1911/628/848
f 1913/623/849 1915/625/849 1911/629/849
f 1913/623/849 1911/629/849 1912/630/849
f 1912/631/859 1910/632/859 1913/623/859
f 1914/624/859 1913/623/859 1910/632/859
f 1910/633/851 1909/634/851 1914/635/851
f 1916/636/851 1914/635/851 1909/634/851
f 1917/619/860 1918/620/860 1919/621/860
f 1919/621/861 1918/620/861 1920/622/861
f 1921/623/856 1922/624/856 1923/625/856
f 1922/624/856 1924/626/856 1923/625/856
f 1917/627/848 1923/625/848 1924/626/848
f 1923/625/848 1917/627/848 1919/628/848
f 1921/623/849 1923/625/849 1919/629/849
f 1921/623/849 1919/629/849 1920/630/849
f 1920/631/859 1918/632/859 1921/623/859
f 1922/624/859 1921/623/859 1918/632/859
f 1918/633/851 1917/634/851 1922/635/851
f 1924/636/851 1922/635/851 1917/634/851
f 1925/619/855 1926/620/855 1927/621/855
f 1927/621/855 1926/620/855 1928/622/855
f 1929/623/856 1930/624/856 1931/625/856
f 1930/624/856 1932/626/856 1931/625/856
f 1925/627/848 1931/625/848 1932/626/848
f 1931/625/848 1925/627/848 1927/628/848
f 1929/623/849 1931/625/849 1927/629/849
f 1929/623/849 1927/629/849 1928/630/849
f 1930/624/857 1929/623/857 1928/631/857
f 1930/624/857 1928/631/857 1926/632/857
f 1932/636/851 1930/635/851 1926/633/851
f 1932/636/851 1926/633/851 1925/634/851
f 1933/620/862 1934/621/862 1935/619/862
f 1934/621/862 1933/620/862 1936/622/862
f 1937/625/863 1938/623/863 1939/624/863
f 1939/624/863 1940/626/863 1937/625/863
f 1935/627/864 1934/628/864 1940/626/864
f 1937/625/864 1940/626/864 1934/628/864
f 1938/623/865 1937/625/865 1934/629/865
f 1938/623/865 1934/629/865 1936/630/865
f 1939/624/866 1938/623/866 1936/631/866
f 1939/624/866 1936/631/866 1933/632/866
f 1940/636/867 1939/635/867 1933/633/867
f 1940/636/867 1933/633/867 1935/634/867
f 1941/620/862 1942/621/862 1943/619/862
f 1942/621/862 1941/620/862 1944/622/862
f 1945/625/868 1946/623/868 1947/624/868
f 1947/624/868 1948/626/868 1945/625/868
f 1945/625/864 1948/626/864 1943/627/864
f 1945/625/864 1943/627/864 1942/628/864
f 1946/623/865 1945/625/865 1942/629/865
f 1946/623/865 1942/629/865 1944/630/865
f 1944/631/866 1947/624/866 1946/623/866
f 1947/624/866 1944/631/866 1941/632/866
f 1948/636/867 1947/635/867 1941/633/867
f 1948/636/867 1941/633/867 1943/634/867
f 1949/619/855 1950/620/855 1951/621/855
f 1951/621/845 1950/620/845 1952/622/845
f 1953/623/856 1954/624/856 1955/625/856
f 1954/624/858 1956/626/858 1955/625/858
f 1955/625/848 1956/626/848 1949/627/848
f 1955/625/848 1949/627/848 1951/628/848
f 1953/623/849 1955/625/849 1951/629/849
f 1953/623/849 1951/629/849 1952/630/849
f 1952/631/859 1950/632/859 1953/623/859
f 1954/624/859 1953/623/859 1950/632/859
f 1950/633/851 1949/634/851 1954/635/851
f 1956/636/851 1954/635/851 1949/634/851
f 1957/619/860 1958/620/860 1959/621/860
f 1959/621/861 1958/620/861 1960/622/861
f 1961/623/856 1962/624/856 1963/625/856
f 1962/624/856 1964/626/856 1963/625/856
f 1957/627/848 1963/625/848 1964/626/848
f 1963/625/848 1957/627/848 1959/628/848
f 1961/623/849 1963/625/849 1959/629/849
f 1961/623/849 1959/629/849 1960/630/849
f 1960/631/859 1958/632/859 1961/623/859
f 1962/624/859 1961/623/859 1958/632/859
f 1958/633/851 1957/634/851 1962/635/851
f 1964/636/851 1962/635/851 1957/634/851
f 1965/622/869 1966/621/869 1967/620/869
f 1966/621/869 1968/619/869 1967/620/869
f 1969/625/870 1970/624/870 1971/626/870
f 1970/624/871 1969/625/871 1972/623/871
f 1969/625/872 1971/626/872 1968/627/872
f 1969/625/872 1968/627/872 1966/628/872
f 1969/625/873 1965/630/873 1972/623/873
f 1965/630/873 1969/625/873 1966/629/873
f 1965/631/874 1970/624/874 1972/623/874
f 1970/624/874 1965/631/874 1967/632/874
f 1967/633/875 1968/634/875 1970/635/875
f 1971/636/875 1970/635/875 1968/634/875
f 1973/622/869 1974/621/869 1975/620/869
f 1974/621/869 1976/619/869 1975/620/869
f 1977/625/876 1978/624/876 1979/626/876
f 1978/624/876 1977/625/876 1980/623/876
f 1977/625/872 1979/626/872 1976/627/872
f 1977/625/872 1976/627/872 1974/628/872
f 1980/623/873 1977/625/873 1974/629/873
f 1980/623/873 1974/629/873 1973/630/873
f 1973/631/874 1975/632/874 1980/623/874
f 1978/624/874 1980/623/874 1975/632/874
f 1975/633/875 1976/634/875 1978/635/875
f 1979/636/875 1978/635/875 1976/634/875
f 1981/622/855 1982/621/855 1983/620/855
f 1982/621/855 1984/619/855 1983/620/855
f 1985/625/856 1986/624/856 1987/626/856
f 1986/624/856 1985/625/856 1988/623/856
f 1985/625/877 1987/626/877 1984/627/877
f 1985/625/877 1984/627/877 1982/628/877
f 1988/623/878 1985/625/878 1982/629/878
f 1988/623/878 1982/629/878 1981/630/878
f 1986/624/879 1988/623/879 1981/631/879
f 1986/624/879 1981/631/879 1983/632/879
f 1987/636/880 1986/635/880 1983/633/880
f 1987/636/880 1983/633/880 1984/634/880
f 1989/622/855 1990/621/855 1991/620/855
f 1990/621/855 1992/619/855 1991/620/855
f 1993/625/881 1994/624/881 1995/626/881
f 1994/624/856 1993/625/856 1996/623/856
f 1993/625/872 1995/626/872 1992/627/872
f 1993/625/872 1992/627/872 1990/628/872
f 1996/623/882 1993/625/882 1990/629/882
f 1996/623/882 1990/629/882 1989/630/882
f 1994/624/883 1996/623/883 1989/631/883
f 1994/624/883 1989/631/883 1991/632/883
f 1991/633/884 1992/634/884 1994/635/884
f 1995/636/884 1994/635/884 1992/634/884
f 2297/689/1072 2298/690/1072 2299/691/1072
f 2299/691/1073 2298/690/1073 2300/692/1073
f 2301/693/1074 2302/694/1074 2303/695/1074
f 2302/694/1075 2304/696/1075 2303/695/1075
f 2303/695/1076 2304/696/1076 2297/697/1076
f 2303/695/1076 2297/697/1076 2299/698/1076
f 2301/693/1077 2303/695/1077 2299/699/1077
f 2301/693/1077 2299/699/1077 2300/700/1077
f 2300/701/1078 2298/702/1078 2301/693/1078
f 2302/694/1078 2301/693/1078 2298/702/1078
f 2298/703/1079 2297/704/1079 2302/705/1079
f 2304/706/1079 2302/705/1079 2297/704/1079
f 2305/689/1080 2306/690/1080 2307/691/1080
f 2307/691/1081 2306/690/1081 2308/692/1081
f 2309/693/1082 2310/694/1082 2311/695/1082
f 2310/694/1082 2312/696/1082 2311/695/1082
f 2311/695/1076 2312/696/1076 2305/697/1076
f 2311/695/1076 2305/697/1076 2307/698/1076
f 2309/693/1077 2311/695/1077 2307/699/1077
f 2309/693/1077 2307/699/1077 2308/700/1077
f 2308/701/1078 2306/702/1078 2309/693/1078
f 2310/694/1078 2309/693/1078 2306/702/1078
f 2306/703/1079 2305/704/1079 2310/705/1079
f 2312/706/1079 2310/705/1079 2305/704/1079
f 2313/689/1083 2314/690/1083 2315/691/1083
f 2315/691/1083 2314/690/1083 2316/692/1083
f 2317/693/1084 2318/694/1084 2319/695/1084
f 2318/694/1084 2320/696/1084 2319/695/1084
f 2319/695/1076 2320/696/1076 2313/697/1076
f 2319/695/1076 2313/697/1076 2315/698/1076
f 2317/693/1077 2319/695/1077 2315/699/1077
f 2317/693/1077 2315/699/1077 2316/700/1077
f 2318/694/1085 2317/693/1085 2316/701/1085
f 2318/694/1085 2316/701/1085 2314/702/1085
f 2320/706/1079 2318/705/1079 2314/703/1079
f 2320/706/1079 2314/703/1079 2313/704/1079
f 2321/689/1083 2322/690/1083 2323/691/1083
f 2323/691/1073 2322/690/1073 2324/692/1073
f 2325/693/1084 2326/694/1084 2327/695/1084
f 2326/694/1086 2328/696/1086 2327/695/1086
f 2327/695/1076 2328/696/1076 2321/697/1076
f 2327/695/1076 2321/697/1076 2323/698/1076
f 2325/693/1077 2327/695/1077 2323/699/1077
f 2325/693/1077 2323/699/1077 2324/700/1077
f 2324/701/1087 2322/702/1087 2325/693/1087
f 2326/694/1087 2325/693/1087 2322/702/1087
f 2322/703/1079 2321/704/1079 2326/705/1079
f 2328/706/1079 2326/705/1079 2321/704/1079
f 2329/689/1088 2330/690/1088 2331/691/1088
f 2331/691/1089 2330/690/1089 2332/692/1089
f 2333/693/1084 2334/694/1084 2335/695/1084
f 2334/694/1084 2336/696/1084 2335/695/1084
f 2329/697/1076 2335/695/1076 2336/696/1076
f 2335/695/1076 2329/697/1076 2331/698/1076
f 2333/693/1077 2335/695/1077 2331/699/1077
f 2333/693/1077 2331/699/1077 2332/700/1077
f 2332/701/1087 2330/702/1087 2333/693/1087
f 2334/694/1087 2333/693/1087 2330/702/1087
f 2330/703/1079 2329/704/1079 2334/705/1079
f 2336/706/1079 2334/705/1079 2329/704/1079
f 2337/689/1083 2338/690/1083 2339/691/1083
f 2339/691/1083 2338/690/1083 2340/692/1083
f 2341/693/1084 2342/694/1084 2343/695/1084
f 2342/694/1084 2344/696/1084 2343/695/1084
f 2337/697/1076 2343/695/1076 2344/696/1076
f 2343/695/1076 2337/697/1076 2339/698/1076
f 2341/693/1077 2343/695/1077 2339/699/1077
f 2341/693/1077 2339/699/1077 2340/700/1077
f 2342/694/1085 2341/693/1085 2340/701/1085
f 2342/694/1085 2340/701/1085 2338/702/1085
f 2344/706/1079 2342/705/1079 2338/703/1079
f 2344/706/1079 2338/703/1079 2337/704/1079
f 2345/690/1090 2346/691/1090 2347/689/1090
f 2346/691/1090 2345/690/1090 2348/692/1090
f 2349/695/1091 2350/693/1091 2351/694/1091
f 2351/694/1091 2352/696/1091 2349/695/1091
f 2347/697/1092 2346/698/1092 2352/696/1092
f 2349/695/1092 2352/696/1092 2346/698/1092
f 2350/693/1093 2349/695/1093 2346/699/1093
f 2350/693/1093 2346/699/1093 2348/700/1093
f 2351/694/1094 2350/693/1094 2348/701/1094
f 2351/694/1094 2348/701/1094 2345/702/1094
f 2352/706/1095 2351/705/1095 2345/703/1095
f 2352/706/1095 2345/703/1095 2347/704/1095
f 2353/690/1090 2354/691/1090 2355/689/1090
f 2354/691/1090 2353/690/1090 2356/692/1090
f 2357/695/1096 2358/693/1096 2359/694/1096
f 2359/694/1096 2360/696/1096 2357/695/1096
f 2357/695/1092 2360/696/1092 2355/697/1092
f 2357/695/1092 2355/697/1092 2354/698/1092
f 2358/693/1093 2357/695/1093 2354/699/1093
f 2358/693/1093 2354/699/1093 2356/700/1093
f 2356/701/1094 2359/694/1094 2358/693/1094
f 2359/694/1094 2356/701/1094 2353/702/1094
f 2360/706/1095 2359/705/1095 2353/703/1095
f 2360/706/1095 2353/703/1095 2355/704/1095
f 2361/689/1083 2362/690/1083 2363/691/1083
f 2363/691/1073 2362/690/1073 2364/692/1073
f 2365/693/1084 2366/694/1084 2367/695/1084
f 2366/694/1086 2368/696/1086 2367/695/1086
f 2367/695/1076 2368/696/1076 2361/697/1076
f 2367/695/1076 2361/697/1076 2363/698/1076
f 2365/693/1077 2367/695/1077 2363/699/1077
f 2365/693/1077 2363/699/1077 2364/700/1077
f 2364/701/1087 2362/702/1087 2365/693/1087
f 2366/694/1087 2365/693/1087 2362/702/1087
f 2362/703/1079 2361/704/1079 2366/705/1079
f 2368/706/1079 2366/705/1079 2361/704/1079
f 2369/689/1088 2370/690/1088 2371/691/1088
f 2371/691/1089 2370/690/1089 2372/692/1089
f 2373/693/1084 2374/694/1084 2375/695/1084
f 2374/694/1084 2376/696/1084 2375/695/1084
f 2369/697/1076 2375/695/1076 2376/696/1076
f 2375/695/1076 2369/697/1076 2371/698/1076
f 2373/693/1077 2375/695/1077 2371/699/1077
f 2373/693/1077 2371/699/1077 2372/700/1077
f 2372/701/1087 2370/702/1087 2373/693/1087
f 2374/694/1087 2373/693/1087 2370/702/1087
f 2370/703/1079 2369/704/1079 2374/705/1079
f 2376/706/1079 2374/705/1079 2369/704/1079
f 2377/692/1097 2378/691/1097 2379/690/1097
f 2378/691/1097 2380/689/1097 2379/690/1097
f 2381/695/1098 2382/694/1098 2383/696/1098
f 2382/694/1099 2381/695/1099 2384/693/1099
f 2381/695/1100 2383/696/1100 2380/697/1100
f 2381/695/1100 2380/697/1100 2378/698/1100
f 2381/695/1101 2377/700/1101 2384/693/1101
f 2377/700/1101 2381/695/1101 2378/699/1101
f 2377/701/1102 2382/694/1102 2384/693/1102
f 2382/694/1102 2377/701/1102 2379/702/1102
f 2379/703/1103 2380/704/1103 2382/705/1103
f 2383/706/1103 2382/705/1103 2380/704/1103
f 2385/692/1097 2386/691/1097 2387/690/1097
f 2386/691/1097 2388/689/1097 2387/690/1097
f 2389/695/1104 2390/694/1104 2391/696/1104
f 2390/694/1104 2389/695/1104 2392/693/1104
f 2389/695/1100 2391/696/1100 2388/697/1100
f 2389/695/1100 2388/697/1100 2386/698/1100
f 2392/693/1101 2389/695/1101 2386/699/1101
f 2392/693/1101 2386/699/1101 2385/700/1101
f 2385/701/1102 2387/702/1102 2392/693/1102
f 2390/694/1102 2392/693/1102 2387/702/1102
f 2387/703/1103 2388/704/1103 2390/705/1103
f 2391/706/1103 2390/705/1103 2388/704/1103
f 2393/692/1083 2394/691/1083 2395/690/1083
f 2394/691/1083 2396/689/1083 2395/690/1083
f 2397/695/1084 2398/694/1084 2399/696/1084
f 2398/694/1084 2397/695/1084 2400/693/1084
f 2397/695/1105 2399/696/1105 2396/697/1105
f 2397/695/1105 2396/697/1105 2394/698/1105
f 2400/693/1106 2397/695/1106 2394/699/1106
f 2400/693/1106 2394/699/1106 2393/700/1106
f 2398/694/1107 2400/693/1107 2393/701/1107
f 2398/694/1107 2393/701/1107 2395/702/1107
f 2399/706/1108 2398/705/1108 2395/703/1108
f 2399/706/1108 2395/703/1108 2396/704/1108
f 2401/692/1083 2402/691/1083 2403/690/1083
f 2402/691/1083 2404/689/1083 2403/690/1083
f 2405/695/1109 2406/694/1109 2407/696/1109
f 2406/694/1084 2405/695/1084 2408/693/1084
f 2405/695/1100 2407/696/1100 2404/697/1100
f 2405/695/1100 2404/697/1100 2402/698/1100
f 2408/693/1110 2405/695/1110 2402/699/1110
f 2408/693/1110 2402/699/1110 2401/700/1110
f 2406/694/1111 2408/693/1111 2401/701/1111
f 2406/694/1111 2401/701/1111 2403/702/1111
f 2403/703/1112 2404/704/1112 2406/705/1112
f 2407/706/1112 2406/705/1112 2404/704/1112

usemtl shelf_$Material_24
f 761/427/201 762/428/201 763/429/201
f 763/429/201 762/428/201 764/430/201
f 762/431/202 765/432/202 764/433/202
f 765/432/202 766/434/202 764/433/202
f 763/435/203 767/436/203 761/437/203
f 767/436/203 768/438/203 761/437/203
f 768/438/203 767/436/203 769/439/203
f 767/436/204 766/440/204 769/439/204
f 761/441/205 768/442/205 762/443/205
f 768/442/206 765/444/206 762/443/206
f 769/445/207 766/446/207 768/447/207
f 768/447/208 766/446/208 765/448/208
f 763/449/209 764/450/209 767/451/209
f 767/451/210 764/450/210 766/452/210
f 770/429/211 771/427/211 772/430/211
f 771/427/211 773/428/211 772/430/211
f 773/431/212 774/432/212 772/433/212
f 774/432/212 775/434/212 772/433/212
f 770/435/213 776/436/213 771/437/213
f 776/436/214 777/438/214 771/437/214
f 777/438/203 776/436/203 778/439/203
f 776/436/215 775/453/215 778/439/215
f 771/441/216 777/442/216 774/444/216
f 771/441/216 774/444/216 773/443/216
f 778/445/217 775/446/217 777/447/217
f 777/447/218 775/446/218 774/448/218
f 770/449/219 772/450/219 776/451/219
f 776/451/220 772/450/220 775/452/220
f 779/427/221 780/428/221 781/429/221
f 781/429/222 780/428/222 782/430/222
f 780/431/202 783/432/202 782/433/202
f 783/432/202 784/434/202 782/433/202
f 781/435/203 785/436/203 779/437/203
f 785/436/203 786/438/203 779/437/203
f 786/438/203 785/436/203 787/439/203
f 785/436/223 784/440/223 787/439/223
f 779/441/205 786/442/205 780/443/205
f 786/442/206 783/444/206 780/443/206
f 787/445/224 784/446/224 786/447/224
f 786/447/225 784/446/225 783/448/225
f 781/449/209 782/450/209 785/451/209
f 785/451/210 782/450/210 784/452/210
f 788/427/226 789/428/226 790/429/226
f 790/429/227 789/428/227 791/430/227
f 792/434/202 791/433/202 793/432/202
f 793/432/202 791/433/202 789/431/202
f 788/437/203 790/435/203 794/436/203
f 788/437/203 794/436/203 795/438/203
f 794/436/228 792/454/228 795/438/228
f 788/441/229 795/442/229 789/443/229
f 795/442/230 793/444/230 789/443/230
f 796/445/231 793/448/231 795/447/231
f 793/448/232 796/445/232 792/446/232
f 790/449/233 791/450/233 794/451/233
f 794/451/234 791/450/234 792/452/234
f 1173/497/429 1174/498/429 1175/499/429
f 1175/499/429 1174/498/429 1176/500/429
f 1174/501/430 1177/502/430 1176/503/430
f 1177/502/430 1178/504/430 1176/503/430
f 1175/505/431 1179/506/431 1173/507/431
f 1179/506/431 1180/508/431 1173/507/431
f 1180/508/431 1179/506/431 1181/509/431
f 1179/506/432 1178/510/432 1181/509/432
f 1173/511/433 1180/512/433 1174/513/433
f 1180/512/434 1177/514/434 1174/513/434
f 1181/515/435 1178/516/435 1180/517/435
f 1180/517/436 1178/516/436 1177/518/436
f 1175/519/437 1176/520/437 1179/521/437
f 1179/521/438 1176/520/438 1178/522/438
f 1182/499/439 1183/497/439 1184/500/439
f 1183/497/439 1185/498/439 1184/500/439
f 1185/501/440 1186/502/440 1184/503/440
f 1186/502/440 1187/504/440 1184/503/440
f 1182/505/441 1188/506/441 1183/507/441
f 1188/506/442 1189/508/442 1183/507/442
f 1189/508/431 1188/506/431 1190/509/431
f 1188/506/443 1187/523/443 1190/509/443
f 1183/511/444 1189/512/444 1186/514/444
f 1183/511/444 1186/514/444 1185/513/444
f 1190/515/445 1187/516/445 1189/517/445
f 1189/517/446 1187/516/446 1186/518/446
f 1182/519/447 1184/520/447 1188/521/447
f 1188/521/448 1184/520/448 1187/522/448
f 1191/497/449 1192/498/449 1193/499/449
f 1193/499/450 1192/498/450 1194/500/450
f 1192/501/430 1195/502/430 1194/503/430
f 1195/502/430 1196/504/430 1194/503/430
f 1193/505/431 1197/506/431 1191/507/431
f 1197/506/431 1198/508/431 1191/507/431
f 1198/508/431 1197/506/431 1199/509/431
f 1197/506/451 1196/510/451 1199/509/451
f 1191/511/433 1198/512/433 1192/513/433
f 1198/512/434 1195/514/434 1192/513/434
f 1199/515/452 1196/516/452 1198/517/452
f 1198/517/453 1196/516/453 1195/518/453
f 1193/519/437 1194/520/437 1197/521/437
f 1197/521/438 1194/520/438 1196/522/438
f 1200/497/454 1201/498/454 1202/499/454
f 1202/499/455 1201/498/455 1203/500/455
f 1204/504/430 1203/503/430 1205/502/430
f 1205/502/430 1203/503/430 1201/501/430
f 1200/507/431 1202/505/431 1206/506/431
f 1200/507/431 1206/506/431 1207/508/431
f 1206/506/456 1204/524/456 1207/508/456
f 1200/511/457 1207/512/457 1201/513/457
f 1207/512/458 1205/514/458 1201/513/458
f 1208/515/459 1205/518/459 1207/517/459
f 1205/518/460 1208/515/460 1204/516/460
f 1202/519/461 1203/520/461 1206/521/461
f 1206/521/462 1203/520/462 1204/522/462
f 1585/567/657 1586/568/657 1587/569/657
f 1587/569/657 1586/568/657 1588/570/657
f 1586/571/658 1589/572/658 1588/573/658
f 1589/572/658 1590/574/658 1588/573/658
f 1587/575/659 1591/576/659 1585/577/659
f 1591/576/659 1592/578/659 1585/577/659
f 1592/578/659 1591/576/659 1593/579/659
f 1591/576/660 1590/580/660 1593/579/660
f 1585/581/661 1592/582/661 1586/583/661
f 1592/582/662 1589/584/662 1586/583/662
f 1593/585/663 1590/586/663 1592/587/663
f 1592/587/664 1590/586/664 1589/588/664
f 1587/589/665 1588/590/665 1591/591/665
f 1591/591/666 1588/590/666 1590/592/666
f 1594/569/667 1595/567/667 1596/570/667
f 1595/567/667 1597/568/667 1596/570/667
f 1597/571/668 1598/572/668 1596/573/668
f 1598/572/668 1599/574/668 1596/573/668
f 1594/575/669 1600/576/669 1595/577/669
f 1600/576/670 1601/578/670 1595/577/670
f 1601/578/659 1600/576/659 1602/579/659
f 1600/576/671 1599/593/671 1602/579/671
f 1595/581/672 1601/582/672 1598/584/672
f 1595/581/672 1598/584/672 1597/583/672
f 1602/585/673 1599/586/673 1601/587/673
f 1601/587/674 1599/586/674 1598/588/674
f 1594/589/675 1596/590/675 1600/591/675
f 1600/591/676 1596/590/676 1599/592/676
f 1603/567/677 1604/568/677 1605/569/677
f 1605/569/678 1604/568/678 1606/570/678
f 1604/571/658 1607/572/658 1606/573/658
f 1607/572/658 1608/574/658 1606/573/658
f 1605/575/659 1609/576/659 1603/577/659
f 1609/576/659 1610/578/659 1603/577/659
f 1610/578/659 1609/576/659 1611/579/659
f 1609/576/679 1608/580/679 1611/579/679
f 1603/581/661 1610/582/661 1604/583/661
f 1610/582/662 1607/584/662 1604/583/662
f 1611/585/680 1608/586/680 1610/587/680
f 1610/587/681 1608/586/681 1607/588/681
f 1605/589/665 1606/590/665 1609/591/665
f 1609/591/666 1606/590/666 1608/592/666
f 1612/567/682 1613/568/682 1614/569/682
f 1614/569/683 1613/568/683 1615/570/683
f 1616/574/658 1615/573/658 1617/572/658
f 1617/572/658 1615/573/658 1613/571/658
f 1612/577/659 1614/575/659 1618/576/659
f 1612/577/659 1618/576/659 1619/578/659
f 1618/576/684 1616/594/684 1619/578/684
f 1612/581/685 1619/582/685 1613/583/685
f 1619/582/686 1617/584/686 1613/583/686
f 1620/585/687 1617/588/687 1619/587/687
f 1617/588/688 1620/585/688 1616/586/688
f 1614/589/689 1615/590/689 1618/591/689
f 1618/591/690 1615/590/690 1616/592/690
f 1997/637/885 1998/638/885 1999/639/885
f 1999/639/885 1998/638/885 2000/640/885
f 1998/641/886 2001/642/886 2000/643/886
f 2001/642/886 2002/644/886 2000/643/886
f 1999/645/887 2003/646/887 1997/647/887
f 2003/646/887 2004/648/887 1997/647/887
f 2004/648/887 2003/646/887 2005/649/887
f 2003/646/888 2002/650/888 2005/649/888
f 1997/651/889 2004/652/889 1998/653/889
f 2004/652/890 2001/654/890 1998/653/890
f 2005/655/891 2002/656/891 2004/657/891
f 2004/657/892 2002/656/892 2001/658/892
f 1999/659/893 2000/660/893 2003/661/893
f 2003/661/894 2000/660/894 2002/662/894
f 2006/639/895 2007/637/895 2008/640/895
f 2007/637/895 2009/638/895 2008/640/895
f 2009/641/896 2010/642/896 2008/643/896
f 2010/642/896 2011/644/896 2008/643/896
f 2006/645/897 2012/646/897 2007/647/897
f 2012/646/898 2013/648/898 2007/647/898
f 2013/648/887 2012/646/887 2014/649/887
f 2012/646/899 2011/663/899 2014/649/899
f 2007/651/900 2013/652/900 2010/654/900
f 2007/651/900 2010/654/900 2009/653/900
f 2014/655/901 2011/656/901 2013/657/901
f 2013/657/902 2011/656/902 2010/658/902
f 2006/659/903 2008/660/903 2012/661/903
f 2012/661/904 2008/660/904 2011/662/904
f 2015/637/905 2016/638/905 2017/639/905
f 2017/639/906 2016/638/906 2018/640/906
f 2016/641/886 2019/642/886 2018/643/886
f 2019/642/886 2020/644/886 2018/643/886
f 2017/645/887 2021/646/887 2015/647/887
f 2021/646/887 2022/648/887 2015/647/887
f 2022/648/887 2021/646/887 2023/649/887
f 2021/646/907 2020/650/907 2023/649/907
f 2015/651/889 2022/652/889 2016/653/889
f 2022/652/890 2019/654/890 2016/653/890
f 2023/655/908 2020/656/908 2022/657/908
f 2022/657/909 2020/656/909 2019/658/909
f 2017/659/893 2018/660/893 2021/661/893
f 2021/661/894 2018/660/894 2020/662/894
f 2024/637/910 2025/638/910 2026/639/910
f 2026/639/911 2025/638/911 2027/640/911
f 2028/644/886 2027/643/886 2029/642/886
f 2029/642/886 2027/643/886 2025/641/886
f 2024/647/887 2026/645/887 2030/646/887
f 2024/647/887 2030/646/887 2031/648/887
f 2030/646/912 2028/664/912 2031/648/912
f 2024/651/913 2031/652/913 2025/653/913
f 2031/652/914 2029/654/914 2025/653/914
f 2032/655/915 2029/658/915 2031/657/915
f 2029/658/916 2032/655/916 2028/656/916
f 2026/659/917 2027/660/917 2030/661/917
f 2030/661/918 2027/660/918 2028/662/918
f 2409/707/1113 2410/708/1113 2411/709/1113
f 2411/709/1113 2410/708/1113 2412/710/1113
f 2410/711/1114 2413/712/1114 2412/713/1114
f 2413/712/1114 2414/714/1114 2412/713/1114
f 2411/715/1115 2415/716/1115 2409/717/1115
f 2415/716/1115 2416/718/1115 2409/717/1115
f 2416/718/1115 2415/716/1115 2417/719/1115
f 2415/716/1116 2414/720/1116 2417/719/1116
f 2409/721/1117 2416/722/1117 2410/723/1117
f 2416/722/1118 2413/724/1118 2410/723/1118
f 2417/725/1119 2414/726/1119 2416/727/1119
f 2416/727/1120 2414/726/1120 2413/728/1120
f 2411/729/1121 2412/730/1121 2415/731/1121
f 2415/731/1122 2412/730/1122 2414/732/1122
f 2418/709/1123 2419/707/1123 2420/710/1123
f 2419/707/1123 2421/708/1123 2420/710/1123
f 2421/711/1124 2422/712/1124 2420/713/1124
f 2422/712/1124 2423/714/1124 2420/713/1124
f 2418/715/1125 2424/716/1125 2419/717/1125
f 2424/716/1126 2425/718/1126 2419/717/1126
f 2425/718/1115 2424/716/1115 2426/719/1115
f 2424/716/1127 2423/733/1127 2426/719/1127
f 2419/721/1128 2425/722/1128 2422/724/1128
f 2419/721/1128 2422/724/1128 2421/723/1128
f 2426/725/1129 2423/726/1129 2425/727/1129
f 2425/727/1130 2423/726/1130 2422/728/1130
f 2418/729/1131 2420/730/1131 2424/731/1131
f 2424/731/1132 2420/730/1132 2423/732/1132
f 2427/707/1133 2428/708/1133 2429/709/1133
f 2429/709/1134 2428/708/1134 2430/710/1134
f 2428/711/1114 2431/712/1114 2430/713/1114
f 2431/712/1114 2432/714/1114 2430/713/1114
f 2429/715/1115 2433/716/1115 2427/717/1115
f 2433/716/1115 2434/718/1115 2427/717/1115
f 2434/718/1115 2433/716/1115 2435/719/1115
f 2433/716/1135 2432/720/1135 2435/719/1135
f 2427/721/1117 2434/722/1117 2428/723/1117
f 2434/722/1118 2431/724/1118 2428/723/1118
f 2435/725/1136 2432/726/1136 2434/727/1136
f 2434/727/1137 2432/726/1137 2431/728/1137
f 2429/729/1121 2430/730/1121 2433/731/1121
f 2433/731/1122 2430/730/1122 2432/732/1122
f 2436/707/1138 2437/708/1138 2438/709/1138
f 2438/709/1139 2437/708/1139 2439/710/1139
f 2440/714/1114 2439/713/1114 2441/712/1114
f 2441/712/1114 2439/713/1114 2437/711/1114
f 2436/717/1115 2438/715/1115 2442/716/1115
f 2436/717/1115 2442/716/1115 2443/718/1115
f 2442/716/1140 2440/734/1140 2443/718/1140
f 2436/721/1141 2443/722/1141 2437/723/1141
f 2443/722/1142 2441/724/1142 2437/723/1142
f 2444/725/1143 2441/728/1143 2443/727/1143
f 2441/728/1144 2444/725/1144 2440/726/1144
f 2438/729/1145 2439/730/1145 2442/731/1145
f 2442/731/1146 2439/730/1146 2440/732/1146

usemtl boxes_$Material_0
f 2445/735/1147 2446/736/1147 2447/737/1147
f 2446/736/1147 2445/735/1147 2448/738/1147
f 2448/739/1148 2449/740/1148 2446/741/1148
f 2449/740/1148 2448/739/1148 2450/742/1148
f 2451/743/1149 2445/744/1149 2447/745/1149
f 2445/744/1149 2451/743/1149 2452/746/1149
f 2453/747/1149 2452/746/1149 2451/743/1149
f 2452/748/1150 2448/749/1150 2445/750/1150
f 2448/749/1150 2452/748/1150 2450/751/1150
f 2452/752/1151 2453/753/1151 2449/754/1151
f 2452/752/1152 2449/754/1152 2450/755/1152
f 2451/756/1153 2449/757/1153 2453/758/1153
f 2449/757/1154 2451/756/1154 2446/759/1154
f 2451/756/1155 2447/760/1155 2446/759/1155
f 2454/735/1156 2455/736/1156 2456/737/1156
f 2455/736/1156 2454/735/1156 2457/738/1156
f 2457/739/1148 2458/740/1148 2455/741/1148
f 2458/740/1148 2457/739/1148 2459/742/1148
f 2460/746/1149 2461/743/1149 2462/747/1149
f 2454/744/1149 2461/743/1149 2460/746/1149
f 2461/743/1149 2454/744/1149 2456/745/1149
f 2460/748/1157 2457/749/1157 2454/750/1157
f 2457/749/1158 2460/748/1158 2459/751/1158
f 2460/752/1159 2462/753/1159 2458/754/1159
f 2460/752/1160 2458/754/1160 2459/755/1160
f 2461/756/1161 2458/757/1161 2462/758/1161
f 2458/757/1162 2461/756/1162 2455/759/1162
f 2461/756/1163 2456/760/1163 2455/759/1163
f 2463/735/1156 2464/736/1156 2465/737/1156
f 2464/736/1156 2463/735/1156 2466/738/1156
f 2466/739/1148 2467/740/1148 2464/741/1148
f 2467/740/1148 2466/739/1148 2468/742/1148
f 2469/746/1149 2470/743/1149 2471/747/1149
f 2463/744/1149 2470/743/1149 2469/746/1149
f 2470/743/1149 2463/744/1149 2465/745/1149
f 2469/748/1157 2466/749/1157 2463/750/1157
f 2466/749/1164 2469/748/1164 2468/751/1164
f 2469/752/1159 2471/753/1159 2467/754/1159
f 2469/752/1165 2467/754/1165 2468/755/1165
f 2470/756/1161 2467/757/1161 2471/758/1161
f 2467/757/1166 2470/756/1166 2464/759/1166
f 2470/756/1163 2465/760/1163 2464/759/1163
f 2472/735/1156 2473/736/1156 2474/737/1156
f 2473/736/1156 2472/735/1156 2475/738/1156
f 2475/739/1148 2476/740/1148 2473/741/1148
f 2476/740/1148 2475/739/1148 2477/742/1148
f 2478/746/1149 2479/743/1149 2480/747/1149
f 2472/744/1149 2479/743/1149 2478/746/1149
f 2479/743/1149 2472/744/1149 2474/745/1149
f 2478/748/1157 2475/749/1157 2472/750/1157
f 2475/749/1167 2478/748/1167 2477/751/1167
f 2478/752/1159 2480/753/1159 2476/754/1159
f 2478/752/1168 2476/754/1168 2477/755/1168
f 2479/756/1161 2476/757/1161 2480/758/1161
f 2476/757/1169 2479/756/1169 2473/759/1169
f 2479/756/1163 2474/760/1163 2473/759/1163
f 2481/735/1170 2482/736/1170 2483/737/1170
f 2482/736/1170 2481/735/1170 2484/738/1170
f 2484/739/1148 2485/740/1148 2482/741/1148
f 2485/740/1148 2484/739/1148 2486/742/1148
f 2487/746/1149 2488/743/1149 2489/747/1149
f 2481/744/1149 2488/743/1149 2487/746/1149
f 2488/743/1149 2481/744/1149 2483/745/1149
f 2487/748/1171 2484/749/1171 2481/750/1171
f 2484/749/1171 2487/748/1171 2486/751/1171
f 2487/752/1172 2489/753/1172 2485/754/1172
f 2487/752/1172 2485/754/1172 2486/755/1172
f 2488/756/1173 2485/757/1173 2489/758/1173
f 2485/757/1174 2488/756/1174 2482/759/1174
f 2488/756/1175 2483/760/1175 2482/759/1175
f 2490/735/1170 2491/736/1170 2492/737/1170
f 2491/736/1170 2490/735/1170 2493/738/1170
f 2493/739/1148 2494/740/1148 2491/741/1148
f 2494/740/1148 2493/739/1148 2495/742/1148
f 2496/746/1149 2497/743/1149 2498/747/1149
f 2490/744/1149 2497/743/1149 2496/746/1149
f 2497/743/1149 2490/744/1149 2492/745/1149
f 2496/748/1171 2493/749/1171 2490/750/1171
f 2493/749/1171 2496/748/1171 2495/751/1171
f 2496/752/1172 2498/753/1172 2494/754/1172
f 2496/752/1172 2494/754/1172 2495/755/1172
f 2497/756/1173 2494/757/1173 2498/758/1173
f 2494/757/1174 2497/756/1174 2491/759/1174
f 2497/756/1175 2492/760/1175 2491/759/1175
f 2499/735/1170 2500/736/1170 2501/737/1170
f 2500/736/1170 2499/735/1170 2502/738/1170
f 2502/739/1148 2503/740/1148 2500/741/1148
f 2503/740/1148 2502/739/1148 2504/742/1148
f 2505/746/1149 2506/743/1149 2507/747/1149
f 2499/744/1149 2506/743/1149 2505/746/1149
f 2506/743/1149 2499/744/1149 2501/745/1149
f 2505/748/1171 2502/749/1171 2499/750/1171
f 2502/749/1171 2505/748/1171 2504/751/1171
f 2505/752/1172 2507/753/1172 2503/754/1172
f 2505/752/1172 2503/754/1172 2504/755/1172
f 2506/756/1173 2503/757/1173 2507/758/1173
f 2503/757/1176 2506/756/1176 2500/759/1176
f 2506/756/1175 2501/760/1175 2500/759/1175
f 2508/735/1177 2509/736/1177 2510/737/1177
f 2509/736/1177 2508/735/1177 2511/738/1177
f 2511/739/1148 2512/740/1148 2509/741/1148
f 2512/740/1148 2511/739/1148 2513/742/1148
f 2514/746/1149 2515/743/1149 2516/747/1149
f 2508/744/1149 2515/743/1149 2514/746/1149
f 2515/743/1149 2508/744/1149 2510/745/1149
f 2514/748/1178 2511/749/1178 2508/750/1178
f 2511/749/1178 2514/748/1178 2513/751/1178
f 2514/752/1179 2516/753/1179 2512/754/1179
f 2514/752/1179 2512/754/1179 2513/755/1179
f 2515/756/1180 2512/757/1180 2516/758/1180
f 2512/757/1181 2515/756/1181 2509/759/1181
f 2515/756/1182 2510/760/1182 2509/759/1182
f 2517/735/1183 2518/736/1183 2519/737/1183
f 2518/736/1183 2517/735/1183 2520/738/1183
f 2520/739/1148 2521/740/1148 2518/741/1148
f 2521/740/1148 2520/739/1148 2522/742/1148
f 2523/743/1149 2517/744/1149 2519/745/1149
f 2517/744/1149 2523/743/1149 2524/746/1149
f 2525/747/1149 2524/746/1149 2523/743/1149
f 2524/748/1184 2520/749/1184 2517/750/1184
f 2520/749/1184 2524/748/1184 2522/751/1184
f 2524/752/1185 2525/753/1185 2521/754/1185
f 2524/752/1152 2521/754/1152 2522/755/1152
f 2523/756/1186 2521/757/1186 2525/758/1186
f 2521/757/1187 2523/756/1187 2518/759/1187
f 2523/756/1188 2519/760/1188 2518/759/1188
f 2526/735/1183 2527/736/1183 2528/737/1183
f 2527/736/1183 2526/735/1183 2529/738/1183
f 2529/739/1148 2530/740/1148 2527/741/1148
f 2530/740/1148 2529/739/1148 2531/742/1148
f 2532/743/1149 2526/744/1149 2528/745/1149
f 2526/744/1149 2532/743/1149 2533/746/1149
f 2534/747/1149 2533/746/1149 2532/743/1149
f 2533/748/1184 2529/749/1184 2526/750/1184
f 2529/749/1184 2533/748/1184 2531/751/1184
f 2533/752/1185 2534/753/1185 2530/754/1185
f 2533/752/1152 2530/754/1152 2531/755/1152
f 2532/756/1189 2530/757/1189 2534/758/1189
f 2530/757/1187 2532/756/1187 2527/759/1187
f 2532/756/1188 2528/760/1188 2527/759/1188
f 2535/735/1190 2536/736/1190 2537/737/1190
f 2536/736/1190 2535/735/1190 2538/738/1190
f 2538/739/1148 2539/740/1148 2536/741/1148
f 2539/740/1148 2538/739/1148 2540/742/1148
f 2541/743/1149 2535/744/1149 2537/745/1149
f 2535/744/1149 2541/743/1149 2542/746/1149
f 2543/747/1149 2542/746/1149 2541/743/1149
f 2542/748/1191 2538/749/1191 2535/750/1191
f 2538/749/1191 2542/748/1191 2540/751/1191
f 2542/752/1192 2543/753/1192 2539/754/1192
f 2542/752/1193 2539/754/1193 2540/755/1193
f 2541/756/1194 2539/757/1194 2543/758/1194
f 2539/757/1195 2541/756/1195 2536/759/1195
f 2541/756/1196 2537/760/1196 2536/759/1196
f 2544/735/1190 2545/736/1190 2546/737/1190
f 2545/736/1190 2544/735/1190 2547/738/1190
f 2547/739/1148 2548/740/1148 2545/741/1148
f 2548/740/1148 2547/739/1148 2549/742/1148
f 2550/743/1149 2544/744/1149 2546/745/1149
f 2544/744/1149 2550/743/1149 2551/746/1149
f 2552/747/1149 2551/746/1149 2550/743/1149
f 2551/748/1191 2547/749/1191 2544/750/1191
f 2547/749/1191 2551/748/1191 2549/751/1191
f 2551/752/1192 2552/753/1192 2548/754/1192
f 2551/752/1193 2548/754/1193 2549/755/1193
f 2550/756/1197 2548/757/1197 2552/758/1197
f 2548/757/1198 2550/756/1198 2545/759/1198
f 2550/756/1196 2546/760/1196 2545/759/1196
f 2553/735/1190 2554/736/1190 2555/737/1190
f 2554/736/1190 2553/735/1190 2556/738/1190
f 2556/739/1148 2557/740/1148 2554/741/1148
f 2557/740/1148 2556/739/1148 2558/742/1148
f 2559/743/1149 2553/744/1149 2555/745/1149
f 2553/744/1149 2559/743/1149 2560/746/1149
f 2561/747/1149 2560/746/1149 2559/743/1149
f 2560/748/1191 2556/749/1191 2553/750/1191
f 2556/749/1191 2560/748/1191 2558/751/1191
f 2560/752/1199 2561/753/1199 2557/754/1199
f 2560/752/1193 2557/754/1193 2558/755/1193
f 2559/756/1200 2557/757/1200 2561/758/1200
f 2557/757/1201 2559/756/1201 2554/759/1201
f 2559/756/1196 2555/760/1196 2554/759/1196
f 2562/735/1202 2563/736/1202 2564/737/1202
f 2563/736/1202 2562/735/1202 2565/738/1202
f 2565/739/1148 2566/740/1148 2563/741/1148
f 2566/740/1148 2565/739/1148 2567/742/1148
f 2568/746/1149 2569/743/1149 2570/747/1149
f 2562/744/1149 2569/743/1149 2568/746/1149
f 2569/743/1149 2562/744/1149 2564/745/1149
f 2568/748/1203 2565/749/1203 2562/750/1203
f 2565/749/1204 2568/748/1204 2567/751/1204
f 2568/752/1205 2570/753/1205 2566/754/1205
f 2568/752/1206 2566/754/1206 2567/755/1206
f 2569/756/1207 2566/757/1207 2570/758/1207
f 2566/757/1208 2569/756/1208 2563/759/1208
f 2569/756/1209 2564/760/1209 2563/759/1209
f 2571/735/1210 2572/736/1210 2573/737/1210
f 2572/736/1210 2571/735/1210 2574/738/1210
f 2574/739/1148 2575/740/1148 2572/741/1148
f 2575/740/1148 2574/739/1148 2576/742/1148
f 2577/743/1149 2571/744/1149 2573/745/1149
f 2571/744/1149 2577/743/1149 2578/746/1149
f 2579/747/1149 2578/746/1149 2577/743/1149
f 2578/748/1211 2574/749/1211 2571/750/1211
f 2574/749/1212 2578/748/1212 2576/751/1212
f 2578/752/1213 2579/753/1213 2575/754/1213
f 2578/752/1214 2575/754/1214 2576/755/1214
f 2577/756/1215 2575/757/1215 2579/758/1215
f 2575/757/1216 2577/756/1216 2572/759/1216
f 2577/756/1217 2573/760/1217 2572/759/1217
f 2580/735/1210 2581/736/1210 2582/737/1210
f 2581/736/1210 2580/735/1210 2583/738/1210
f 2583/739/1148 2584/740/1148 2581/741/1148
f 2584/740/1148 2583/739/1148 2585/742/1148
f 2586/743/1149 2580/744/1149 2582/745/1149
f 2580/744/1149 2586/743/1149 2587/746/1149
f 2588/747/1149 2587/746/1149 2586/743/1149
f 2587/748/1211 2583/749/1211 2580/750/1211
f 2583/749/1218 2587/748/1218 2585/751/1218
f 2587/752/1213 2588/753/1213 2584/754/1213
f 2587/752/1219 2584/754/1219 2585/755/1219
f 2586/756/1215 2584/757/1215 2588/758/1215
f 2584/757/1220 2586/756/1220 2581/759/1220
f 2586/756/1217 2582/760/1217 2581/759/1217
f 2589/735/1210 2590/736/1210 2591/737/1210
f 2590/736/1210 2589/735/1210 2592/738/1210
f 2592/739/1148 2593/740/1148 2590/741/1148
f 2593/740/1148 2592/739/1148 2594/742/1148
f 2595/743/1149 2589/744/1149 2591/745/1149
f 2589/744/1149 2595/743/1149 2596/746/1149
f 2597/747/1149 2596/746/1149 2595/743/1149
f 2596/748/1221 2592/749/1221 2589/750/1221
f 2592/749/1222 2596/748/1222 2594/751/1222
f 2596/752/1213 2597/753/1213 2593/754/1213
f 2596/752/1223 2593/754/1223 2594/755/1223
f 2595/756/1224 2593/757/1224 2597/758/1224
f 2593/757/1225 2595/756/1225 2590/759/1225
f 2595/756/1217 2591/760/1217 2590/759/1217
f 2598/735/1226 2599/736/1226 2600/737/1226
f 2599/736/1226 2598/735/1226 2601/738/1226
f 2601/739/1148 2602/740/1148 2599/741/1148
f 2602/740/1148 2601/739/1148 2603/742/1148
f 2604/743/1149 2598/744/1149 2600/745/1149
f 2598/744/1149 2604/743/1149 2605/746/1149
f 2606/747/1149 2605/746/1149 2604/743/1149
f 2605/748/1227 2601/749/1227 2598/750/1227
f 2601/749/1228 2605/748/1228 2603/751/1228
f 2605/752/1152 2606/753/1152 2602/754/1152
f 2605/752/1185 2602/754/1185 2603/755/1185
f 2604/756/1229 2602/757/1229 2606/758/1229
f 2602/757/1230 2604/756/1230 2599/759/1230
f 2604/756/1231 2600/760/1231 2599/759/1231
f 2607/735/1226 2608/736/1226 2609/737/1226
f 2608/736/1226 2607/735/1226 2610/738/1226
f 2610/739/1148 2611/740/1148 2608/741/1148
f 2611/740/1148 2610/739/1148 2612/742/1148
f 2613/743/1149 2607/744/1149 2609/745/1149
f 2607/744/1149 2613/743/1149 2614/746/1149
f 2615/747/1149 2614/746/1149 2613/743/1149
f 2614/748/1227 2610/749/1227 2607/750/1227
f 2610/749/1232 2614/748/1232 2612/751/1232
f 2614/752/1152 2615/753/1152 2611/754/1152
f 2614/752/1185 2611/754/1185 2612/755/1185
f 2613/756/1229 2611/757/1229 2615/758/1229
f 2611/757/1233 2613/756/1233 2608/759/1233
f 2613/756/1231 2609/760/1231 2608/759/1231
f 2616/735/1226 2617/736/1226 2618/737/1226
f 2617/736/1226 2616/735/1226 2619/738/1226
f 2619/739/1148 2620/740/1148 2617/741/1148
f 2620/740/1148 2619/739/1148 2621/742/1148
f 2622/743/1149 2616/744/1149 2618/745/1149
f 2616/744/1149 2622/743/1149 2623/746/1149
f 2624/747/1149 2623/746/1149 2622/743/1149
f 2623/748/1227 2619/749/1227 2616/750/1227
f 2619/749/1234 2623/748/1234 2621/751/1234
f 2623/752/1152 2624/753/1152 2620/754/1152
f 2623/752/1151 2620/754/1151 2621/755/1151
f 2622/756/1229 2620/757/1229 2624/758/1229
f 2620/757/1235 2622/756/1235 2617/759/1235
f 2622/756/1231 2618/760/1231 2617/759/1231
f 2625/735/1236 2626/736/1236 2627/737/1236
f 2626/736/1236 2625/735/1236 2628/738/1236
f 2628/739/1148 2629/740/1148 2626/741/1148
f 2629/740/1148 2628/739/1148 2630/742/1148
f 2631/743/1149 2625/744/1149 2627/745/1149
f 2625/744/1149 2631/743/1149 2632/746/1149
f 2633/747/1149 2632/746/1149 2631/743/1149
f 2632/748/1237 2628/749/1237 2625/750/1237
f 2628/749/1238 2632/748/1238 2630/751/1238
f 2632/752/1239 2633/753/1239 2629/754/1239
f 2632/752/1240 2629/754/1240 2630/755/1240
f 2631/756/1241 2629/757/1241 2633/758/1241
f 2629/757/1242 2631/756/1242 2626/759/1242
f 2631/756/1243 2627/760/1243 2626/759/1243
f 2634/735/1244 2635/736/1244 2636/737/1244
f 2635/736/1244 2634/735/1244 2637/738/1244
f 2637/739/1148 2638/740/1148 2635/741/1148
f 2638/740/1148 2637/739/1148 2639/742/1148
f 2640/746/1149 2641/743/1149 2642/747/1149
f 2634/744/1149 2641/743/1149 2640/746/1149
f 2641/743/1149 2634/744/1149 2636/745/1149
f 2640/748/1245 2637/749/1245 2634/750/1245
f 2637/749/1246 2640/748/1246 2639/751/1246
f 2640/752/1247 2642/753/1247 2638/754/1247
f 2640/752/1248 2638/754/1248 2639/755/1248
f 2641/756/1249 2638/757/1249 2642/758/1249
f 2638/757/1250 2641/756/1250 2635/759/1250
f 2641/756/1251 2636/760/1251 2635/759/1251
f 2643/735/1244 2644/736/1244 2645/737/1244
f 2644/736/1244 2643/735/1244 2646/738/1244
f 2646/739/1148 2647/740/1148 2644/741/1148
f 2647/740/1148 2646/739/1148 2648/742/1148
f 2649/746/1149 2650/743/1149 2651/747/1149
f 2643/744/1149 2650/743/1149 2649/746/1149
f 2650/743/1149 2643/744/1149 2645/745/1149
f 2649/748/1245 2646/749/1245 2643/750/1245
f 2646/749/1252 2649/748/1252 2648/751/1252
f 2649/752/1247 2651/753/1247 2647/754/1247
f 2649/752/1248 2647/754/1248 2648/755/1248
f 2650/756/1249 2647/757/1249 2651/758/1249
f 2647/757/1253 2650/756/1253 2644/759/1253
f 2650/756/1254 2645/760/1254 2644/759/1254
f 2652/735/1244 2653/736/1244 2654/737/1244
f 2653/736/1244 2652/735/1244 2655/738/1244
f 2655/739/1148 2656/740/1148 2653/741/1148
f 2656/740/1148 2655/739/1148 2657/742/1148
f 2658/746/1149 2659/743/1149 2660/747/1149
f 2652/744/1149 2659/743/1149 2658/746/1149
f 2659/743/1149 2652/744/1149 2654/745/1149
f 2658/748/1245 2655/749/1245 2652/750/1245
f 2655/749/1255 2658/748/1255 2657/751/1255
f 2658/752/1247 2660/753/1247 2656/754/1247
f 2658/752/1256 2656/754/1256 2657/755/1256
f 2659/756/1249 2656/757/1249 2660/758/1249
f 2656/757/1257 2659/756/1257 2653/759/1257
f 2659/756/1254 2654/760/1254 2653/759/1254
f 2661/761/1258 2662/762/1258 2663/763/1258
f 2662/762/1258 2661/761/1258 2664/764/1258
f 2664/765/1259 2665/766/1259 2662/767/1259
f 2665/766/1259 2664/765/1259 2666/768/1259
f 2667/769/1260 2661/770/1260 2663/771/1260
f 2661/770/1260 2667/769/1260 2668/772/1260
f 2669/773/1260 2668/772/1260 2667/769/1260
f 2668/774/1261 2664/775/1261 2661/776/1261
f 2664/775/1261 2668/774/1261 2666/777/1261
f 2668/778/1262 2669/779/1262 2665/780/1262
f 2668/778/1263 2665/780/1263 2666/781/1263
f 2667/782/1264 2665/783/1264 2669/784/1264
f 2665/783/1265 2667/782/1265 2662/785/1265
f 2667/782/1266 2663/786/1266 2662/785/1266
f 2670/761/1267 2671/762/1267 2672/763/1267
f 2671/762/1267 2670/761/1267 2673/764/1267
f 2673/765/1259 2674/766/1259 2671/767/1259
f 2674/766/1259 2673/765/1259 2675/768/1259
f 2676/772/1260 2677/769/1260 2678/773/1260
f 2670/770/1260 2677/769/1260 2676/772/1260
f 2677/769/1260 2670/770/1260 2672/771/1260
f 2676/774/1268 2673/775/1268 2670/776/1268
f 2673/775/1269 2676/774/1269 2675/777/1269
f 2676/778/1270 2678/779/1270 2674/780/1270
f 2676/778/1271 2674/780/1271 2675/781/1271
f 2677/782/1272 2674/783/1272 2678/784/1272
f 2674/783/1273 2677/782/1273 2671/785/1273
f 2677/782/1274 2672/786/1274 2671/785/1274
f 2679/761/1267 2680/762/1267 2681/763/1267
f 2680/762/1267 2679/761/1267 2682/764/1267
f 2682/765/1259 2683/766/1259 2680/767/1259
f 2683/766/1259 2682/765/1259 2684/768/1259
f 2685/772/1260 2686/769/1260 2687/773/1260
f 2679/770/1260 2686/769/1260 2685/772/1260
f 2686/769/1260 2679/770/1260 2681/771/1260
f 2685/774/1268 2682/775/1268 2679/776/1268
f 2682/775/1275 2685/774/1275 2684/777/1275
f 2685/778/1270 2687/779/1270 2683/780/1270
f 2685/778/1276 2683/780/1276 2684/781/1276
f 2686/782/1272 2683/783/1272 2687/784/1272
f 2683/783/1277 2686/782/1277 2680/785/1277
f 2686/782/1274 2681/786/1274 2680/785/1274
f 2688/761/1267 2689/762/1267 2690/763/1267
f 2689/762/1267 2688/761/1267 2691/764/1267
f 2691/765/1259 2692/766/1259 2689/767/1259
f 2692/766/1259 2691/765/1259 2693/768/1259
f 2694/772/1260 2695/769/1260 2696/773/1260
f 2688/770/1260 2695/769/1260 2694/772/1260
f 2695/769/1260 2688/770/1260 2690/771/1260
f 2694/774/1268 2691/775/1268 2688/776/1268
f 2691/775/1278 2694/774/1278 2693/777/1278
f 2694/778/1270 2696/779/1270 2692/780/1270
f 2694/778/1279 2692/780/1279 2693/781/1279
f 2695/782/1272 2692/783/1272 2696/784/1272
f 2692/783/1280 2695/782/1280 2689/785/1280
f 2695/782/1274 2690/786/1274 2689/785/1274
f 2697/761/1281 2698/762/1281 2699/763/1281
f 2698/762/1281 2697/761/1281 2700/764/1281
f 2700/765/1259 2701/766/1259 2698/767/1259
f 2701/766/1259 2700/765/1259 2702/768/1259
f 2703/772/1260 2704/769/1260 2705/773/1260
f 2697/770/1260 2704/769/1260 2703/772/1260
f 2704/769/1260 2697/770/1260 2699/771/1260
f 2703/774/1282 2700/775/1282 2697/776/1282
f 2700/775/1282 2703/774/1282 2702/777/1282
f 2703/778/1283 2705/779/1283 2701/780/1283
f 2703/778/1283 2701/780/1283 2702/781/1283
f 2704/782/1284 2701/783/1284 2705/784/1284
f 2701/783/1285 2704/782/1285 2698/785/1285
f 2704/782/1286 2699/786/1286 2698/785/1286
f 2706/761/1281 2707/762/1281 2708/763/1281
f 2707/762/1281 2706/761/1281 2709/764/1281
f 2709/765/1259 2710/766/1259 2707/767/1259
f 2710/766/1259 2709/765/1259 2711/768/1259
f 2712/772/1260 2713/769/1260 2714/773/1260
f 2706/770/1260 2713/769/1260 2712/772/1260
f 2713/769/1260 2706/770/1260 2708/771/1260
f 2712/774/1282 2709/775/1282 2706/776/1282
f 2709/775/1282 2712/774/1282 2711/777/1282
f 2712/778/1283 2714/779/1283 2710/780/1283
f 2712/778/1283 2710/780/1283 2711/781/1283
f 2713/782/1284 2710/783/1284 2714/784/1284
f 2710/783/1285 2713/782/1285 2707/785/1285
f 2713/782/1286 2708/786/1286 2707/785/1286
f 2715/761/1281 2716/762/1281 2717/763/1281
f 2716/762/1281 2715/761/1281 2718/764/1281
f 2718/765/1259 2719/766/1259 2716/767/1259
f 2719/766/1259 2718/765/1259 2720/768/1259
f 2721/772/1260 2722/769/1260 2723/773/1260
f 2715/770/1260 2722/769/1260 2721/772/1260
f 2722/769/1260 2715/770/1260 2717/771/1260
f 2721/774/1282 2718/775/1282 2715/776/1282
f 2718/775/1282 2721/774/1282 2720/777/1282
f 2721/778/1283 2723/779/1283 2719/780/1283
f 2721/778/1283 2719/780/1283 2720/781/1283
f 2722/782/1284 2719/783/1284 2723/784/1284
f 2719/783/1287 2722/782/1287 2716/785/1287
f 2722/782/1286 2717/786/1286 2716/785/1286
f 2724/761/1288 2725/762/1288 2726/763/1288
f 2725/762/1288 2724/761/1288 2727/764/1288
f 2727/765/1259 2728/766/1259 2725/767/1259
f 2728/766/1259 2727/765/1259 2729/768/1259
f 2730/772/1260 2731/769/1260 2732/773/1260
f 2724/770/1260 2731/769/1260 2730/772/1260
f 2731/769/1260 2724/770/1260 2726/771/1260
f 2730/774/1289 2727/775/1289 2724/776/1289
f 2727/775/1289 2730/774/1289 2729/777/1289
f 2730/778/1290 2732/779/1290 2728/780/1290
f 2730/778/1290 2728/780/1290 2729/781/1290
f 2731/782/1291 2728/783/1291 2732/784/1291
f 2728/783/1292 2731/782/1292 2725/785/1292
f 2731/782/1293 2726/786/1293 2725/785/1293
f 2733/761/1294 2734/762/1294 2735/763/1294
f 2734/762/1294 2733/761/1294 2736/764/1294
f 2736/765/1259 2737/766/1259 2734/767/1259
f 2737/766/1259 2736/765/1259 2738/768/1259
f 2739/769/1260 2733/770/1260 2735/771/1260
f 2733/770/1260 2739/769/1260 2740/772/1260
f 2741/773/1260 2740/772/1260 2739/769/1260
f 2740/774/1295 2736/775/1295 2733/776/1295
f 2736/775/1295 2740/774/1295 2738/777/1295
f 2740/778/1296 2741/779/1296 2737/780/1296
f 2740/778/1263 2737/780/1263 2738/781/1263
f 2739/782/1297 2737/783/1297 2741/784/1297
f 2737/783/1298 2739/782/1298 2734/785/1298
f 2739/782/1299 2735/786/1299 2734/785/1299
f 2742/761/1294 2743/762/1294 2744/763/1294
f 2743/762/1294 2742/761/1294 2745/764/1294
f 2745/765/1259 2746/766/1259 2743/767/1259
f 2746/766/1259 2745/765/1259 2747/768/1259
f 2748/769/1260 2742/770/1260 2744/771/1260
f 2742/770/1260 2748/769/1260 2749/772/1260
f 2750/773/1260 2749/772/1260 2748/769/1260
f 2749/774/1295 2745/775/1295 2742/776/1295
f 2745/775/1295 2749/774/1295 2747/777/1295
f 2749/778/1296 2750/779/1296 2746/780/1296
f 2749/778/1263 2746/780/1263 2747/781/1263
f 2748/782/1300 2746/783/1300 2750/784/1300
f 2746/783/1298 2748/782/1298 2743/785/1298
f 2748/782/1299 2744/786/1299 2743/785/1299
f 2751/761/1301 2752/762/1301 2753/763/1301
f 2752/762/1301 2751/761/1301 2754/764/1301
f 2754/765/1259 2755/766/1259 2752/767/1259
f 2755/766/1259 2754/765/1259 2756/768/1259
f 2757/769/1260 2751/770/1260 2753/771/1260
f 2751/770/1260 2757/769/1260 2758/772/1260
f 2759/773/1260 2758/772/1260 2757/769/1260
f 2758/774/1302 2754/775/1302 2751/776/1302
f 2754/775/1302 2758/774/1302 2756/777/1302
f 2758/778/1303 2759/779/1303 2755/780/1303
f 2758/778/1304 2755/780/1304 2756/781/1304
f 2757/782/1305 2755/783/1305 2759/784/1305
f 2755/783/1306 2757/782/1306 2752/785/1306
f 2757/782/1307 2753/786/1307 2752/785/1307
f 2760/761/1301 2761/762/1301 2762/763/1301
f 2761/762/1301 2760/761/1301 2763/764/1301
f 2763/765/1259 2764/766/1259 2761/767/1259
f 2764/766/1259 2763/765/1259 2765/768/1259
f 2766/769/1260 2760/770/1260 2762/771/1260
f 2760/770/1260 2766/769/1260 2767/772/1260
f 2768/773/1260 2767/772/1260 2766/769/1260
f 2767/774/1302 2763/775/1302 2760/776/1302
f 2763/775/1302 2767/774/1302 2765/777/1302
f 2767/778/1303 2768/779/1303 2764/780/1303
f 2767/778/1304 2764/780/1304 2765/781/1304
f 2766/782/1308 2764/783/1308 2768/784/1308
f 2764/783/1309 2766/782/1309 2761/785/1309
f 2766/782/1307 2762/786/1307 2761/785/1307
f 2769/761/1301 2770/762/1301 2771/763/1301
f 2770/762/1301 2769/761/1301 2772/764/1301
f 2772/765/1259 2773/766/1259 2770/767/1259
f 2773/766/1259 2772/765/1259 2774/768/1259
f 2775/769/1260 2769/770/1260 2771/771/1260
f 2769/770/1260 2775/769/1260 2776/772/1260
f 2777/773/1260 2776/772/1260 2775/769/1260
f 2776/774/1302 2772/775/1302 2769/776/1302
f 2772/775/1302 2776/774/1302 2774/777/1302
f 2776/778/1310 2777/779/1310 2773/780/1310
f 2776/778/1304 2773/780/1304 2774/781/1304
f 2775/782/1311 2773/783/1311 2777/784/1311
f 2773/783/1312 2775/782/1312 2770/785/1312
f 2775/782/1307 2771/786/1307 2770/785/1307
f 2778/761/1313 2779/762/1313 2780/763/1313
f 2779/762/1313 2778/761/1313 2781/764/1313
f 2781/765/1259 2782/766/1259 2779/767/1259
f 2782/766/1259 2781/765/1259 2783/768/1259
f 2784/772/1260 2785/769/1260 2786/773/1260
f 2778/770/1260 2785/769/1260 2784/772/1260
f 2785/769/1260 2778/770/1260 2780/771/1260
f 2784/774/1314 2781/775/1314 2778/776/1314
f 2781/775/1315 2784/774/1315 2783/777/1315
f 2784/778/1316 2786/779/1316 2782/780/1316
f 2784/778/1317 2782/780/1317 2783/781/1317
f 2785/782/1318 2782/783/1318 2786/784/1318
f 2782/783/1319 2785/782/1319 2779/785/1319
f 2785/782/1320 2780/786/1320 2779/785/1320
f 2787/761/1321 2788/762/1321 2789/763/1321
f 2788/762/1321 2787/761/1321 2790/764/1321
f 2790/765/1259 2791/766/1259 2788/767/1259
f 2791/766/1259 2790/765/1259 2792/768/1259
f 2793/769/1260 2787/770/1260 2789/771/1260
f 2787/770/1260 2793/769/1260 2794/772/1260
f 2795/773/1260 2794/772/1260 2793/769/1260
f 2794/774/1322 2790/775/1322 2787/776/1322
f 2790/775/1323 2794/774/1323 2792/777/1323
f 2794/778/1324 2795/779/1324 2791/780/1324
f 2794/778/1325 2791/780/1325 2792/781/1325
f 2793/782/1326 2791/783/1326 2795/784/1326
f 2791/783/1327 2793/782/1327 2788/785/1327
f 2793/782/1328 2789/786/1328 2788/785/1328
f 2796/761/1321 2797/762/1321 2798/763/1321
f 2797/762/1321 2796/761/1321 2799/764/1321
f 2799/765/1259 2800/766/1259 2797/767/1259
f 2800/766/1259 2799/765/1259 2801/768/1259
f 2802/769/1260 2796/770/1260 2798/771/1260
f 2796/770/1260 2802/769/1260 2803/772/1260
f 2804/773/1260 2803/772/1260 2802/769/1260
f 2803/774/1322 2799/775/1322 2796/776/1322
f 2799/775/1329 2803/774/1329 2801/777/1329
f 2803/778/1324 2804/779/1324 2800/780/1324
f 2803/778/1330 2800/780/1330 2801/781/1330
f 2802/782/1326 2800/783/1326 2804/784/1326
f 2800/783/1331 2802/782/1331 2797/785/1331
f 2802/782/1328 2798/786/1328 2797/785/1328
f 2805/761/1321 2806/762/1321 2807/763/1321
f 2806/762/1321 2805/761/1321 2808/764/1321
f 2808/765/1259 2809/766/1259 2806/767/1259
f 2809/766/1259 2808/765/1259 2810/768/1259
f 2811/769/1260 2805/770/1260 2807/771/1260
f 2805/770/1260 2811/769/1260 2812/772/1260
f 2813/773/1260 2812/772/1260 2811/769/1260
f 2812/774/1332 2808/775/1332 2805/776/1332
f 2808/775/1333 2812/774/1333 2810/777/1333
f 2812/778/1324 2813/779/1324 2809/780/1324
f 2812/778/1334 2809/780/1334 2810/781/1334
f 2811/782/1335 2809/783/1335 2813/784/1335
f 2809/783/1336 2811/782/1336 2806/785/1336
f 2811/782/1328 2807/786/1328 2806/785/1328
f 2814/761/1337 2815/762/1337 2816/763/1337
f 2815/762/1337 2814/761/1337 2817/764/1337
f 2817/765/1259 2818/766/1259 2815/767/1259
f 2818/766/1259 2817/765/1259 2819/768/1259
f 2820/769/1260 2814/770/1260 2816/771/1260
f 2814/770/1260 2820/769/1260 2821/772/1260
f 2822/773/1260 2821/772/1260 2820/769/1260
f 2821/774/1338 2817/775/1338 2814/776/1338
f 2817/775/1339 2821/774/1339 2819/777/1339
f 2821/778/1263 2822/779/1263 2818/780/1263
f 2821/778/1296 2818/780/1296 2819/781/1296
f 2820/782/1340 2818/783/1340 2822/784/1340
f 2818/783/1341 2820/782/1341 2815/785/1341
f 2820/782/1342 2816/786/1342 2815/785/1342
f 2823/761/1337 2824/762/1337 2825/763/1337
f 2824/762/1337 2823/761/1337 2826/764/1337
f 2826/765/1259 2827/766/1259 2824/767/1259
f 2827/766/1259 2826/765/1259 2828/768/1259
f 2829/769/1260 2823/770/1260 2825/771/1260
f 2823/770/1260 2829/769/1260 2830/772/1260
f 2831/773/1260 2830/772/1260 2829/769/1260
f 2830/774/1338 2826/775/1338 2823/776/1338
f 2826/775/1343 2830/774/1343 2828/777/1343
f 2830/778/1263 2831/779/1263 2827/780/1263
f 2830/778/1296 2827/780/1296 2828/781/1296
f 2829/782/1340 2827/783/1340 2831/784/1340
f 2827/783/1344 2829/782/1344 2824/785/1344
f 2829/782/1342 2825/786/1342 2824/785/1342
f 2832/761/1337 2833/762/1337 2834/763/1337
f 2833/762/1337 2832/761/1337 2835/764/1337
f 2835/765/1259 2836/766/1259 2833/767/1259
f 2836/766/1259 2835/765/1259 2837/768/1259
f 2838/769/1260 2832/770/1260 2834/771/1260
f 2832/770/1260 2838/769/1260 2839/772/1260
f 2840/773/1260 2839/772/1260 2838/769/1260
f 2839/774/1338 2835/775/1338 2832/776/1338
f 2835/775/1345 2839/774/1345 2837/777/1345
f 2839/778/1263 2840/779/1263 2836/780/1263
f 2839/778/1262 2836/780/1262 2837/781/1262
f 2838/782/1340 2836/783/1340 2840/784/1340
f 2836/783/1346 2838/782/1346 2833/785/1346
f 2838/782/1342 2834/786/1342 2833/785/1342
f 2841/761/1347 2842/762/1347 2843/763/1347
f 2842/762/1347 2841/761/1347 2844/764/1347
f 2844/765/1259 2845/766/1259 2842/767/1259
f 2845/766/1259 2844/765/1259 2846/768/1259
f 2847/769/1260 2841/770/1260 2843/771/1260
f 2841/770/1260 2847/769/1260 2848/772/1260
f 2849/773/1260 2848/772/1260 2847/769/1260
f 2848/774/1348 2844/775/1348 2841/776/1348
f 2844/775/1349 2848/774/1349 2846/777/1349
f 2848/778/1350 2849/779/1350 2845/780/1350
f 2848/778/1351 2845/780/1351 2846/781/1351
f 2847/782/1352 2845/783/1352 2849/784/1352
f 2845/783/1353 2847/782/1353 2842/785/1353
f 2847/782/1354 2843/786/1354 2842/785/1354
f 2850/761/1355 2851/762/1355 2852/763/1355
f 2851/762/1355 2850/761/1355 2853/764/1355
f 2853/765/1259 2854/766/1259 2851/767/1259
f 2854/766/1259 2853/765/1259 2855/768/1259
f 2856/772/1260 2857/769/1260 2858/773/1260
f 2850/770/1260 2857/769/1260 2856/772/1260
f 2857/769/1260 2850/770/1260 2852/771/1260
f 2856/774/1356 2853/775/1356 2850/776/1356
f 2853/775/1357 2856/774/1357 2855/777/1357
f 2856/778/1358 2858/779/1358 2854/780/1358
f 2856/778/1359 2854/780/1359 2855/781/1359
f 2857/782/1360 2854/783/1360 2858/784/1360
f 2854/783/1361 2857/782/1361 2851/785/1361
f 2857/782/1362 2852/786/1362 2851/785/1362
f 2859/761/1355 2860/762/1355 2861/763/1355
f 2860/762/1355 2859/761/1355 2862/764/1355
f 2862/765/1259 2863/766/1259 2860/767/1259
f 2863/766/1259 2862/765/1259 2864/768/1259
f 2865/772/1260 2866/769/1260 2867/773/1260
f 2859/770/1260 2866/769/1260 2865/772/1260
f 2866/769/1260 2859/770/1260 2861/771/1260
f 2865/774/1356 2862/775/1356 2859/776/1356
f 2862/775/1363 2865/774/1363 2864/777/1363
f 2865/778/1358 2867/779/1358 2863/780/1358
f 2865/778/1359 2863/780/1359 2864/781/1359
f 2866/782/1360 2863/783/1360 2867/784/1360
f 2863/783/1364 2866/782/1364 2860/785/1364
f 2866/782/1365 2861/786/1365 2860/785/1365
f 2868/761/1355 2869/762/1355 2870/763/1355
f 2869/762/1355 2868/761/1355 2871/764/1355
f 2871/765/1259 2872/766/1259 2869/767/1259
f 2872/766/1259 2871/765/1259 2873/768/1259
f 2874/772/1260 2875/769/1260 2876/773/1260
f 2868/770/1260 2875/769/1260 2874/772/1260
f 2875/769/1260 2868/770/1260 2870/771/1260
f 2874/774/1356 2871/775/1356 2868/776/1356
f 2871/775/1366 2874/774/1366 2873/777/1366
f 2874/778/1358 2876/779/1358 2872/780/1358
f 2874/778/1367 2872/780/1367 2873/781/1367
f 2875/782/1360 2872/783/1360 2876/784/1360
f 2872/783/1368 2875/782/1368 2869/785/1368
f 2875/782/1365 2870/786/1365 2869/785/1365
f 2877/787/1369 2878/788/1369 2879/789/1369
f 2878/788/1369 2877/787/1369 2880/790/1369
f 2880/791/1370 2881/792/1370 2878/793/1370
f 2881/792/1370 2880/791/1370 2882/794/1370
f 2883/795/1371 2877/796/1371 2879/797/1371
f 2877/796/1371 2883/795/1371 2884/798/1371
f 2885/799/1371 2884/798/1371 2883/795/1371
f 2884/800/1372 2880/801/1372 2877/802/1372
f 2880/801/1372 2884/800/1372 2882/803/1372
f 2884/804/1373 2885/805/1373 2881/806/1373
f 2884/804/1374 2881/806/1374 2882/807/1374
f 2883/808/1375 2881/809/1375 2885/810/1375
f 2881/809/1376 2883/808/1376 2878/811/1376
f 2883/808/1377 2879/812/1377 2878/811/1377
f 2886/787/1378 2887/788/1378 2888/789/1378
f 2887/788/1378 2886/787/1378 2889/790/1378
f 2889/791/1370 2890/792/1370 2887/793/1370
f 2890/792/1370 2889/791/1370 2891/794/1370
f 2892/798/1371 2893/795/1371 2894/799/1371
f 2886/796/1371 2893/795/1371 2892/798/1371
f 2893/795/1371 2886/796/1371 2888/797/1371
f 2892/800/1379 2889/801/1379 2886/802/1379
f 2889/801/1380 2892/800/1380 2891/803/1380
f 2892/804/1381 2894/805/1381 2890/806/1381
f 2892/804/1382 2890/806/1382 2891/807/1382
f 2893/808/1383 2890/809/1383 2894/810/1383
f 2890/809/1384 2893/808/1384 2887/811/1384
f 2893/808/1385 2888/812/1385 2887/811/1385
f 2895/787/1378 2896/788/1378 2897/789/1378
f 2896/788/1378 2895/787/1378 2898/790/1378
f 2898/791/1370 2899/792/1370 2896/793/1370
f 2899/792/1370 2898/791/1370 2900/794/1370
f 2901/798/1371 2902/795/1371 2903/799/1371
f 2895/796/1371 2902/795/1371 2901/798/1371
f 2902/795/1371 2895/796/1371 2897/797/1371
f 2901/800/1379 2898/801/1379 2895/802/1379
f 2898/801/1386 2901/800/1386 2900/803/1386
f 2901/804/1381 2903/805/1381 2899/806/1381
f 2901/804/1387 2899/806/1387 2900/807/1387
f 2902/808/1383 2899/809/1383 2903/810/1383
f 2899/809/1388 2902/808/1388 2896/811/1388
f 2902/808/1385 2897/812/1385 2896/811/1385
f 2904/787/1378 2905/788/1378 2906/789/1378
f 2905/788/1378 2904/787/1378 2907/790/1378
f 2907/791/1370 2908/792/1370 2905/793/1370
f 2908/792/1370 2907/791/1370 2909/794/1370
f 2910/798/1371 2911/795/1371 2912/799/1371
f 2904/796/1371 2911/795/1371 2910/798/1371
f 2911/795/1371 2904/796/1371 2906/797/1371
f 2910/800/1379 2907/801/1379 2904/802/1379
f 2907/801/1389 2910/800/1389 2909/803/1389
f 2910/804/1381 2912/805/1381 2908/806/1381
f 2910/804/1390 2908/806/1390 2909/807/1390
f 2911/808/1383 2908/809/1383 2912/810/1383
f 2908/809/1391 2911/808/1391 2905/811/1391
f 2911/808/1385 2906/812/1385 2905/811/1385
f 2913/787/1392 2914/788/1392 2915/789/1392
f 2914/788/1392 2913/787/1392 2916/790/1392
f 2916/791/1370 2917/792/1370 2914/793/1370
f 2917/792/1370 2916/791/1370 2918/794/1370
f 2919/798/1371 2920/795/1371 2921/799/1371
f 2913/796/1371 2920/795/1371 2919/798/1371
f 2920/795/1371 2913/796/1371 2915/797/1371
f 2919/800/1393 2916/801/1393 2913/802/1393
f 2916/801/1393 2919/800/1393 2918/803/1393
f 2919/804/1394 2921/805/1394 2917/806/1394
f 2919/804/1394 2917/806/1394 2918/807/1394
f 2920/808/1395 2917/809/1395 2921/810/1395
f 2917/809/1396 2920/808/1396 2914/811/1396
f 2920/808/1397 2915/812/1397 2914/811/1397
f 2922/787/1392 2923/788/1392 2924/789/1392
f 2923/788/1392 2922/787/1392 2925/790/1392
f 2925/791/1370 2926/792/1370 2923/793/1370
f 2926/792/1370 2925/791/1370 2927/794/1370
f 2928/798/1371 2929/795/1371 2930/799/1371
f 2922/796/1371 2929/795/1371 2928/798/1371
f 2929/795/1371 2922/796/1371 2924/797/1371
f 2928/800/1393 2925/801/1393 2922/802/1393
f 2925/801/1393 2928/800/1393 2927/803/1393
f 2928/804/1394 2930/805/1394 2926/806/1394
f 2928/804/1394 2926/806/1394 2927/807/1394
f 2929/808/1395 2926/809/1395 2930/810/1395
f 2926/809/1396 2929/808/1396 2923/811/1396
f 2929/808/1397 2924/812/1397 2923/811/1397
f 2931/787/1392 2932/788/1392 2933/789/1392
f 2932/788/1392 2931/787/1392 2934/790/1392
f 2934/791/1370 2935/792/1370 2932/793/1370
f 2935/792/1370 2934/791/1370 2936/794/1370
f 2937/798/1371 2938/795/1371 2939/799/1371
f 2931/796/1371 2938/795/1371 2937/798/1371
f 2938/795/1371 2931/796/1371 2933/797/1371
f 2937/800/1393 2934/801/1393 2931/802/1393
f 2934/801/1393 2937/800/1393 2936/803/1393
f 2937/804/1394 2939/805/1394 2935/806/1394
f 2937/804/1394 2935/806/1394 2936/807/1394
f 2938/808/1395 2935/809/1395 2939/810/1395
f 2935/809/1398 2938/808/1398 2932/811/1398
f 2938/808/1397 2933/812/1397 2932/811/1397
f 2940/787/1399 2941/788/1399 2942/789/1399
f 2941/788/1399 2940/787/1399 2943/790/1399
f 2943/791/1370 2944/792/1370 2941/793/1370
f 2944/792/1370 2943/791/1370 2945/794/1370
f 2946/798/1371 2947/795/1371 2948/799/1371
f 2940/796/1371 2947/795/1371 2946/798/1371
f 2947/795/1371 2940/796/1371 2942/797/1371
f 2946/800/1400 2943/801/1400 2940/802/1400
f 2943/801/1400 2946/800/1400 2945/803/1400
f 2946/804/1401 2948/805/1401 2944/806/1401
f 2946/804/1401 2944/806/1401 2945/807/1401
f 2947/808/1402 2944/809/1402 2948/810/1402
f 2944/809/1403 2947/808/1403 2941/811/1403
f 2947/808/1404 2942/812/1404 2941/811/1404
f 2949/787/1405 2950/788/1405 2951/789/1405
f 2950/788/1405 2949/787/1405 2952/790/1405
f 2952/791/1370 2953/792/1370 2950/793/1370
f 2953/792/1370 2952/791/1370 2954/794/1370
f 2955/795/1371 2949/796/1371 2951/797/1371
f 2949/796/1371 2955/795/1371 2956/798/1371
f 2957/799/1371 2956/798/1371 2955/795/1371
f 2956/800/1406 2952/801/1406 2949/802/1406
f 2952/801/1406 2956/800/1406 2954/803/1406
f 2956/804/1407 2957/805/1407 2953/806/1407
f 2956/804/1374 2953/806/1374 2954/807/1374
f 2955/808/1408 2953/809/1408 2957/810/1408
f 2953/809/1409 2955/808/1409 2950/811/1409
f 2955/808/1410 2951/812/1410 2950/811/1410
f 2958/787/1405 2959/788/1405 2960/789/1405
f 2959/788/1405 2958/787/1405 2961/790/1405
f 2961/791/1370 2962/792/1370 2959/793/1370
f 2962/792/1370 2961/791/1370 2963/794/1370
f 2964/795/1371 2958/796/1371 2960/797/1371
f 2958/796/1371 2964/795/1371 2965/798/1371
f 2966/799/1371 2965/798/1371 2964/795/1371
f 2965/800/1406 2961/801/1406 2958/802/1406
f 2961/801/1406 2965/800/1406 2963/803/1406
f 2965/804/1407 2966/805/1407 2962/806/1407
f 2965/804/1374 2962/806/1374 2963/807/1374
f 2964/808/1411 2962/809/1411 2966/810/1411
f 2962/809/1409 2964/808/1409 2959/811/1409
f 2964/808/1410 2960/812/1410 2959/811/1410
f 2967/787/1412 2968/788/1412 2969/789/1412
f 2968/788/1412 2967/787/1412 2970/790/1412
f 2970/791/1370 2971/792/1370 2968/793/1370
f 2971/792/1370 2970/791/1370 2972/794/1370
f 2973/795/1371 2967/796/1371 2969/797/1371
f 2967/796/1371 2973/795/1371 2974/798/1371
f 2975/799/1371 2974/798/1371 2973/795/1371
f 2974/800/1413 2970/801/1413 2967/802/1413
f 2970/801/1413 2974/800/1413 2972/803/1413
f 2974/804/1414 2975/805/1414 2971/806/1414
f 2974/804/1415 2971/806/1415 2972/807/1415
f 2973/808/1416 2971/809/1416 2975/810/1416
f 2971/809/1417 2973/808/1417 2968/811/1417
f 2973/808/1418 2969/812/1418 2968/811/1418
f 2976/787/1412 2977/788/1412 2978/789/1412
f 2977/788/1412 2976/787/1412 2979/790/1412
f 2979/791/1370 2980/792/1370 2977/793/1370
f 2980/792/1370 2979/791/1370 2981/794/1370
f 2982/795/1371 2976/796/1371 2978/797/1371
f 2976/796/1371 2982/795/1371 2983/798/1371
f 2984/799/1371 2983/798/1371 2982/795/1371
f 2983/800/1413 2979/801/1413 2976/802/1413
f 2979/801/1413 2983/800/1413 2981/803/1413
f 2983/804/1414 2984/805/1414 2980/806/1414
f 2983/804/1415 2980/806/1415 2981/807/1415
f 2982/808/1419 2980/809/1419 2984/810/1419
f 2980/809/1420 2982/808/1420 2977/811/1420
f 2982/808/1418 2978/812/1418 2977/811/1418
f 2985/787/1412 2986/788/1412 2987/789/1412
f 2986/788/1412 2985/787/1412 2988/790/1412
f 2988/791/1370 2989/792/1370 2986/793/1370
f 2989/792/1370 2988/791/1370 2990/794/1370
f 2991/795/1371 2985/796/1371 2987/797/1371
f 2985/796/1371 2991/795/1371 2992/798/1371
f 2993/799/1371 2992/798/1371 2991/795/1371
f 2992/800/1413 2988/801/1413 2985/802/1413
f 2988/801/1413 2992/800/1413 2990/803/1413
f 2992/804/1421 2993/805/1421 2989/806/1421
f 2992/804/1415 2989/806/1415 2990/807/1415
f 2991/808/1422 2989/809/1422 2993/810/1422
f 2989/809/1423 2991/808/1423 2986/811/1423
f 2991/808/1418 2987/812/1418 2986/811/1418
f 2994/787/1424 2995/788/1424 2996/789/1424
f 2995/788/1424 2994/787/1424 2997/790/1424
f 2997/791/1370 2998/792/1370 2995/793/1370
f 2998/792/1370 2997/791/1370 2999/794/1370
f 3000/798/1371 3001/795/1371 3002/799/1371
f 2994/796/1371 3001/795/1371 3000/798/1371
f 3001/795/1371 2994/796/1371 2996/797/1371
f 3000/800/1425 2997/801/1425 2994/802/1425
f 2997/801/1426 3000/800/1426 2999/803/1426
f 3000/804/1427 3002/805/1427 2998/806/1427
f 3000/804/1428 2998/806/1428 2999/807/1428
f 3001/808/1429 2998/809/1429 3002/810/1429
f 2998/809/1430 3001/808/1430 2995/811/1430
f 3001/808/1431 2996/812/1431 2995/811/1431
f 3003/787/1432 3004/788/1432 3005/789/1432
f 3004/788/1432 3003/787/1432 3006/790/1432
f 3006/791/1370 3007/792/1370 3004/793/1370
f 3007/792/1370 3006/791/1370 3008/794/1370
f 3009/795/1371 3003/796/1371 3005/797/1371
f 3003/796/1371 3009/795/1371 3010/798/1371
f 3011/799/1371 3010/798/1371 3009/795/1371
f 3010/800/1433 3006/801/1433 3003/802/1433
f 3006/801/1434 3010/800/1434 3008/803/1434
f 3010/804/1435 3011/805/1435 3007/806/1435
f 3010/804/1436 3007/806/1436 3008/807/1436
f 3009/808/1437 3007/809/1437 3011/810/1437
f 3007/809/1438 3009/808/1438 3004/811/1438
f 3009/808/1439 3005/812/1439 3004/811/1439
f 3012/787/1432 3013/788/1432 3014/789/1432
f 3013/788/1432 3012/787/1432 3015/790/1432
f 3015/791/1370 3016/792/1370 3013/793/1370
f 3016/792/1370 3015/791/1370 3017/794/1370
f 3018/795/1371 3012/796/1371 3014/797/1371
f 3012/796/1371 3018/795/1371 3019/798/1371
f 3020/799/1371 3019/798/1371 3018/795/1371
f 3019/800/1433 3015/801/1433 3012/802/1433
f 3015/801/1440 3019/800/1440 3017/803/1440
f 3019/804/1435 3020/805/1435 3016/806/1435
f 3019/804/1441 3016/806/1441 3017/807/1441
f 3018/808/1437 3016/809/1437 3020/810/1437
f 3016/809/1442 3018/808/1442 3013/811/1442
f 3018/808/1439 3014/812/1439 3013/811/1439
f 3021/787/1432 3022/788/1432 3023/789/1432
f 3022/788/1432 3021/787/1432 3024/790/1432
f 3024/791/1370 3025/792/1370 3022/793/1370
f 3025/792/1370 3024/791/1370 3026/794/1370
f 3027/795/1371 3021/796/1371 3023/797/1371
f 3021/796/1371 3027/795/1371 3028/798/1371
f 3029/799/1371 3028/798/1371 3027/795/1371
f 3028/800/1443 3024/801/1443 3021/802/1443
f 3024/801/1444 3028/800/1444 3026/803/1444
f 3028/804/1435 3029/805/1435 3025/806/1435
f 3028/804/1445 3025/806/1445 3026/807/1445
f 3027/808/1446 3025/809/1446 3029/810/1446
f 3025/809/1447 3027/808/1447 3022/811/1447
f 3027/808/1439 3023/812/1439 3022/811/1439
f 3030/787/1448 3031/788/1448 3032/789/1448
f 3031/788/1448 3030/787/1448 3033/790/1448
f 3033/791/1370 3034/792/1370 3031/793/1370
f 3034/792/1370 3033/791/1370 3035/794/1370
f 3036/795/1371 3030/796/1371 3032/797/1371
f 3030/796/1371 3036/795/1371 3037/798/1371
f 3038/799/1371 3037/798/1371 3036/795/1371
f 3037/800/1449 3033/801/1449 3030/802/1449
f 3033/801/1450 3037/800/1450 3035/803/1450
f 3037/804/1374 3038/805/1374 3034/806/1374
f 3037/804/1407 3034/806/1407 3035/807/1407
f 3036/808/1451 3034/809/1451 3038/810/1451
f 3034/809/1452 3036/808/1452 3031/811/1452
f 3036/808/1453 3032/812/1453 3031/811/1453
f 3039/787/1448 3040/788/1448 3041/789/1448
f 3040/788/1448 3039/787/1448 3042/790/1448
f 3042/791/1370 3043/792/1370 3040/793/1370
f 3043/792/1370 3042/791/1370 3044/794/1370
f 3045/795/1371 3039/796/1371 3041/797/1371
f 3039/796/1371 3045/795/1371 3046/798/1371
f 3047/799/1371 3046/798/1371 3045/795/1371
f 3046/800/1449 3042/801/1449 3039/802/1449
f 3042/801/1454 3046/800/1454 3044/803/1454
f 3046/804/1374 3047/805/1374 3043/806/1374
f 3046/804/1407 3043/806/1407 3044/807/1407
f 3045/808/1451 3043/809/1451 3047/810/1451
f 3043/809/1455 3045/808/1455 3040/811/1455
f 3045/808/1453 3041/812/1453 3040/811/1453
f 3048/787/1448 3049/788/1448 3050/789/1448
f 3049/788/1448 3048/787/1448 3051/790/1448
f 3051/791/1370 3052/792/1370 3049/793/1370
f 3052/792/1370 3051/791/1370 3053/794/1370
f 3054/795/1371 3048/796/1371 3050/797/1371
f 3048/796/1371 3054/795/1371 3055/798/1371
f 3056/799/1371 3055/798/1371 3054/795/1371
f 3055/800/1449 3051/801/1449 3048/802/1449
f 3051/801/1456 3055/800/1456 3053/803/1456
f 3055/804/1374 3056/805/1374 3052/806/1374
f 3055/804/1373 3052/806/1373 3053/807/1373
f 3054/808/1451 3052/809/1451 3056/810/1451
f 3052/809/1457 3054/808/1457 3049/811/1457
f 3054/808/1453 3050/812/1453 3049/811/1453
f 3057/787/1458 3058/788/1458 3059/789/1458
f 3058/788/1458 3057/787/1458 3060/790/1458
f 3060/791/1370 3061/792/1370 3058/793/1370
f 3061/792/1370 3060/791/1370 3062/794/1370
f 3063/795/1371 3057/796/1371 3059/797/1371
f 3057/796/1371 3063/795/1371 3064/798/1371
f 3065/799/1371 3064/798/1371 3063/795/1371
f 3064/800/1459 3060/801/1459 3057/802/1459
f 3060/801/1460 3064/800/1460 3062/803/1460
f 3064/804/1461 3065/805/1461 3061/806/1461
f 3064/804/1462 3061/806/1462 3062/807/1462
f 3063/808/1463 3061/809/1463 3065/810/1463
f 3061/809/1464 3063/808/1464 3058/811/1464
f 3063/808/1465 3059/812/1465 3058/811/1465
f 3066/787/1466 3067/788/1466 3068/789/1466
f 3067/788/1466 3066/787/1466 3069/790/1466
f 3069/791/1370 3070/792/1370 3067/793/1370
f 3070/792/1370 3069/791/1370 3071/794/1370
f 3072/798/1371 3073/795/1371 3074/799/1371
f 3066/796/1371 3073/795/1371 3072/798/1371
f 3073/795/1371 3066/796/1371 3068/797/1371
f 3072/800/1467 3069/801/1467 3066/802/1467
f 3069/801/1468 3072/800/1468 3071/803/1468
f 3072/804/1469 3074/805/1469 3070/806/1469
f 3072/804/1470 3070/806/1470 3071/807/1470
f 3073/808/1471 3070/809/1471 3074/810/1471
f 3070/809/1472 3073/808/1472 3067/811/1472
f 3073/808/1473 3068/812/1473 3067/811/1473
f 3075/787/1466 3076/788/1466 3077/789/1466
f 3076/788/1466 3075/787/1466 3078/790/1466
f 3078/791/1370 3079/792/1370 3076/793/1370
f 3079/792/1370 3078/791/1370 3080/794/1370
f 3081/798/1371 3082/795/1371 3083/799/1371
f 3075/796/1371 3082/795/1371 3081/798/1371
f 3082/795/1371 3075/796/1371 3077/797/1371
f 3081/800/1467 3078/801/1467 3075/802/1467
f 3078/801/1474 3081/800/1474 3080/803/1474
f 3081/804/1469 3083/805/1469 3079/806/1469
f 3081/804/1470 3079/806/1470 3080/807/1470
f 3082/808/1471 3079/809/1471 3083/810/1471
f 3079/809/1475 3082/808/1475 3076/811/1475
f 3082/808/1476 3077/812/1476 3076/811/1476
f 3084/787/1466 3085/788/1466 3086/789/1466
f 3085/788/1466 3084/787/1466 3087/790/1466
f 3087/791/1370 3088/792/1370 3085/793/1370
f 3088/792/1370 3087/791/1370 3089/794/1370
f 3090/798/1371 3091/795/1371 3092/799/1371
f 3084/796/1371 3091/795/1371 3090/798/1371
f 3091/795/1371 3084/796/1371 3086/797/1371
f 3090/800/1467 3087/801/1467 3084/802/1467
f 3087/801/1477 3090/800/1477 3089/803/1477
f 3090/804/1469 3092/805/1469 3088/806/1469
f 3090/804/1478 3088/806/1478 3089/807/1478
f 3091/808/1471 3088/809/1471 3092/810/1471
f 3088/809/1479 3091/808/1479 3085/811/1479
f 3091/808/1476 3086/812/1476 3085/811/1476

usemtl trash_$Material_0
f 3093/813/1480 3094/814/1480 3095/815/1480
f 3095/815/1481 3096/816/1481 3093/813/1481
f 3097/817/1482 3098/818/1482 3099/819/1482
f 3099/819/1483 3100/820/1483 3097/817/1483
f 3096/821/1484 3095/822/1484 3101/823/1484
f 3096/821/1485 3101/823/1485 3102/824/1485
f 3096/821/1486 3102/824/1486 3103/825/1486
f 3103/826/1487 3102/827/1487 3104/828/1487
f 3104/828/1487 3105/829/1487 3103/826/1487
f 3106/830/1488 3099/819/1488 3098/818/1488
f 3104/831/1489 3107/832/1489 3108/833/1489
f 3105/834/1490 3104/831/1490 3108/833/1490
f 3105/834/1491 3108/833/1491 3109/835/1491
f 3109/836/1492 3108/837/1492 3110/838/1492
f 3110/838/1493 3111/839/1493 3109/836/1493
f 3112/840/1494 3106/830/1494 3098/818/1494
f 3113/841/1495 3112/842/1495 3098/843/1495
f 3114/844/1496 3115/845/1496 3116/846/1496
f 3116/846/1496 3117/847/1496 3114/844/1496
f 3101/848/1497 3095/815/1497 3094/814/1497
f 3094/814/1498 3118/849/1498 3101/848/1498
f 3119/850/1495 3120/851/1495 3115/852/1495
f 3115/852/1495 3114/853/1495 3119/850/1495
f 3121/854/1499 3122/855/1499 3120/856/1499
f 3120/856/1499 3119/857/1499 3121/854/1499
f 3123/858/1500 3124/859/1500 3122/860/1500
f 3122/860/1501 3121/861/1501 3123/858/1501
f 3125/862/1502 3113/863/1502 3124/864/1502
f 3124/864/1502 3123/865/1502 3125/862/1502
f 3126/866/1503 3110/838/1503 3108/837/1503
f 3108/837/1504 3107/867/1504 3126/866/1504
f 3096/816/1505 3114/868/1505 3117/869/1505
f 3117/869/1506 3093/813/1506 3096/816/1506
f 3102/870/1507 3101/848/1507 3118/849/1507
f 3118/849/1508 3127/871/1508 3102/870/1508
f 3103/825/1495 3119/872/1495 3114/873/1495
f 3114/873/1495 3096/821/1495 3103/825/1495
f 3105/829/1509 3121/874/1509 3119/875/1509
f 3119/875/1509 3103/826/1509 3105/829/1509
f 3109/835/1510 3123/876/1510 3121/877/1510
f 3121/877/1511 3105/834/1511 3109/835/1511
f 3111/839/1512 3125/878/1512 3123/879/1512
f 3123/879/1512 3109/836/1512 3111/839/1512
f 3112/880/1513 3126/866/1513 3107/867/1513
f 3107/867/1514 3104/881/1514 3112/880/1514
f 3102/882/1483 3127/883/1483 3128/884/1483
f 3128/884/1483 3129/885/1483 3102/882/1483
f 3104/886/1515 3102/882/1515 3129/885/1515
f 3129/885/1515 3130/887/1515 3104/886/1515
f 3112/840/1494 3104/886/1494 3130/887/1494
f 3125/888/1495 3111/889/1495 3110/890/1495
f 3125/888/1495 3110/890/1495 3126/891/1495
f 3125/888/1495 3126/891/1495 3112/842/1495
f 3113/841/1495 3125/888/1495 3112/842/1495
f 3130/887/1494 3106/830/1494 3112/840/1494
f 3106/892/1500 3130/893/1500 3131/894/1500
f 3131/894/1500 3132/895/1500 3106/892/1500
f 3100/896/1516 3099/897/1516 3133/898/1516
f 3133/898/1516 3134/899/1516 3100/896/1516
f 3099/897/1517 3106/892/1517 3132/895/1517
f 3132/895/1517 3133/898/1517 3099/897/1517
f 3129/900/1518 3128/901/1518 3135/902/1518
f 3135/902/1518 3136/903/1518 3129/900/1518
f 3130/893/1519 3129/900/1519 3136/903/1519
f 3136/903/1519 3131/894/1519 3130/893/1519
f 3135/904/1483 3134/905/1483 3133/906/1483
f 3133/906/1483 3136/907/1483 3135/904/1483
f 3136/907/1515 3133/906/1515 3132/908/1515
f 3132/908/1515 3131/909/1515 3136/907/1515
f 3137/910/1520 3138/911/1520 3139/912/1520
f 3139/912/1521 3140/913/1521 3137/910/1521
f 3097/817/1483 3141/914/1483 3142/915/1483
f 3142/915/1522 3098/818/1522 3097/817/1522
f 3138/916/1523 3143/917/1523 3144/918/1523
f 3138/916/1524 3144/918/1524 3145/919/1524
f 3138/916/1525 3145/919/1525 3139/920/1525
f 3143/921/1526 3146/922/1526 3147/923/1526
f 3147/923/1526 3144/924/1526 3143/921/1526
f 3098/818/1527 3142/915/1527 3148/925/1527
f 3146/926/1528 3149/927/1528 3150/928/1528
f 3150/928/1529 3151/929/1529 3147/930/1529
f 3146/926/1530 3150/928/1530 3147/930/1530
f 3149/931/1531 3152/932/1531 3153/933/1531
f 3153/933/1532 3150/934/1532 3149/931/1532
f 3154/935/1495 3113/841/1495 3098/843/1495
f 3120/851/1495 3155/936/1495 3156/937/1495
f 3156/937/1495 3115/852/1495 3120/851/1495
f 3122/855/1533 3157/938/1533 3155/939/1533
f 3155/939/1533 3120/856/1533 3122/855/1533
f 3124/859/1500 3158/940/1500 3157/941/1500
f 3157/941/1500 3122/860/1500 3124/859/1500
f 3113/863/1533 3154/942/1533 3158/943/1533
f 3158/943/1533 3124/864/1533 3113/863/1533
f 3159/944/1534 3160/945/1534 3161/946/1534
f 3161/946/1534 3156/947/1534 3159/944/1534
f 3145/948/1535 3162/949/1535 3140/913/1535
f 3140/913/1536 3139/912/1536 3145/948/1536
f 3163/950/1495 3159/951/1495 3156/937/1495
f 3156/937/1495 3155/936/1495 3163/950/1495
f 3164/952/1537 3163/953/1537 3155/939/1537
f 3155/939/1537 3157/938/1537 3164/952/1537
f 3165/954/1538 3164/955/1538 3157/941/1538
f 3157/941/1500 3158/940/1500 3165/954/1500
f 3166/956/1539 3165/957/1539 3158/943/1539
f 3158/943/1539 3154/942/1539 3166/956/1539
f 3167/958/1540 3151/959/1540 3150/934/1540
f 3150/934/1541 3153/933/1541 3167/958/1541
f 3138/911/1542 3137/910/1542 3160/960/1542
f 3160/960/1543 3159/961/1543 3138/911/1543
f 3144/962/1544 3168/963/1544 3162/949/1544
f 3162/949/1545 3145/948/1545 3144/962/1545
f 3143/917/1495 3138/916/1495 3159/964/1495
f 3159/964/1495 3163/965/1495 3143/917/1495
f 3146/922/1546 3143/921/1546 3163/966/1546
f 3163/966/1546 3164/967/1546 3146/922/1546
f 3149/927/1547 3146/926/1547 3164/968/1547
f 3164/968/1548 3165/969/1548 3149/927/1548
f 3152/932/1549 3149/931/1549 3165/970/1549
f 3165/970/1549 3166/971/1549 3152/932/1549
f 3169/972/1550 3147/973/1550 3151/959/1550
f 3151/959/1551 3167/958/1551 3169/972/1551
f 3144/974/1483 3170/975/1483 3171/976/1483
f 3171/976/1483 3168/977/1483 3144/974/1483
f 3147/978/1515 3172/979/1515 3170/975/1515
f 3170/975/1515 3144/974/1515 3147/978/1515
f 3172/979/1494 3147/978/1494 3169/980/1494
f 3153/981/1495 3152/982/1495 3166/983/1495
f 3167/984/1495 3153/981/1495 3166/983/1495
f 3169/985/1495 3167/984/1495 3166/983/1495
f 3169/985/1495 3166/983/1495 3154/935/1495
f 3098/818/1494 3148/925/1494 3172/979/1494
f 3172/979/1494 3169/980/1494 3098/818/1494
f 3098/843/1495 3169/985/1495 3154/935/1495
f 3161/946/1533 3116/846/1533 3115/845/1533
f 3115/845/1533 3156/947/1533 3161/946/1533
f 3148/986/1500 3173/987/1500 3174/988/1500
f 3174/988/1500 3172/989/1500 3148/986/1500
f 3141/990/1552 3175/991/1552 3176/992/1552
f 3176/992/1552 3142/993/1552 3141/990/1552
f 3142/993/1553 3176/992/1553 3173/987/1553
f 3173/987/1553 3148/986/1553 3142/993/1553
f 3170/994/1554 3177/995/1554 3178/996/1554
f 3178/996/1554 3171/997/1554 3170/994/1554
f 3172/989/1555 3174/988/1555 3177/995/1555
f 3177/995/1555 3170/994/1555 3172/989/1555
f 3178/998/1483 3177/999/1483 3176/1000/1483
f 3176/1000/1483 3175/1001/1483 3178/998/1483
f 3177/999/1515 3174/1002/1515 3173/1003/1515
f 3173/1003/1515 3176/1000/1515 3177/999/1515
f 3179/1004/1500 3180/1005/1500 3181/1006/1500
f 3181/1006/1500 3182/1007/1500 3179/1004/1500
f 3182/1008/1556 3181/1009/1556 3183/1010/1556
f 3183/1010/1556 3184/1011/1556 3182/1008/1556
f 3185/1012/1557 3186/1013/1557 3187/1014/1557
f 3187/1014/1557 3188/1015/1557 3185/1012/1557
f 3180/1016/1558 3179/1017/1558 3189/1018/1558
f 3189/1018/1558 3190/1019/1558 3180/1016/1558
f 3191/1020/1559 3192/1021/1559 3193/1022/1559
f 3193/1022/1559 3194/1023/1559 3191/1020/1559
f 3184/1024/1560 3183/1025/1560 3195/1026/1560
f 3195/1026/1560 3196/1027/1560 3184/1024/1560
f 3188/1015/1561 3187/1014/1561 3197/1028/1561
f 3197/1028/1561 3198/1029/1561 3188/1015/1561
f 3190/1030/1562 3189/1031/1562 3199/1032/1562
f 3199/1032/1562 3200/1033/1562 3190/1030/1562
f 3194/1023/1563 3193/1022/1563 3201/1034/1563
f 3201/1034/1563 3202/1035/1563 3194/1023/1563
f 3196/1036/1564 3195/1037/1564 3203/1038/1564
f 3203/1038/1564 3204/1039/1564 3196/1036/1564
f 3198/1029/1565 3197/1028/1565 3205/1040/1565
f 3205/1040/1565 3206/1041/1565 3198/1029/1565
f 3200/1042/1515 3199/1043/1515 3207/1044/1515
f 3207/1044/1515 3208/1045/1515 3200/1042/1515
f 3202/1035/1566 3201/1034/1566 3209/1046/1566
f 3209/1046/1566 3210/1047/1566 3202/1035/1566
f 3204/1048/1567 3203/1049/1567 3211/1050/1567
f 3211/1050/1567 3212/1051/1567 3204/1048/1567
f 3206/1052/1568 3205/1053/1568 3213/1054/1568
f 3213/1054/1568 3214/1055/1568 3206/1052/1568
f 3208/1056/1569 3207/1057/1569 3215/1058/1569
f 3215/1058/1569 3216/1059/1569 3208/1056/1569
f 3210/1060/1570 3209/1061/1570 3217/1062/1570
f 3217/1062/1570 3218/1063/1570 3210/1060/1570
f 3219/1064/1571 3183/1010/1571 3181/1009/1571
f 3181/1009/1572 3220/1065/1572 3219/1064/1572
f 3221/1066/1573 3182/1008/1573 3184/1011/1573
f 3184/1011/1574 3222/1067/1574 3221/1066/1574
f 3223/1068/1575 3187/1014/1575 3186/1013/1575
f 3186/1013/1576 3224/1069/1576 3223/1068/1576
f 3225/1070/1577 3189/1018/1577 3179/1017/1577
f 3179/1017/1578 3226/1071/1578 3225/1070/1578
f 3227/1072/1579 3201/1034/1579 3193/1022/1579
f 3193/1022/1580 3222/1073/1580 3227/1072/1580
f 3228/1074/1581 3195/1026/1581 3183/1025/1581
f 3183/1025/1582 3219/1075/1582 3228/1074/1582
f 3229/1076/1583 3199/1032/1583 3189/1031/1583
f 3189/1031/1584 3225/1077/1584 3229/1076/1584
f 3230/1078/1585 3197/1028/1585 3187/1014/1585
f 3187/1014/1586 3223/1068/1586 3230/1078/1586
f 3231/1079/1587 3209/1046/1587 3201/1034/1587
f 3201/1034/1588 3227/1072/1588 3231/1079/1588
f 3232/1080/1589 3203/1038/1589 3195/1037/1589
f 3195/1037/1589 3228/1081/1589 3232/1080/1589
f 3233/1082/1590 3207/1044/1590 3199/1043/1590
f 3199/1043/1591 3229/1083/1591 3233/1082/1591
f 3234/1084/1592 3205/1040/1592 3197/1028/1592
f 3197/1028/1593 3230/1078/1593 3234/1084/1593
f 3235/1085/1594 3217/1062/1594 3209/1061/1594
f 3209/1061/1595 3231/1086/1595 3235/1085/1595
f 3236/1087/1596 3211/1050/1596 3203/1049/1596
f 3203/1049/1597 3232/1088/1597 3236/1087/1597
f 3237/1089/1598 3215/1058/1598 3207/1057/1598
f 3207/1057/1599 3233/1090/1599 3237/1089/1599
f 3238/1091/1600 3213/1054/1600 3205/1053/1600
f 3205/1053/1601 3234/1092/1601 3238/1091/1601
f 3188/1015/1602 3219/1093/1602 3220/1094/1602
f 3220/1094/1603 3185/1012/1603 3188/1015/1603
f 3192/1021/1604 3221/1095/1604 3222/1073/1604
f 3222/1073/1605 3193/1022/1605 3192/1021/1605
f 3190/1019/1606 3223/1096/1606 3224/1097/1606
f 3224/1097/1607 3180/1016/1607 3190/1019/1607
f 3194/1023/1608 3225/1098/1608 3226/1099/1608
f 3226/1099/1609 3191/1020/1609 3194/1023/1609
f 3196/1027/1610 3227/1100/1610 3222/1101/1610
f 3222/1101/1611 3184/1024/1611 3196/1027/1611
f 3198/1029/1612 3228/1102/1612 3219/1093/1612
f 3219/1093/1613 3188/1015/1613 3198/1029/1613
f 3202/1035/1614 3229/1103/1614 3225/1098/1614
f 3225/1098/1615 3194/1023/1615 3202/1035/1615
f 3200/1033/1616 3230/1104/1616 3223/1105/1616
f 3223/1105/1617 3190/1030/1617 3200/1033/1617
f 3204/1039/1618 3231/1106/1618 3227/1107/1618
f 3227/1107/1618 3196/1036/1618 3204/1039/1618
f 3206/1041/1619 3232/1108/1619 3228/1102/1619
f 3228/1102/1620 3198/1029/1620 3206/1041/1620
f 3210/1047/1621 3233/1109/1621 3229/1103/1621
f 3229/1103/1622 3202/1035/1622 3210/1047/1622
f 3208/1045/1623 3234/1110/1623 3230/1111/1623
f 3230/1111/1624 3200/1042/1624 3208/1045/1624
f 3212/1051/1625 3235/1112/1625 3231/1113/1625
f 3231/1113/1626 3204/1048/1626 3212/1051/1626
f 3214/1055/1627 3236/1114/1627 3232/1115/1627
f 3232/1115/1628 3206/1052/1628 3214/1055/1628
f 3218/1063/1629 3237/1116/1629 3233/1117/1629
f 3233/1117/1630 3210/1060/1630 3218/1063/1630
f 3216/1059/1631 3238/1118/1631 3234/1119/1631
f 3234/1119/1632 3208/1056/1632 3216/1059/1632
f 3221/1120/1500 3226/1121/1500 3179/1004/1500
f 3179/1004/1500 3182/1007/1500 3221/1120/1500
f 3192/1122/1500 3191/1123/1500 3226/1121/1500
f 3226/1121/1500 3221/1120/1500 3192/1122/1500
f 3224/1124/1500 3220/1125/1500 3181/1006/1500
f 3181/1006/1500 3180/1005/1500 3224/1124/1500
f 3186/1126/1500 3185/1127/1500 3220/1125/1500
f 3220/1125/1500 3224/1124/1500 3186/1126/1500
f 3239/1128/1633 3240/1129/1633 3241/1130/1633
f 3239/1128/1634 3242/1131/1634 3243/1132/1634
f 3243/1132/1634 3240/1129/1634 3239/1128/1634
f 3242/1131/1635 3244/1133/1635 3243/1132/1635
f 3245/1134/1633 3246/1135/1633 3247/1136/1633
f 3245/1134/1634 3248/1137/1634 3249/1138/1634
f 3249/1138/1634 3246/1135/1634 3245/1134/1634
f 3248/1137/1635 3250/1139/1635 3249/1138/1635
f 3251/1140/1633 3252/1141/1633 3253/1142/1633
f 3251/1140/1634 3254/1143/1634 3255/1144/1634
f 3255/1144/1634 3252/1141/1634 3251/1140/1634
f 3254/1143/1635 3256/1145/1635 3255/1144/1635
f 3257/1146/1633 3258/1147/1633 3259/1148/1633
f 3257/1146/1634 3260/1149/1634 3261/1150/1634
f 3261/1150/1634 3258/1147/1634 3257/1146/1634
f 3260/1149/1635 3262/1151/1635 3261/1150/1635
f 3263/1152/1633 3264/1153/1633 3265/1154/1633
f 3266/1155/1634 3267/1156/1634 3264/1153/1634
f 3264/1153/1634 3263/1152/1634 3266/1155/1634
f 3268/1157/1635 3269/1158/1635 3270/1159/1635
f 3268/1157/1634 3270/1159/1634 3271/1160/1634
f 3271/1160/1634 3272/1161/1634 3268/1157/1634
f 3272/1161/1633 3271/1160/1633 3273/1162/1633
f 3274/1163/1635 3275/1164/1635 3276/1165/1635
f 3274/1163/1634 3276/1165/1634 3277/1166/1634
f 3277/1166/1634 3278/1167/1634 3274/1163/1634
f 3278/1167/1633 3277/1166/1633 3279/1168/1633
f 3280/1169/1635 3281/1170/1635 3282/1171/1635
f 3280/1169/1634 3282/1171/1634 3283/1172/1634
f 3283/1172/1634 3284/1173/1634 3280/1169/1634
f 3284/1173/1633 3283/1172/1633 3285/1174/1633
f 3286/1175/1635 3287/1176/1635 3288/1177/1635
f 3286/1175/1634 3288/1177/1634 3289/1178/1634
f 3289/1178/1634 3290/1179/1634 3286/1175/1634
f 3290/1179/1633 3289/1178/1633 3291/1180/1633
f 3266/1155/1636 3292/1181/1636 3267/1156/1636
f 3293/1182/1633 3294/1183/1633 3295/1184/1633
f 3293/1182/1637 3295/1184/1637 3296/1185/1637
f 3296/1185/1637 3297/1186/1637 3293/1182/1637
f 3297/1186/1635 3296/1185/1635 3298/1187/1635
f 3299/1188/1633 3300/1189/1633 3301/1190/1633
f 3299/1188/1637 3301/1190/1637 3302/1191/1637
f 3302/1191/1637 3303/1192/1637 3299/1188/1637
f 3303/1192/1635 3302/1191/1635 3304/1193/1635
f 3305/1194/1633 3306/1195/1633 3307/1196/1633
f 3305/1194/1637 3307/1196/1637 3308/1197/1637
f 3308/1197/1637 3309/1198/1637 3305/1194/1637
f 3309/1198/1635 3308/1197/1635 3310/1199/1635
f 3311/1200/1633 3312/1201/1633 3313/1202/1633
f 3311/1200/1637 3313/1202/1637 3314/1203/1637
f 3314/1203/1637 3315/1204/1637 3311/1200/1637
f 3315/1204/1635 3314/1203/1635 3316/1205/1635
f 3317/1206/1633 3318/1207/1633 3319/1208/1633
f 3320/1209/1637 3317/1206/1637 3319/1208/1637
f 3319/1208/1637 3321/1210/1637 3320/1209/1637
f 3322/1211/1635 3323/1212/1635 3324/1213/1635
f 3322/1211/1637 3325/1214/1637 3326/1215/1637
f 3326/1215/1637 3323/1212/1637 3322/1211/1637
f 3325/1214/1633 3327/1216/1633 3326/1215/1633
f 3328/1217/1635 3329/1218/1635 3330/1219/1635
f 3328/1217/1637 3331/1220/1637 3332/1221/1637
f 3332/1221/1637 3329/1218/1637 3328/1217/1637
f 3331/1220/1633 3333/1222/1633 3332/1221/1633
f 3334/1223/1635 3335/1224/1635 3336/1225/1635
f 3334/1223/1637 3337/1226/1637 3338/1227/1637
f 3338/1227/1637 3335/1224/1637 3334/1223/1637
f 3337/1226/1633 3339/1228/1633 3338/1227/1633
f 3340/1229/1635 3341/1230/1635 3342/1231/1635
f 3340/1229/1637 3343/1232/1637 3344/1233/1637
f 3344/1233/1637 3341/1230/1637 3340/1229/1637
f 3343/1232/1633 3345/1234/1633 3344/1233/1633
f 3320/1209/1636 3321/1210/1636 3346/1235/1636
f 3347/1236/1515 3348/1237/1515 3349/1238/1515
f 3347/1236/1638 3350/1239/1638 3351/1240/1638
f 3351/1240/1638 3348/1237/1638 3347/1236/1638
f 3350/1239/1533 3352/1241/1533 3351/1240/1533
f 3353/1242/1515 3354/1243/1515 3355/1244/1515
f 3353/1242/1638 3356/1245/1638 3357/1246/1638
f 3357/1246/1638 3354/1243/1638 3353/1242/1638
f 3356/1245/1533 3358/1247/1533 3357/1246/1533
f 3359/1248/1515 3360/1249/1515 3361/1250/1515
f 3359/1248/1638 3362/1251/1638 3363/1252/1638
f 3363/1252/1638 3360/1249/1638 3359/1248/1638
f 3362/1251/1533 3364/1253/1533 3363/1252/1533
f 3365/1254/1515 3366/1255/1515 3367/1256/1515
f 3365/1254/1639 3367/1256/1639 3368/1257/1639
f 3368/1257/1639 3369/1258/1639 3365/1254/1639
f 3369/1258/1533 3368/1257/1533 3370/1259/1533
f 3371/1260/1515 3372/1261/1515 3373/1262/1515
f 3371/1260/1639 3373/1262/1639 3374/1263/1639
f 3374/1263/1639 3375/1264/1639 3371/1260/1639
f 3375/1264/1533 3374/1263/1533 3376/1265/1533
f 3377/1266/1515 3378/1267/1515 3379/1268/1515
f 3377/1266/1639 3379/1268/1639 3380/1269/1639
f 3380/1269/1639 3381/1270/1639 3377/1266/1639
f 3381/1270/1533 3380/1269/1533 3382/1271/1533
f 3383/1272/1640 3384/1273/1640 3385/1274/1640
f 3385/1274/1641 3386/1275/1641 3383/1272/1641
f 3384/1273/1642 3387/1276/1642 3388/1277/1642
f 3388/1277/1642 3385/1274/1642 3384/1273/1642
f 3387/1276/1643 3389/1278/1643 3390/1279/1643
f 3390/1279/1643 3388/1277/1643 3387/1276/1643
f 3389/1278/1644 3391/1280/1644 3392/1281/1644
f 3392/1281/1644 3390/1279/1644 3389/1278/1644
f 3391/1280/1500 3393/1282/1500 3394/1283/1500
f 3394/1283/1500 3392/1281/1500 3391/1280/1500
f 3393/1284/1645 3395/1285/1645 3396/1286/1645
f 3396/1286/1645 3394/1287/1645 3393/1284/1645
f 3395/1285/1646 3397/1288/1646 3398/1289/1646
f 3398/1289/1646 3396/1286/1646 3395/1285/1646
f 3397/1288/1647 3399/1290/1647 3400/1291/1647
f 3400/1291/1647 3398/1289/1647 3397/1288/1647
f 3399/1290/1648 3401/1292/1648 3402/1293/1648
f 3402/1293/1648 3400/1291/1648 3399/1290/1648
f 3401/1292/1649 3403/1294/1649 3404/1295/1649
f 3404/1295/1649 3402/1293/1649 3401/1292/1649
f 3403/1294/1650 3405/1296/1650 3406/1297/1650
f 3406/1297/1650 3404/1295/1650 3403/1294/1650
f 3405/1296/1651 3407/1298/1651 3408/1299/1651
f 3408/1299/1651 3406/1297/1651 3405/1296/1651
f 3407/1298/1652 3409/1300/1652 3410/1301/1652
f 3410/1301/1652 3408/1299/1652 3407/1298/1652
f 3409/1300/1495 3411/1302/1495 3412/1303/1495
f 3412/1303/1495 3410/1301/1495 3409/1300/1495
f 3411/1302/1653 3413/1304/1653 3414/1305/1653
f 3414/1305/1653 3412/1303/1653 3411/1302/1653
f 3413/1304/1654 3415/1306/1654 3416/1307/1654
f 3416/1307/1654 3414/1305/1654 3413/1304/1654
f 3415/1306/1655 3417/1308/1655 3418/1309/1655
f 3418/1309/1655 3416/1307/1655 3415/1306/1655
f 3417/1308/1656 3383/1272/1656 3386/1275/1656
f 3386/1275/1657 3418/1309/1657 3417/1308/1657
f 3410/1310/1515 3412/1311/1515 3414/1312/1515
f 3414/1312/1515 3408/1313/1515 3410/1310/1515
f 3408/1313/1515 3414/1312/1515 3416/1314/1515
f 3416/1314/1515 3406/1315/1515 3408/1313/1515
f 3406/1315/1515 3416/1314/1515 3418/1316/1515
f 3418/1316/1515 3404/1317/1515 3406/1315/1515
f 3404/1317/1515 3418/1316/1515 3386/1318/1515
f 3386/1318/1515 3402/1319/1515 3404/1317/1515
f 3402/1319/1515 3386/1318/1515 3385/1320/1515
f 3385/1320/1515 3400/1321/1515 3402/1319/1515
f 3400/1321/1515 3385/1320/1515 3388/1322/1515
f 3388/1322/1515 3398/1323/1515 3400/1321/1515
f 3398/1323/1515 3388/1322/1515 3390/1324/1515
f 3390/1324/1515 3396/1325/1515 3398/1323/1515
f 3396/1325/1515 3390/1324/1515 3392/1326/1515
f 3392/1326/1515 3394/1327/1515 3396/1325/1515
f 3393/1328/1533 3391/1329/1533 3389/1330/1533
f 3389/1330/1533 3395/1331/1533 3393/1328/1533
f 3395/1331/1533 3389/1330/1533 3387/1332/1533
f 3387/1332/1533 3397/1333/1533 3395/1331/1533
f 3397/1333/1533 3387/1332/1533 3384/1334/1533
f 3384/1334/1533 3399/1335/1533 3397/1333/1533
f 3399/1335/1533 3384/1334/1533 3383/1336/1533
f 3383/1336/1533 3401/1337/1533 3399/1335/1533
f 3401/1337/1533 3383/1336/1533 3417/1338/1533
f 3417/1338/1533 3403/1339/1533 3401/1337/1533
f 3403/1339/1533 3417/1338/1533 3415/1340/1533
f 3415/1340/1533 3405/1341/1533 3403/1339/1533
f 3405/1341/1533 3415/1340/1533 3413/1342/1533
f 3413/1342/1533 3407/1343/1533 3405/1341/1533
f 3407/1343/1533 3413/1342/1533 3411/1344/1533
f 3411/1344/1533 3409/1345/1533 3407/1343/1533
f 3419/1346/1658 3420/1347/1658 3421/1348/1658
f 3421/1348/1659 3422/1349/1659 3419/1346/1659
f 3422/1349/1660 3421/1348/1660 3423/1350/1660
f 3423/1350/1660 3424/1351/1660 3422/1349/1660
f 3424/1351/1661 3423/1350/1661 3425/1352/1661
f 3425/1352/1661 3426/1353/1661 3424/1351/1661
f 3426/1353/1645 3425/1352/1645 3427/1354/1645
f 3427/1354/1645 3428/1355/1645 3426/1353/1645
f 3428/1356/1500 3427/1357/1500 3429/1358/1500
f 3429/1358/1500 3430/1359/1500 3428/1356/1500
f 3430/1359/1662 3429/1358/1662 3431/1360/1662
f 3431/1360/1662 3432/1361/1662 3430/1359/1662
f 3432/1361/1663 3431/1360/1663 3433/1362/1663
f 3433/1362/1663 3434/1363/1663 3432/1361/1663
f 3434/1363/1664 3433/1362/1664 3435/1364/1664
f 3435/1364/1664 3436/1365/1664 3434/1363/1664
f 3436/1365/1665 3435/1364/1665 3437/1366/1665
f 3437/1366/1665 3438/1367/1665 3436/1365/1665
f 3438/1367/1666 3437/1366/1666 3439/1368/1666
f 3439/1368/1666 3440/1369/1666 3438/1367/1666
f 3440/1369/1667 3439/1368/1667 3441/1370/1667
f 3441/1370/1667 3442/1371/1667 3440/1369/1667
f 3442/1371/1668 3441/1370/1668 3443/1372/1668
f 3443/1372/1668 3444/1373/1668 3442/1371/1668
f 3444/1373/1669 3443/1372/1669 3445/1374/1669
f 3445/1374/1669 3446/1375/1669 3444/1373/1669
f 3446/1375/1495 3445/1374/1495 3447/1376/1495
f 3447/1376/1495 3448/1377/1495 3446/1375/1495
f 3448/1377/1670 3447/1376/1670 3449/1378/1670
f 3449/1378/1670 3450/1379/1670 3448/1377/1670
f 3450/1379/1671 3449/1378/1671 3451/1380/1671
f 3451/1380/1671 3452/1381/1671 3450/1379/1671
f 3452/1381/1672 3451/1380/1672 3453/1382/1672
f 3453/1382/1672 3454/1383/1672 3452/1381/1672
f 3454/1383/1673 3453/1382/1673 3420/1347/1673
f 3420/1347/1674 3419/1346/1674 3454/1383/1674
f 3445/1384/1515 3443/1385/1515 3449/1386/1515
f 3449/1386/1515 3447/1387/1515 3445/1384/1515
f 3443/1385/1515 3441/1388/1515 3451/1389/1515
f 3451/1389/1515 3449/1386/1515 3443/1385/1515
f 3441/1388/1515 3439/1390/1515 3453/1391/1515
f 3453/1391/1515 3451/1389/1515 3441/1388/1515
f 3439/1390/1515 3437/1392/1515 3420/1393/1515
f 3420/1393/1515 3453/1391/1515 3439/1390/1515
f 3437/1392/1515 3435/1394/1515 3421/1395/1515
f 3421/1395/1515 3420/1393/1515 3437/1392/1515
f 3435/1394/1515 3433/1396/1515 3423/1397/1515
f 3423/1397/1515 3421/1395/1515 3435/1394/1515
f 3433/1396/1515 3431/1398/1515 3425/1399/1515
f 3425/1399/1515 3423/1397/1515 3433/1396/1515
f 3431/1398/1515 3429/1400/1515 3427/1401/1515
f 3427/1401/1515 3425/1399/1515 3431/1398/1515
f 3430/1402/1533 3432/1403/1533 3426/1404/1533
f 3426/1404/1533 3428/1405/1533 3430/1402/1533
f 3432/1403/1533 3434/1406/1533 3424/1407/1533
f 3424/1407/1533 3426/1404/1533 3432/1403/1533
f 3434/1406/1533 3436/1408/1533 3422/1409/1533
f 3422/1409/1533 3424/1407/1533 3434/1406/1533
f 3436/1408/1533 3438/1410/1533 3419/1411/1533
f 3419/1411/1533 3422/1409/1533 3436/1408/1533
f 3438/1410/1533 3440/1412/1533 3454/1413/1533
f 3454/1413/1533 3419/1411/1533 3438/1410/1533
f 3440/1412/1533 3442/1414/1533 3452/1415/1533
f 3452/1415/1533 3454/1413/1533 3440/1412/1533
f 3442/1414/1533 3444/1416/1533 3450/1417/1533
f 3450/1417/1533 3452/1415/1533 3442/1414/1533
f 3444/1416/1533 3446/1418/1533 3448/1419/1533
f 3448/1419/1533 3450/1417/1533 3444/1416/1533
f 3455/1420/1675 3456/1421/1675 3457/1422/1675
f 3457/1422/1675 3458/1423/1675 3455/1420/1675
f 3458/1423/1676 3457/1422/1676 3459/1424/1676
f 3459/1424/1677 3460/1425/1677 3458/1423/1677
f 3460/1425/1678 3459/1424/1678 3461/1426/1678
f 3461/1426/1679 3462/1427/1679 3460/1425/1679
f 3462/1427/1680 3461/1426/1680 3463/1428/1680
f 3463/1428/1680 3464/1429/1680 3462/1427/1680
f 3464/1429/1500 3463/1428/1500 3465/1430/1500
f 3465/1430/1500 3466/1431/1500 3464/1429/1500
f 3466/1432/1681 3465/1433/1681 3467/1434/1681
f 3467/1434/1681 3468/1435/1681 3466/1432/1681
f 3468/1435/1682 3467/1434/1682 3469/1436/1682
f 3469/1436/1683 3470/1437/1683 3468/1435/1683
f 3470/1437/1684 3469/1436/1684 3471/1438/1684
f 3471/1438/1685 3472/1439/1685 3470/1437/1685
f 3472/1439/1686 3471/1438/1686 3473/1440/1686
f 3473/1440/1687 3474/1441/1687 3472/1439/1687
f 3474/1441/1688 3473/1440/1688 3475/1442/1688
f 3475/1442/1689 3476/1443/1689 3474/1441/1689
f 3476/1443/1690 3475/1442/1690 3477/1444/1690
f 3477/1444/1690 3478/1445/1690 3476/1443/1690
f 3478/1445/1691 3477/1444/1691 3479/1446/1691
f 3479/1446/1691 3480/1447/1691 3478/1445/1691
f 3480/1447/1692 3479/1446/1692 3481/1448/1692
f 3481/1448/1692 3482/1449/1692 3480/1447/1692
f 3482/1449/1693 3481/1448/1693 3483/1450/1693
f 3483/1450/1693 3484/1451/1693 3482/1449/1693
f 3484/1451/1694 3483/1450/1694 3485/1452/1694
f 3485/1452/1694 3486/1453/1694 3484/1451/1694
f 3486/1453/1695 3485/1452/1695 3487/1454/1695
f 3487/1454/1696 3488/1455/1696 3486/1453/1696
f 3488/1455/1697 3487/1454/1697 3489/1456/1697
f 3489/1456/1698 3490/1457/1698 3488/1455/1698
f 3490/1457/1657 3489/1456/1657 3456/1421/1657
f 3456/1421/1657 3455/1420/1657 3490/1457/1657
f 3481/1458/1533 3479/1459/1533 3485/1460/1533
f 3485/1460/1533 3483/1461/1533 3481/1458/1533
f 3479/1459/1533 3477/1462/1533 3487/1463/1533
f 3487/1463/1533 3485/1460/1533 3479/1459/1533
f 3477/1462/1533 3475/1464/1533 3489/1465/1533
f 3489/1465/1533 3487/1463/1533 3477/1462/1533
f 3475/1464/1533 3473/1466/1533 3456/1467/1533
f 3456/1467/1533 3489/1465/1533 3475/1464/1533
f 3473/1466/1533 3471/1468/1533 3457/1469/1533
f 3457/1469/1533 3456/1467/1533 3473/1466/1533
f 3471/1468/1533 3469/1470/1533 3459/1471/1533
f 3459/1471/1533 3457/1469/1533 3471/1468/1533
f 3469/1470/1533 3467/1472/1533 3461/1473/1533
f 3461/1473/1533 3459/1471/1533 3469/1470/1533
f 3467/1472/1533 3465/1474/1533 3463/1475/1533
f 3463/1475/1533 3461/1473/1533 3467/1472/1533
f 3466/1476/1515 3468/1477/1515 3462/1478/1515
f 3462/1478/1515 3464/1479/1515 3466/1476/1515
f 3468/1477/1515 3470/1480/1515 3460/1481/1515
f 3460/1481/1515 3462/1478/1515 3468/1477/1515
f 3470/1480/1515 3472/1482/1515 3458/1483/1515
f 3458/1483/1515 3460/1481/1515 3470/1480/1515
f 3472/1482/1515 3474/1484/1515 3455/1485/1515
f 3455/1485/1515 3458/1483/1515 3472/1482/1515
f 3474/1484/1515 3476/1486/1515 3490/1487/1515
f 3490/1487/1515 3455/1485/1515 3474/1484/1515
f 3476/1486/1515 3478/1488/1515 3488/1489/1515
f 3488/1489/1515 3490/1487/1515 3476/1486/1515
f 3478/1488/1515 3480/1490/1515 3486/1491/1515
f 3486/1491/1515 3488/1489/1515 3478/1488/1515
f 3480/1490/1515 3482/1492/1515 3484/1493/1515
f 3484/1493/1515 3486/1491/1515 3480/1490/1515
f 3491/1494/1699 3492/1495/1699 3493/1496/1699
f 3493/1496/1699 3494/1497/1699 3491/1494/1699
f 3492/1495/1700 3495/1498/1700 3496/1499/1700
f 3496/1499/1701 3493/1496/1701 3492/1495/1701
f 3495/1498/1702 3497/1500/1702 3498/1501/1702
f 3498/1501/1703 3496/1499/1703 3495/1498/1703
f 3497/1500/1704 3499/1502/1704 3500/1503/1704
f 3500/1503/1704 3498/1501/1704 3497/1500/1704
f 3499/1504/1500 3501/1505/1500 3502/1506/1500
f 3502/1506/1500 3500/1507/1500 3499/1504/1500
f 3501/1505/1705 3503/1508/1705 3504/1509/1705
f 3504/1509/1705 3502/1506/1705 3501/1505/1705
f 3503/1508/1706 3505/1510/1706 3506/1511/1706
f 3506/1511/1707 3504/1509/1707 3503/1508/1707
f 3505/1510/1664 3507/1512/1664 3508/1513/1664
f 3508/1513/1708 3506/1511/1708 3505/1510/1708
f 3507/1512/1709 3509/1514/1709 3510/1515/1709
f 3510/1515/1710 3508/1513/1710 3507/1512/1710
f 3509/1514/1711 3511/1516/1711 3512/1517/1711
f 3512/1517/1712 3510/1515/1712 3509/1514/1712
f 3511/1516/1655 3513/1518/1655 3514/1519/1655
f 3514/1519/1655 3512/1517/1655 3511/1516/1655
f 3513/1518/1713 3515/1520/1713 3516/1521/1713
f 3516/1521/1713 3514/1519/1713 3513/1518/1713
f 3515/1520/1714 3517/1522/1714 3518/1523/1714
f 3518/1523/1714 3516/1521/1714 3515/1520/1714
f 3517/1522/1715 3519/1524/1715 3520/1525/1715
f 3520/1525/1715 3518/1523/1715 3517/1522/1715
f 3519/1524/1716 3521/1526/1716 3522/1527/1716
f 3522/1527/1716 3520/1525/1716 3519/1524/1716
f 3521/1526/1717 3523/1528/1717 3524/1529/1717
f 3524/1529/1718 3522/1527/1718 3521/1526/1718
f 3523/1528/1719 3525/1530/1719 3526/1531/1719
f 3526/1531/1720 3524/1529/1720 3523/1528/1720
f 3525/1530/1673 3491/1494/1673 3494/1497/1673
f 3494/1497/1673 3526/1531/1673 3525/1530/1673
f 3518/1532/1533 3520/1533/1533 3522/1534/1533
f 3522/1534/1533 3516/1535/1533 3518/1532/1533
f 3516/1535/1533 3522/1534/1533 3524/1536/1533
f 3524/1536/1533 3514/1537/1533 3516/1535/1533
f 3514/1537/1533 3524/1536/1533 3526/1538/1533
f 3526/1538/1533 3512/1539/1533 3514/1537/1533
f 3512/1539/1533 3526/1538/1533 3494/1540/1533
f 3494/1540/1533 3510/1541/1533 3512/1539/1533
f 3510/1541/1533 3494/1540/1533 3493/1542/1533
f 3493/1542/1533 3508/1543/1533 3510/1541/1533
f 3508/1543/1533 3493/1542/1533 3496/1544/1533
f 3496/1544/1533 3506/1545/1533 3508/1543/1533
f 3506/1545/1533 3496/1544/1533 3498/1546/1533
f 3498/1546/1533 3504/1547/1533 3506/1545/1533
f 3504/1547/1533 3498/1546/1533 3500/1548/1533
f 3500/1548/1533 3502/1549/1533 3504/1547/1533
f 3501/1550/1515 3499/1551/1515 3497/1552/1515
f 3497/1552/1515 3503/1553/1515 3501/1550/1515
f 3503/1553/1515 3497/1552/1515 3495/1554/1515
f 3495/1554/1515 3505/1555/1515 3503/1553/1515
f 3505/1555/1515 3495/1554/1515 3492/1556/1515
f 3492/1556/1515 3507/1557/1515 3505/1555/1515
f 3507/1557/1515 3492/1556/1515 3491/1558/1515
f 3491/1558/1515 3509/1559/1515 3507/1557/1515
f 3509/1559/1515 3491/1558/1515 3525/1560/1515
f 3525/1560/1515 3511/1561/1515 3509/1559/1515
f 3511/1561/1515 3525/1560/1515 3523/1562/1515
f 3523/1562/1515 3513/1563/1515 3511/1561/1515
f 3513/1563/1515 3523/1562/1515 3521/1564/1515
f 3521/1564/1515 3515/1565/1515 3513/1563/1515
f 3515/1565/1515 3521/1564/1515 3519/1566/1515
f 3519/1566/1515 3517/1567/1515 3515/1565/1515
f 3527/1568/1533 3528/1569/1533 3529/1570/1533
f 3529/1570/1533 3530/1571/1533 3527/1568/1533
f 3531/1572/1515 3532/1573/1515 3533/1574/1515
f 3533/1574/1515 3534/1575/1515 3531/1572/1515
f 3529/1570/1533 3528/1569/1533 3535/1576/1533
f 3535/1576/1533 3536/1577/1533 3529/1570/1533
f 3536/1577/1533 3535/1576/1533 3537/1578/1533
f 3537/1578/1533 3538/1579/1533 3536/1577/1533
f 3537/1578/1533 3539/1580/1533 3538/1579/1533
f 3534/1575/1515 3533/1574/1515 3540/1581/1515
f 3540/1581/1515 3541/1582/1515 3534/1575/1515
f 3541/1582/1515 3540/1581/1515 3542/1583/1515
f 3542/1583/1515 3543/1584/1515 3541/1582/1515
f 3542/1583/1515 3544/1585/1515 3543/1584/1515
f 3545/1586/1515 3546/1587/1515 3547/1588/1515
f 3547/1588/1515 3548/1589/1515 3545/1586/1515
f 3549/1590/1533 3550/1591/1533 3551/1592/1533
f 3551/1592/1533 3552/1593/1533 3549/1590/1533
f 3553/1594/1515 3546/1587/1515 3545/1586/1515
f 3545/1586/1515 3554/1595/1515 3553/1594/1515
f 3555/1596/1515 3553/1594/1515 3554/1595/1515
f 3554/1595/1515 3556/1597/1515 3555/1596/1515
f 3556/1597/1515 3557/1598/1515 3555/1596/1515
f 3558/1599/1533 3549/1590/1533 3552/1593/1533
f 3552/1593/1721 3559/1600/1721 3558/1599/1721
f 3560/1601/1722 3558/1599/1722 3559/1600/1722
f 3559/1600/1723 3561/1602/1723 3560/1601/1723
f 3561/1602/1533 3562/1603/1533 3560/1601/1533
f 3545/1604/1724 3548/1605/1724 3530/1606/1724
f 3530/1606/1724 3529/1607/1724 3545/1604/1724
f 3547/1608/1725 3546/1609/1725 3528/1610/1725
f 3528/1610/1726 3527/1611/1726 3547/1608/1726
f 3552/1612/1727 3551/1613/1727 3531/1614/1727
f 3531/1614/1728 3534/1615/1728 3552/1612/1728
f 3550/1616/1724 3549/1617/1724 3533/1618/1724
f 3533/1618/1724 3532/1619/1724 3550/1616/1724
f 3554/1620/1729 3545/1604/1729 3529/1607/1729
f 3529/1607/1730 3536/1621/1730 3554/1620/1730
f 3546/1609/1731 3553/1622/1731 3535/1623/1731
f 3535/1623/1732 3528/1610/1732 3546/1609/1732
f 3556/1624/1733 3554/1620/1733 3536/1621/1733
f 3536/1621/1734 3538/1625/1734 3556/1624/1734
f 3553/1622/1735 3555/1626/1735 3537/1627/1735
f 3537/1627/1736 3535/1623/1736 3553/1622/1736
f 3555/1626/1737 3557/1628/1737 3539/1629/1737
f 3539/1629/1737 3537/1627/1737 3555/1626/1737
f 3557/1628/1738 3556/1624/1738 3538/1625/1738
f 3538/1625/1738 3539/1629/1738 3557/1628/1738
f 3559/1630/1739 3552/1612/1739 3534/1615/1739
f 3534/1615/1740 3541/1631/1740 3559/1630/1740
f 3549/1617/1729 3558/1632/1729 3540/1633/1729
f 3540/1633/1729 3533/1618/1729 3549/1617/1729
f 3561/1634/1741 3559/1630/1741 3541/1631/1741
f 3541/1631/1742 3543/1635/1742 3561/1634/1742
f 3558/1632/1743 3560/1636/1743 3542/1637/1743
f 3542/1637/1744 3540/1633/1744 3558/1632/1744
f 3560/1636/1745 3562/1638/1745 3544/1639/1745
f 3544/1639/1746 3542/1637/1746 3560/1636/1746
f 3562/1638/1747 3561/1634/1747 3543/1635/1747
f 3543/1635/1748 3544/1639/1748 3562/1638/1748
f 3563/1640/1749 3564/1641/1749 3565/1642/1749
f 3565/1642/1749 3566/1643/1749 3563/1640/1749
f 3564/1641/1750 3567/1644/1750 3568/1645/1750
f 3568/1645/1750 3565/1642/1750 3564/1641/1750
f 3567/1644/1751 3569/1646/1751 3570/1647/1751
f 3570/1647/1751 3568/1645/1751 3567/1644/1751
f 3569/1646/1752 3571/1648/1752 3572/1649/1752
f 3572/1649/1752 3570/1647/1752 3569/1646/1752
f 3571/1648/1753 3573/1650/1753 3574/1651/1753
f 3574/1651/1753 3572/1649/1753 3571/1648/1753
f 3573/1650/1754 3575/1652/1754 3576/1653/1754
f 3576/1653/1754 3574/1651/1754 3573/1650/1754
f 3575/1652/1495 3577/1654/1495 3578/1655/1495
f 3578/1655/1495 3576/1653/1495 3575/1652/1495
f 3577/1656/1755 3579/1657/1755 3580/1658/1755
f 3580/1658/1755 3578/1659/1755 3577/1656/1755
f 3579/1657/1756 3563/1640/1756 3566/1643/1756
f 3566/1643/1756 3580/1658/1756 3579/1657/1756
f 3581/1660/1533 3582/1661/1533 3583/1662/1533
f 3583/1662/1533 3584/1663/1533 3581/1660/1533
f 3585/1664/1515 3586/1665/1515 3587/1666/1515
f 3587/1666/1515 3588/1667/1515 3585/1664/1515
f 3583/1662/1533 3589/1668/1533 3590/1669/1533
f 3590/1669/1533 3584/1663/1533 3583/1662/1533
f 3589/1668/1533 3591/1670/1533 3592/1671/1533
f 3592/1671/1533 3590/1669/1533 3589/1668/1533
f 3592/1671/1533 3591/1670/1533 3593/1672/1533
f 3586/1665/1515 3594/1673/1515 3595/1674/1515
f 3595/1674/1515 3587/1666/1515 3586/1665/1515
f 3594/1673/1515 3596/1675/1515 3597/1676/1515
f 3597/1676/1515 3595/1674/1515 3594/1673/1515
f 3597/1676/1515 3596/1675/1515 3598/1677/1515
f 3599/1678/1515 3600/1679/1515 3601/1680/1515
f 3601/1680/1515 3602/1681/1515 3599/1678/1515
f 3603/1682/1533 3604/1683/1533 3605/1684/1533
f 3605/1684/1533 3606/1685/1533 3603/1682/1533
f 3607/1686/1515 3608/1687/1515 3599/1678/1515
f 3599/1678/1515 3602/1681/1515 3607/1686/1515
f 3609/1688/1515 3610/1689/1515 3608/1687/1515
f 3608/1687/1515 3607/1686/1515 3609/1688/1515
f 3610/1689/1515 3609/1688/1515 3611/1690/1515
f 3612/1691/1757 3613/1692/1757 3604/1683/1757
f 3604/1683/1533 3603/1682/1533 3612/1691/1533
f 3614/1693/1723 3615/1694/1723 3613/1692/1723
f 3613/1692/1758 3612/1691/1758 3614/1693/1758
f 3615/1694/1533 3614/1693/1533 3616/1695/1533
f 3599/1696/1759 3583/1697/1759 3582/1698/1759
f 3582/1698/1759 3600/1699/1759 3599/1696/1759
f 3601/1700/1760 3581/1701/1760 3584/1702/1760
f 3584/1702/1761 3602/1703/1761 3601/1700/1761
f 3604/1704/1762 3586/1705/1762 3585/1706/1762
f 3585/1706/1763 3605/1707/1763 3604/1704/1763
f 3606/1708/1759 3588/1709/1759 3587/1710/1759
f 3587/1710/1759 3603/1711/1759 3606/1708/1759
f 3608/1712/1764 3589/1713/1764 3583/1697/1764
f 3583/1697/1765 3599/1696/1765 3608/1712/1765
f 3602/1703/1766 3584/1702/1766 3590/1714/1766
f 3590/1714/1767 3607/1715/1767 3602/1703/1767
f 3610/1716/1768 3591/1717/1768 3589/1713/1768
f 3589/1713/1769 3608/1712/1769 3610/1716/1769
f 3607/1715/1770 3590/1714/1770 3592/1718/1770
f 3592/1718/1771 3609/1719/1771 3607/1715/1771
f 3609/1719/1772 3592/1718/1772 3593/1720/1772
f 3593/1720/1772 3611/1721/1772 3609/1719/1772
f 3611/1721/1773 3593/1720/1773 3591/1717/1773
f 3591/1717/1773 3610/1716/1773 3611/1721/1773
f 3613/1722/1774 3594/1723/1774 3586/1705/1774
f 3586/1705/1775 3604/1704/1775 3613/1722/1775
f 3603/1711/1765 3587/1710/1765 3595/1724/1765
f 3595/1724/1765 3612/1725/1765 3603/1711/1765
f 3615/1726/1776 3596/1727/1776 3594/1723/1776
f 3594/1723/1777 3613/1722/1777 3615/1726/1777
f 3612/1725/1778 3595/1724/1778 3597/1728/1778
f 3597/1728/1779 3614/1729/1779 3612/1725/1779
f 3614/1729/1780 3597/1728/1780 3598/1730/1780
f 3598/1730/1781 3616/1731/1781 3614/1729/1781
f 3616/1731/1782 3598/1730/1782 3596/1727/1782
f 3596/1727/1783 3615/1726/1783 3616/1731/1783
f 3617/1732/1752 3618/1733/1752 3619/1734/1752
f 3619/1734/1752 3620/1735/1752 3617/1732/1752
f 3620/1735/1784 3619/1734/1784 3621/1736/1784
f 3621/1736/1784 3622/1737/1784 3620/1735/1784
f 3622/1737/1785 3621/1736/1785 3623/1738/1785
f 3623/1738/1785 3624/1739/1785 3622/1737/1785
f 3624/1739/1749 3623/1738/1749 3625/1740/1749
f 3625/1740/1749 3626/1741/1749 3624/1739/1749
f 3626/1741/1756 3625/1740/1756 3627/1742/1756
f 3627/1742/1756 3628/1743/1756 3626/1741/1756
f 3628/1743/1786 3627/1742/1786 3629/1744/1786
f 3629/1744/1786 3630/1745/1786 3628/1743/1786
f 3630/1746/1495 3629/1747/1495 3631/1748/1495
f 3631/1748/1495 3632/1749/1495 3630/1746/1495
f 3632/1749/1787 3631/1748/1787 3633/1750/1787
f 3633/1750/1787 3634/1751/1787 3632/1749/1787
f 3634/1751/1788 3633/1750/1788 3618/1733/1788
f 3618/1733/1788 3617/1732/1788 3634/1751/1788
f 3635/1752/1515 3636/1753/1515 3637/1754/1515
f 3637/1754/1515 3638/1755/1515 3635/1752/1515
f 3639/1756/1533 3640/1757/1533 3641/1758/1533
f 3641/1758/1533 3642/1759/1533 3639/1756/1533
f 3637/1754/1515 3643/1760/1515 3644/1761/1515
f 3644/1761/1515 3638/1755/1515 3637/1754/1515
f 3643/1760/1515 3645/1762/1515 3646/1763/1515
f 3646/1763/1515 3644/1761/1515 3643/1760/1515
f 3646/1763/1515 3645/1762/1515 3647/1764/1515
f 3640/1757/1533 3648/1765/1533 3649/1766/1533
f 3649/1766/1533 3641/1758/1533 3640/1757/1533
f 3648/1765/1533 3650/1767/1533 3651/1768/1533
f 3651/1768/1533 3649/1766/1533 3648/1765/1533
f 3651/1768/1533 3650/1767/1533 3652/1769/1533
f 3653/1770/1533 3654/1771/1533 3655/1772/1533
f 3655/1772/1533 3656/1773/1533 3653/1770/1533
f 3657/1774/1515 3658/1775/1515 3659/1776/1515
f 3659/1776/1515 3660/1777/1515 3657/1774/1515
f 3661/1778/1533 3662/1779/1533 3653/1770/1533
f 3653/1770/1533 3656/1773/1533 3661/1778/1533
f 3663/1780/1533 3664/1781/1533 3662/1779/1533
f 3662/1779/1533 3661/1778/1533 3663/1780/1533
f 3664/1781/1533 3663/1780/1533 3665/1782/1533
f 3666/1783/1515 3667/1784/1515 3658/1775/1515
f 3658/1775/1515 3657/1774/1515 3666/1783/1515
f 3668/1785/1515 3669/1786/1515 3667/1784/1515
f 3667/1784/1515 3666/1783/1515 3668/1785/1515
f 3669/1786/1515 3668/1785/1515 3670/1787/1515
f 3653/1788/1789 3637/1789/1789 3636/1790/1789
f 3636/1790/1789 3654/1791/1789 3653/1788/1789
f 3655/1792/1726 3635/1793/1726 3638/1794/1726
f 3638/1794/1790 3656/1795/1790 3655/1792/1790
f 3658/1796/1791 3640/1797/1791 3639/1798/1791
f 3639/1798/1727 3659/1799/1727 3658/1796/1727
f 3660/1800/1789 3642/1801/1789 3641/1802/1789
f 3641/1802/1789 3657/1803/1789 3660/1800/1789
f 3662/1804/1792 3643/1805/1792 3637/1789/1792
f 3637/1789/1793 3653/1788/1793 3662/1804/1793
f 3656/1795/1794 3638/1794/1794 3644/1806/1794
f 3644/1806/1795 3661/1807/1795 3656/1795/1795
f 3664/1808/1796 3645/1809/1796 3643/1805/1796
f 3643/1805/1797 3662/1804/1797 3664/1808/1797
f 3661/1807/1798 3644/1806/1798 3646/1810/1798
f 3646/1810/1799 3663/1811/1799 3661/1807/1799
f 3663/1811/1800 3646/1810/1800 3647/1812/1800
f 3647/1812/1800 3665/1813/1800 3663/1811/1800
f 3665/1813/1772 3647/1812/1772 3645/1809/1772
f 3645/1809/1772 3664/1808/1772 3665/1813/1772
f 3667/1814/1801 3648/1815/1801 3640/1797/1801
f 3640/1797/1802 3658/1796/1802 3667/1814/1802
f 3657/1803/1793 3641/1802/1793 3649/1816/1793
f 3649/1816/1793 3666/1817/1793 3657/1803/1793
f 3669/1818/1803 3650/1819/1803 3648/1815/1803
f 3648/1815/1804 3667/1814/1804 3669/1818/1804
f 3666/1817/1805 3649/1816/1805 3651/1820/1805
f 3651/1820/1806 3668/1821/1806 3666/1817/1806
f 3668/1821/1807 3651/1820/1807 3652/1822/1807
f 3652/1822/1808 3670/1823/1808 3668/1821/1808
f 3670/1823/1809 3652/1822/1809 3650/1819/1809
f 3650/1819/1810 3669/1818/1810 3670/1823/1810
f 3671/1824/1811 3672/1825/1811 3673/1826/1811
f 3673/1826/1811 3674/1827/1811 3671/1824/1811
f 3674/1827/1785 3673/1826/1785 3675/1828/1785
f 3675/1828/1785 3676/1829/1785 3674/1827/1785
f 3676/1829/1751 3675/1828/1751 3677/1830/1751
f 3677/1830/1751 3678/1831/1751 3676/1829/1751
f 3678/1831/1752 3677/1830/1752 3679/1832/1752
f 3679/1832/1752 3680/1833/1752 3678/1831/1752
f 3680/1833/1753 3679/1832/1753 3681/1834/1753
f 3681/1834/1753 3682/1835/1753 3680/1833/1753
f 3682/1835/1754 3681/1834/1754 3683/1836/1754
f 3683/1836/1754 3684/1837/1754 3682/1835/1754
f 3684/1837/1495 3683/1836/1495 3685/1838/1495
f 3685/1838/1495 3686/1839/1495 3684/1837/1495
f 3686/1840/1755 3685/1841/1755 3687/1842/1755
f 3687/1842/1755 3688/1843/1755 3686/1840/1755
f 3688/1843/1812 3687/1842/1812 3672/1825/1812
f 3672/1825/1812 3671/1824/1812 3688/1843/1812
f 3689/1844/1515 3690/1845/1515 3691/1846/1515
f 3691/1846/1515 3692/1847/1515 3689/1844/1515
f 3693/1848/1533 3694/1849/1533 3695/1850/1533
f 3695/1850/1533 3696/1851/1533 3693/1848/1533
f 3691/1846/1515 3690/1845/1515 3697/1852/1515
f 3697/1852/1515 3698/1853/1515 3691/1846/1515
f 3698/1853/1515 3697/1852/1515 3699/1854/1515
f 3699/1854/1515 3700/1855/1515 3698/1853/1515
f 3699/1854/1515 3701/1856/1515 3700/1855/1515
f 3696/1851/1533 3695/1850/1533 3702/1857/1533
f 3702/1857/1533 3703/1858/1533 3696/1851/1533
f 3703/1858/1533 3702/1857/1533 3704/1859/1533
f 3704/1859/1533 3705/1860/1533 3703/1858/1533
f 3704/1859/1533 3706/1861/1533 3705/1860/1533
f 3707/1862/1533 3708/1863/1533 3709/1864/1533
f 3709/1864/1533 3710/1865/1533 3707/1862/1533
f 3711/1866/1515 3712/1867/1515 3713/1868/1515
f 3713/1868/1515 3714/1869/1515 3711/1866/1515
f 3715/1870/1533 3708/1863/1533 3707/1862/1533
f 3707/1862/1533 3716/1871/1533 3715/1870/1533
f 3717/1872/1533 3715/1870/1533 3716/1871/1533
f 3716/1871/1533 3718/1873/1533 3717/1872/1533
f 3718/1873/1533 3719/1874/1533 3717/1872/1533
f 3720/1875/1515 3711/1866/1515 3714/1869/1515
f 3714/1869/1515 3721/1876/1515 3720/1875/1515
f 3722/1877/1515 3720/1875/1515 3721/1876/1515
f 3721/1876/1515 3723/1878/1515 3722/1877/1515
f 3723/1878/1515 3724/1879/1515 3722/1877/1515
f 3707/1880/1759 3710/1881/1759 3692/1882/1759
f 3692/1882/1759 3691/1883/1759 3707/1880/1759
f 3709/1884/1813 3708/1885/1813 3690/1886/1813
f 3690/1886/1760 3689/1887/1760 3709/1884/1760
f 3714/1888/1763 3713/1889/1763 3693/1890/1763
f 3693/1890/1814 3696/1891/1814 3714/1888/1814
f 3712/1892/1759 3711/1893/1759 3695/1894/1759
f 3695/1894/1759 3694/1895/1759 3712/1892/1759
f 3716/1896/1765 3707/1880/1765 3691/1883/1765
f 3691/1883/1815 3698/1897/1815 3716/1896/1815
f 3708/1885/1816 3715/1898/1816 3697/1899/1816
f 3697/1899/1817 3690/1886/1817 3708/1885/1817
f 3718/1900/1818 3716/1896/1818 3698/1897/1818
f 3698/1897/1768 3700/1901/1768 3718/1900/1768
f 3715/1898/1771 3717/1902/1771 3699/1903/1771
f 3699/1903/1819 3697/1899/1819 3715/1898/1819
f 3717/1902/1772 3719/1904/1772 3701/1905/1772
f 3701/1905/1772 3699/1903/1772 3717/1902/1772
f 3719/1904/1773 3718/1900/1773 3700/1901/1773
f 3700/1901/1773 3701/1905/1773 3719/1904/1773
f 3721/1906/1820 3714/1888/1820 3696/1891/1820
f 3696/1891/1821 3703/1907/1821 3721/1906/1821
f 3711/1893/1765 3720/1908/1765 3702/1909/1765
f 3702/1909/1765 3695/1894/1765 3711/1893/1765
f 3723/1910/1822 3721/1906/1822 3703/1907/1822
f 3703/1907/1823 3705/1911/1823 3723/1910/1823
f 3720/1908/1824 3722/1912/1824 3704/1913/1824
f 3704/1913/1778 3702/1909/1778 3720/1908/1778
f 3722/1912/1825 3724/1914/1825 3706/1915/1825
f 3706/1915/1826 3704/1913/1826 3722/1912/1826
f 3724/1914/1827 3723/1910/1827 3705/1911/1827
f 3705/1911/1828 3706/1915/1828 3724/1914/1828
f 3725/1916/1752 3726/1917/1752 3727/1918/1752
f 3727/1918/1752 3728/1919/1752 3725/1916/1752
f 3726/1917/1784 3729/1920/1784 3730/1921/1784
f 3730/1921/1784 3727/1918/1784 3726/1917/1784
f 3729/1920/1785 3731/1922/1785 3732/1923/1785
f 3732/1923/1785 3730/1921/1785 3729/1920/1785
f 3731/1922/1749 3733/1924/1749 3734/1925/1749
f 3734/1925/1749 3732/1923/1749 3731/1922/1749
f 3733/1924/1756 3735/1926/1756 3736/1927/1756
f 3736/1927/1756 3734/1925/1756 3733/1924/1756
f 3735/1926/1786 3737/1928/1786 3738/1929/1786
f 3738/1929/1786 3736/1927/1786 3735/1926/1786
f 3737/1930/1495 3739/1931/1495 3740/1932/1495
f 3740/1932/1495 3738/1933/1495 3737/1930/1495
f 3739/1931/1787 3741/1934/1787 3742/1935/1787
f 3742/1935/1787 3740/1932/1787 3739/1931/1787
f 3741/1934/1788 3725/1916/1788 3728/1919/1788
f 3728/1919/1788 3742/1935/1788 3741/1934/1788
f 3743/1936/1829 3744/1937/1829 3745/1938/1829
f 3745/1938/1829 3746/1939/1829 3743/1936/1829
f 3747/1940/1830 3743/1936/1830 3746/1939/1830
f 3746/1939/1830 3748/1941/1830 3747/1940/1830
f 3749/1942/1831 3747/1940/1831 3748/1941/1831
f 3748/1941/1831 3750/1943/1831 3749/1942/1831
f 3751/1944/1832 3749/1942/1832 3750/1943/1832
f 3750/1943/1832 3752/1945/1832 3751/1944/1832
f 3753/1946/1833 3751/1944/1833 3752/1945/1833
f 3752/1945/1833 3754/1947/1833 3753/1946/1833
f 3755/1948/1834 3753/1946/1834 3754/1947/1834
f 3754/1947/1834 3756/1949/1834 3755/1948/1834
f 3757/1950/1835 3755/1948/1835 3756/1949/1835
f 3756/1949/1835 3758/1951/1835 3757/1950/1835
f 3757/1950/1836 3758/1951/1836 3745/1952/1836
f 3745/1952/1836 3744/1953/1836 3757/1950/1836
f 3759/1954/1837 3760/1955/1837 3761/1956/1837
f 3761/1956/1837 3762/1957/1837 3759/1954/1837
f 3760/1955/1838 3763/1958/1838 3764/1959/1838
f 3764/1959/1838 3761/1956/1838 3760/1955/1838
f 3763/1960/1839 3765/1961/1839 3766/1962/1839
f 3766/1962/1839 3764/1963/1839 3763/1960/1839
f 3765/1961/1840 3767/1964/1840 3768/1965/1840
f 3768/1965/1840 3766/1962/1840 3765/1961/1840
f 3767/1964/1841 3769/1966/1841 3770/1967/1841
f 3770/1967/1841 3768/1965/1841 3767/1964/1841
f 3769/1966/1842 3771/1968/1842 3772/1969/1842
f 3772/1969/1842 3770/1967/1842 3769/1966/1842
f 3771/1968/1843 3773/1970/1843 3774/1971/1843
f 3774/1971/1843 3772/1969/1843 3771/1968/1843
f 3773/1970/1844 3759/1954/1844 3762/1957/1844
f 3762/1957/1844 3774/1971/1844 3773/1970/1844
f 3775/1972/1845 3776/1973/1845 3777/1974/1845
f 3777/1974/1837 3778/1975/1837 3775/1972/1837
f 3776/1973/1846 3779/1976/1846 3780/1977/1846
f 3780/1977/1847 3777/1974/1847 3776/1973/1847
f 3779/1978/1839 3781/1979/1839 3782/1980/1839
f 3782/1980/1839 3780/1981/1839 3779/1978/1839
f 3781/1979/1840 3783/1982/1840 3784/1983/1840
f 3784/1983/1840 3782/1980/1840 3781/1979/1840
f 3783/1982/1841 3785/1984/1841 3786/1985/1841
f 3786/1985/1841 3784/1983/1841 3783/1982/1841
f 3785/1984/1842 3787/1986/1842 3788/1987/1842
f 3788/1987/1842 3786/1985/1842 3785/1984/1842
f 3787/1986/1843 3789/1988/1843 3790/1989/1843
f 3790/1989/1843 3788/1987/1843 3787/1986/1843
f 3789/1988/1844 3775/1972/1844 3778/1975/1844
f 3778/1975/1844 3790/1989/1844 3789/1988/1844
f 3791/1990/1848 3792/1991/1848 3793/1992/1848
f 3793/1992/1848 3794/1993/1848 3791/1990/1848
f 3795/1994/1849 3796/1995/1849 3792/1991/1849
f 3792/1991/1849 3791/1990/1849 3795/1994/1849
f 3797/1996/1831 3798/1997/1831 3796/1995/1831
f 3796/1995/1831 3795/1994/1831 3797/1996/1831
f 3799/1998/1832 3800/1999/1832 3798/1997/1832
f 3798/1997/1832 3797/1996/1832 3799/1998/1832
f 3801/2000/1833 3802/2001/1833 3800/1999/1833
f 3800/1999/1833 3799/1998/1833 3801/2000/1833
f 3803/2002/1834 3804/2003/1834 3802/2001/1834
f 3802/2001/1834 3801/2000/1834 3803/2002/1834
f 3805/2004/1850 3806/2005/1850 3804/2003/1850
f 3804/2003/1850 3803/2002/1850 3805/2004/1850
f 3805/2004/1851 3794/2006/1851 3793/2007/1851
f 3793/2007/1851 3806/2005/1851 3805/2004/1851
f 3807/2008/1852 3808/2009/1852 3809/2010/1852
f 3809/2010/1852 3810/2011/1852 3807/2008/1852
f 3810/2011/1853 3809/2010/1853 3811/2012/1853
f 3811/2012/1853 3812/2013/1853 3810/2011/1853
f 3812/2014/1846 3811/2015/1846 3813/2016/1846
f 3813/2016/1846 3814/2017/1846 3812/2014/1846
f 3814/2017/1837 3813/2016/1837 3815/2018/1837
f 3815/2018/1837 3816/2019/1837 3814/2017/1837
f 3816/2019/1844 3815/2018/1844 3817/2020/1844
f 3817/2020/1844 3818/2021/1844 3816/2019/1844
f 3818/2021/1854 3817/2020/1854 3819/2022/1854
f 3819/2022/1854 3820/2023/1854 3818/2021/1854
f 3820/2023/1855 3819/2022/1855 3821/2024/1855
f 3821/2024/1855 3822/2025/1855 3820/2023/1855
f 3822/2025/1856 3821/2024/1856 3808/2009/1856
f 3808/2009/1856 3807/2008/1856 3822/2025/1856
f 3823/2026/1857 3824/2027/1857 3825/2028/1857
f 3825/2028/1857 3826/2029/1857 3823/2026/1857
f 3826/2029/1839 3825/2028/1839 3827/2030/1839
f 3827/2030/1839 3828/2031/1839 3826/2029/1839
f 3828/2032/1858 3827/2033/1858 3829/2034/1858
f 3829/2034/1858 3830/2035/1858 3828/2032/1858
f 3830/2035/1859 3829/2034/1859 3831/2036/1859
f 3831/2036/1859 3832/2037/1859 3830/2035/1859
f 3832/2037/1860 3831/2036/1860 3833/2038/1860
f 3833/2038/1860 3834/2039/1860 3832/2037/1860
f 3834/2039/1861 3833/2038/1861 3835/2040/1861
f 3835/2040/1861 3836/2041/1861 3834/2039/1861
f 3836/2041/1842 3835/2040/1842 3837/2042/1842
f 3837/2042/1842 3838/2043/1842 3836/2041/1842
f 3838/2043/1862 3837/2042/1862 3824/2027/1862
f 3824/2027/1862 3823/2026/1862 3838/2043/1862
f 3839/2044/1863 3840/2045/1863 3841/2046/1863
f 3841/2046/1864 3842/2047/1864 3839/2044/1864
f 3843/2048/1865 3844/2049/1865 3845/2050/1865
f 3845/2050/1866 3846/2051/1866 3843/2048/1866
f 3842/2052/1867 3841/2053/1867 3847/2054/1867
f 3842/2052/1868 3847/2054/1868 3848/2055/1868
f 3842/2052/1869 3848/2055/1869 3849/2056/1869
f 3849/2057/1870 3848/2058/1870 3850/2059/1870
f 3850/2059/1870 3851/2060/1870 3849/2057/1870
f 3852/2061/1871 3845/2050/1871 3844/2049/1871
f 3850/2062/1872 3853/2063/1872 3854/2064/1872
f 3851/2065/1873 3850/2062/1873 3854/2064/1873
f 3851/2065/1874 3854/2064/1874 3855/2066/1874
f 3855/2067/1875 3854/2068/1875 3856/2069/1875
f 3856/2069/1876 3857/2070/1876 3855/2067/1876
f 3858/2071/1877 3852/2061/1877 3844/2049/1877
f 3859/2072/1878 3858/2073/1878 3844/2074/1878
f 3860/2075/1879 3861/2076/1879 3862/2077/1879
f 3862/2077/1879 3863/2078/1879 3860/2075/1879
f 3847/2079/1880 3841/2046/1880 3840/2045/1880
f 3840/2045/1881 3864/2080/1881 3847/2079/1881
f 3865/2081/1878 3866/2082/1878 3861/2083/1878
f 3861/2083/1878 3860/2084/1878 3865/2081/1878
f 3867/2085/1882 3868/2086/1882 3866/2087/1882
f 3866/2087/1882 3865/2088/1882 3867/2085/1882
f 3869/2089/1883 3870/2090/1883 3868/2091/1883
f 3868/2091/1884 3867/2092/1884 3869/2089/1884
f 3871/2093/1885 3859/2094/1885 3870/2095/1885
f 3870/2095/1885 3869/2096/1885 3871/2093/1885
f 3872/2097/1886 3856/2069/1886 3854/2068/1886
f 3854/2068/1887 3853/2098/1887 3872/2097/1887
f 3842/2047/1888 3860/2099/1888 3863/2100/1888
f 3863/2100/1889 3839/2044/1889 3842/2047/1889
f 3848/2101/1890 3847/2079/1890 3864/2080/1890
f 3864/2080/1891 3873/2102/1891 3848/2101/1891
f 3849/2056/1878 3865/2103/1878 3860/2104/1878
f 3860/2104/1878 3842/2052/1878 3849/2056/1878
f 3851/2060/1892 3867/2105/1892 3865/2106/1892
f 3865/2106/1892 3849/2057/1892 3851/2060/1892
f 3855/2066/1893 3869/2107/1893 3867/2108/1893
f 3867/2108/1894 3851/2065/1894 3855/2066/1894
f 3857/2070/1895 3871/2109/1895 3869/2110/1895
f 3869/2110/1895 3855/2067/1895 3857/2070/1895
f 3858/2111/1896 3872/2097/1896 3853/2098/1896
f 3853/2098/1897 3850/2112/1897 3858/2111/1897
f 3848/2113/1866 3873/2114/1866 3874/2115/1866
f 3874/2115/1866 3875/2116/1866 3848/2113/1866
f 3850/2117/1898 3848/2113/1898 3875/2116/1898
f 3875/2116/1898 3876/2118/1898 3850/2117/1898
f 3858/2071/1877 3850/2117/1877 3876/2118/1877
f 3871/2119/1878 3857/2120/1878 3856/2121/1878
f 3871/2119/1878 3856/2121/1878 3872/2122/1878
f 3871/2119/1878 3872/2122/1878 3858/2073/1878
f 3859/2072/1878 3871/2119/1878 3858/2073/1878
f 3876/2118/1877 3852/2061/1877 3858/2071/1877
f 3852/2123/1883 3876/2124/1883 3877/2125/1883
f 3877/2125/1883 3878/2126/1883 3852/2123/1883
f 3846/2127/1899 3845/2128/1899 3879/2129/1899
f 3879/2129/1899 3880/2130/1899 3846/2127/1899
f 3845/2128/1900 3852/2123/1900 3878/2126/1900
f 3878/2126/1900 3879/2129/1900 3845/2128/1900
f 3875/2131/1901 3874/2132/1901 3881/2133/1901
f 3881/2133/1901 3882/2134/1901 3875/2131/1901
f 3876/2124/1902 3875/2131/1902 3882/2134/1902
f 3882/2134/1902 3877/2125/1902 3876/2124/1902
f 3881/2135/1866 3880/2136/1866 3879/2137/1866
f 3879/2137/1866 3882/2138/1866 3881/2135/1866
f 3882/2138/1898 3879/2137/1898 3878/2139/1898
f 3878/2139/1898 3877/2140/1898 3882/2138/1898
f 3883/2141/1903 3884/2142/1903 3885/2143/1903
f 3885/2143/1904 3886/2144/1904 3883/2141/1904
f 3843/2048/1866 3887/2145/1866 3888/2146/1866
f 3888/2146/1905 3844/2049/1905 3843/2048/1905
f 3884/2147/1906 3889/2148/1906 3890/2149/1906
f 3884/2147/1907 3890/2149/1907 3891/2150/1907
f 3884/2147/1908 3891/2150/1908 3885/2151/1908
f 3889/2152/1909 3892/2153/1909 3893/2154/1909
f 3893/2154/1909 3890/2155/1909 3889/2152/1909
f 3844/2049/1910 3888/2146/1910 3894/2156/1910
f 3892/2157/1911 3895/2158/1911 3896/2159/1911
f 3896/2159/1912 3897/2160/1912 3893/2161/1912
f 3892/2157/1913 3896/2159/1913 3893/2161/1913
f 3895/2162/1914 3898/2163/1914 3899/2164/1914
f 3899/2164/1915 3896/2165/1915 3895/2162/1915
f 3900/2166/1878 3859/2072/1878 3844/2074/1878
f 3866/2082/1878 3901/2167/1878 3902/2168/1878
f 3902/2168/1878 3861/2083/1878 3866/2082/1878
f 3868/2086/1916 3903/2169/1916 3901/2170/1916
f 3901/2170/1916 3866/2087/1916 3868/2086/1916
f 3870/2090/1883 3904/2171/1883 3903/2172/1883
f 3903/2172/1883 3868/2091/1883 3870/2090/1883
f 3859/2094/1916 3900/2173/1916 3904/2174/1916
f 3904/2174/1916 3870/2095/1916 3859/2094/1916
f 3905/2175/1917 3906/2176/1917 3907/2177/1917
f 3907/2177/1917 3902/2178/1917 3905/2175/1917
f 3891/2179/1918 3908/2180/1918 3886/2144/1918
f 3886/2144/1919 3885/2143/1919 3891/2179/1919
f 3909/2181/1878 3905/2182/1878 3902/2168/1878
f 3902/2168/1878 3901/2167/1878 3909/2181/1878
f 3910/2183/1920 3909/2184/1920 3901/2170/1920
f 3901/2170/1920 3903/2169/1920 3910/2183/1920
f 3911/2185/1921 3910/2186/1921 3903/2172/1921
f 3903/2172/1883 3904/2171/1883 3911/2185/1883
f 3912/2187/1922 3911/2188/1922 3904/2174/1922
f 3904/2174/1922 3900/2173/1922 3912/2187/1922
f 3913/2189/1923 3897/2190/1923 3896/2165/1923
f 3896/2165/1924 3899/2164/1924 3913/2189/1924
f 3884/2142/1925 3883/2141/1925 3906/2191/1925
f 3906/2191/1926 3905/2192/1926 3884/2142/1926
f 3890/2193/1927 3914/2194/1927 3908/2180/1927
f 3908/2180/1928 3891/2179/1928 3890/2193/1928
f 3889/2148/1878 3884/2147/1878 3905/2195/1878
f 3905/2195/1878 3909/2196/1878 3889/2148/1878
f 3892/2153/1929 3889/2152/1929 3909/2197/1929
f 3909/2197/1929 3910/2198/1929 3892/2153/1929
f 3895/2158/1930 3892/2157/1930 3910/2199/1930
f 3910/2199/1931 3911/2200/1931 3895/2158/1931
f 3898/2163/1932 3895/2162/1932 3911/2201/1932
f 3911/2201/1932 3912/2202/1932 3898/2163/1932
f 3915/2203/1933 3893/2204/1933 3897/2190/1933
f 3897/2190/1934 3913/2189/1934 3915/2203/1934
f 3890/2205/1866 3916/2206/1866 3917/2207/1866
f 3917/2207/1866 3914/2208/1866 3890/2205/1866
f 3893/2209/1898 3918/2210/1898 3916/2206/1898
f 3916/2206/1898 3890/2205/1898 3893/2209/1898
f 3918/2210/1877 3893/2209/1877 3915/2211/1877
f 3899/2212/1878 3898/2213/1878 3912/2214/1878
f 3913/2215/1878 3899/2212/1878 3912/2214/1878
f 3915/2216/1878 3913/2215/1878 3912/2214/1878
f 3915/2216/1878 3912/2214/1878 3900/2166/1878
f 3844/2049/1877 3894/2156/1877 3918/2210/1877
f 3918/2210/1877 3915/2211/1877 3844/2049/1877
f 3844/2074/1878 3915/2216/1878 3900/2166/1878
f 3907/2177/1916 3862/2077/1916 3861/2076/1916
f 3861/2076/1916 3902/2178/1916 3907/2177/1916
f 3894/2217/1883 3919/2218/1883 3920/2219/1883
f 3920/2219/1883 3918/2220/1883 3894/2217/1883
f 3887/2221/1935 3921/2222/1935 3922/2223/1935
f 3922/2223/1935 3888/2224/1935 3887/2221/1935
f 3888/2224/1936 3922/2223/1936 3919/2218/1936
f 3919/2218/1936 3894/2217/1936 3888/2224/1936
f 3916/2225/1937 3923/2226/1937 3924/2227/1937
f 3924/2227/1937 3917/2228/1937 3916/2225/1937
f 3918/2220/1938 3920/2219/1938 3923/2226/1938
f 3923/2226/1938 3916/2225/1938 3918/2220/1938
f 3924/2229/1866 3923/2230/1866 3922/2231/1866
f 3922/2231/1866 3921/2232/1866 3924/2229/1866
f 3923/2230/1898 3920/2233/1898 3919/2234/1898
f 3919/2234/1898 3922/2231/1898 3923/2230/1898
f 3925/2235/1883 3926/2236/1883 3927/2237/1883
f 3927/2237/1883 3928/2238/1883 3925/2235/1883
f 3928/2239/1939 3927/2240/1939 3929/2241/1939
f 3929/2241/1939 3930/2242/1939 3928/2239/1939
f 3931/2243/1940 3932/2244/1940 3933/2245/1940
f 3933/2245/1940 3934/2246/1940 3931/2243/1940
f 3926/2247/1941 3925/2248/1941 3935/2249/1941
f 3935/2249/1941 3936/2250/1941 3926/2247/1941
f 3937/2251/1942 3938/2252/1942 3939/2253/1942
f 3939/2253/1942 3940/2254/1942 3937/2251/1942
f 3930/2255/1943 3929/2256/1943 3941/2257/1943
f 3941/2257/1943 3942/2258/1943 3930/2255/1943
f 3934/2246/1944 3933/2245/1944 3943/2259/1944
f 3943/2259/1944 3944/2260/1944 3934/2246/1944
f 3936/2261/1945 3935/2262/1945 3945/2263/1945
f 3945/2263/1945 3946/2264/1945 3936/2261/1945
f 3940/2254/1946 3939/2253/1946 3947/2265/1946
f 3947/2265/1946 3948/2266/1946 3940/2254/1946
f 3942/2267/1947 3941/2268/1947 3949/2269/1947
f 3949/2269/1947 3950/2270/1947 3942/2267/1947
f 3944/2260/1948 3943/2259/1948 3951/2271/1948
f 3951/2271/1948 3952/2272/1948 3944/2260/1948
f 3946/2273/1898 3945/2274/1898 3953/2275/1898
f 3953/2275/1898 3954/2276/1898 3946/2273/1898
f 3948/2266/1949 3947/2265/1949 3955/2277/1949
f 3955/2277/1949 3956/2278/1949 3948/2266/1949
f 3950/2279/1950 3949/2280/1950 3957/2281/1950
f 3957/2281/1950 3958/2282/1950 3950/2279/1950
f 3952/2283/1951 3951/2284/1951 3959/2285/1951
f 3959/2285/1951 3960/2286/1951 3952/2283/1951
f 3954/2287/1952 3953/2288/1952 3961/2289/1952
f 3961/2289/1952 3962/2290/1952 3954/2287/1952
f 3956/2291/1953 3955/2292/1953 3963/2293/1953
f 3963/2293/1953 3964/2294/1953 3956/2291/1953
f 3965/2295/1954 3929/2241/1954 3927/2240/1954
f 3927/2240/1955 3966/2296/1955 3965/2295/1955
f 3967/2297/1956 3928/2239/1956 3930/2242/1956
f 3930/2242/1957 3968/2298/1957 3967/2297/1957
f 3969/2299/1958 3933/2245/1958 3932/2244/1958
f 3932/2244/1959 3970/2300/1959 3969/2299/1959
f 3971/2301/1960 3935/2249/1960 3925/2248/1960
f 3925/2248/1961 3972/2302/1961 3971/2301/1961
f 3973/2303/1962 3947/2265/1962 3939/2253/1962
f 3939/2253/1963 3968/2304/1963 3973/2303/1963
f 3974/2305/1964 3941/2257/1964 3929/2256/1964
f 3929/2256/1965 3965/2306/1965 3974/2305/1965
f 3975/2307/1966 3945/2263/1966 3935/2262/1966
f 3935/2262/1967 3971/2308/1967 3975/2307/1967
f 3976/2309/1968 3943/2259/1968 3933/2245/1968
f 3933/2245/1969 3969/2299/1969 3976/2309/1969
f 3977/2310/1970 3955/2277/1970 3947/2265/1970
f 3947/2265/1971 3973/2303/1971 3977/2310/1971
f 3978/2311/1972 3949/2269/1972 3941/2268/1972
f 3941/2268/1972 3974/2312/1972 3978/2311/1972
f 3979/2313/1973 3953/2275/1973 3945/2274/1973
f 3945/2274/1974 3975/2314/1974 3979/2313/1974
f 3980/2315/1975 3951/2271/1975 3943/2259/1975
f 3943/2259/1976 3976/2309/1976 3980/2315/1976
f 3981/2316/1977 3963/2293/1977 3955/2292/1977
f 3955/2292/1978 3977/2317/1978 3981/2316/1978
f 3982/2318/1979 3957/2281/1979 3949/2280/1979
f 3949/2280/1980 3978/2319/1980 3982/2318/1980
f 3983/2320/1981 3961/2289/1981 3953/2288/1981
f 3953/2288/1982 3979/2321/1982 3983/2320/1982
f 3984/2322/1983 3959/2285/1983 3951/2284/1983
f 3951/2284/1984 3980/2323/1984 3984/2322/1984
f 3934/2246/1985 3965/2324/1985 3966/2325/1985
f 3966/2325/1986 3931/2243/1986 3934/2246/1986
f 3938/2252/1987 3967/2326/1987 3968/2304/1987
f 3968/2304/1988 3939/2253/1988 3938/2252/1988
f 3936/2250/1989 3969/2327/1989 3970/2328/1989
f 3970/2328/1990 3926/2247/1990 3936/2250/1990
f 3940/2254/1991 3971/2329/1991 3972/2330/1991
f 3972/2330/1992 3937/2251/1992 3940/2254/1992
f 3942/2258/1993 3973/2331/1993 3968/2332/1993
f 3968/2332/1994 3930/2255/1994 3942/2258/1994
f 3944/2260/1995 3974/2333/1995 3965/2324/1995
f 3965/2324/1996 3934/2246/1996 3944/2260/1996
f 3948/2266/1997 3975/2334/1997 3971/2329/1997
f 3971/2329/1998 3940/2254/1998 3948/2266/1998
f 3946/2264/1999 3976/2335/1999 3969/2336/1999
f 3969/2336/2000 3936/2261/2000 3946/2264/2000
f 3950/2270/2001 3977/2337/2001 3973/2338/2001
f 3973/2338/2001 3942/2267/2001 3950/2270/2001
f 3952/2272/2002 3978/2339/2002 3974/2333/2002
f 3974/2333/2003 3944/2260/2003 3952/2272/2003
f 3956/2278/2004 3979/2340/2004 3975/2334/2004
f 3975/2334/2005 3948/2266/2005 3956/2278/2005
f 3954/2276/2006 3980/2341/2006 3976/2342/2006
f 3976/2342/2007 3946/2273/2007 3954/2276/2007
f 3958/2282/2008 3981/2343/2008 3977/2344/2008
f 3977/2344/2009 3950/2279/2009 3958/2282/2009
f 3960/2286/2010 3982/2345/2010 3978/2346/2010
f 3978/2346/2011 3952/2283/2011 3960/2286/2011
f 3964/2294/2012 3983/2347/2012 3979/2348/2012
f 3979/2348/2013 3956/2291/2013 3964/2294/2013
f 3962/2290/2014 3984/2349/2014 3980/2350/2014
f 3980/2350/2015 3954/2287/2015 3962/2290/2015
f 3967/2351/1883 3972/2352/1883 3925/2235/1883
f 3925/2235/1883 3928/2238/1883 3967/2351/1883
f 3938/2353/1883 3937/2354/1883 3972/2352/1883
f 3972/2352/1883 3967/2351/1883 3938/2353/1883
f 3970/2355/1883 3966/2356/1883 3927/2237/1883
f 3927/2237/1883 3926/2236/1883 3970/2355/1883
f 3932/2357/1883 3931/2358/1883 3966/2356/1883
f 3966/2356/1883 3970/2355/1883 3932/2357/1883
f 3985/2359/2016 3986/2360/2016 3987/2361/2016
f 3985/2359/2017 3988/2362/2017 3989/2363/2017
f 3989/2363/2017 3986/2360/2017 3985/2359/2017
f 3988/2362/2018 3990/2364/2018 3989/2363/2018
f 3991/2365/2016 3992/2366/2016 3993/2367/2016
f 3991/2365/2017 3994/2368/2017 3995/2369/2017
f 3995/2369/2017 3992/2366/2017 3991/2365/2017
f 3994/2368/2018 3996/2370/2018 3995/2369/2018
f 3997/2371/2016 3998/2372/2016 3999/2373/2016
f 3997/2371/2017 4000/2374/2017 4001/2375/2017
f 4001/2375/2017 3998/2372/2017 3997/2371/2017
f 4000/2374/2018 4002/2376/2018 4001/2375/2018
f 4003/2377/2016 4004/2378/2016 4005/2379/2016
f 4003/2377/2017 4006/2380/2017 4007/2381/2017
f 4007/2381/2017 4004/2378/2017 4003/2377/2017
f 4006/2380/2018 4008/2382/2018 4007/2381/2018
f 4009/2383/2016 4010/2384/2016 4011/2385/2016
f 4012/2386/2017 4013/2387/2017 4010/2384/2017
f 4010/2384/2017 4009/2383/2017 4012/2386/2017
f 4014/2388/2018 4015/2389/2018 4016/2390/2018
f 4014/2388/2017 4016/2390/2017 4017/2391/2017
f 4017/2391/2017 4018/2392/2017 4014/2388/2017
f 4018/2392/2016 4017/2391/2016 4019/2393/2016
f 4020/2394/2018 4021/2395/2018 4022/2396/2018
f 4020/2394/2017 4022/2396/2017 4023/2397/2017
f 4023/2397/2017 4024/2398/2017 4020/2394/2017
f 4024/2398/2016 4023/2397/2016 4025/2399/2016
f 4026/2400/2018 4027/2401/2018 4028/2402/2018
f 4026/2400/2017 4028/2402/2017 4029/2403/2017
f 4029/2403/2017 4030/2404/2017 4026/2400/2017
f 4030/2404/2016 4029/2403/2016 4031/2405/2016
f 4032/2406/2018 4033/2407/2018 4034/2408/2018
f 4032/2406/2017 4034/2408/2017 4035/2409/2017
f 4035/2409/2017 4036/2410/2017 4032/2406/2017
f 4036/2410/2016 4035/2409/2016 4037/2411/2016
f 4012/2386/2019 4038/2412/2019 4013/2387/2019
f 4039/2413/2016 4040/2414/2016 4041/2415/2016
f 4039/2413/2020 4041/2415/2020 4042/2416/2020
f 4042/2416/2020 4043/2417/2020 4039/2413/2020
f 4043/2417/2018 4042/2416/2018 4044/2418/2018
f 4045/2419/2016 4046/2420/2016 4047/2421/2016
f 4045/2419/2020 4047/2421/2020 4048/2422/2020
f 4048/2422/2020 4049/2423/2020 4045/2419/2020
f 4049/2423/2018 4048/2422/2018 4050/2424/2018
f 4051/2425/2016 4052/2426/2016 4053/2427/2016
f 4051/2425/2020 4053/2427/2020 4054/2428/2020
f 4054/2428/2020 4055/2429/2020 4051/2425/2020
f 4055/2429/2018 4054/2428/2018 4056/2430/2018
f 4057/2431/2016 4058/2432/2016 4059/2433/2016
f 4057/2431/2020 4059/2433/2020 4060/2434/2020
f 4060/2434/2020 4061/2435/2020 4057/2431/2020
f 4061/2435/2018 4060/2434/2018 4062/2436/2018
f 4063/2437/2016 4064/2438/2016 4065/2439/2016
f 4066/2440/2020 4063/2437/2020 4065/2439/2020
f 4065/2439/2020 4067/2441/2020 4066/2440/2020
f 4068/2442/2018 4069/2443/2018 4070/2444/2018
f 4068/2442/2020 4071/2445/2020 4072/2446/2020
f 4072/2446/2020 4069/2443/2020 4068/2442/2020
f 4071/2445/2016 4073/2447/2016 4072/2446/2016
f 4074/2448/2018 4075/2449/2018 4076/2450/2018
f 4074/2448/2020 4077/2451/2020 4078/2452/2020
f 4078/2452/2020 4075/2449/2020 4074/2448/2020
f 4077/2451/2016 4079/2453/2016 4078/2452/2016
f 4080/2454/2018 4081/2455/2018 4082/2456/2018
f 4080/2454/2020 4083/2457/2020 4084/2458/2020
f 4084/2458/2020 4081/2455/2020 4080/2454/2020
f 4083/2457/2016 4085/2459/2016 4084/2458/2016
f 4086/2460/2018 4087/2461/2018 4088/2462/2018
f 4086/2460/2020 4089/2463/2020 4090/2464/2020
f 4090/2464/2020 4087/2461/2020 4086/2460/2020
f 4089/2463/2016 4091/2465/2016 4090/2464/2016
f 4066/2440/2019 4067/2441/2019 4092/2466/2019
f 4093/2467/1898 4094/2468/1898 4095/2469/1898
f 4093/2467/2021 4096/2470/2021 4097/2471/2021
f 4097/2471/2021 4094/2468/2021 4093/2467/2021
f 4096/2470/1916 4098/2472/1916 4097/2471/1916
f 4099/2473/1898 4100/2474/1898 4101/2475/1898
f 4099/2473/2021 4102/2476/2021 4103/2477/2021
f 4103/2477/2021 4100/2474/2021 4099/2473/2021
f 4102/2476/1916 4104/2478/1916 4103/2477/1916
f 4105/2479/1898 4106/2480/1898 4107/2481/1898
f 4105/2479/2021 4108/2482/2021 4109/2483/2021
f 4109/2483/2021 4106/2480/2021 4105/2479/2021
f 4108/2482/1916 4110/2484/1916 4109/2483/1916
f 4111/2485/1898 4112/2486/1898 4113/2487/1898
f 4111/2485/2022 4113/2487/2022 4114/2488/2022
f 4114/2488/2022 4115/2489/2022 4111/2485/2022
f 4115/2489/1916 4114/2488/1916 4116/2490/1916
f 4117/2491/1898 4118/2492/1898 4119/2493/1898
f 4117/2491/2022 4119/2493/2022 4120/2494/2022
f 4120/2494/2022 4121/2495/2022 4117/2491/2022
f 4121/2495/1916 4120/2494/1916 4122/2496/1916
f 4123/2497/1898 4124/2498/1898 4125/2499/1898
f 4123/2497/2022 4125/2499/2022 4126/2500/2022
f 4126/2500/2022 4127/2501/2022 4123/2497/2022
f 4127/2501/1916 4126/2500/1916 4128/2502/1916
f 4129/2503/2023 4130/2504/2023 4131/2505/2023
f 4131/2505/2024 4132/2506/2024 4129/2503/2024
f 4130/2504/2025 4133/2507/2025 4134/2508/2025
f 4134/2508/2025 4131/2505/2025 4130/2504/2025
f 4133/2507/2026 4135/2509/2026 4136/2510/2026
f 4136/2510/2026 4134/2508/2026 4133/2507/2026
f 4135/2509/2027 4137/2511/2027 4138/2512/2027
f 4138/2512/2027 4136/2510/2027 4135/2509/2027
f 4137/2511/1883 4139/2513/1883 4140/2514/1883
f 4140/2514/1883 4138/2512/1883 4137/2511/1883
f 4139/2515/2028 4141/2516/2028 4142/2517/2028
f 4142/2517/2028 4140/2518/2028 4139/2515/2028
f 4141/2516/2029 4143/2519/2029 4144/2520/2029
f 4144/2520/2029 4142/2517/2029 4141/2516/2029
f 4143/2519/2030 4145/2521/2030 4146/2522/2030
f 4146/2522/2030 4144/2520/2030 4143/2519/2030
f 4145/2521/2031 4147/2523/2031 4148/2524/2031
f 4148/2524/2031 4146/2522/2031 4145/2521/2031
f 4147/2523/2032 4149/2525/2032 4150/2526/2032
f 4150/2526/2032 4148/2524/2032 4147/2523/2032
f 4149/2525/2033 4151/2527/2033 4152/2528/2033
f 4152/2528/2033 4150/2526/2033 4149/2525/2033
f 4151/2527/2034 4153/2529/2034 4154/2530/2034
f 4154/2530/2034 4152/2528/2034 4151/2527/2034
f 4153/2529/2035 4155/2531/2035 4156/2532/2035
f 4156/2532/2035 4154/2530/2035 4153/2529/2035
f 4155/2531/1878 4157/2533/1878 4158/2534/1878
f 4158/2534/1878 4156/2532/1878 4155/2531/1878
f 4157/2533/2036 4159/2535/2036 4160/2536/2036
f 4160/2536/2036 4158/2534/2036 4157/2533/2036
f 4159/2535/2037 4161/2537/2037 4162/2538/2037
f 4162/2538/2037 4160/2536/2037 4159/2535/2037
f 4161/2537/2038 4163/2539/2038 4164/2540/2038
f 4164/2540/2038 4162/2538/2038 4161/2537/2038
f 4163/2539/2039 4129/2503/2039 4132/2506/2039
f 4132/2506/2040 4164/2540/2040 4163/2539/2040
f 4156/2541/1898 4158/2542/1898 4160/2543/1898
f 4160/2543/1898 4154/2544/1898 4156/2541/1898
f 4154/2544/1898 4160/2543/1898 4162/2545/1898
f 4162/2545/1898 4152/2546/1898 4154/2544/1898
f 4152/2546/1898 4162/2545/1898 4164/2547/1898
f 4164/2547/1898 4150/2548/1898 4152/2546/1898
f 4150/2548/1898 4164/2547/1898 4132/2549/1898
f 4132/2549/1898 4148/2550/1898 4150/2548/1898
f 4148/2550/1898 4132/2549/1898 4131/2551/1898
f 4131/2551/1898 4146/2552/1898 4148/2550/1898
f 4146/2552/1898 4131/2551/1898 4134/2553/1898
f 4134/2553/1898 4144/2554/1898 4146/2552/1898
f 4144/2554/1898 4134/2553/1898 4136/2555/1898
f 4136/2555/1898 4142/2556/1898 4144/2554/1898
f 4142/2556/1898 4136/2555/1898 4138/2557/1898
f 4138/2557/1898 4140/2558/1898 4142/2556/1898
f 4139/2559/1916 4137/2560/1916 4135/2561/1916
f 4135/2561/1916 4141/2562/1916 4139/2559/1916
f 4141/2562/1916 4135/2561/1916 4133/2563/1916
f 4133/2563/1916 4143/2564/1916 4141/2562/1916
f 4143/2564/1916 4133/2563/1916 4130/2565/1916
f 4130/2565/1916 4145/2566/1916 4143/2564/1916
f 4145/2566/1916 4130/2565/1916 4129/2567/1916
f 4129/2567/1916 4147/2568/1916 4145/2566/1916
f 4147/2568/1916 4129/2567/1916 4163/2569/1916
f 4163/2569/1916 4149/2570/1916 4147/2568/1916
f 4149/2570/1916 4163/2569/1916 4161/2571/1916
f 4161/2571/1916 4151/2572/1916 4149/2570/1916
f 4151/2572/1916 4161/2571/1916 4159/2573/1916
f 4159/2573/1916 4153/2574/1916 4151/2572/1916
f 4153/2574/1916 4159/2573/1916 4157/2575/1916
f 4157/2575/1916 4155/2576/1916 4153/2574/1916
f 4165/2577/2041 4166/2578/2041 4167/2579/2041
f 4167/2579/2042 4168/2580/2042 4165/2577/2042
f 4168/2580/2043 4167/2579/2043 4169/2581/2043
f 4169/2581/2043 4170/2582/2043 4168/2580/2043
f 4170/2582/2044 4169/2581/2044 4171/2583/2044
f 4171/2583/2044 4172/2584/2044 4170/2582/2044
f 4172/2584/2028 4171/2583/2028 4173/2585/2028
f 4173/2585/2028 4174/2586/2028 4172/2584/2028
f 4174/2587/1883 4173/2588/1883 4175/2589/1883
f 4175/2589/1883 4176/2590/1883 4174/2587/1883
f 4176/2590/2045 4175/2589/2045 4177/2591/2045
f 4177/2591/2045 4178/2592/2045 4176/2590/2045
f 4178/2592/2046 4177/2591/2046 4179/2593/2046
f 4179/2593/2046 4180/2594/2046 4178/2592/2046
f 4180/2594/2047 4179/2593/2047 4181/2595/2047
f 4181/2595/2047 4182/2596/2047 4180/2594/2047
f 4182/2596/2048 4181/2595/2048 4183/2597/2048
f 4183/2597/2048 4184/2598/2048 4182/2596/2048
f 4184/2598/2049 4183/2597/2049 4185/2599/2049
f 4185/2599/2049 4186/2600/2049 4184/2598/2049
f 4186/2600/2050 4185/2599/2050 4187/2601/2050
f 4187/2601/2050 4188/2602/2050 4186/2600/2050
f 4188/2602/2051 4187/2601/2051 4189/2603/2051
f 4189/2603/2051 4190/2604/2051 4188/2602/2051
f 4190/2604/2052 4189/2603/2052 4191/2605/2052
f 4191/2605/2052 4192/2606/2052 4190/2604/2052
f 4192/2606/1878 4191/2605/1878 4193/2607/1878
f 4193/2607/1878 4194/2608/1878 4192/2606/1878
f 4194/2608/2053 4193/2607/2053 4195/2609/2053
f 4195/2609/2053 4196/2610/2053 4194/2608/2053
f 4196/2610/2054 4195/2609/2054 4197/2611/2054
f 4197/2611/2054 4198/2612/2054 4196/2610/2054
f 4198/2612/2055 4197/2611/2055 4199/2613/2055
f 4199/2613/2055 4200/2614/2055 4198/2612/2055
f 4200/2614/2056 4199/2613/2056 4166/2578/2056
f 4166/2578/2057 4165/2577/2057 4200/2614/2057
f 4191/2615/1898 4189/2616/1898 4195/2617/1898
f 4195/2617/1898 4193/2618/1898 4191/2615/1898
f 4189/2616/1898 4187/2619/1898 4197/2620/1898
f 4197/2620/1898 4195/2617/1898 4189/2616/1898
f 4187/2619/1898 4185/2621/1898 4199/2622/1898
f 4199/2622/1898 4197/2620/1898 4187/2619/1898
f 4185/2621/1898 4183/2623/1898 4166/2624/1898
f 4166/2624/1898 4199/2622/1898 4185/2621/1898
f 4183/2623/1898 4181/2625/1898 4167/2626/1898
f 4167/2626/1898 4166/2624/1898 4183/2623/1898
f 4181/2625/1898 4179/2627/1898 4169/2628/1898
f 4169/2628/1898 4167/2626/1898 4181/2625/1898
f 4179/2627/1898 4177/2629/1898 4171/2630/1898
f 4171/2630/1898 4169/2628/1898 4179/2627/1898
f 4177/2629/1898 4175/2631/1898 4173/2632/1898
f 4173/2632/1898 4171/2630/1898 4177/2629/1898
f 4176/2633/1916 4178/2634/1916 4172/2635/1916
f 4172/2635/1916 4174/2636/1916 4176/2633/1916
f 4178/2634/1916 4180/2637/1916 4170/2638/1916
f 4170/2638/1916 4172/2635/1916 4178/2634/1916
f 4180/2637/1916 4182/2639/1916 4168/2640/1916
f 4168/2640/1916 4170/2638/1916 4180/2637/1916
f 4182/2639/1916 4184/2641/1916 4165/2642/1916
f 4165/2642/1916 4168/2640/1916 4182/2639/1916
f 4184/2641/1916 4186/2643/1916 4200/2644/1916
f 4200/2644/1916 4165/2642/1916 4184/2641/1916
f 4186/2643/1916 4188/2645/1916 4198/2646/1916
f 4198/2646/1916 4200/2644/1916 4186/2643/1916
f 4188/2645/1916 4190/2647/1916 4196/2648/1916
f 4196/2648/1916 4198/2646/1916 4188/2645/1916
f 4190/2647/1916 4192/2649/1916 4194/2650/1916
f 4194/2650/1916 4196/2648/1916 4190/2647/1916
f 4201/2651/2058 4202/2652/2058 4203/2653/2058
f 4203/2653/2058 4204/2654/2058 4201/2651/2058
f 4204/2654/2059 4203/2653/2059 4205/2655/2059
f 4205/2655/2060 4206/2656/2060 4204/2654/2060
f 4206/2656/2061 4205/2655/2061 4207/2657/2061
f 4207/2657/2062 4208/2658/2062 4206/2656/2062
f 4208/2658/2063 4207/2657/2063 4209/2659/2063
f 4209/2659/2063 4210/2660/2063 4208/2658/2063
f 4210/2660/1883 4209/2659/1883 4211/2661/1883
f 4211/2661/1883 4212/2662/1883 4210/2660/1883
f 4212/2663/2064 4211/2664/2064 4213/2665/2064
f 4213/2665/2064 4214/2666/2064 4212/2663/2064
f 4214/2666/2065 4213/2665/2065 4215/2667/2065
f 4215/2667/2066 4216/2668/2066 4214/2666/2066
f 4216/2668/2067 4215/2667/2067 4217/2669/2067
f 4217/2669/2068 4218/2670/2068 4216/2668/2068
f 4218/2670/2069 4217/2669/2069 4219/2671/2069
f 4219/2671/2070 4220/2672/2070 4218/2670/2070
f 4220/2672/2071 4219/2671/2071 4221/2673/2071
f 4221/2673/2072 4222/2674/2072 4220/2672/2072
f 4222/2674/2073 4221/2673/2073 4223/2675/2073
f 4223/2675/2073 4224/2676/2073 4222/2674/2073
f 4224/2676/2074 4223/2675/2074 4225/2677/2074
f 4225/2677/2074 4226/2678/2074 4224/2676/2074
f 4226/2678/2075 4225/2677/2075 4227/2679/2075
f 4227/2679/2075 4228/2680/2075 4226/2678/2075
f 4228/2680/2076 4227/2679/2076 4229/2681/2076
f 4229/2681/2076 4230/2682/2076 4228/2680/2076
f 4230/2682/2077 4229/2681/2077 4231/2683/2077
f 4231/2683/2077 4232/2684/2077 4230/2682/2077
f 4232/2684/2078 4231/2683/2078 4233/2685/2078
f 4233/2685/2079 4234/2686/2079 4232/2684/2079
f 4234/2686/2080 4233/2685/2080 4235/2687/2080
f 4235/2687/2081 4236/2688/2081 4234/2686/2081
f 4236/2688/2040 4235/2687/2040 4202/2652/2040
f 4202/2652/2040 4201/2651/2040 4236/2688/2040
f 4227/2689/1916 4225/2690/1916 4231/2691/1916
f 4231/2691/1916 4229/2692/1916 4227/2689/1916
f 4225/2690/1916 4223/2693/1916 4233/2694/1916
f 4233/2694/1916 4231/2691/1916 4225/2690/1916
f 4223/2693/1916 4221/2695/1916 4235/2696/1916
f 4235/2696/1916 4233/2694/1916 4223/2693/1916
f 4221/2695/1916 4219/2697/1916 4202/2698/1916
f 4202/2698/1916 4235/2696/1916 4221/2695/1916
f 4219/2697/1916 4217/2699/1916 4203/2700/1916
f 4203/2700/1916 4202/2698/1916 4219/2697/1916
f 4217/2699/1916 4215/2701/1916 4205/2702/1916
f 4205/2702/1916 4203/2700/1916 4217/2699/1916
f 4215/2701/1916 4213/2703/1916 4207/2704/1916
f 4207/2704/1916 4205/2702/1916 4215/2701/1916
f 4213/2703/1916 4211/2705/1916 4209/2706/1916
f 4209/2706/1916 4207/2704/1916 4213/2703/1916
f 4212/2707/1898 4214/2708/1898 4208/2709/1898
f 4208/2709/1898 4210/2710/1898 4212/2707/1898
f 4214/2708/1898 4216/2711/1898 4206/2712/1898
f 4206/2712/1898 4208/2709/1898 4214/2708/1898
f 4216/2711/1898 4218/2713/1898 4204/2714/1898
f 4204/2714/1898 4206/2712/1898 4216/2711/1898
f 4218/2713/1898 4220/2715/1898 4201/2716/1898
f 4201/2716/1898 4204/2714/1898 4218/2713/1898
f 4220/2715/1898 4222/2717/1898 4236/2718/1898
f 4236/2718/1898 4201/2716/1898 4220/2715/1898
f 4222/2717/1898 4224/2719/1898 4234/2720/1898
f 4234/2720/1898 4236/2718/1898 4222/2717/1898
f 4224/2719/1898 4226/2721/1898 4232/2722/1898
f 4232/2722/1898 4234/2720/1898 4224/2719/1898
f 4226/2721/1898 4228/2723/1898 4230/2724/1898
f 4230/2724/1898 4232/2722/1898 4226/2721/1898
f 4237/2725/2082 4238/2726/2082 4239/2727/2082
f 4239/2727/2082 4240/2728/2082 4237/2725/2082
f 4238/2726/2083 4241/2729/2083 4242/2730/2083
f 4242/2730/2084 4239/2727/2084 4238/2726/2084
f 4241/2729/2085 4243/2731/2085 4244/2732/2085
f 4244/2732/2086 4242/2730/2086 4241/2729/2086
f 4243/2731/2087 4245/2733/2087 4246/2734/2087
f 4246/2734/2087 4244/2732/2087 4243/2731/2087
f 4245/2735/1883 4247/2736/1883 4248/2737/1883
f 4248/2737/1883 4246/2738/1883 4245/2735/1883
f 4247/2736/2088 4249/2739/2088 4250/2740/2088
f 4250/2740/2088 4248/2737/2088 4247/2736/2088
f 4249/2739/2089 4251/2741/2089 4252/2742/2089
f 4252/2742/2090 4250/2740/2090 4249/2739/2090
f 4251/2741/2047 4253/2743/2047 4254/2744/2047
f 4254/2744/2091 4252/2742/2091 4251/2741/2091
f 4253/2743/2092 4255/2745/2092 4256/2746/2092
f 4256/2746/2093 4254/2744/2093 4253/2743/2093
f 4255/2745/2094 4257/2747/2094 4258/2748/2094
f 4258/2748/2095 4256/2746/2095 4255/2745/2095
f 4257/2747/2038 4259/2749/2038 4260/2750/2038
f 4260/2750/2038 4258/2748/2038 4257/2747/2038
f 4259/2749/2096 4261/2751/2096 4262/2752/2096
f 4262/2752/2096 4260/2750/2096 4259/2749/2096
f 4261/2751/2097 4263/2753/2097 4264/2754/2097
f 4264/2754/2097 4262/2752/2097 4261/2751/2097
f 4263/2753/2098 4265/2755/2098 4266/2756/2098
f 4266/2756/2098 4264/2754/2098 4263/2753/2098
f 4265/2755/2099 4267/2757/2099 4268/2758/2099
f 4268/2758/2099 4266/2756/2099 4265/2755/2099
f 4267/2757/2100 4269/2759/2100 4270/2760/2100
f 4270/2760/2101 4268/2758/2101 4267/2757/2101
f 4269/2759/2102 4271/2761/2102 4272/2762/2102
f 4272/2762/2103 4270/2760/2103 4269/2759/2103
f 4271/2761/2056 4237/2725/2056 4240/2728/2056
f 4240/2728/2056 4272/2762/2056 4271/2761/2056
f 4264/2763/1916 4266/2764/1916 4268/2765/1916
f 4268/2765/1916 4262/2766/1916 4264/2763/1916
f 4262/2766/1916 4268/2765/1916 4270/2767/1916
f 4270/2767/1916 4260/2768/1916 4262/2766/1916
f 4260/2768/1916 4270/2767/1916 4272/2769/1916
f 4272/2769/1916 4258/2770/1916 4260/2768/1916
f 4258/2770/1916 4272/2769/1916 4240/2771/1916
f 4240/2771/1916 4256/2772/1916 4258/2770/1916
f 4256/2772/1916 4240/2771/1916 4239/2773/1916
f 4239/2773/1916 4254/2774/1916 4256/2772/1916
f 4254/2774/1916 4239/2773/1916 4242/2775/1916
f 4242/2775/1916 4252/2776/1916 4254/2774/1916
f 4252/2776/1916 4242/2775/1916 4244/2777/1916
f 4244/2777/1916 4250/2778/1916 4252/2776/1916
f 4250/2778/1916 4244/2777/1916 4246/2779/1916
f 4246/2779/1916 4248/2780/1916 4250/2778/1916
f 4247/2781/1898 4245/2782/1898 4243/2783/1898
f 4243/2783/1898 4249/2784/1898 4247/2781/1898
f 4249/2784/1898 4243/2783/1898 4241/2785/1898
f 4241/2785/1898 4251/2786/1898 4249/2784/1898
f 4251/2786/1898 4241/2785/1898 4238/2787/1898
f 4238/2787/1898 4253/2788/1898 4251/2786/1898
f 4253/2788/1898 4238/2787/1898 4237/2789/1898
f 4237/2789/1898 4255/2790/1898 4253/2788/1898
f 4255/2790/1898 4237/2789/1898 4271/2791/1898
f 4271/2791/1898 4257/2792/1898 4255/2790/1898
f 4257/2792/1898 4271/2791/1898 4269/2793/1898
f 4269/2793/1898 4259/2794/1898 4257/2792/1898
f 4259/2794/1898 4269/2793/1898 4267/2795/1898
f 4267/2795/1898 4261/2796/1898 4259/2794/1898
f 4261/2796/1898 4267/2795/1898 4265/2797/1898
f 4265/2797/1898 4263/2798/1898 4261/2796/1898
f 4273/2799/1916 4274/2800/1916 4275/2801/1916
f 4275/2801/1916 4276/2802/1916 4273/2799/1916
f 4277/2803/1898 4278/2804/1898 4279/2805/1898
f 4279/2805/1898 4280/2806/1898 4277/2803/1898
f 4275/2801/1916 4274/2800/1916 4281/2807/1916
f 4281/2807/1916 4282/2808/1916 4275/2801/1916
f 4282/2808/1916 4281/2807/1916 4283/2809/1916
f 4283/2809/1916 4284/2810/1916 4282/2808/1916
f 4283/2809/1916 4285/2811/1916 4284/2810/1916
f 4280/2806/1898 4279/2805/1898 4286/2812/1898
f 4286/2812/1898 4287/2813/1898 4280/2806/1898
f 4287/2813/1898 4286/2812/1898 4288/2814/1898
f 4288/2814/1898 4289/2815/1898 4287/2813/1898
f 4288/2814/1898 4290/2816/1898 4289/2815/1898
f 4291/2817/1898 4292/2818/1898 4293/2819/1898
f 4293/2819/1898 4294/2820/1898 4291/2817/1898
f 4295/2821/1916 4296/2822/1916 4297/2823/1916
f 4297/2823/1916 4298/2824/1916 4295/2821/1916
f 4299/2825/1898 4292/2818/1898 4291/2817/1898
f 4291/2817/1898 4300/2826/1898 4299/2825/1898
f 4301/2827/1898 4299/2825/1898 4300/2826/1898
f 4300/2826/1898 4302/2828/1898 4301/2827/1898
f 4302/2828/1898 4303/2829/1898 4301/2827/1898
f 4304/2830/1916 4295/2821/1916 4298/2824/1916
f 4298/2824/2104 4305/2831/2104 4304/2830/2104
f 4306/2832/2105 4304/2830/2105 4305/2831/2105
f 4305/2831/2106 4307/2833/2106 4306/2832/2106
f 4307/2833/1916 4308/2834/1916 4306/2832/1916
f 4291/2835/2107 4294/2836/2107 4276/2837/2107
f 4276/2837/2107 4275/2838/2107 4291/2835/2107
f 4293/2839/2108 4292/2840/2108 4274/2841/2108
f 4274/2841/2109 4273/2842/2109 4293/2839/2109
f 4298/2843/2110 4297/2844/2110 4277/2845/2110
f 4277/2845/2111 4280/2846/2111 4298/2843/2111
f 4296/2847/2107 4295/2848/2107 4279/2849/2107
f 4279/2849/2107 4278/2850/2107 4296/2847/2107
f 4300/2851/2112 4291/2835/2112 4275/2838/2112
f 4275/2838/2113 4282/2852/2113 4300/2851/2113
f 4292/2840/2114 4299/2853/2114 4281/2854/2114
f 4281/2854/2115 4274/2841/2115 4292/2840/2115
f 4302/2855/2116 4300/2851/2116 4282/2852/2116
f 4282/2852/2117 4284/2856/2117 4302/2855/2117
f 4299/2853/2118 4301/2857/2118 4283/2858/2118
f 4283/2858/2119 4281/2854/2119 4299/2853/2119
f 4301/2857/2120 4303/2859/2120 4285/2860/2120
f 4285/2860/2120 4283/2858/2120 4301/2857/2120
f 4303/2859/2121 4302/2855/2121 4284/2856/2121
f 4284/2856/2121 4285/2860/2121 4303/2859/2121
f 4305/2861/2122 4298/2843/2122 4280/2846/2122
f 4280/2846/2123 4287/2862/2123 4305/2861/2123
f 4295/2848/2112 4304/2863/2112 4286/2864/2112
f 4286/2864/2112 4279/2849/2112 4295/2848/2112
f 4307/2865/2124 4305/2861/2124 4287/2862/2124
f 4287/2862/2125 4289/2866/2125 4307/2865/2125
f 4304/2863/2126 4306/2867/2126 4288/2868/2126
f 4288/2868/2127 4286/2864/2127 4304/2863/2127
f 4306/2867/2128 4308/2869/2128 4290/2870/2128
f 4290/2870/2129 4288/2868/2129 4306/2867/2129
f 4308/2869/2130 4307/2865/2130 4289/2866/2130
f 4289/2866/2131 4290/2870/2131 4308/2869/2131
f 4309/2871/2132 4310/2872/2132 4311/2873/2132
f 4311/2873/2132 4312/2874/2132 4309/2871/2132
f 4310/2872/2133 4313/2875/2133 4314/2876/2133
f 4314/2876/2133 4311/2873/2133 4310/2872/2133
f 4313/2875/2134 4315/2877/2134 4316/2878/2134
f 4316/2878/2134 4314/2876/2134 4313/2875/2134
f 4315/2877/2135 4317/2879/2135 4318/2880/2135
f 4318/2880/2135 4316/2878/2135 4315/2877/2135
f 4317/2879/2136 4319/2881/2136 4320/2882/2136
f 4320/2882/2136 4318/2880/2136 4317/2879/2136
f 4319/2881/2137 4321/2883/2137 4322/2884/2137
f 4322/2884/2137 4320/2882/2137 4319/2881/2137
f 4321/2883/1878 4323/2885/1878 4324/2886/1878
f 4324/2886/1878 4322/2884/1878 4321/2883/1878
f 4323/2887/2138 4325/2888/2138 4326/2889/2138
f 4326/2889/2138 4324/2890/2138 4323/2887/2138
f 4325/2888/2139 4309/2871/2139 4312/2874/2139
f 4312/2874/2139 4326/2889/2139 4325/2888/2139
f 4327/2891/1916 4328/2892/1916 4329/2893/1916
f 4329/2893/1916 4330/2894/1916 4327/2891/1916
f 4331/2895/1898 4332/2896/1898 4333/2897/1898
f 4333/2897/1898 4334/2898/1898 4331/2895/1898
f 4329/2893/1916 4335/2899/1916 4336/2900/1916
f 4336/2900/1916 4330/2894/1916 4329/2893/1916
f 4335/2899/1916 4337/2901/1916 4338/2902/1916
f 4338/2902/1916 4336/2900/1916 4335/2899/1916
f 4338/2902/1916 4337/2901/1916 4339/2903/1916
f 4332/2896/1898 4340/2904/1898 4341/2905/1898
f 4341/2905/1898 4333/2897/1898 4332/2896/1898
f 4340/2904/1898 4342/2906/1898 4343/2907/1898
f 4343/2907/1898 4341/2905/1898 4340/2904/1898
f 4343/2907/1898 4342/2906/1898 4344/2908/1898
f 4345/2909/1898 4346/2910/1898 4347/2911/1898
f 4347/2911/1898 4348/2912/1898 4345/2909/1898
f 4349/2913/1916 4350/2914/1916 4351/2915/1916
f 4351/2915/1916 4352/2916/1916 4349/2913/1916
f 4353/2917/1898 4354/2918/1898 4345/2909/1898
f 4345/2909/1898 4348/2912/1898 4353/2917/1898
f 4355/2919/1898 4356/2920/1898 4354/2918/1898
f 4354/2918/1898 4353/2917/1898 4355/2919/1898
f 4356/2920/1898 4355/2919/1898 4357/2921/1898
f 4358/2922/2140 4359/2923/2140 4350/2914/2140
f 4350/2914/1916 4349/2913/1916 4358/2922/1916
f 4360/2924/2106 4361/2925/2106 4359/2923/2106
f 4359/2923/2141 4358/2922/2141 4360/2924/2141
f 4361/2925/1916 4360/2924/1916 4362/2926/1916
f 4345/2927/2142 4329/2928/2142 4328/2929/2142
f 4328/2929/2142 4346/2930/2142 4345/2927/2142
f 4347/2931/2143 4327/2932/2143 4330/2933/2143
f 4330/2933/2144 4348/2934/2144 4347/2931/2144
f 4350/2935/2145 4332/2936/2145 4331/2937/2145
f 4331/2937/2146 4351/2938/2146 4350/2935/2146
f 4352/2939/2142 4334/2940/2142 4333/2941/2142
f 4333/2941/2142 4349/2942/2142 4352/2939/2142
f 4354/2943/2147 4335/2944/2147 4329/2928/2147
f 4329/2928/2148 4345/2927/2148 4354/2943/2148
f 4348/2934/2149 4330/2933/2149 4336/2945/2149
f 4336/2945/2150 4353/2946/2150 4348/2934/2150
f 4356/2947/2151 4337/2948/2151 4335/2944/2151
f 4335/2944/2152 4354/2943/2152 4356/2947/2152
f 4353/2946/2153 4336/2945/2153 4338/2949/2153
f 4338/2949/2154 4355/2950/2154 4353/2946/2154
f 4355/2950/2155 4338/2949/2155 4339/2951/2155
f 4339/2951/2155 4357/2952/2155 4355/2950/2155
f 4357/2952/2156 4339/2951/2156 4337/2948/2156
f 4337/2948/2156 4356/2947/2156 4357/2952/2156
f 4359/2953/2157 4340/2954/2157 4332/2936/2157
f 4332/2936/2158 4350/2935/2158 4359/2953/2158
f 4349/2942/2148 4333/2941/2148 4341/2955/2148
f 4341/2955/2148 4358/2956/2148 4349/2942/2148
f 4361/2957/2159 4342/2958/2159 4340/2954/2159
f 4340/2954/2160 4359/2953/2160 4361/2957/2160
f 4358/2956/2161 4341/2955/2161 4343/2959/2161
f 4343/2959/2162 4360/2960/2162 4358/2956/2162
f 4360/2960/2163 4343/2959/2163 4344/2961/2163
f 4344/2961/2164 4362/2962/2164 4360/2960/2164
f 4362/2962/2165 4344/2961/2165 4342/2958/2165
f 4342/2958/2166 4361/2957/2166 4362/2962/2166
f 4363/2963/2135 4364/2964/2135 4365/2965/2135
f 4365/2965/2135 4366/2966/2135 4363/2963/2135
f 4366/2966/2167 4365/2965/2167 4367/2967/2167
f 4367/2967/2167 4368/2968/2167 4366/2966/2167
f 4368/2968/2168 4367/2967/2168 4369/2969/2168
f 4369/2969/2168 4370/2970/2168 4368/2968/2168
f 4370/2970/2132 4369/2969/2132 4371/2971/2132
f 4371/2971/2132 4372/2972/2132 4370/2970/2132
f 4372/2972/2139 4371/2971/2139 4373/2973/2139
f 4373/2973/2139 4374/2974/2139 4372/2972/2139
f 4374/2974/2169 4373/2973/2169 4375/2975/2169
f 4375/2975/2169 4376/2976/2169 4374/2974/2169
f 4376/2977/1878 4375/2978/1878 4377/2979/1878
f 4377/2979/1878 4378/2980/1878 4376/2977/1878
f 4378/2980/2170 4377/2979/2170 4379/2981/2170
f 4379/2981/2170 4380/2982/2170 4378/2980/2170
f 4380/2982/2171 4379/2981/2171 4364/2964/2171
f 4364/2964/2171 4363/2963/2171 4380/2982/2171
f 4381/2983/1898 4382/2984/1898 4383/2985/1898
f 4383/2985/1898 4384/2986/1898 4381/2983/1898
f 4385/2987/1916 4386/2988/1916 4387/2989/1916
f 4387/2989/1916 4388/2990/1916 4385/2987/1916
f 4383/2985/1898 4389/2991/1898 4390/2992/1898
f 4390/2992/1898 4384/2986/1898 4383/2985/1898
f 4389/2991/1898 4391/2993/1898 4392/2994/1898
f 4392/2994/1898 4390/2992/1898 4389/2991/1898
f 4392/2994/1898 4391/2993/1898 4393/2995/1898
f 4386/2988/1916 4394/2996/1916 4395/2997/1916
f 4395/2997/1916 4387/2989/1916 4386/2988/1916
f 4394/2996/1916 4396/2998/1916 4397/2999/1916
f 4397/2999/1916 4395/2997/1916 4394/2996/1916
f 4397/2999/1916 4396/2998/1916 4398/3000/1916
f 4399/3001/1916 4400/3002/1916 4401/3003/1916
f 4401/3003/1916 4402/3004/1916 4399/3001/1916
f 4403/3005/1898 4404/3006/1898 4405/3007/1898
f 4405/3007/1898 4406/3008/1898 4403/3005/1898
f 4407/3009/1916 4408/3010/1916 4399/3001/1916
f 4399/3001/1916 4402/3004/1916 4407/3009/1916
f 4409/3011/1916 4410/3012/1916 4408/3010/1916
f 4408/3010/1916 4407/3009/1916 4409/3011/1916
f 4410/3012/1916 4409/3011/1916 4411/3013/1916
f 4412/3014/1898 4413/3015/1898 4404/3006/1898
f 4404/3006/1898 4403/3005/1898 4412/3014/1898
f 4414/3016/1898 4415/3017/1898 4413/3015/1898
f 4413/3015/1898 4412/3014/1898 4414/3016/1898
f 4415/3017/1898 4414/3016/1898 4416/3018/1898
f 4399/3019/2172 4383/3020/2172 4382/3021/2172
f 4382/3021/2172 4400/3022/2172 4399/3019/2172
f 4401/3023/2109 4381/3024/2109 4384/3025/2109
f 4384/3025/2173 4402/3026/2173 4401/3023/2173
f 4404/3027/2174 4386/3028/2174 4385/3029/2174
f 4385/3029/2110 4405/3030/2110 4404/3027/2110
f 4406/3031/2172 4388/3032/2172 4387/3033/2172
f 4387/3033/2172 4403/3034/2172 4406/3031/2172
f 4408/3035/2175 4389/3036/2175 4383/3020/2175
f 4383/3020/2176 4399/3019/2176 4408/3035/2176
f 4402/3026/2177 4384/3025/2177 4390/3037/2177
f 4390/3037/2178 4407/3038/2178 4402/3026/2178
f 4410/3039/2179 4391/3040/2179 4389/3036/2179
f 4389/3036/2180 4408/3035/2180 4410/3039/2180
f 4407/3038/2181 4390/3037/2181 4392/3041/2181
f 4392/3041/2182 4409/3042/2182 4407/3038/2182
f 4409/3042/2183 4392/3041/2183 4393/3043/2183
f 4393/3043/2183 4411/3044/2183 4409/3042/2183
f 4411/3044/2155 4393/3043/2155 4391/3040/2155
f 4391/3040/2155 4410/3039/2155 4411/3044/2155
f 4413/3045/2184 4394/3046/2184 4386/3028/2184
f 4386/3028/2185 4404/3027/2185 4413/3045/2185
f 4403/3034/2176 4387/3033/2176 4395/3047/2176
f 4395/3047/2176 4412/3048/2176 4403/3034/2176
f 4415/3049/2186 4396/3050/2186 4394/3046/2186
f 4394/3046/2187 4413/3045/2187 4415/3049/2187
f 4412/3048/2188 4395/3047/2188 4397/3051/2188
f 4397/3051/2189 4414/3052/2189 4412/3048/2189
f 4414/3052/2190 4397/3051/2190 4398/3053/2190
f 4398/3053/2191 4416/3054/2191 4414/3052/2191
f 4416/3054/2192 4398/3053/2192 4396/3050/2192
f 4396/3050/2193 4415/3049/2193 4416/3054/2193
f 4417/3055/2194 4418/3056/2194 4419/3057/2194
f 4419/3057/2194 4420/3058/2194 4417/3055/2194
f 4420/3058/2168 4419/3057/2168 4421/3059/2168
f 4421/3059/2168 4422/3060/2168 4420/3058/2168
f 4422/3060/2134 4421/3059/2134 4423/3061/2134
f 4423/3061/2134 4424/3062/2134 4422/3060/2134
f 4424/3062/2135 4423/3061/2135 4425/3063/2135
f 4425/3063/2135 4426/3064/2135 4424/3062/2135
f 4426/3064/2136 4425/3063/2136 4427/3065/2136
f 4427/3065/2136 4428/3066/2136 4426/3064/2136
f 4428/3066/2137 4427/3065/2137 4429/3067/2137
f 4429/3067/2137 4430/3068/2137 4428/3066/2137
f 4430/3068/1878 4429/3067/1878 4431/3069/1878
f 4431/3069/1878 4432/3070/1878 4430/3068/1878
f 4432/3071/2138 4431/3072/2138 4433/3073/2138
f 4433/3073/2138 4434/3074/2138 4432/3071/2138
f 4434/3074/2195 4433/3073/2195 4418/3056/2195
f 4418/3056/2195 4417/3055/2195 4434/3074/2195
f 4435/3075/1898 4436/3076/1898 4437/3077/1898
f 4437/3077/1898 4438/3078/1898 4435/3075/1898
f 4439/3079/1916 4440/3080/1916 4441/3081/1916
f 4441/3081/1916 4442/3082/1916 4439/3079/1916
f 4437/3077/1898 4436/3076/1898 4443/3083/1898
f 4443/3083/1898 4444/3084/1898 4437/3077/1898
f 4444/3084/1898 4443/3083/1898 4445/3085/1898
f 4445/3085/1898 4446/3086/1898 4444/3084/1898
f 4445/3085/1898 4447/3087/1898 4446/3086/1898
f 4442/3082/1916 4441/3081/1916 4448/3088/1916
f 4448/3088/1916 4449/3089/1916 4442/3082/1916
f 4449/3089/1916 4448/3088/1916 4450/3090/1916
f 4450/3090/1916 4451/3091/1916 4449/3089/1916
f 4450/3090/1916 4452/3092/1916 4451/3091/1916
f 4453/3093/1916 4454/3094/1916 4455/3095/1916
f 4455/3095/1916 4456/3096/1916 4453/3093/1916
f 4457/3097/1898 4458/3098/1898 4459/3099/1898
f 4459/3099/1898 4460/3100/1898 4457/3097/1898
f 4461/3101/1916 4454/3094/1916 4453/3093/1916
f 4453/3093/1916 4462/3102/1916 4461/3101/1916
f 4463/3103/1916 4461/3101/1916 4462/3102/1916
f 4462/3102/1916 4464/3104/1916 4463/3103/1916
f 4464/3104/1916 4465/3105/1916 4463/3103/1916
f 4466/3106/1898 4457/3097/1898 4460/3100/1898
f 4460/3100/1898 4467/3107/1898 4466/3106/1898
f 4468/3108/1898 4466/3106/1898 4467/3107/1898
f 4467/3107/1898 4469/3109/1898 4468/3108/1898
f 4469/3109/1898 4470/3110/1898 4468/3108/1898
f 4453/3111/2142 4456/3112/2142 4438/3113/2142
f 4438/3113/2142 4437/3114/2142 4453/3111/2142
f 4455/3115/2196 4454/3116/2196 4436/3117/2196
f 4436/3117/2143 4435/3118/2143 4455/3115/2143
f 4460/3119/2146 4459/3120/2146 4439/3121/2146
f 4439/3121/2197 4442/3122/2197 4460/3119/2197
f 4458/3123/2142 4457/3124/2142 4441/3125/2142
f 4441/3125/2142 4440/3126/2142 4458/3123/2142
f 4462/3127/2148 4453/3111/2148 4437/3114/2148
f 4437/3114/2198 4444/3128/2198 4462/3127/2198
f 4454/3116/2199 4461/3129/2199 4443/3130/2199
f 4443/3130/2200 4436/3117/2200 4454/3116/2200
f 4464/3131/2201 4462/3127/2201 4444/3128/2201
f 4444/3128/2151 4446/3132/2151 4464/3131/2151
f 4461/3129/2154 4463/3133/2154 4445/3134/2154
f 4445/3134/2202 4443/3130/2202 4461/3129/2202
f 4463/3133/2155 4465/3135/2155 4447/3136/2155
f 4447/3136/2155 4445/3134/2155 4463/3133/2155
f 4465/3135/2156 4464/3131/2156 4446/3132/2156
f 4446/3132/2156 4447/3136/2156 4465/3135/2156
f 4467/3137/2203 4460/3119/2203 4442/3122/2203
f 4442/3122/2204 4449/3138/2204 4467/3137/2204
f 4457/3124/2148 4466/3139/2148 4448/3140/2148
f 4448/3140/2148 4441/3125/2148 4457/3124/2148
f 4469/3141/2205 4467/3137/2205 4449/3138/2205
f 4449/3138/2206 4451/3142/2206 4469/3141/2206
f 4466/3139/2207 4468/3143/2207 4450/3144/2207
f 4450/3144/2161 4448/3140/2161 4466/3139/2161
f 4468/3143/2208 4470/3145/2208 4452/3146/2208
f 4452/3146/2209 4450/3144/2209 4468/3143/2209
f 4470/3145/2210 4469/3141/2210 4451/3142/2210
f 4451/3142/2211 4452/3146/2211 4470/3145/2211
f 4471/3147/2135 4472/3148/2135 4473/3149/2135
f 4473/3149/2135 4474/3150/2135 4471/3147/2135
f 4472/3148/2167 4475/3151/2167 4476/3152/2167
f 4476/3152/2167 4473/3149/2167 4472/3148/2167
f 4475/3151/2168 4477/3153/2168 4478/3154/2168
f 4478/3154/2168 4476/3152/2168 4475/3151/2168
f 4477/3153/2132 4479/3155/2132 4480/3156/2132
f 4480/3156/2132 4478/3154/2132 4477/3153/2132
f 4479/3155/2139 4481/3157/2139 4482/3158/2139
f 4482/3158/2139 4480/3156/2139 4479/3155/2139
f 4481/3157/2169 4483/3159/2169 4484/3160/2169
f 4484/3160/2169 4482/3158/2169 4481/3157/2169
f 4483/3161/1878 4485/3162/1878 4486/3163/1878
f 4486/3163/1878 4484/3164/1878 4483/3161/1878
f 4485/3162/2170 4487/3165/2170 4488/3166/2170
f 4488/3166/2170 4486/3163/2170 4485/3162/2170
f 4487/3165/2171 4471/3147/2171 4474/3150/2171
f 4474/3150/2171 4488/3166/2171 4487/3165/2171
f 4489/3167/2212 4490/3168/2212 4491/3169/2212
f 4491/3169/2212 4492/3170/2212 4489/3167/2212
f 4493/3171/2213 4489/3167/2213 4492/3170/2213
f 4492/3170/2213 4494/3172/2213 4493/3171/2213
f 4495/3173/2214 4493/3171/2214 4494/3172/2214
f 4494/3172/2214 4496/3174/2214 4495/3173/2214
f 4497/3175/2215 4495/3173/2215 4496/3174/2215
f 4496/3174/2215 4498/3176/2215 4497/3175/2215
f 4499/3177/2216 4497/3175/2216 4498/3176/2216
f 4498/3176/2216 4500/3178/2216 4499/3177/2216
f 4501/3179/2217 4499/3177/2217 4500/3178/2217
f 4500/3178/2217 4502/3180/2217 4501/3179/2217
f 4503/3181/2218 4501/3179/2218 4502/3180/2218
f 4502/3180/2218 4504/3182/2218 4503/3181/2218
f 4503/3181/2219 4504/3182/2219 4491/3183/2219
f 4491/3183/2219 4490/3184/2219 4503/3181/2219
f 4505/3185/2220 4506/3186/2220 4507/3187/2220
f 4507/3187/2220 4508/3188/2220 4505/3185/2220
f 4506/3186/2221 4509/3189/2221 4510/3190/2221
f 4510/3190/2221 4507/3187/2221 4506/3186/2221
f 4509/3191/2222 4511/3192/2222 4512/3193/2222
f 4512/3193/2222 4510/3194/2222 4509/3191/2222
f 4511/3192/2223 4513/3195/2223 4514/3196/2223
f 4514/3196/2223 4512/3193/2223 4511/3192/2223
f 4513/3195/2224 4515/3197/2224 4516/3198/2224
f 4516/3198/2224 4514/3196/2224 4513/3195/2224
f 4515/3197/2225 4517/3199/2225 4518/3200/2225
f 4518/3200/2225 4516/3198/2225 4515/3197/2225
f 4517/3199/2226 4519/3201/2226 4520/3202/2226
f 4520/3202/2226 4518/3200/2226 4517/3199/2226
f 4519/3201/2227 4505/3185/2227 4508/3188/2227
f 4508/3188/2227 4520/3202/2227 4519/3201/2227
f 4521/3203/2228 4522/3204/2228 4523/3205/2228
f 4523/3205/2220 4524/3206/2220 4521/3203/2220
f 4522/3204/2229 4525/3207/2229 4526/3208/2229
f 4526/3208/2230 4523/3205/2230 4522/3204/2230
f 4525/3209/2222 4527/3210/2222 4528/3211/2222
f 4528/3211/2222 4526/3212/2222 4525/3209/2222
f 4527/3210/2223 4529/3213/2223 4530/3214/2223
f 4530/3214/2223 4528/3211/2223 4527/3210/2223
f 4529/3213/2224 4531/3215/2224 4532/3216/2224
f 4532/3216/2224 4530/3214/2224 4529/3213/2224
f 4531/3215/2225 4533/3217/2225 4534/3218/2225
f 4534/3218/2225 4532/3216/2225 4531/3215/2225
f 4533/3217/2226 4535/3219/2226 4536/3220/2226
f 4536/3220/2226 4534/3218/2226 4533/3217/2226
f 4535/3219/2227 4521/3203/2227 4524/3206/2227
f 4524/3206/2227 4536/3220/2227 4535/3219/2227
f 4537/3221/2231 4538/3222/2231 4539/3223/2231
f 4539/3223/2231 4540/3224/2231 4537/3221/2231
f 4541/3225/2232 4542/3226/2232 4538/3222/2232
f 4538/3222/2232 4537/3221/2232 4541/3225/2232
f 4543/3227/2214 4544/3228/2214 4542/3226/2214
f 4542/3226/2214 4541/3225/2214 4543/3227/2214
f 4545/3229/2215 4546/3230/2215 4544/3228/2215
f 4544/3228/2215 4543/3227/2215 4545/3229/2215
f 4547/3231/2216 4548/3232/2216 4546/3230/2216
f 4546/3230/2216 4545/3229/2216 4547/3231/2216
f 4549/3233/2217 4550/3234/2217 4548/3232/2217
f 4548/3232/2217 4547/3231/2217 4549/3233/2217
f 4551/3235/2233 4552/3236/2233 4550/3234/2233
f 4550/3234/2233 4549/3233/2233 4551/3235/2233
f 4551/3235/2234 4540/3237/2234 4539/3238/2234
f 4539/3238/2234 4552/3236/2234 4551/3235/2234
f 4553/3239/2235 4554/3240/2235 4555/3241/2235
f 4555/3241/2235 4556/3242/2235 4553/3239/2235
f 4556/3242/2236 4555/3241/2236 4557/3243/2236
f 4557/3243/2236 4558/3244/2236 4556/3242/2236
f 4558/3245/2229 4557/3246/2229 4559/3247/2229
f 4559/3247/2229 4560/3248/2229 4558/3245/2229
f 4560/3248/2220 4559/3247/2220 4561/3249/2220
f 4561/3249/2220 4562/3250/2220 4560/3248/2220
f 4562/3250/2227 4561/3249/2227 4563/3251/2227
f 4563/3251/2227 4564/3252/2227 4562/3250/2227
f 4564/3252/2237 4563/3251/2237 4565/3253/2237
f 4565/3253/2237 4566/3254/2237 4564/3252/2237
f 4566/3254/2238 4565/3253/2238 4567/3255/2238
f 4567/3255/2238 4568/3256/2238 4566/3254/2238
f 4568/3256/2239 4567/3255/2239 4554/3240/2239
f 4554/3240/2239 4553/3239/2239 4568/3256/2239
f 4569/3257/2240 4570/3258/2240 4571/3259/2240
f 4571/3259/2240 4572/3260/2240 4569/3257/2240
f 4572/3260/2222 4571/3259/2222 4573/3261/2222
f 4573/3261/2222 4574/3262/2222 4572/3260/2222
f 4574/3263/2241 4573/3264/2241 4575/3265/2241
f 4575/3265/2241 4576/3266/2241 4574/3263/2241
f 4576/3266/2242 4575/3265/2242 4577/3267/2242
f 4577/3267/2242 4578/3268/2242 4576/3266/2242
f 4578/3268/2243 4577/3267/2243 4579/3269/2243
f 4579/3269/2243 4580/3270/2243 4578/3268/2243
f 4580/3270/2244 4579/3269/2244 4581/3271/2244
f 4581/3271/2244 4582/3272/2244 4580/3270/2244
f 4582/3272/2225 4581/3271/2225 4583/3273/2225
f 4583/3273/2225 4584/3274/2225 4582/3272/2225
f 4584/3274/2245 4583/3273/2245 4570/3258/2245
f 4570/3258/2245 4569/3257/2245 4584/3274/2245

usemtl bucket_$Material_0
f 4585/3275/2246 4586/3276/2246 4587/3277/2246
f 4587/3277/2246 4586/3276/2246 4588/3278/2246
f 4589/3279/2247 4590/3280/2247 4585/3275/2247
f 4585/3275/2247 4590/3280/2247 4586/3276/2247
f 4591/3281/2248 4592/3282/2248 4589/3283/2248
f 4589/3283/2248 4592/3282/2248 4590/3284/2248
f 4587/3277/2249 4588/3278/2249 4591/3281/2249
f 4591/3281/2249 4588/3278/2249 4592/3282/2249
f 4593/3285/2250 4588/3278/2250 4586/3276/2250
f 4588/3278/2250 4593/3285/2250 4594/3286/2250
f 4590/3280/2251 4595/3287/2251 4586/3276/2251
f 4586/3276/2251 4595/3287/2251 4593/3285/2251
f 4590/3284/2252 4592/3282/2252 4596/3288/2252
f 4590/3284/2252 4596/3288/2252 4595/3289/2252
f 4588/3278/2253 4594/3286/2253 4592/3282/2253
f 4592/3282/2253 4594/3286/2253 4596/3288/2253
f 4594/3290/2254 4595/3291/2254 4596/3292/2254
f 4595/3291/2254 4594/3290/2254 4593/3293/2254
f 4587/3294/2255 4597/3295/2255 4585/3296/2255
f 4597/3295/2255 4587/3294/2255 4598/3297/2255
f 4587/3294/2255 4591/3298/2255 4599/3299/2255
f 4587/3294/2255 4599/3299/2255 4598/3297/2255
f 4591/3298/2255 4589/3300/2255 4600/3301/2255
f 4591/3298/2255 4600/3301/2255 4599/3299/2255
f 4597/3295/2255 4589/3300/2255 4585/3296/2255
f 4589/3300/2255 4597/3295/2255 4600/3301/2255
f 4598/3302/2256 4601/3303/2256 4597/3304/2256
f 4601/3303/2256 4598/3302/2256 4602/3305/2256
f 4599/3306/2257 4602/3305/2257 4598/3302/2257
f 4602/3305/2257 4599/3306/2257 4603/3307/2257
f 4600/3308/2258 4604/3309/2258 4599/3306/2258
f 4599/3306/2258 4604/3309/2258 4603/3307/2258
f 4597/3310/2259 4601/3311/2259 4600/3308/2259
f 4600/3308/2259 4601/3311/2259 4604/3309/2259
f 4601/3312/2255 4603/3313/2255 4604/3314/2255
f 4603/3313/2255 4601/3312/2255 4602/3315/2255
f 4605/3316/2246 4606/3276/2246 4607/3317/2246
f 4607/3317/2246 4606/3276/2246 4608/3278/2246
f 4609/3318/2247 4610/3280/2247 4605/3316/2247
f 4605/3316/2247 4610/3280/2247 4606/3276/2247
f 4611/3319/2248 4612/3282/2248 4609/3320/2248
f 4609/3320/2248 4612/3282/2248 4610/3284/2248
f 4607/3317/2249 4608/3278/2249 4611/3319/2249
f 4611/3319/2249 4608/3278/2249 4612/3282/2249
f 4608/3278/2260 4606/3276/2260 4613/3285/2260
f 4608/3278/2260 4613/3285/2260 4614/3286/2260
f 4610/3280/2261 4615/3287/2261 4606/3276/2261
f 4606/3276/2261 4615/3287/2261 4613/3285/2261
f 4616/3288/2262 4610/3284/2262 4612/3282/2262
f 4610/3284/2262 4616/3288/2262 4615/3289/2262
f 4608/3278/2263 4614/3286/2263 4612/3282/2263
f 4612/3282/2263 4614/3286/2263 4616/3288/2263
f 4614/3290/2254 4615/3291/2254 4616/3292/2254
f 4615/3291/2254 4614/3290/2254 4613/3293/2254
f 4607/3294/2255 4617/3321/2255 4605/3296/2255
f 4617/3321/2255 4607/3294/2255 4618/3322/2255
f 4607/3294/2255 4611/3298/2255 4619/3299/2255
f 4607/3294/2255 4619/3299/2255 4618/3322/2255
f 4611/3298/2255 4609/3300/2255 4620/3301/2255
f 4611/3298/2255 4620/3301/2255 4619/3299/2255
f 4609/3300/2255 4605/3296/2255 4617/3321/2255
f 4609/3300/2255 4617/3321/2255 4620/3301/2255
f 4618/3323/2264 4621/3324/2264 4617/3325/2264
f 4621/3324/2264 4618/3323/2264 4622/3326/2264
f 4619/3310/2265 4622/3326/2265 4618/3323/2265
f 4622/3326/2265 4619/3310/2265 4623/3311/2265
f 4620/3327/2266 4624/3328/2266 4619/3304/2266
f 4619/3304/2266 4624/3328/2266 4623/3303/2266
f 4617/3325/2267 4621/3324/2267 4620/3327/2267
f 4620/3327/2267 4621/3324/2267 4624/3328/2267
f 4621/3312/2255 4623/3313/2255 4624/3314/2255
f 4623/3313/2255 4621/3312/2255 4622/3315/2255
f 4625/3282/2246 4626/3329/2246 4627/3330/2246
f 4626/3329/2246 4625/3282/2246 4628/3284/2246
f 4629/3331/2247 4630/3278/2247 4627/3330/2247
f 4627/3330/2247 4630/3278/2247 4625/3282/2247
f 4631/3276/2248 4629/3331/2248 4632/3332/2248
f 4629/3331/2248 4631/3276/2248 4630/3278/2248
f 4626/3333/2249 4628/3280/2249 4632/3332/2249
f 4632/3332/2249 4628/3280/2249 4631/3276/2249
f 4628/3284/2268 4625/3282/2268 4633/3288/2268
f 4628/3284/2268 4633/3288/2268 4634/3289/2268
f 4630/3278/2261 4635/3286/2261 4625/3282/2261
f 4625/3282/2261 4635/3286/2261 4633/3288/2261
f 4636/3285/2269 4630/3278/2269 4631/3276/2269
f 4630/3278/2269 4636/3285/2269 4635/3286/2269
f 4628/3280/2263 4634/3287/2263 4631/3276/2263
f 4631/3276/2263 4634/3287/2263 4636/3285/2263
f 4634/3290/2254 4635/3291/2254 4636/3292/2254
f 4635/3291/2254 4634/3290/2254 4633/3293/2254
f 4626/3294/2255 4637/3334/2255 4627/3296/2255
f 4637/3334/2255 4626/3294/2255 4638/3335/2255
f 4626/3294/2255 4632/3298/2255 4639/3336/2255
f 4626/3294/2255 4639/3336/2255 4638/3335/2255
f 4632/3298/2255 4629/3300/2255 4640/3301/2255
f 4632/3298/2255 4640/3301/2255 4639/3336/2255
f 4627/3296/2255 4640/3301/2255 4629/3300/2255
f 4640/3301/2255 4627/3296/2255 4637/3334/2255
f 4638/3337/2270 4641/3338/2270 4637/3339/2270
f 4641/3338/2270 4638/3337/2270 4642/3340/2270
f 4639/3310/2271 4642/3340/2271 4638/3337/2271
f 4642/3340/2271 4639/3310/2271 4643/3311/2271
f 4640/3341/2272 4644/3342/2272 4639/3304/2272
f 4639/3304/2272 4644/3342/2272 4643/3303/2272
f 4637/3339/2273 4641/3338/2273 4640/3341/2273
f 4640/3341/2273 4641/3338/2273 4644/3342/2273
f 4641/3312/2255 4643/3313/2255 4644/3314/2255
f 4643/3313/2255 4641/3312/2255 4642/3315/2255
f 4645/3343/2246 4646/3282/2246 4647/3344/2246
f 4647/3344/2246 4646/3282/2246 4648/3284/2246
f 4649/3345/2247 4650/3278/2247 4645/3343/2247
f 4645/3343/2247 4650/3278/2247 4646/3282/2247
f 4651/3346/2248 4652/3276/2248 4649/3345/2248
f 4649/3345/2248 4652/3276/2248 4650/3278/2248
f 4647/3347/2249 4648/3280/2249 4651/3346/2249
f 4651/3346/2249 4648/3280/2249 4652/3276/2249
f 4653/3288/2274 4648/3284/2274 4646/3282/2274
f 4648/3284/2274 4653/3288/2274 4654/3289/2274
f 4650/3278/2275 4655/3286/2275 4646/3282/2275
f 4646/3282/2275 4655/3286/2275 4653/3288/2275
f 4650/3278/2269 4652/3276/2269 4656/3285/2269
f 4650/3278/2269 4656/3285/2269 4655/3286/2269
f 4648/3280/2253 4654/3287/2253 4652/3276/2253
f 4652/3276/2253 4654/3287/2253 4656/3285/2253
f 4654/3290/2254 4655/3291/2254 4656/3292/2254
f 4655/3291/2254 4654/3290/2254 4653/3293/2254
f 4647/3294/2255 4657/3348/2255 4645/3296/2255
f 4657/3348/2255 4647/3294/2255 4658/3349/2255
f 4647/3294/2255 4651/3298/2255 4659/3350/2255
f 4647/3294/2255 4659/3350/2255 4658/3349/2255
f 4651/3298/2255 4649/3300/2255 4660/3301/2255
f 4651/3298/2255 4660/3301/2255 4659/3350/2255
f 4645/3296/2255 4660/3301/2255 4649/3300/2255
f 4660/3301/2255 4645/3296/2255 4657/3348/2255
f 4658/3351/2276 4661/3352/2276 4657/3353/2276
f 4661/3352/2276 4658/3351/2276 4662/3354/2276
f 4659/3310/2277 4662/3354/2277 4658/3351/2277
f 4662/3354/2277 4659/3310/2277 4663/3311/2277
f 4660/3355/2278 4664/3356/2278 4659/3304/2278
f 4659/3304/2278 4664/3356/2278 4663/3303/2278
f 4657/3353/2279 4661/3352/2279 4660/3355/2279
f 4660/3355/2279 4661/3352/2279 4664/3356/2279
f 4661/3312/2255 4663/3313/2255 4664/3314/2255
f 4663/3313/2255 4661/3312/2255 4662/3315/2255
f 4665/3357/2280 4666/3358/2280 4667/3359/2280
f 4667/3359/2280 4666/3358/2280 4668/3360/2280
f 4669/3361/2281 4670/3362/2281 4665/3357/2281
f 4665/3357/2281 4670/3362/2281 4666/3358/2281
f 4671/3363/2282 4672/3364/2282 4669/3365/2282
f 4669/3365/2282 4672/3364/2282 4670/3366/2282
f 4667/3359/2283 4668/3360/2283 4671/3363/2283
f 4671/3363/2283 4668/3360/2283 4672/3364/2283
f 4673/3367/2284 4668/3360/2284 4666/3358/2284
f 4668/3360/2284 4673/3367/2284 4674/3368/2284
f 4670/3362/2285 4675/3369/2285 4666/3358/2285
f 4666/3358/2285 4675/3369/2285 4673/3367/2285
f 4670/3366/2286 4672/3364/2286 4676/3370/2286
f 4670/3366/2286 4676/3370/2286 4675/3371/2286
f 4668/3360/2287 4674/3368/2287 4672/3364/2287
f 4672/3364/2287 4674/3368/2287 4676/3370/2287
f 4674/3372/2288 4675/3373/2288 4676/3374/2288
f 4675/3373/2288 4674/3372/2288 4673/3375/2288
f 4667/3376/2289 4677/3377/2289 4665/3378/2289
f 4677/3377/2289 4667/3376/2289 4678/3379/2289
f 4667/3376/2289 4671/3380/2289 4679/3381/2289
f 4667/3376/2289 4679/3381/2289 4678/3379/2289
f 4671/3380/2289 4669/3382/2289 4680/3383/2289
f 4671/3380/2289 4680/3383/2289 4679/3381/2289
f 4677/3377/2289 4669/3382/2289 4665/3378/2289
f 4669/3382/2289 4677/3377/2289 4680/3383/2289
f 4678/3384/2290 4681/3385/2290 4677/3386/2290
f 4681/3385/2290 4678/3384/2290 4682/3387/2290
f 4679/3388/2291 4682/3387/2291 4678/3384/2291
f 4682/3387/2291 4679/3388/2291 4683/3389/2291
f 4680/3390/2292 4684/3391/2292 4679/3388/2292
f 4679/3388/2292 4684/3391/2292 4683/3389/2292
f 4677/3392/2293 4681/3393/2293 4680/3390/2293
f 4680/3390/2293 4681/3393/2293 4684/3391/2293
f 4681/3394/2289 4683/3395/2289 4684/3396/2289
f 4683/3395/2289 4681/3394/2289 4682/3397/2289
f 4685/3398/2280 4686/3358/2280 4687/3399/2280
f 4687/3399/2280 4686/3358/2280 4688/3360/2280
f 4689/3400/2281 4690/3362/2281 4685/3398/2281
f 4685/3398/2281 4690/3362/2281 4686/3358/2281
f 4691/3401/2282 4692/3364/2282 4689/3402/2282
f 4689/3402/2282 4692/3364/2282 4690/3366/2282
f 4687/3399/2283 4688/3360/2283 4691/3401/2283
f 4691/3401/2283 4688/3360/2283 4692/3364/2283
f 4688/3360/2294 4686/3358/2294 4693/3367/2294
f 4688/3360/2294 4693/3367/2294 4694/3368/2294
f 4690/3362/2295 4695/3369/2295 4686/3358/2295
f 4686/3358/2295 4695/3369/2295 4693/3367/2295
f 4696/3370/2296 4690/3366/2296 4692/3364/2296
f 4690/3366/2296 4696/3370/2296 4695/3371/2296
f 4688/3360/2297 4694/3368/2297 4692/3364/2297
f 4692/3364/2297 4694/3368/2297 4696/3370/2297
f 4694/3372/2288 4695/3373/2288 4696/3374/2288
f 4695/3373/2288 4694/3372/2288 4693/3375/2288
f 4687/3376/2289 4697/3403/2289 4685/3378/2289
f 4697/3403/2289 4687/3376/2289 4698/3404/2289
f 4687/3376/2289 4691/3380/2289 4699/3381/2289
f 4687/3376/2289 4699/3381/2289 4698/3404/2289
f 4691/3380/2289 4689/3382/2289 4700/3383/2289
f 4691/3380/2289 4700/3383/2289 4699/3381/2289
f 4689/3382/2289 4685/3378/2289 4697/3403/2289
f 4689/3382/2289 4697/3403/2289 4700/3383/2289
f 4698/3405/2298 4701/3406/2298 4697/3407/2298
f 4701/3406/2298 4698/3405/2298 4702/3408/2298
f 4699/3392/2299 4702/3408/2299 4698/3405/2299
f 4702/3408/2299 4699/3392/2299 4703/3393/2299
f 4700/3409/2300 4704/3410/2300 4699/3386/2300
f 4699/3386/2300 4704/3410/2300 4703/3385/2300
f 4697/3407/2301 4701/3406/2301 4700/3409/2301
f 4700/3409/2301 4701/3406/2301 4704/3410/2301
f 4701/3394/2289 4703/3395/2289 4704/3396/2289
f 4703/3395/2289 4701/3394/2289 4702/3397/2289
f 4705/3364/2280 4706/3411/2280 4707/3412/2280
f 4706/3411/2280 4705/3364/2280 4708/3366/2280
f 4709/3413/2281 4710/3360/2281 4707/3412/2281
f 4707/3412/2281 4710/3360/2281 4705/3364/2281
f 4711/3358/2282 4709/3413/2282 4712/3414/2282
f 4709/3413/2282 4711/3358/2282 4710/3360/2282
f 4706/3415/2283 4708/3362/2283 4712/3414/2283
f 4712/3414/2283 4708/3362/2283 4711/3358/2283
f 4708/3366/2302 4705/3364/2302 4713/3370/2302
f 4708/3366/2302 4713/3370/2302 4714/3371/2302
f 4710/3360/2295 4715/3368/2295 4705/3364/2295
f 4705/3364/2295 4715/3368/2295 4713/3370/2295
f 4716/3367/2303 4710/3360/2303 4711/3358/2303
f 4710/3360/2303 4716/3367/2303 4715/3368/2303
f 4708/3362/2297 4714/3369/2297 4711/3358/2297
f 4711/3358/2297 4714/3369/2297 4716/3367/2297
f 4714/3372/2288 4715/3373/2288 4716/3374/2288
f 4715/3373/2288 4714/3372/2288 4713/3375/2288
f 4706/3376/2289 4717/3416/2289 4707/3378/2289
f 4717/3416/2289 4706/3376/2289 4718/3417/2289
f 4706/3376/2289 4712/3380/2289 4719/3418/2289
f 4706/3376/2289 4719/3418/2289 4718/3417/2289
f 4712/3380/2289 4709/3382/2289 4720/3383/2289
f 4712/3380/2289 4720/3383/2289 4719/3418/2289
f 4707/3378/2289 4720/3383/2289 4709/3382/2289
f 4720/3383/2289 4707/3378/2289 4717/3416/2289
f 4718/3419/2304 4721/3420/2304 4717/3421/2304
f 4721/3420/2304 4718/3419/2304 4722/3422/2304
f 4719/3392/2305 4722/3422/2305 4718/3419/2305
f 4722/3422/2305 4719/3392/2305 4723/3393/2305
f 4720/3423/2306 4724/3424/2306 4719/3386/2306
f 4719/3386/2306 4724/3424/2306 4723/3385/2306
f 4717/3421/2307 4721/3420/2307 4720/3423/2307
f 4720/3423/2307 4721/3420/2307 4724/3424/2307
f 4721/3394/2289 4723/3395/2289 4724/3396/2289
f 4723/3395/2289 4721/3394/2289 4722/3397/2289
f 4725/3425/2280 4726/3364/2280 4727/3426/2280
f 4727/3426/2280 4726/3364/2280 4728/3366/2280
f 4729/3427/2281 4730/3360/2281 4725/3425/2281
f 4725/3425/2281 4730/3360/2281 4726/3364/2281
f 4731/3428/2282 4732/3358/2282 4729/3427/2282
f 4729/3427/2282 4732/3358/2282 4730/3360/2282
f 4727/3429/2283 4728/3362/2283 4731/3428/2283
f 4731/3428/2283 4728/3362/2283 4732/3358/2283
f 4733/3370/2308 4728/3366/2308 4726/3364/2308
f 4728/3366/2308 4733/3370/2308 4734/3371/2308
f 4730/3360/2309 4735/3368/2309 4726/3364/2309
f 4726/3364/2309 4735/3368/2309 4733/3370/2309
f 4730/3360/2303 4732/3358/2303 4736/3367/2303
f 4730/3360/2303 4736/3367/2303 4735/3368/2303
f 4728/3362/2287 4734/3369/2287 4732/3358/2287
f 4732/3358/2287 4734/3369/2287 4736/3367/2287
f 4734/3372/2288 4735/3373/2288 4736/3374/2288
f 4735/3373/2288 4734/3372/2288 4733/3375/2288
f 4727/3376/2289 4737/3430/2289 4725/3378/2289
f 4737/3430/2289 4727/3376/2289 4738/3431/2289
f 4727/3376/2289 4731/3380/2289 4739/3432/2289
f 4727/3376/2289 4739/3432/2289 4738/3431/2289
f 4731/3380/2289 4729/3382/2289 4740/3383/2289
f 4731/3380/2289 4740/3383/2289 4739/3432/2289
f 4725/3378/2289 4740/3383/2289 4729/3382/2289
f 4740/3383/2289 4725/3378/2289 4737/3430/2289
f 4738/3433/2310 4741/3434/2310 4737/3435/2310
f 4741/3434/2310 4738/3433/2310 4742/3436/2310
f 4739/3392/2311 4742/3436/2311 4738/3433/2311
f 4742/3436/2311 4739/3392/2311 4743/3393/2311
f 4740/3437/2312 4744/3438/2312 4739/3386/2312
f 4739/3386/2312 4744/3438/2312 4743/3385/2312
f 4737/3435/2313 4741/3434/2313 4740/3437/2313
f 4740/3437/2313 4741/3434/2313 4744/3438/2313
f 4741/3394/2289 4743/3395/2289 4744/3396/2289
f 4743/3395/2289 4741/3394/2289 4742/3397/2289
