# File produced by Open Asset Import Library (http://www.assimp.sf.net)
# (assimp v5.2.0)

mtllib trashcan.mtl

# 746 vertex positions
v  6.22922516 -8.75359344 1.155406
v  6.22922564 -7.94578123 1.15540612
v  6.22922564 -7.94578123 1.2098285
v  6.22922516 -8.75359344 1.20982838
v  5.51520634 -7.91525888 1.15540612
v  5.51520634 -7.91519642 1.26866627
v  5.80408096 -7.91574001 1.2098285
v  5.80408096 -7.91525888 1.15540612
v  6.21520948 -7.92300987 1.2098285
v  6.17316198 -7.91574001 1.2098285
v  6.17316198 -8.56073761 1.20982838
v  6.17316198 -7.91574001 1.25499463
v  6.17316198 -8.56073761 1.25499427
v  5.80408096 -7.91574001 1.25499463
v  6.21492577 -7.92296267 1.25499439
v  6.22884703 -7.94571877 1.25499439
v  6.22884703 -8.6981802 1.25499439
v  6.22884703 -7.94571877 1.26866627
v  6.22884703 -8.6981802 1.26866627
v  6.16653824 -7.91519642 1.26866627
v  6.16570997 -8.72870255 1.26866627
v  6.2134409 -8.77648544 1.20982838
v  6.1660881 -8.78411579 1.20982838
v  6.1660881 -8.78411579 1.155406
v  6.2134409 -8.77648544 1.155406
v  6.21496296 -7.92288971 1.15540612
v  6.13807011 -8.62297535 1.20982838
v  6.11002445 -8.68012714 1.20982838
v  6.13807011 -8.62297535 1.25499427
v  6.11002445 -8.68012714 1.25499439
v  6.21306276 -8.7210722 1.25499439
v  6.16570997 -8.72870255 1.25499439
v  6.21306276 -8.7210722 1.26866627
v  6.21327019 -7.92282724 1.26866627
v  6.17217588 -7.91525888 1.15540612
v  5.89675713 -7.91525888 1.15540612
v  5.89675713 -7.91574001 1.2098285
v  5.89675713 -7.91574001 1.25499463
v  5.89675665 -7.97164822 1.25499463
v  5.80408096 -7.97164822 1.25499463
v  5.80408096 -7.97164822 1.2098285
v  5.80408096 -7.97116709 1.15540612
v  5.89675665 -7.97116709 1.15540612
v  5.89675665 -7.97164822 1.2098285
v  4.80118704 -8.75359344 1.155406
v  4.80118704 -8.75359344 1.20982838
v  4.80118704 -7.94578123 1.2098285
v  4.80118704 -7.94578123 1.15540612
v  5.22633123 -7.91525888 1.15540612
v  5.22633123 -7.91574001 1.2098285
v  4.85725069 -8.56073761 1.20982838
v  4.85725069 -7.91574001 1.2098285
v  4.81520271 -7.92300987 1.2098285
v  4.85725069 -8.56073761 1.25499427
v  4.85725069 -7.91574001 1.25499463
v  5.22633123 -7.91574001 1.25499463
v  4.80156565 -8.6981802 1.25499439
v  4.80156517 -7.94571877 1.25499439
v  4.81548643 -7.92296267 1.25499439
v  4.80156565 -8.6981802 1.26866627
v  4.80156517 -7.94571877 1.26866627
v  4.8647027 -8.72870255 1.26866627
v  4.92038822 -8.68012714 1.20982838
v  4.86432457 -8.78411579 1.20982838
v  4.92038822 -8.68012714 1.25499439
v  4.8647027 -8.72870255 1.25499439
v  4.81697178 -8.77648544 1.20982838
v  4.81697178 -8.77648544 1.155406
v  4.86432457 -8.78411579 1.155406
v  4.81544971 -7.92288971 1.15540612
v  4.89234257 -8.62297535 1.20982838
v  4.89234257 -8.62297535 1.25499427
v  4.81734991 -8.7210722 1.25499439
v  4.81734991 -8.7210722 1.26866627
v  4.81714249 -7.92282724 1.26866627
v  4.85823679 -7.91525888 1.15540612
v  4.86387444 -7.91519642 1.26866627
v  5.13365555 -7.91574001 1.2098285
v  5.13365555 -7.91525888 1.15540612
v  5.13365555 -7.91574001 1.25499463
v  5.22633123 -7.97164822 1.25499463
v  5.13365555 -7.97164822 1.25499463
v  5.22633123 -7.97116709 1.15540612
v  5.22633123 -7.97164822 1.2098285
v  5.13365555 -7.97164822 1.2098285
v  5.13365555 -7.97116709 1.15540612
v  4.92838097 -8.0082407 0.20500575
v  6.10203123 -8.0082407 0.20500572
v  6.10203123 -8.7129364 0.20500572
v  4.92838097 -8.7129364 0.20500575
v  6.13865042 -8.73338985 1.10605896
v  4.89176178 -8.73338985 1.10605896
v  6.14603138 -8.66893673 0.20500572
v  6.14603138 -8.05224133 0.20500575
v  6.18265057 -8.03178692 1.10605896
v  6.18265057 -8.68939018 1.10605896
v  4.89176178 -7.98778725 1.10605896
v  6.13865042 -7.98778725 1.10605896
v  4.88438129 -8.05224133 0.20500575
v  4.88438129 -8.66893673 0.20500572
v  4.84776211 -8.68939018 1.10605896
v  4.84776211 -8.03178692 1.10605896
v  6.19396496 -8.80637264 1.07970142
v  4.83644772 -8.80637264 1.07970142
v  6.23796463 -7.95880461 1.07970142
v  6.23796463 -8.76237297 1.07970142
v  4.83644772 -7.91480494 1.07970142
v  6.19396496 -7.91480494 1.07970142
v  4.79244757 -8.76237297 1.07970142
v  4.79244757 -7.95880461 1.07970142
v  6.19396496 -8.80637264 1.15780663
v  4.83644772 -8.80637264 1.15780663
v  6.23796463 -7.95880461 1.15780663
v  6.23796463 -8.76237297 1.15780663
v  4.83644772 -7.91480494 1.15780663
v  6.19396496 -7.91480494 1.15780663
v  4.79244757 -8.76237297 1.15780663
v  4.79244757 -7.95880461 1.15780663
v  6.0865798 -8.66392231 1.1578064
v  4.94383287 -8.66392231 1.1578064
v  6.13057995 -8.10125446 1.1578064
v  6.13057995 -8.61992264 1.1578064
v  4.94383287 -8.05725479 1.1578064
v  6.0865798 -8.05725479 1.1578064
v  4.89983273 -8.61992264 1.1578064
v  4.89983273 -8.10125446 1.1578064
v  6.17165041 -8.72239017 1.10605896
v  6.13503122 -8.70193672 0.20500575
v  4.89538097 -8.70193672 0.20500575
v  4.85876179 -8.72239017 1.10605896
v  6.17165041 -7.9987874 1.10605896
v  6.13503122 -8.01924133 0.20500572
v  4.85876179 -7.9987874 1.10605896
v  4.89538097 -8.01924133 0.20500572
v  4.80344772 -8.79537296 1.07970142
v  6.22696495 -8.79537296 1.07970142
v  4.80344772 -7.92580462 1.07970142
v  6.22696495 -7.92580462 1.07970142
v  4.80344772 -8.79537296 1.15780663
v  6.22696495 -8.79537296 1.15780663
v  4.80344772 -7.92580462 1.15780663
v  6.22696495 -7.92580462 1.15780663
v  4.91083288 -8.65292263 1.1578064
v  6.11957979 -8.65292263 1.1578064
v  4.91083288 -8.06825447 1.1578064
v  6.11957979 -8.06825447 1.1578064
v  6.04459906 -7.99755335 0.948789537
v  6.04459906 -7.92255783 1.1058352
v  6.04459906 -7.99755335 1.1058352
v  6.02414322 -7.99755335 0.948789597
v  6.02414322 -7.92255783 1.1058352
v  6.02414322 -7.99755335 1.1058352
v  5.9148078 -7.99755335 0.948789537
v  5.9148078 -7.92255783 1.1058352
v  5.9148078 -7.99755335 1.1058352
v  5.89435196 -7.99755335 0.948789537
v  5.89435196 -7.92255783 1.1058352
v  5.89435196 -7.99755335 1.1058352
v  5.78501654 -7.99755335 0.948789597
v  5.78501654 -7.92255783 1.1058352
v  5.78501654 -7.99755335 1.1058352
v  5.7645607 -7.99755335 0.948789597
v  5.7645607 -7.92255783 1.1058352
v  5.7645607 -7.99755335 1.1058352
v  5.65522528 -7.99755335 0.948789537
v  5.65522528 -7.92255783 1.1058352
v  5.65522528 -7.99755335 1.1058352
v  5.63476944 -7.99755335 0.948789537
v  5.63476944 -7.92255783 1.1058352
v  5.63476944 -7.99755335 1.1058352
v  5.52543402 -7.99755335 0.948789537
v  5.52543402 -7.92255783 1.1058352
v  5.52543402 -7.99755335 1.1058352
v  5.51009226 -7.99755335 0.948789537
v  5.50497818 -7.92255783 1.1058352
v  4.98581314 -7.99755335 0.948789597
v  4.98581314 -7.99755335 1.1058352
v  4.98581314 -7.92255783 1.1058352
v  5.00626898 -7.92255783 1.1058352
v  5.00626898 -7.99755335 0.948789537
v  5.00626898 -7.99755335 1.1058352
v  5.1156044 -7.99755335 0.948789597
v  5.1156044 -7.99755335 1.1058352
v  5.1156044 -7.92255783 1.1058352
v  5.13606024 -7.92255783 1.1058352
v  5.13606024 -7.99755335 0.948789597
v  5.13606024 -7.99755335 1.1058352
v  5.24539566 -7.99755335 0.948789537
v  5.24539566 -7.99755335 1.1058352
v  5.24539566 -7.92255783 1.1058352
v  5.2658515 -7.92255783 1.1058352
v  5.2658515 -7.99755335 0.948789537
v  5.2658515 -7.99755335 1.1058352
v  5.37518692 -7.99755335 0.948789597
v  5.37518692 -7.99755335 1.1058352
v  5.37518692 -7.92255783 1.1058352
v  5.39564276 -7.92255783 1.1058352
v  5.39564276 -7.99755335 0.948789597
v  5.39564276 -7.99755335 1.1058352
v  5.50497818 -7.99755335 1.1058352
v  6.04459906 -8.72362423 0.948789537
v  6.04459906 -8.72362423 1.1058352
v  6.04459906 -8.79861927 1.1058352
v  6.02414322 -8.79861927 1.1058352
v  6.02414322 -8.72362423 0.948789537
v  6.02414322 -8.72362423 1.1058352
v  5.9148078 -8.72362423 0.948789597
v  5.9148078 -8.72362423 1.1058352
v  5.9148078 -8.79861927 1.1058352
v  5.89435196 -8.79861927 1.1058352
v  5.89435196 -8.72362423 0.948789597
v  5.89435196 -8.72362423 1.1058352
v  5.78501654 -8.72362423 0.948789537
v  5.78501654 -8.72362423 1.1058352
v  5.78501654 -8.79861927 1.1058352
v  5.7645607 -8.79861927 1.1058352
v  5.7645607 -8.72362423 0.948789537
v  5.7645607 -8.72362423 1.1058352
v  5.65522528 -8.72362423 0.948789597
v  5.65522528 -8.72362423 1.1058352
v  5.65522528 -8.79861927 1.1058352
v  5.63476944 -8.79861927 1.1058352
v  5.63476944 -8.72362423 0.948789597
v  5.63476944 -8.72362423 1.1058352
v  5.52543402 -8.72362423 0.948789537
v  5.52543402 -8.72362423 1.1058352
v  5.52543402 -8.79861927 1.1058352
v  5.51009226 -8.72362423 0.948789537
v  5.50497818 -8.79861927 1.1058352
v  4.98581314 -8.72362423 0.948789537
v  4.98581314 -8.79861927 1.1058352
v  4.98581314 -8.72362423 1.1058352
v  5.00626898 -8.72362423 0.948789597
v  5.00626898 -8.79861927 1.1058352
v  5.00626898 -8.72362423 1.1058352
v  5.1156044 -8.72362423 0.948789537
v  5.1156044 -8.79861927 1.1058352
v  5.1156044 -8.72362423 1.1058352
v  5.13606024 -8.72362423 0.948789537
v  5.13606024 -8.79861927 1.1058352
v  5.13606024 -8.72362423 1.1058352
v  5.24539566 -8.72362423 0.948789597
v  5.24539566 -8.79861927 1.1058352
v  5.24539566 -8.72362423 1.1058352
v  5.2658515 -8.72362423 0.948789597
v  5.2658515 -8.79861927 1.1058352
v  5.2658515 -8.72362423 1.1058352
v  5.37518692 -8.72362423 0.948789537
v  5.37518692 -8.79861927 1.1058352
v  5.37518692 -8.72362423 1.1058352
v  5.39564276 -8.72362423 0.948789537
v  5.39564276 -8.79861927 1.1058352
v  5.39564276 -8.72362423 1.1058352
v  5.50497818 -8.72362423 1.1058352
v  4.86897182 -8.22056961 0.948789537
v  4.79397631 -8.22056961 1.1058352
v  4.86897182 -8.22056961 1.1058352
v  4.86897182 -8.24102592 0.948789597
v  4.79397631 -8.24102592 1.1058352
v  4.86897182 -8.24102592 1.1058352
v  4.86897182 -8.35036087 0.948789537
v  4.79397631 -8.35036087 1.1058352
v  4.86897182 -8.35036087 1.1058352
v  4.86897182 -8.37081718 0.948789597
v  4.79397631 -8.37081718 1.1058352
v  4.86897182 -8.37081718 1.1058352
v  4.86897182 -8.48015213 0.948789537
v  4.79397631 -8.48015213 1.1058352
v  4.86897182 -8.48015213 1.1058352
v  4.86897182 -8.50060844 0.948789597
v  4.79397631 -8.50060844 1.1058352
v  4.86897182 -8.50060844 1.1058352
v  6.16144085 -8.22056961 0.948789537
v  6.16144085 -8.22056961 1.1058352
v  6.23643637 -8.22056961 1.1058352
v  6.23643637 -8.24102592 1.1058352
v  6.16144085 -8.24102592 0.948789597
v  6.16144085 -8.24102592 1.1058352
v  6.16144085 -8.35036087 0.948789597
v  6.16144085 -8.35036087 1.1058352
v  6.23643637 -8.35036087 1.1058352
v  6.23643637 -8.37081718 1.1058352
v  6.16144085 -8.37081718 0.948789537
v  6.16144085 -8.37081718 1.1058352
v  6.16144085 -8.48015213 0.948789597
v  6.16144085 -8.48015213 1.1058352
v  6.23643637 -8.48015213 1.1058352
v  6.23643637 -8.50060844 1.1058352
v  6.16144085 -8.50060844 0.948789537
v  6.16144085 -8.50060844 1.1058352
v  6.11868095 -8.66784573 0.0938037559
v  6.11295605 -8.66784573 0.0613355525
v  6.11295605 -8.61986637 0.0613355525
v  6.11868095 -8.61986637 0.0938037559
v  6.09647131 -8.66784573 0.0327835567
v  6.09647131 -8.61986637 0.0327835567
v  6.07121563 -8.66784573 0.0115914838
v  6.07121563 -8.61986637 0.0115914838
v  6.04023504 -8.66784573 0.000315417943
v  6.04023504 -8.61986637 0.000315417943
v  6.00726604 -8.66784573 0.000315417943
v  6.00726604 -8.61986637 0.000315417943
v  5.97628498 -8.66784573 0.0115914838
v  5.97628498 -8.61986637 0.0115914838
v  5.9510293 -8.66784573 0.0327835567
v  5.9510293 -8.61986637 0.0327835567
v  5.93454504 -8.66784573 0.0613355525
v  5.93454504 -8.61986637 0.0613355525
v  5.92881966 -8.66784573 0.0938036963
v  5.92881966 -8.61986637 0.0938036963
v  5.93454504 -8.66784573 0.126271829
v  5.93454504 -8.61986637 0.126271829
v  5.9510293 -8.66784573 0.154823855
v  5.9510293 -8.61986637 0.154823855
v  5.97628498 -8.66784573 0.176015928
v  5.97628498 -8.61986637 0.176015928
v  6.00726604 -8.66784573 0.187292024
v  6.00726604 -8.61986637 0.187292024
v  6.04023504 -8.66784573 0.187291995
v  6.04023504 -8.61986637 0.187292024
v  6.07121563 -8.66784573 0.176015988
v  6.07121563 -8.61986637 0.176015988
v  6.09647131 -8.66784573 0.154823914
v  6.09647131 -8.61986637 0.154823914
v  6.11295605 -8.66784573 0.126271948
v  6.11295605 -8.61986637 0.126271948
v  4.91173172 -8.66784573 0.0938037559
v  4.91173172 -8.61986637 0.0938037559
v  4.91745663 -8.61986637 0.0613355525
v  4.91745663 -8.66784573 0.0613355525
v  4.93394089 -8.61986637 0.0327834971
v  4.93394089 -8.66784573 0.0327834971
v  4.95919704 -8.61986637 0.0115914242
v  4.95919704 -8.66784573 0.0115914242
v  4.99017763 -8.61986637 0.000315358338
v  4.99017763 -8.66784573 0.000315358338
v  5.02314663 -8.61986637 0.000315417943
v  5.02314663 -8.66784573 0.000315417943
v  5.05412722 -8.61986637 0.0115914838
v  5.05412722 -8.66784573 0.0115914838
v  5.0793829 -8.61986637 0.0327835567
v  5.0793829 -8.66784573 0.0327835567
v  5.09586763 -8.61986637 0.0613355525
v  5.09586763 -8.66784573 0.0613355525
v  5.10159254 -8.61986637 0.0938036963
v  5.10159254 -8.66784573 0.0938036963
v  5.09586763 -8.61986637 0.126271829
v  5.09586763 -8.66784573 0.126271829
v  5.0793829 -8.61986637 0.154823855
v  5.0793829 -8.66784573 0.154823855
v  5.05412722 -8.61986637 0.176015928
v  5.05412722 -8.66784573 0.176015928
v  5.02314663 -8.61986637 0.187292024
v  5.02314663 -8.66784573 0.187292024
v  4.99017763 -8.61986637 0.187292024
v  4.99017763 -8.66784573 0.187291995
v  4.95919704 -8.61986637 0.176015988
v  4.95919704 -8.66784573 0.176015988
v  4.93394089 -8.61986637 0.154823884
v  4.93394089 -8.66784573 0.154823914
v  4.91745663 -8.61986637 0.126271948
v  4.91745663 -8.66784573 0.126271948
v  6.11868095 -8.05333233 0.0938036963
v  6.11868095 -8.10131168 0.0938036963
v  6.11295605 -8.10131168 0.0613354929
v  6.11295605 -8.05333233 0.0613354929
v  6.09647131 -8.10131168 0.0327834971
v  6.09647131 -8.05333233 0.0327834971
v  6.07121563 -8.10131168 0.0115914242
v  6.07121563 -8.05333233 0.0115914242
v  6.04023504 -8.10131168 0.000315358338
v  6.04023504 -8.05333233 0.000315358338
v  6.00726604 -8.10131168 0.000315358338
v  6.00726604 -8.05333233 0.000315358338
v  5.97628498 -8.10131168 0.0115914838
v  5.97628498 -8.05333233 0.0115914838
v  5.9510293 -8.10131168 0.0327835567
v  5.9510293 -8.05333233 0.0327835567
v  5.93454504 -8.10131168 0.0613355525
v  5.93454504 -8.05333233 0.0613355525
v  5.92881966 -8.10131168 0.0938036963
v  5.92881966 -8.05333233 0.0938036367
v  5.93454504 -8.10131168 0.126271829
v  5.93454504 -8.05333233 0.126271829
v  5.9510293 -8.10131168 0.154823825
v  5.9510293 -8.05333233 0.154823825
v  5.97628498 -8.10131168 0.176015899
v  5.97628498 -8.05333233 0.176015899
v  6.00726604 -8.10131168 0.187291965
v  6.00726604 -8.05333233 0.187291965
v  6.04023504 -8.10131168 0.187291995
v  6.04023504 -8.05333233 0.187291995
v  6.07121563 -8.10131168 0.176015958
v  6.07121563 -8.05333233 0.176015958
v  6.09647131 -8.10131168 0.154823914
v  6.09647131 -8.05333233 0.154823884
v  6.11295605 -8.10131168 0.126271948
v  6.11295605 -8.05333233 0.126271948
v  4.91173172 -8.05333233 0.0938036963
v  4.91745663 -8.05333233 0.0613355525
v  4.91745663 -8.10131168 0.0613355525
v  4.91173172 -8.10131168 0.0938036963
v  4.93394089 -8.05333233 0.0327834971
v  4.93394089 -8.10131168 0.0327834971
v  4.95919704 -8.05333233 0.0115914242
v  4.95919704 -8.10131168 0.0115914242
v  4.99017763 -8.05333233 0.000315358338
v  4.99017763 -8.10131168 0.000315358338
v  5.02314663 -8.05333233 0.000315358338
v  5.02314663 -8.10131168 0.000315358338
v  5.05412722 -8.05333233 0.0115914838
v  5.05412722 -8.10131168 0.0115914838
v  5.0793829 -8.05333233 0.0327834971
v  5.0793829 -8.10131168 0.0327835567
v  5.09586763 -8.05333233 0.0613355525
v  5.09586763 -8.10131168 0.0613355525
v  5.10159254 -8.05333233 0.0938036963
v  5.10159254 -8.10131168 0.0938036963
v  5.09586763 -8.05333233 0.126271829
v  5.09586763 -8.10131168 0.126271829
v  5.0793829 -8.05333233 0.154823795
v  5.0793829 -8.10131168 0.154823795
v  5.05412722 -8.05333233 0.176015928
v  5.05412722 -8.10131168 0.176015928
v  5.02314663 -8.05333233 0.187291965
v  5.02314663 -8.10131168 0.187291965
v  4.99017763 -8.05333233 0.187291995
v  4.99017763 -8.10131168 0.187291995
v  4.95919704 -8.05333233 0.176015928
v  4.95919704 -8.10131168 0.176015928
v  4.93394089 -8.05333233 0.154823884
v  4.93394089 -8.10131168 0.154823884
v  4.91745663 -8.05333233 0.126271948
v  4.91745663 -8.10131168 0.126271948
v  6.03477001 -8.67892456 0.212113515
v  6.00686121 -8.67892456 0.0927517936
v  6.04045057 -8.67892456 0.0927517936
v  6.06835938 -8.67892456 0.212113515
v  6.03477001 -8.60785389 0.212113515
v  6.06835938 -8.60785389 0.212113515
v  6.04045057 -8.60785389 0.0927517936
v  6.00686121 -8.60785389 0.0927518532
v  6.01245975 -8.67892456 0.0893642828
v  6.0348525 -8.67892456 0.0893642828
v  6.01805782 -8.67892456 0.0873316452
v  6.02925444 -8.67892456 0.0873316452
v  6.02365589 -8.67892456 0.0866541788
v  6.0348525 -8.60785389 0.0893642232
v  6.01245975 -8.60785389 0.0893646404
v  6.02925444 -8.60785389 0.087331526
v  6.01805782 -8.60785389 0.0873306319
v  6.02365589 -8.60785389 0.086654596
v  6.04045057 -8.67608356 0.0927517936
v  6.00686121 -8.67608356 0.0927517936
v  6.03477001 -8.67608356 0.212113515
v  6.06835938 -8.67608356 0.212113515
v  6.04045057 -8.61069489 0.0927517936
v  6.06835938 -8.61069489 0.212113515
v  6.03477001 -8.61069489 0.212113515
v  6.00686121 -8.61069489 0.0927517936
v  6.01245975 -8.67608356 0.0893642232
v  6.0348525 -8.67608356 0.0893642232
v  6.01805782 -8.67608356 0.0873316452
v  6.02925444 -8.67608356 0.0873317048
v  6.02365589 -8.67608356 0.0866541788
v  6.0348525 -8.61069489 0.0893642232
v  6.01245975 -8.61069393 0.0893642232
v  6.02925444 -8.61069489 0.0873316452
v  6.01805782 -8.61069489 0.0873316452
v  6.02365589 -8.61069489 0.0866541788
v  6.03558302 -8.67678261 0.102500074
v  6.03257179 -8.67678261 0.0972843692
v  6.03257179 -8.60935593 0.0972843692
v  6.03558302 -8.60935593 0.102500074
v  6.02691221 -8.67678261 0.0952244923
v  6.02691221 -8.60935593 0.0952245519
v  6.02125311 -8.67678261 0.0972843692
v  6.02125311 -8.60935593 0.0972843692
v  6.01824188 -8.67678261 0.102500074
v  6.01824188 -8.60935593 0.102500074
v  6.01928759 -8.67678261 0.108431153
v  6.01928759 -8.60935593 0.108431213
v  6.02390099 -8.67678261 0.112302415
v  6.02390099 -8.60935593 0.112302415
v  6.02992392 -8.67678261 0.112302415
v  6.02992392 -8.60935593 0.112302415
v  6.03453732 -8.67678261 0.108431213
v  6.03453732 -8.60935593 0.108431213
v  4.99564219 -8.67892456 0.212113515
v  4.96205282 -8.67892456 0.212113515
v  4.98996162 -8.67892456 0.0927517936
v  5.02355099 -8.67892456 0.0927518532
v  4.99564219 -8.60785389 0.212113515
v  5.02355099 -8.60785389 0.0927518532
v  4.98996162 -8.60785389 0.0927518532
v  4.96205282 -8.60785389 0.212113515
v  4.99556017 -8.67892456 0.0893643424
v  5.01795292 -8.67892456 0.0893643424
v  5.00115824 -8.67892456 0.0873317048
v  5.01235485 -8.67892456 0.0873317048
v  5.00675631 -8.67892456 0.0866541788
v  5.01795292 -8.60785389 0.0893647
v  4.99556017 -8.60785389 0.0893642828
v  5.01235485 -8.60785389 0.0873306915
v  5.00115824 -8.60785389 0.0873315856
v  5.00675631 -8.60785389 0.086654596
v  4.98996162 -8.67608356 0.0927518532
v  4.96205282 -8.67608356 0.212113515
v  4.99564219 -8.67608356 0.212113515
v  5.02355099 -8.67608356 0.0927518532
v  4.98996162 -8.61069489 0.0927517936
v  5.02355099 -8.61069489 0.0927517936
v  4.99564219 -8.61069489 0.212113485
v  4.96205282 -8.61069489 0.212113515
v  5.01795292 -8.67608356 0.0893642828
v  4.99556017 -8.67608356 0.0893642828
v  5.01235485 -8.67608356 0.0873317048
v  5.00115824 -8.67608356 0.0873317048
v  5.00675631 -8.67608356 0.0866541788
v  4.99556017 -8.61069489 0.0893642232
v  5.01795292 -8.61069393 0.0893642232
v  5.00115824 -8.61069489 0.0873317048
v  5.01235485 -8.61069489 0.0873317048
v  5.00675631 -8.61069489 0.0866541788
v  4.99482965 -8.67678261 0.102500074
v  4.99482965 -8.60935593 0.102500074
v  4.99784088 -8.60935593 0.0972843692
v  4.99784088 -8.67678261 0.0972843692
v  5.00349998 -8.60935593 0.0952244923
v  5.00349998 -8.67678261 0.0952244923
v  5.00915956 -8.60935593 0.0972843692
v  5.00915956 -8.67678261 0.0972843692
v  5.01217079 -8.60935593 0.102500074
v  5.01217079 -8.67678261 0.102500074
v  5.01112509 -8.60935593 0.108431153
v  5.01112509 -8.67678261 0.108431153
v  5.00651121 -8.60935593 0.112302415
v  5.00651121 -8.67678261 0.112302415
v  5.00048876 -8.60935593 0.112302415
v  5.00048876 -8.67678261 0.112302415
v  4.99587536 -8.60935593 0.108431153
v  4.99587536 -8.67678261 0.108431153
v  6.03477001 -8.04225349 0.212113515
v  6.06835938 -8.04225349 0.212113515
v  6.04045057 -8.04225349 0.0927517936
v  6.00686121 -8.04225349 0.0927517936
v  6.03477001 -8.11332321 0.212113515
v  6.00686121 -8.11332321 0.0927518532
v  6.04045057 -8.11332321 0.0927517936
v  6.06835938 -8.11332321 0.212113515
v  6.0348525 -8.04225349 0.0893642828
v  6.01245928 -8.04225349 0.0893642828
v  6.02925396 -8.04225349 0.0873316452
v  6.01805782 -8.04225349 0.0873316452
v  6.02365589 -8.04225349 0.0866541788
v  6.01245928 -8.11332321 0.0893646404
v  6.0348525 -8.11332321 0.0893642232
v  6.01805782 -8.11332321 0.0873306319
v  6.02925396 -8.11332321 0.087331526
v  6.02365589 -8.11332321 0.086654596
v  6.04045057 -8.04509354 0.0927517936
v  6.06835938 -8.04509354 0.212113515
v  6.03477001 -8.04509354 0.212113515
v  6.00686121 -8.04509354 0.0927517936
v  6.04045057 -8.11048317 0.0927517936
v  6.00686121 -8.11048317 0.0927517936
v  6.03477001 -8.11048317 0.212113485
v  6.06835938 -8.11048317 0.212113515
v  6.01245928 -8.04509354 0.0893642232
v  6.0348525 -8.04509354 0.0893642232
v  6.01805782 -8.04509354 0.0873316452
v  6.02925396 -8.04509354 0.0873316452
v  6.02365589 -8.04509354 0.0866541788
v  6.0348525 -8.11048317 0.0893642232
v  6.01245928 -8.11048317 0.0893642232
v  6.02925396 -8.11048317 0.0873316452
v  6.01805782 -8.11048317 0.0873316452
v  6.02365589 -8.11048317 0.0866541788
v  6.03558302 -8.04439545 0.102500074
v  6.03558302 -8.11182117 0.102500074
v  6.03257179 -8.11182117 0.0972843692
v  6.03257179 -8.04439545 0.0972843692
v  6.02691221 -8.11182117 0.0952244923
v  6.02691221 -8.04439545 0.0952244923
v  6.02125311 -8.11182117 0.0972843692
v  6.02125311 -8.04439545 0.0972843692
v  6.01824188 -8.11182117 0.102500074
v  6.01824188 -8.04439545 0.102500074
v  6.01928759 -8.11182117 0.108431153
v  6.01928759 -8.04439545 0.108431213
v  6.02390099 -8.11182117 0.112302415
v  6.02390099 -8.04439545 0.112302415
v  6.02992392 -8.11182117 0.112302415
v  6.02992392 -8.04439545 0.112302415
v  6.03453732 -8.11182117 0.108431153
v  6.03453732 -8.04439545 0.108431213
v  4.99564219 -8.04225349 0.212113515
v  5.02355099 -8.04225349 0.0927518532
v  4.98996162 -8.04225349 0.0927517936
v  4.96205282 -8.04225349 0.212113515
v  4.99564219 -8.11332321 0.212113515
v  4.96205282 -8.11332321 0.212113515
v  4.98996162 -8.11332321 0.0927517936
v  5.02355099 -8.11332321 0.0927518532
v  5.01795292 -8.04225349 0.0893643424
v  4.99556017 -8.04225349 0.0893643424
v  5.01235485 -8.04225349 0.0873317048
v  5.00115824 -8.04225349 0.0873317048
v  5.00675631 -8.04225349 0.0866541788
v  4.99556017 -8.11332321 0.0893642232
v  5.01795292 -8.11332321 0.0893646404
v  5.00115824 -8.11332321 0.087331526
v  5.01235485 -8.11332321 0.0873306319
v  5.00675631 -8.11332321 0.086654596
v  4.98996162 -8.04509354 0.0927517936
v  5.02355099 -8.04509354 0.0927517936
v  4.99564219 -8.04509354 0.212113515
v  4.96205282 -8.04509354 0.212113515
v  4.98996162 -8.11048317 0.0927517936
v  4.96205282 -8.11048317 0.212113515
v  4.99564219 -8.11048317 0.212113515
v  5.02355099 -8.11048317 0.0927518532
v  5.01795292 -8.04509354 0.0893642232
v  4.99556017 -8.04509354 0.0893642232
v  5.01235485 -8.04509354 0.0873317048
v  5.00115824 -8.04509354 0.0873317048
v  5.00675631 -8.04509354 0.0866541788
v  4.99556017 -8.11048317 0.0893642232
v  5.01795292 -8.11048317 0.0893642828
v  5.00115824 -8.11048317 0.0873317048
v  5.01235485 -8.11048317 0.0873317048
v  5.00675631 -8.11048317 0.0866541788
v  4.99482965 -8.04439545 0.102500074
v  4.99784088 -8.04439545 0.0972843692
v  4.99784088 -8.11182117 0.0972843692
v  4.99482965 -8.11182117 0.102500014
v  5.00349998 -8.04439545 0.0952244923
v  5.00349998 -8.11182117 0.0952244923
v  5.00915956 -8.04439545 0.0972843692
v  5.00915956 -8.11182117 0.0972843692
v  5.01217079 -8.04439545 0.102500074
v  5.01217079 -8.11182117 0.102500074
v  5.01112509 -8.04439545 0.108431153
v  5.01112509 -8.11182117 0.108431153
v  5.00651121 -8.04439545 0.112302415
v  5.00651121 -8.11182117 0.112302415
v  5.00048876 -8.04439545 0.112302415
v  5.00048876 -8.11182117 0.112302475
v  4.99587536 -8.04439545 0.108431153
v  4.99587536 -8.11182117 0.108431213
v  5.79930782 -7.9288826 1.22166371
v  5.79930782 -7.94077921 1.22659123
v  5.90285826 -7.94077921 1.22659123
v  5.90285826 -7.9288826 1.22166371
v  5.79930782 -7.92395496 1.20976734
v  5.90285826 -7.92395496 1.20976734
v  5.79930782 -7.9288826 1.19787097
v  5.90285826 -7.9288826 1.19787097
v  5.79930782 -7.94077921 1.19294333
v  5.90285826 -7.94077921 1.19294333
v  5.79930782 -7.95267534 1.19787097
v  5.90285826 -7.95267534 1.19787097
v  5.79930782 -7.95760298 1.20976734
v  5.90285826 -7.95760298 1.20976734
v  5.79930782 -7.95267534 1.22166371
v  5.90285826 -7.95267534 1.22166371
v  5.86368465 -7.94077921 1.20292437
v  5.86643219 -7.93414545 1.20292437
v  5.86643219 -7.93414545 1.14518285
v  5.86368465 -7.94077921 1.14518285
v  5.87306595 -7.93139791 1.20292437
v  5.87306595 -7.93139791 1.14518285
v  5.87969971 -7.93414545 1.20292437
v  5.87969971 -7.93414545 1.14518285
v  5.88244724 -7.94077921 1.20292437
v  5.88244724 -7.94077921 1.14518285
v  5.87969971 -7.94741249 1.20292437
v  5.87969971 -7.94741249 1.14518285
v  5.87306595 -7.9501605 1.20292437
v  5.87306595 -7.9501605 1.14518285
v  5.86643219 -7.94741249 1.20292437
v  5.86643219 -7.94741249 1.14518285
v  5.81976271 -7.94077921 1.20292437
v  5.82251024 -7.93414545 1.20292437
v  5.82251024 -7.93414545 1.14518285
v  5.81976271 -7.94077921 1.14518285
v  5.829144 -7.93139791 1.20292437
v  5.829144 -7.93139791 1.14518285
v  5.83577728 -7.93414545 1.20292437
v  5.83577728 -7.93414545 1.14518285
v  5.8385253 -7.94077921 1.20292437
v  5.8385253 -7.94077921 1.14518285
v  5.83577728 -7.94741249 1.20292437
v  5.83577728 -7.94741249 1.14518285
v  5.829144 -7.9501605 1.20292437
v  5.829144 -7.9501605 1.14518285
v  5.82251024 -7.94741249 1.20292437
v  5.82251024 -7.94741249 1.14518285
v  5.23110485 -7.9288826 1.22166359
v  5.12755394 -7.9288826 1.22166359
v  5.12755394 -7.94077921 1.22659123
v  5.23110485 -7.94077921 1.22659123
v  5.23110485 -7.92395496 1.20976734
v  5.12755394 -7.92395496 1.20976734
v  5.23110485 -7.9288826 1.19787097
v  5.12755394 -7.9288826 1.19787097
v  5.23110485 -7.94077921 1.19294333
v  5.12755394 -7.94077921 1.19294333
v  5.23110485 -7.95267534 1.19787097
v  5.12755394 -7.95267534 1.19787097
v  5.23110485 -7.95760298 1.20976734
v  5.12755394 -7.95760298 1.20976734
v  5.23110485 -7.95267534 1.22166359
v  5.12755394 -7.95267534 1.22166359
v  5.16672802 -7.94077921 1.20292425
v  5.16672802 -7.94077921 1.14518285
v  5.16398001 -7.93414545 1.14518285
v  5.16398001 -7.93414545 1.20292425
v  5.15734673 -7.93139791 1.14518285
v  5.15734673 -7.93139791 1.20292425
v  5.15071297 -7.93414545 1.14518285
v  5.15071297 -7.93414545 1.20292425
v  5.14796543 -7.94077921 1.14518285
v  5.14796543 -7.94077921 1.20292425
v  5.15071297 -7.94741249 1.14518285
v  5.15071297 -7.94741249 1.20292425
v  5.15734673 -7.9501605 1.14518285
v  5.15734673 -7.9501605 1.20292425
v  5.16398001 -7.94741249 1.14518285
v  5.16398001 -7.94741249 1.20292425
v  5.21064997 -7.94077921 1.20292425
v  5.21064997 -7.94077921 1.14518285
v  5.20790243 -7.93414545 1.14518285
v  5.20790243 -7.93414545 1.20292425
v  5.20126867 -7.93139791 1.14518285
v  5.20126867 -7.93139791 1.20292425
v  5.19463491 -7.93414545 1.14518285
v  5.19463491 -7.93414545 1.20292425
v  5.19188738 -7.94077921 1.14518285
v  5.19188738 -7.94077921 1.20292425
v  5.19463491 -7.94741249 1.14518285
v  5.19463491 -7.94741249 1.20292425
v  5.20126867 -7.9501605 1.14518285
v  5.20126867 -7.9501605 1.20292425
v  5.20790243 -7.94741249 1.14518285
v  5.20790243 -7.94741249 1.20292425

# 1231 UV coordinates
vt 0.96271801 0.097492002 0
vt 0.785925984 0.0977109969 0
vt 0.785911977 0.0857999995 0
vt 0.96270299 0.085582003 0
vt 0.469897985 0.0651369989 0
vt 0.469868988 0.0531970002 0
vt 0.533243001 0.0530340001 0
vt 0.533272982 0.0649740025 0
vt 0.806675017 0.117071003 0
vt 0.983283997 0.117268004 0
vt 0.988433003 0.120448999 0
vt 0.990007997 0.129654005 0
vt 0.848857999 0.129411995 0
vt 0.982277989 0.145638004 0
vt 0.841120005 0.145455003 0
vt 0.841132998 0.135570005 0
vt 0.982290983 0.135754004 0
vt 0.533217013 0.0431249999 0
vt 0.323244989 0.0207749996 0
vt 0.324948013 0.0116569996 0
vt 0.329968005 0.00867800042 0
vt 0.46439001 0.0226709992 0
vt 0.494630992 0.0108899996 0
vt 0.247059003 0.0849379972 0
vt 0.0823720023 0.0851960033 0
vt 0.082367003 0.0822039992 0
vt 0.247053996 0.0819460005 0
vt 0.533200026 0.0401359983 0
vt 0.460821986 0.374846995 0
vt 0.524043024 0.552883983 0
vt 0.397601008 0.552883983 0
vt 0.312721997 0.0209940001 0
vt 0.302224994 0.0209940001 0
vt 0.159785002 0.00907899998 0
vt 0.312721997 0.00908400025 0
vt 0.780059993 0.0858070031 0
vt 0.780023992 0.0977180004 0
vt 0.295960009 0.0867640004 0
vt 0.289822996 0.0742560029 0
vt 0.302091986 0.0514990017 0
vt 0.312454998 0.0531690009 0
vt 0.302919 0.106273003 0
vt 0.288985014 0.106271997 0
vt 0.288985014 0.0963869989 0
vt 0.302919 0.0963869989 0
vt 0.692466021 0.0709979981 0
vt 0.70283097 0.0693470016 0
vt 0.714996994 0.0799980015 0
vt 0.708837986 0.0924929976 0
vt 0.312555999 0.0430580005 0
vt 0.159767002 0.0427340008 0
vt 0.302078009 0.040031001 0
vt 0.312566012 0.0400689989 0
vt 0.0763090029 0.0822009966 0
vt 0.0765350014 0.0852050036 0
vt 0.968788981 0.0855740011 0
vt 0.968802989 0.0974849984 0
vt 0.770721972 0.0858239979 0
vt 0.770511985 0.0977350026 0
vt 0.835224986 0.137068003 0
vt 0.801660001 0.120516002 0
vt 0.997928023 0.135774001 0
vt 0.99791503 0.145659 0
vt 0.499594003 0.0144109996 0
vt 0.477907002 0.0305339992 0
vt 0.253140002 0.0819370002 0
vt 0.253143996 0.0849289969 0
vt 0.0659630001 0.0817309991 0
vt 0.0672750026 0.0847859979 0
vt 0.613250971 0.0518190004 0
vt 0.613207996 0.0635790005 0
vt 0.553709984 0.0644429997 0
vt 0.553538978 0.052685 0
vt 0.613110006 0.0420619994 0
vt 0.553397 0.042927999 0
vt 0.613547981 0.376516998 0
vt 0.617003024 0.381527007 0
vt 0.617003024 0.546203971 0
vt 0.613593996 0.55121398 0
vt 0.360765994 0.118702002 0
vt 0.340483993 0.118776999 0
vt 0.340438008 0.106541 0
vt 0.360720992 0.106467001 0
vt 0.382560015 0.118726999 0
vt 0.370649993 0.118665002 0
vt 0.370604992 0.106431 0
vt 0.382515997 0.106491998 0
vt 0.33059901 0.118813001 0
vt 0.318688005 0.118961997 0
vt 0.318643004 0.106726997 0
vt 0.330554008 0.106578 0
vt 0.00657299999 0.114540003 0
vt 0.0268549994 0.114488997 0
vt 0.0268849991 0.126399994 0
vt 0.00660300022 0.126451001 0
vt 0.0269099995 0.136283994 0
vt 0.00662800018 0.136335999 0
vt 0.805329025 0.115639001 0
vt 0.805335999 0.103727996 0
vt 0.982127011 0.103837997 0
vt 0.982119977 0.115748003 0
vt 0.406515986 0.0652799979 0
vt 0.406489015 0.0533390008 0
vt 0.612905025 0.331331015 0
vt 0.570676982 0.343510002 0
vt 0.429535002 0.343210012 0
vt 0.431145012 0.334012002 0
vt 0.436134994 0.330852985 0
vt 0.650880992 0.0148280002 0
vt 0.650882006 0.0247130003 0
vt 0.509723008 0.0247230008 0
vt 0.509723008 0.0148390001 0
vt 0.406466991 0.0434289984 0
vt 0.554998994 0.355201006 0
vt 0.585160971 0.367184013 0
vt 0.420486987 0.368299991 0
vt 0.415486008 0.365287989 0
vt 0.413843989 0.356157988 0
vt 0.0850320011 0.0313629992 0
vt 0.0850550011 0.0283700004 0
vt 0.249748006 0.0296459999 0
vt 0.249724999 0.0326370001 0
vt 0.318457991 0.374846995 0
vt 0.0964260027 0.0742549971 0
vt 0.0964260027 0.0514970012 0
vt 0.0955820009 0.106264003 0
vt 0.0955820009 0.0963800028 0
vt 0.908397973 0.0696260035 0
vt 0.908388972 0.0802569985 0
vt 0.0173480008 0.0430300012 0
vt 0.0965310037 0.0398089997 0
vt 0.00683700014 0.0209960006 0
vt 0.0068359999 0.00908400025 0
vt 0.0173339993 0.00908300001 0
vt 0.0965650007 0.0209880006 0
vt 0.987978995 0.103841998 0
vt 0.988022029 0.115751997 0
vt 0.0233319998 0.0867649987 0
vt 0.0068359999 0.0531690009 0
vt 0.0147010004 0.106270999 0
vt 0.0147000002 0.0963869989 0
vt 0.997914016 0.0713479966 0
vt 0.981487989 0.0928120017 0
vt 0.0068450002 0.0430629998 0
vt 0.0068359999 0.0400689989 0
vt 0.255802989 0.0296800006 0
vt 0.255558997 0.0326809995 0
vt 0.799242973 0.115635 0
vt 0.799250007 0.103725001 0
vt 0.997318029 0.103853002 0
vt 0.997533977 0.115763001 0
vt 0.617906988 0.334796011 0
vt 0.584280014 0.351217985 0
vt 0.666517973 0.014827 0
vt 0.666518986 0.024712 0
vt 0.568567991 0.347429007 0
vt 0.590147018 0.363694996 0
vt 0.0789439976 0.031316001 0
vt 0.0789669976 0.0283230003 0
vt 0.266142994 0.0292719994 0
vt 0.264813989 0.0323170014 0
vt 0.324979991 0.0525080003 0
vt 0.385933012 0.0532810017 0
vt 0.38578099 0.0652830005 0
vt 0.32504499 0.0645119995 0
vt 0.325105995 0.0425469987 0
vt 0.386058986 0.0433200002 0
vt 0.326604992 0.0395490006 0
vt 0.304641008 0.546203971 0
vt 0.304641008 0.381527007 0
vt 0.308095008 0.376516998 0
vt 0.308050007 0.55121398 0
vt 0.318277001 0.552883983 0
vt 0.381152004 0.0899709985 0
vt 0.381080002 0.102206998 0
vt 0.360798001 0.102086 0
vt 0.360870004 0.0898509994 0
vt 0.402947992 0.0899960026 0
vt 0.402875006 0.102232002 0
vt 0.390964001 0.102265999 0
vt 0.391036987 0.0900299996 0
vt 0.350986004 0.0897919983 0
vt 0.350912988 0.102027997 0
vt 0.33900401 0.101852 0
vt 0.339076996 0.0896160007 0
vt 0.659129977 0.0608800016 0
vt 0.659129977 0.0489690006 0
vt 0.679412007 0.0489690006 0
vt 0.679412007 0.0608800016 0
vt 0.659129977 0.0390839987 0
vt 0.679412007 0.0390839987 0
vt 0.420558006 0.172493994 0
vt 0.677402973 0.172019005 0
vt 0.677689016 0.326236993 0
vt 0.420843989 0.326712012 0
vt 0.0362289995 0.566111028 0
vt 0.600076973 0.566528022 0
vt 0.617349029 0.999539018 0
vt 0.0183160007 0.999095023 0
vt 0.245847002 0.121733002 0
vt 0.372218013 0.123456001 0
vt 0.380255014 0.319669008 0
vt 0.232326999 0.320416003 0
vt 0.0204600003 0.361019999 0
vt 0.277314991 0.36115101 0
vt 0.285228014 0.558402002 0
vt 0.0123460004 0.558264017 0
vt 0.0432149991 0.121936001 0
vt 0.169503003 0.124202996 0
vt 0.176783994 0.320403993 0
vt 0.0288469996 0.320466995 0
vt 0.977523983 0.0629559979 0
vt 0.704640985 0.0629559979 0
vt 0.692535996 0.0459740013 0
vt 0.989629984 0.0459740013 0
vt 0.394533992 0.33395201 0
vt 0.217981994 0.333981007 0
vt 0.612121999 0.0874650031 0
vt 0.339240015 0.0866440013 0
vt 0.327185988 0.0696260035 0
vt 0.624279022 0.0705190003 0
vt 0.191072002 0.334728003 0
vt 0.0144429998 0.33396399 0
vt 0.989983022 0.0407200009 0
vt 0.692888021 0.0407200009 0
vt 0.692888021 0.0236269999 0
vt 0.989983022 0.0236269999 0
vt 0.395864993 0.350816011 0
vt 0.216894999 0.351440996 0
vt 0.989983022 0.019963 0
vt 0.692888021 0.019963 0
vt 0.692888021 0.00286899996 0
vt 0.989983022 0.00286999997 0
vt 0.192130998 0.351657987 0
vt 0.013274 0.351410002 0
vt 0.400849998 0.130458996 0
vt 0.697932005 0.131752998 0
vt 0.674296021 0.162825003 0
vt 0.424214989 0.161735997 0
vt 0.808851004 0.182199001 0
vt 0.984709978 0.183163002 0
vt 0.953405976 0.206493005 0
vt 0.839896977 0.205871001 0
vt 0.696501017 0.126804993 0
vt 0.399403006 0.125514001 0
vt 0.423040003 0.0944409966 0
vt 0.673134029 0.0955279991 0
vt 0.988768995 0.175779998 0
vt 0.812906981 0.174608007 0
vt 0.844238997 0.151315004 0
vt 0.957750022 0.152070999 0
vt 0.634060025 0.999396026 0
vt 0.61678803 0.566385984 0
vt 0.0195179991 0.565944016 0
vt 0.00160600001 0.99892801 0
vt 0.387975991 0.318567008 0
vt 0.379442006 0.123209 0
vt 0.292840987 0.55833602 0
vt 0.284927011 0.361084014 0
vt 0.198376 0.333649993 0
vt 0.184505001 0.31932199 0
vt 0.685275972 0.0482649989 0
vt 0.69738102 0.0652469993 0
vt 0.31991899 0.0718950033 0
vt 0.331972986 0.0889139995 0
vt 0.40188399 0.332937986 0
vt 0.200057998 0.350984007 0
vt 0.685275972 0.0236269999 0
vt 0.685275972 0.0407200009 0
vt 0.685275972 0.00286999997 0
vt 0.685275972 0.019963 0
vt 0.403506011 0.350093991 0
vt 0.837993979 0.145667002 0
vt 0.805505991 0.167317003 0
vt 0.681508005 0.165263996 0
vt 0.705142975 0.134191006 0
vt 0.41582799 0.0920019969 0
vt 0.392190993 0.123075001 0
vt 0.960614026 0.208939999 0
vt 0.991918981 0.185610995 0
vt 0.224710003 0.319119006 0
vt 0.238530993 0.121292002 0
vt 0.176725999 0.123984002 0
vt 0.00473299995 0.558188975 0
vt 0.0128469998 0.360946 0
vt 0.0212379992 0.319137007 0
vt 0.0359040014 0.121463999 0
vt 0.996890008 0.0482649989 0
vt 0.984784007 0.0652469993 0
vt 0.210648999 0.332828999 0
vt 0.00711899996 0.332778007 0
vt 0.631532013 0.0728330016 0
vt 0.61937499 0.0897779986 0
vt 0.997596025 0.0236269999 0
vt 0.997596025 0.0407200009 0
vt 0.208741993 0.350677997 0
vt 0.00512900017 0.350607991 0
vt 0.997596025 0.00286999997 0
vt 0.997596025 0.019963 0
vt 0.416981995 0.164112002 0
vt 0.393617004 0.132834002 0
vt 0.832660973 0.208239004 0
vt 0.801617026 0.184566006 0
vt 0.965735972 0.153100997 0
vt 0.995494008 0.178374007 0
vt 0.68036598 0.0931520015 0
vt 0.703733981 0.124427997 0
vt 0.413617015 0.324317992 0
vt 0.413340986 0.174915001 0
vt 0.411121994 0.317099988 0
vt 0.410869002 0.182364002 0
vt 0.684629023 0.174412996 0
vt 0.684906006 0.323816001 0
vt 0.687124014 0.181631997 0
vt 0.687377989 0.316368014 0
vt 0.798234999 0.165186003 0
vt 0.797788024 0.126874998 0
vt 0.812768996 0.133815005 0
vt 0.793731987 0.165239006 0
vt 0.793285012 0.126928002 0
vt 0.77846998 0.134215996 0
vt 0.709693015 0.212065995 0
vt 0.70924598 0.173754007 0
vt 0.724227011 0.180693999 0
vt 0.705190003 0.212118 0
vt 0.704742014 0.173806995 0
vt 0.689927995 0.181095004 0
vt 0.209812 0.202408001 0
vt 0.209531993 0.164094999 0
vt 0.224482 0.171100006 0
vt 0.205309004 0.202441007 0
vt 0.205027997 0.164128006 0
vt 0.190182 0.171351001 0
vt 0.785520017 0.211657003 0
vt 0.785072029 0.173345 0
vt 0.800053 0.180286005 0
vt 0.781015992 0.211710006 0
vt 0.780569017 0.173398003 0
vt 0.765753984 0.180685997 0
vt 0.206917003 0.160879001 0
vt 0.206670001 0.122566 0
vt 0.221614003 0.129584998 0
vt 0.203538999 0.160900995 0
vt 0.202166006 0.122594997 0
vt 0.74101299 0.211980999 0
vt 0.725750983 0.180958003 0
vt 0.740566015 0.173669994 0
vt 0.745069027 0.173617005 0
vt 0.745517015 0.211928993 0
vt 0.760049999 0.180557996 0
vt 0.202546999 0.326198995 0
vt 0.187419996 0.295109987 0
vt 0.202267006 0.287885994 0
vt 0.206770003 0.287853003 0
vt 0.207050994 0.326166004 0
vt 0.221720994 0.294858992 0
vt 0.205500007 0.243982002 0
vt 0.190374002 0.212891996 0
vt 0.205219999 0.205669001 0
vt 0.209722996 0.205635995 0
vt 0.210004002 0.243948996 0
vt 0.224674001 0.212641001 0
vt 0.205127999 0.284750998 0
vt 0.190000996 0.25366199 0
vt 0.204848006 0.246437997 0
vt 0.209351003 0.246406004 0
vt 0.209630996 0.28471899 0
vt 0.224301994 0.253410995 0
vt 0.187529996 0.130236 0
vt 0.941787004 0.247187003 0
vt 0.926887989 0.215987995 0
vt 0.941787004 0.208873004 0
vt 0.946290016 0.208873004 0
vt 0.946291029 0.247187003 0
vt 0.961188972 0.215986997 0
vt 0.90565598 0.247188002 0
vt 0.890756011 0.215988994 0
vt 0.905655026 0.208874002 0
vt 0.910158992 0.208874002 0
vt 0.910158992 0.247188002 0
vt 0.925058007 0.215987995 0
vt 0.978855014 0.247188002 0
vt 0.963955998 0.215988994 0
vt 0.978855014 0.208874002 0
vt 0.983358026 0.208874002 0
vt 0.983358979 0.247188002 0
vt 0.998256981 0.215987995 0
vt 0.869513988 0.247187003 0
vt 0.854614973 0.215986997 0
vt 0.869512975 0.208873004 0
vt 0.874017 0.208873004 0
vt 0.874017 0.247187003 0
vt 0.888916016 0.215986997 0
vt 0.761604011 0.179224998 0
vt 0.746143997 0.148300007 0
vt 0.760912001 0.140917003 0
vt 0.764980972 0.179164007 0
vt 0.765415013 0.140836 0
vt 0.83642298 0.248501003 0
vt 0.836422026 0.210187003 0
vt 0.851320982 0.217300996 0
vt 0.831919014 0.248501003 0
vt 0.831919014 0.210187003 0
vt 0.817019999 0.217301995 0
vt 0.76521498 0.244213998 0
vt 0.765214026 0.205899999 0
vt 0.780112982 0.213015005 0
vt 0.760711014 0.244213998 0
vt 0.760711014 0.205899999 0
vt 0.745811999 0.213015005 0
vt 0.727478027 0.245819002 0
vt 0.727478027 0.207505003 0
vt 0.742376983 0.214619994 0
vt 0.722974002 0.245819002 0
vt 0.722974002 0.207505003 0
vt 0.708074987 0.214619994 0
vt 0.798726976 0.249137998 0
vt 0.798726022 0.210823998 0
vt 0.813624978 0.217939004 0
vt 0.794223011 0.249137998 0
vt 0.794223011 0.210823998 0
vt 0.779323995 0.217939004 0
vt 0.780233979 0.148116007 0
vt 0.765161991 0.139847994 0
vt 0.765582979 0.101535998 0
vt 0.780403018 0.108814001 0
vt 0.760658979 0.139798 0
vt 0.761080027 0.101485997 0
vt 0.746104002 0.108437002 0
vt 0.707894981 0.280629992 0
vt 0.708379984 0.242319003 0
vt 0.723187983 0.249621004 0
vt 0.703392029 0.28057301 0
vt 0.703876972 0.242262006 0
vt 0.688889027 0.249186993 0
vt 0.734623015 0.164069995 0
vt 0.734148026 0.125758007 0
vt 0.749134004 0.132688001 0
vt 0.730120003 0.164125994 0
vt 0.729645014 0.125814006 0
vt 0.714836001 0.133112997 0
vt 0.729753017 0.124027997 0
vt 0.714679003 0.0929130018 0
vt 0.729538023 0.0857150033 0
vt 0.734041989 0.0856899992 0
vt 0.734256029 0.124003001 0
vt 0.748979986 0.0927210003 0
vt 0.722945988 0.315807015 0
vt 0.708563983 0.284366012 0
vt 0.72357899 0.27749899 0
vt 0.728082001 0.277572989 0
vt 0.727449 0.315881997 0
vt 0.742860973 0.284933001 0
vt 0.742406011 0.279083997 0
vt 0.728025019 0.247642994 0
vt 0.743039012 0.240775004 0
vt 0.747542024 0.240850002 0
vt 0.746909022 0.279157996 0
vt 0.762320995 0.248209998 0
vt 0.744230986 0.678025007 0
vt 0.725296021 0.678025007 0
vt 0.725296021 0.650470972 0
vt 0.744230986 0.650470972 0
vt 0.706359982 0.678025007 0
vt 0.706359982 0.650470972 0
vt 0.687424004 0.678025007 0
vt 0.687424004 0.650470972 0
vt 0.668488026 0.678025007 0
vt 0.668488026 0.650470972 0
vt 0.649550974 0.678025007 0
vt 0.649550974 0.650470972 0
vt 0.990352988 0.678025007 0
vt 0.97141999 0.678025007 0
vt 0.97141999 0.650470972 0
vt 0.990352988 0.650470972 0
vt 0.952486992 0.678025007 0
vt 0.952486992 0.650470972 0
vt 0.93355602 0.678025007 0
vt 0.93355602 0.650470972 0
vt 0.914623976 0.678025007 0
vt 0.914623976 0.650470972 0
vt 0.895691991 0.678025007 0
vt 0.895691991 0.650470972 0
vt 0.876761019 0.678025007 0
vt 0.876761019 0.650470972 0
vt 0.857828975 0.678025007 0
vt 0.857828975 0.650470972 0
vt 0.838898003 0.678025007 0
vt 0.838898003 0.650470972 0
vt 0.819952011 0.678025007 0
vt 0.819952011 0.650470972 0
vt 0.80103302 0.678025007 0
vt 0.80103302 0.650470972 0
vt 0.782100022 0.678025007 0
vt 0.782100022 0.650470972 0
vt 0.76316601 0.678025007 0
vt 0.76316601 0.650470972 0
vt 0.950914025 0.487897009 0
vt 0.931980014 0.48803699 0
vt 0.914138973 0.481691986 0
vt 0.968658984 0.481290013 0
vt 0.899545014 0.469628006 0
vt 0.983072996 0.469011992 0
vt 0.889957011 0.453299999 0
vt 0.992420018 0.452544004 0
vt 0.886530995 0.434677988 0
vt 0.995570004 0.433872998 0
vt 0.889681995 0.416005999 0
vt 0.992143989 0.415250003 0
vt 0.899028003 0.399538994 0
vt 0.982555985 0.398921996 0
vt 0.913442016 0.387261003 0
vt 0.967962027 0.386857986 0
vt 0.931186974 0.380652994 0
vt 0.950121999 0.380513996 0
vt 0.80053699 0.380712986 0
vt 0.819469988 0.380971014 0
vt 0.837172985 0.387688011 0
vt 0.782657981 0.386945993 0
vt 0.851512015 0.400054991 0
vt 0.767988026 0.398918986 0
vt 0.860755026 0.416581005 0
vt 0.758298993 0.415187001 0
vt 0.863789022 0.435270995 0
vt 0.754756987 0.433788002 0
vt 0.860248029 0.453871995 0
vt 0.757790983 0.452479005 0
vt 0.850557983 0.47014001 0
vt 0.767035007 0.469004005 0
vt 0.835888982 0.48211199 0
vt 0.781373024 0.481370986 0
vt 0.818009973 0.48834601 0
vt 0.799076974 0.488088995 0
vt 0.72595799 0.68394202 0
vt 0.72595799 0.711494982 0
vt 0.707018971 0.711494982 0
vt 0.707018971 0.68394202 0
vt 0.688080013 0.711494982 0
vt 0.688080013 0.68394202 0
vt 0.669140995 0.711494982 0
vt 0.669140995 0.68394202 0
vt 0.650201023 0.711494982 0
vt 0.650201023 0.68394202 0
vt 0.990993977 0.68394202 0
vt 0.990993977 0.711494982 0
vt 0.972069025 0.711494982 0
vt 0.972069025 0.68394202 0
vt 0.953141987 0.711494982 0
vt 0.953141987 0.68394202 0
vt 0.934215009 0.711494982 0
vt 0.934215009 0.68394202 0
vt 0.915287018 0.711494982 0
vt 0.915287018 0.68394202 0
vt 0.896359026 0.711494982 0
vt 0.896359026 0.68394202 0
vt 0.877429008 0.711494982 0
vt 0.877429008 0.68394202 0
vt 0.858498991 0.711494982 0
vt 0.858498991 0.68394202 0
vt 0.839567006 0.711494982 0
vt 0.839567006 0.68394202 0
vt 0.820614994 0.711494982 0
vt 0.820614994 0.68394202 0
vt 0.801702023 0.711494982 0
vt 0.801702023 0.68394202 0
vt 0.782768011 0.711494982 0
vt 0.782768011 0.68394202 0
vt 0.763831973 0.711494982 0
vt 0.763831973 0.68394202 0
vt 0.744894981 0.711494982 0
vt 0.744894981 0.68394202 0
vt 0.797124028 0.606966972 0
vt 0.779329002 0.600495994 0
vt 0.833849013 0.600477993 0
vt 0.816058993 0.606959999 0
vt 0.764819026 0.588329971 0
vt 0.848351002 0.588302016 0
vt 0.755346 0.571934998 0
vt 0.857811987 0.571901023 0
vt 0.752052009 0.553287983 0
vt 0.861093998 0.553252995 0
vt 0.75533402 0.534640014 0
vt 0.857800007 0.534606993 0
vt 0.764796019 0.518239021 0
vt 0.848327994 0.51821202 0
vt 0.779298007 0.506062984 0
vt 0.833818972 0.506044984 0
vt 0.797088981 0.499581009 0
vt 0.816024005 0.499574989 0
vt 0.673389971 0.605867982 0
vt 0.655686021 0.599153996 0
vt 0.710156024 0.599910975 0
vt 0.692323029 0.606122971 0
vt 0.641345024 0.586789012 0
vt 0.724868 0.58791101 0
vt 0.632098973 0.570264995 0
vt 0.734555006 0.571641982 0
vt 0.629061997 0.551575005 0
vt 0.738093019 0.553040981 0
vt 0.632598996 0.532974005 0
vt 0.735055983 0.534349978 0
vt 0.642286003 0.516704023 0
vt 0.725809991 0.517826021 0
vt 0.656998992 0.504702985 0
vt 0.711468995 0.505460978 0
vt 0.674831986 0.498492002 0
vt 0.693764985 0.498746991 0
vt 0.745805025 0.71686399 0
vt 0.745805025 0.744417012 0
vt 0.726877987 0.744417012 0
vt 0.726877987 0.71686399 0
vt 0.707951009 0.744417012 0
vt 0.707951009 0.71686399 0
vt 0.689024985 0.744417012 0
vt 0.689024985 0.71686399 0
vt 0.67009902 0.744417012 0
vt 0.67009902 0.71686399 0
vt 0.651171982 0.744417012 0
vt 0.651171982 0.71686399 0
vt 0.991971016 0.71686399 0
vt 0.991971016 0.744417012 0
vt 0.973028004 0.744417012 0
vt 0.973028004 0.71686399 0
vt 0.954086006 0.744417012 0
vt 0.954086006 0.71686399 0
vt 0.93514502 0.744417012 0
vt 0.93514502 0.71686399 0
vt 0.916206002 0.744417012 0
vt 0.916206002 0.71686399 0
vt 0.897266984 0.744417012 0
vt 0.897266984 0.71686399 0
vt 0.878329992 0.744417012 0
vt 0.878329992 0.71686399 0
vt 0.859394014 0.744417012 0
vt 0.859394014 0.71686399 0
vt 0.840458989 0.744417012 0
vt 0.840458989 0.71686399 0
vt 0.821524978 0.744417012 0
vt 0.821524978 0.71686399 0
vt 0.802592993 0.744417012 0
vt 0.802592993 0.71686399 0
vt 0.783662975 0.744417012 0
vt 0.783662975 0.71686399 0
vt 0.764733016 0.744417012 0
vt 0.764733016 0.71686399 0
vt 0.931025028 0.370240986 0
vt 0.913221002 0.363793999 0
vt 0.967742026 0.363705009 0
vt 0.949959993 0.370209992 0
vt 0.898696005 0.35164699 0
vt 0.982227027 0.351509988 0
vt 0.889201999 0.335263997 0
vt 0.991667986 0.335096002 0
vt 0.885882974 0.316623002 0
vt 0.994925022 0.316442996 0
vt 0.889141023 0.297969013 0
vt 0.991605997 0.297802001 0
vt 0.898581028 0.28155601 0
vt 0.98211199 0.281419009 0
vt 0.91306603 0.269360989 0
vt 0.967586994 0.269272 0
vt 0.930849016 0.262856007 0
vt 0.949783981 0.262825012 0
vt 0.676128983 0.485742986 0
vt 0.658351004 0.479227006 0
vt 0.712871015 0.479346991 0
vt 0.695064008 0.485783994 0
vt 0.643872023 0.467023998 0
vt 0.727402985 0.467207998 0
vt 0.634441018 0.450605005 0
vt 0.736907005 0.450830996 0
vt 0.631193995 0.431950986 0
vt 0.740235984 0.432191014 0
vt 0.634522974 0.413309991 0
vt 0.736989021 0.413536012 0
vt 0.644026995 0.396932989 0
vt 0.727558017 0.397116989 0
vt 0.658558011 0.384793013 0
vt 0.713078976 0.384914011 0
vt 0.676365972 0.378356993 0
vt 0.695300996 0.378398001 0
vt 0.725776017 0.645703018 0
vt 0.706838012 0.645703018 0
vt 0.706838012 0.618147016 0
vt 0.725776017 0.618147016 0
vt 0.68790102 0.645703018 0
vt 0.68790102 0.618147016 0
vt 0.668963015 0.645703018 0
vt 0.668963015 0.618147016 0
vt 0.65002501 0.645703018 0
vt 0.65002501 0.618147016 0
vt 0.990851998 0.645703018 0
vt 0.971922994 0.645703018 0
vt 0.971922994 0.618147016 0
vt 0.990851998 0.618147016 0
vt 0.952992022 0.645703018 0
vt 0.952992022 0.618147016 0
vt 0.934060991 0.645703018 0
vt 0.934060991 0.618147016 0
vt 0.915129006 0.645703018 0
vt 0.915129006 0.618147016 0
vt 0.896197021 0.645703018 0
vt 0.896197021 0.618147016 0
vt 0.877264023 0.645703018 0
vt 0.877264023 0.618147016 0
vt 0.858330011 0.645703018 0
vt 0.858330011 0.618147016 0
vt 0.839396 0.645703018 0
vt 0.839396 0.618147016 0
vt 0.820460975 0.645703018 0
vt 0.820460975 0.618147016 0
vt 0.801524997 0.645703018 0
vt 0.801524997 0.618147016 0
vt 0.782589018 0.645703018 0
vt 0.782589018 0.618147016 0
vt 0.763652027 0.645703018 0
vt 0.763652027 0.618147016 0
vt 0.744714022 0.645703018 0
vt 0.744714022 0.618147016 0
vt 0.931564987 0.501152992 0
vt 0.950498998 0.501284003 0
vt 0.968246996 0.507883012 0
vt 0.913727999 0.507505 0
vt 0.982667029 0.520155013 0
vt 0.899137974 0.519575 0
vt 0.992020011 0.536619008 0
vt 0.889555991 0.535906971 0
vt 0.995177984 0.555288017 0
vt 0.886138976 0.554530978 0
vt 0.991761029 0.573912024 0
vt 0.889297009 0.573199987 0
vt 0.982178986 0.590243995 0
vt 0.898651004 0.589663029 0
vt 0.967589974 0.602313995 0
vt 0.913070977 0.601935029 0
vt 0.949751973 0.608666003 0
vt 0.930818021 0.608534992 0
vt 0.82002902 0.371185005 0
vt 0.801093996 0.370997995 0
vt 0.783366024 0.364345998 0
vt 0.837885022 0.364885002 0
vt 0.768981993 0.352032989 0
vt 0.852509975 0.352858007 0
vt 0.759676993 0.33554101 0
vt 0.862138987 0.336553991 0
vt 0.756573975 0.316863 0
vt 0.865611017 0.317939997 0
vt 0.760046005 0.298249006 0
vt 0.862506986 0.299261987 0
vt 0.76967603 0.28194499 0
vt 0.853201985 0.282770991 0
vt 0.784300983 0.269917995 0
vt 0.838818014 0.270457 0
vt 0.802155972 0.263617992 0
vt 0.821089983 0.263805002 0
vt 0.903559983 0.992026985 0
vt 0.902845025 0.891502023 0
vt 0.929711998 0.897583008 0
vt 0.930427015 0.998107016 0
vt 0.98852098 0.88687402 0
vt 0.961678982 0.893063009 0
vt 0.961986005 0.79253602 0
vt 0.988828003 0.786346018 0
vt 0.907935977 0.889805973 0
vt 0.925848007 0.893859982 0
vt 0.912782013 0.889194012 0
vt 0.921738029 0.891219974 0
vt 0.917384028 0.889665008 0
vt 0.965834975 0.788797021 0
vt 0.983730018 0.784671009 0
vt 0.969933987 0.786141992 0
vt 0.978879988 0.784076989 0
vt 0.974282026 0.784568012 0
vt 0.869282007 0.790551007 0
vt 0.896049976 0.784047008 0
vt 0.896920025 0.884571016 0
vt 0.87015301 0.891075015 0
vt 0.838153005 0.897733986 0
vt 0.838325024 0.998261988 0
vt 0.811491013 0.992035985 0
vt 0.811320007 0.891507983 0
vt 0.890932977 0.782431006 0
vt 0.873088002 0.786767006 0
vt 0.886078 0.781895995 0
vt 0.877156019 0.784063995 0
vt 0.881484985 0.782438993 0
vt 0.834308982 0.89398998 0
vt 0.816420019 0.889840007 0
vt 0.830214024 0.89132899 0
vt 0.821268976 0.88925302 0
vt 0.825866997 0.889750004 0
vt 0.891075015 0.754288971 0
vt 0.991730988 0.754288971 0
vt 0.991730988 0.756618977 0
vt 0.891075015 0.756618977 0
vt 0.761134982 0.754288971 0
vt 0.861325979 0.754288971 0
vt 0.861325979 0.756618977 0
vt 0.761134982 0.756618977 0
vt 0.891173005 0.769411981 0
vt 0.991730988 0.769411981 0
vt 0.991730988 0.771772981 0
vt 0.891173005 0.771772981 0
vt 0.761134982 0.769411981 0
vt 0.861401975 0.769411981 0
vt 0.861401975 0.771772981 0
vt 0.761134982 0.771772981 0
vt 0.885702014 0.754288971 0
vt 0.885702014 0.756618977 0
vt 0.866685987 0.754288971 0
vt 0.866685987 0.756618977 0
vt 0.880810022 0.754288971 0
vt 0.880810022 0.756618977 0
vt 0.871562004 0.754288971 0
vt 0.871562004 0.756618977 0
vt 0.876183987 0.754288971 0
vt 0.876183987 0.756618977 0
vt 0.885801971 0.769411981 0
vt 0.885801971 0.771772981 0
vt 0.866759002 0.769411981 0
vt 0.866759002 0.771772981 0
vt 0.880903006 0.769411981 0
vt 0.880903006 0.771772981 0
vt 0.871649981 0.769411981 0
vt 0.871649981 0.771772981 0
vt 0.876488984 0.769411981 0
vt 0.876488984 0.771772981 0
vt 0.688144982 0.825747013 0
vt 0.682004988 0.825747013 0
vt 0.682004988 0.788648009 0
vt 0.688144982 0.788648009 0
vt 0.677857995 0.825747013 0
vt 0.677857995 0.788648009 0
vt 0.673712015 0.825747013 0
vt 0.673712015 0.788648009 0
vt 0.667571008 0.825747013 0
vt 0.667571008 0.788648009 0
vt 0.660875022 0.825747013 0
vt 0.660875022 0.788648009 0
vt 0.655700028 0.825747013 0
vt 0.655700028 0.788648009 0
vt 0.652038991 0.825747013 0
vt 0.652038991 0.788648009 0
vt 0.700016975 0.825747013 0
vt 0.694841027 0.825747013 0
vt 0.694841027 0.788648009 0
vt 0.700016975 0.788648009 0
vt 0.869226992 0.991617024 0
vt 0.842454016 0.998099983 0
vt 0.84166199 0.897575974 0
vt 0.868434012 0.891093016 0
vt 0.684409022 0.992865026 0
vt 0.68325901 0.892345011 0
vt 0.71015197 0.898308992 0
vt 0.711301982 0.99883002 0
vt 0.845468998 0.893795013 0
vt 0.86331898 0.889473021 0
vt 0.849539995 0.891094983 0
vt 0.858465016 0.888934016 0
vt 0.853870988 0.889474988 0
vt 0.688341975 0.890627027 0
vt 0.706270993 0.894603014 0
vt 0.693185985 0.889993012 0
vt 0.702149987 0.891981006 0
vt 0.697789013 0.890446007 0
vt 0.806547999 0.897001028 0
vt 0.806721985 0.997528017 0
vt 0.779887021 0.991303027 0
vt 0.779715002 0.890775025 0
vt 0.836139023 0.791105986 0
vt 0.862999976 0.784995973 0
vt 0.862393975 0.885520995 0
vt 0.835533977 0.891631007 0
vt 0.784815013 0.889105976 0
vt 0.802703977 0.893257022 0
vt 0.789664984 0.888520002 0
vt 0.798609018 0.890595019 0
vt 0.794263005 0.889015973 0
vt 0.839999974 0.787379026 0
vt 0.85790801 0.783304989 0
vt 0.844106972 0.784735024 0
vt 0.85306102 0.782698989 0
vt 0.848460972 0.783174992 0
vt 0.861216009 0.747372985 0
vt 0.861216009 0.749697983 0
vt 0.761134982 0.749697983 0
vt 0.761134982 0.747372985 0
vt 0.991730988 0.747372985 0
vt 0.991730988 0.749697983 0
vt 0.890962005 0.749697983 0
vt 0.890962005 0.747372985 0
vt 0.860743999 0.751101971 0
vt 0.860743999 0.753428996 0
vt 0.761134982 0.753428996 0
vt 0.761134982 0.751101971 0
vt 0.991730988 0.751101971 0
vt 0.991730988 0.753428996 0
vt 0.890444994 0.753428996 0
vt 0.890444994 0.751101971 0
vt 0.866577029 0.747372985 0
vt 0.866577029 0.749697983 0
vt 0.885598004 0.749697983 0
vt 0.885598004 0.747372985 0
vt 0.871460974 0.747372985 0
vt 0.871460974 0.749697983 0
vt 0.880715013 0.749697983 0
vt 0.880715013 0.747372985 0
vt 0.876287997 0.749697983 0
vt 0.876287997 0.747372985 0
vt 0.866071999 0.751101971 0
vt 0.866071999 0.753428996 0
vt 0.885048985 0.753428996 0
vt 0.885048985 0.751101971 0
vt 0.870923996 0.751101971 0
vt 0.870923996 0.753428996 0
vt 0.88015002 0.753428996 0
vt 0.88015002 0.751101971 0
vt 0.875527024 0.753428996 0
vt 0.875527024 0.751101971 0
vt 0.739615977 0.788214028 0
vt 0.739615977 0.825320005 0
vt 0.733474016 0.825320005 0
vt 0.733474016 0.788214028 0
vt 0.72932601 0.825320005 0
vt 0.72932601 0.788214028 0
vt 0.725179017 0.825320005 0
vt 0.725179017 0.788214028 0
vt 0.719036996 0.825320005 0
vt 0.719036996 0.788214028 0
vt 0.712338984 0.825320005 0
vt 0.712339997 0.788214028 0
vt 0.707162976 0.825320005 0
vt 0.707162976 0.788214028 0
vt 0.755150974 0.788214028 0
vt 0.755150974 0.825320005 0
vt 0.751489997 0.825320005 0
vt 0.751489997 0.788214028 0
vt 0.746312022 0.825320005 0
vt 0.746312022 0.788214028 0
vt 0.99684298 0.992366016 0
vt 0.970040977 0.99872601 0
vt 0.969708025 0.898199022 0
vt 0.996510029 0.891839027 0
vt 0.937514007 0.992955029 0
vt 0.936909974 0.892430007 0
vt 0.963769972 0.89854002 0
vt 0.964374006 0.999065995 0
vt 0.973532975 0.894436002 0
vt 0.991401017 0.890196025 0
vt 0.977614999 0.891754985 0
vt 0.986548007 0.889634013 0
vt 0.981953979 0.890154004 0
vt 0.942003012 0.890739024 0
vt 0.959909022 0.894813001 0
vt 0.946850002 0.89013201 0
vt 0.955802023 0.892168999 0
vt 0.951448977 0.890609026 0
vt 0.934171021 0.789290011 0
vt 0.932923019 0.889810979 0
vt 0.906180978 0.88320601 0
vt 0.907427013 0.782685995 0
vt 0.653066993 0.897867978 0
vt 0.679961979 0.891912997 0
vt 0.678776026 0.992433012 0
vt 0.651881993 0.998389006 0
vt 0.912550986 0.781090021 0
vt 0.930378973 0.785492003 0
vt 0.917406976 0.780571997 0
vt 0.92632103 0.782773972 0
vt 0.921997011 0.781134009 0
vt 0.65694797 0.894163013 0
vt 0.674879014 0.890192986 0
vt 0.661069989 0.891542971 0
vt 0.670036018 0.889558017 0
vt 0.665431976 0.890007973 0
vt 0.890770972 0.763965011 0
vt 0.890770972 0.761641026 0
vt 0.991730988 0.761641026 0
vt 0.991730988 0.763965011 0
vt 0.761134982 0.763965011 0
vt 0.761134982 0.761641026 0
vt 0.861096978 0.761641026 0
vt 0.861096978 0.763965011 0
vt 0.861393988 0.765281022 0
vt 0.861393988 0.767610013 0
vt 0.761134982 0.767610013 0
vt 0.761134982 0.765281022 0
vt 0.991730988 0.765281022 0
vt 0.991730988 0.767610013 0
vt 0.891116023 0.767610013 0
vt 0.891116023 0.765281022 0
vt 0.885402977 0.763965011 0
vt 0.885402977 0.761641026 0
vt 0.866437972 0.761641026 0
vt 0.866437972 0.763965011 0
vt 0.880524993 0.763965011 0
vt 0.880524993 0.761641026 0
vt 0.871303976 0.761641026 0
vt 0.871303976 0.763965011 0
vt 0.875913024 0.761641026 0
vt 0.875913024 0.763965011 0
vt 0.866743982 0.765281022 0
vt 0.866743982 0.767610013 0
vt 0.885740995 0.767610013 0
vt 0.885740995 0.765281022 0
vt 0.871614993 0.765281022 0
vt 0.871614993 0.767610013 0
vt 0.880852997 0.767610013 0
vt 0.880852997 0.765281022 0
vt 0.876228988 0.767610013 0
vt 0.876228988 0.765281022 0
vt 0.665386021 0.786240995 0
vt 0.665386021 0.749135017 0
vt 0.671527028 0.749135017 0
vt 0.671527028 0.786240995 0
vt 0.675674021 0.749135017 0
vt 0.675674021 0.786240995 0
vt 0.679822028 0.749135017 0
vt 0.679822028 0.786240995 0
vt 0.685963988 0.749135017 0
vt 0.685963988 0.786240995 0
vt 0.692660987 0.749135017 0
vt 0.692660987 0.786240995 0
vt 0.697838008 0.749135017 0
vt 0.697838008 0.786240995 0
vt 0.701498985 0.749135017 0
vt 0.701498985 0.786240995 0
vt 0.653510988 0.786240995 0
vt 0.653510988 0.749135017 0
vt 0.658689022 0.749135017 0
vt 0.658689022 0.786240995 0
vt 0.715967 0.99199301 0
vt 0.715111017 0.891467988 0
vt 0.74198699 0.897511005 0
vt 0.742842972 0.998036027 0
vt 0.900325 0.991665006 0
vt 0.873552024 0.998148024 0
vt 0.872758985 0.897623003 0
vt 0.89953202 0.891139984 0
vt 0.720200002 0.889765978 0
vt 0.73811698 0.893794 0
vt 0.725045979 0.889145017 0
vt 0.734004021 0.891161025 0
vt 0.729647994 0.889611006 0
vt 0.876568019 0.893842995 0
vt 0.894415975 0.889521003 0
vt 0.880638003 0.891142011 0
vt 0.889560997 0.888979971 0
vt 0.884967983 0.889522016 0
vt 0.803867996 0.79045099 0
vt 0.830727994 0.784341991 0
vt 0.830121994 0.884867013 0
vt 0.803261995 0.890977025 0
vt 0.775148988 0.898020983 0
vt 0.775321007 0.998547971 0
vt 0.748488009 0.992322981 0
vt 0.748314977 0.89179498 0
vt 0.825636029 0.782651007 0
vt 0.807729006 0.786723971 0
vt 0.82078898 0.782043993 0
vt 0.811836004 0.784080982 0
vt 0.816188991 0.782519996 0
vt 0.771305025 0.894276977 0
vt 0.753414989 0.890127003 0
vt 0.767210007 0.891614974 0
vt 0.758265018 0.889540017 0
vt 0.76286298 0.890037 0
vt 0.862725973 0.776242018 0
vt 0.761134982 0.776242018 0
vt 0.761134982 0.773917019 0
vt 0.862725973 0.773917019 0
vt 0.991730988 0.776242018 0
vt 0.892385006 0.776242018 0
vt 0.892385006 0.773917019 0
vt 0.991730988 0.773917019 0
vt 0.891160011 0.758148015 0
vt 0.991730988 0.758148015 0
vt 0.991730988 0.760470986 0
vt 0.891160011 0.760470986 0
vt 0.761134982 0.758148015 0
vt 0.861499012 0.758148015 0
vt 0.861499012 0.760470986 0
vt 0.761134982 0.760470986 0
vt 0.868116975 0.776242018 0
vt 0.868116975 0.773917019 0
vt 0.887061 0.776242018 0
vt 0.887061 0.773917019 0
vt 0.873006999 0.776242018 0
vt 0.873006999 0.773917019 0
vt 0.882215023 0.776242018 0
vt 0.882215023 0.773917019 0
vt 0.877618015 0.776242018 0
vt 0.877618015 0.773917019 0
vt 0.885814011 0.758148015 0
vt 0.885814011 0.760470986 0
vt 0.866856992 0.758148015 0
vt 0.866856992 0.760470986 0
vt 0.88094902 0.758148015 0
vt 0.88094902 0.760470986 0
vt 0.87173003 0.758148015 0
vt 0.87173003 0.760470986 0
vt 0.876341999 0.758148015 0
vt 0.876341999 0.760470986 0
vt 0.73834902 0.78620702 0
vt 0.732207 0.78620702 0
vt 0.732207 0.749100983 0
vt 0.73834902 0.749100983 0
vt 0.728060007 0.78620702 0
vt 0.728060007 0.749100983 0
vt 0.723912001 0.78620702 0
vt 0.723912001 0.749100983 0
vt 0.71776998 0.78620702 0
vt 0.71776998 0.749100983 0
vt 0.711072981 0.78620702 0
vt 0.711072981 0.749100983 0
vt 0.70589602 0.78620702 0
vt 0.70589602 0.749100983 0
vt 0.753884017 0.78620702 0
vt 0.750222027 0.78620702 0
vt 0.750222027 0.749100983 0
vt 0.753884017 0.749100983 0
vt 0.745045006 0.78620702 0
vt 0.745045006 0.749100983 0
vt 0.626233995 0.0613510013 0
vt 0.623283982 0.0613510013 0
vt 0.623283982 0.0396930017 0
vt 0.626233995 0.0396930017 0
vt 0.63092798 0.0613510013 0
vt 0.63092798 0.0396930017 0
vt 0.635622025 0.0613510013 0
vt 0.635622025 0.0396930017 0
vt 0.638571978 0.0613519996 0
vt 0.638571978 0.0396930017 0
vt 0.64152199 0.0613519996 0
vt 0.64152199 0.0396930017 0
vt 0.646215975 0.0613519996 0
vt 0.646215975 0.0396930017 0
vt 0.65091002 0.0613519996 0
vt 0.65091002 0.0396930017 0
vt 0.653859973 0.0396930017 0
vt 0.653859973 0.0613519996 0
vt 0.696806014 0.0908650011 0
vt 0.696820021 0.0924369991 0
vt 0.684184015 0.0925510004 0
vt 0.684170008 0.0909800008 0
vt 0.696834981 0.0940079987 0
vt 0.684198022 0.0941229984 0
vt 0.696721017 0.0814379975 0
vt 0.696735024 0.0830089971 0
vt 0.684099019 0.0831229985 0
vt 0.684083998 0.0815519989 0
vt 0.696748972 0.0845799968 0
vt 0.684113026 0.0846949965 0
vt 0.696763992 0.0861520022 0
vt 0.684126973 0.0862660035 0
vt 0.696777999 0.0877230018 0
vt 0.68414098 0.0878380015 0
vt 0.696792006 0.0892940015 0
vt 0.684156001 0.0894090012 0
vt 0.689626992 0.0764940009 0
vt 0.689612985 0.0780650005 0
vt 0.676976979 0.0779509991 0
vt 0.676990986 0.0763799995 0
vt 0.689598978 0.0796369985 0
vt 0.676962018 0.0795219988 0
vt 0.689711988 0.0670659989 0
vt 0.689697981 0.0686369985 0
vt 0.677061021 0.0685229972 0
vt 0.677075982 0.0669519976 0
vt 0.689683974 0.0702089965 0
vt 0.677047014 0.0700950027 0
vt 0.689670026 0.0717800036 0
vt 0.677033007 0.0716660023 0
vt 0.689655006 0.0733510032 0
vt 0.677019 0.0732370019 0
vt 0.689640999 0.0749230012 0
vt 0.677004993 0.0748089999 0
vt 0.645475984 0.0671959966 0
vt 0.645475984 0.088854 0
vt 0.642525971 0.088854 0
vt 0.642525971 0.0671959966 0
vt 0.650170028 0.0671959966 0
vt 0.650170028 0.088854 0
vt 0.654864013 0.0671959966 0
vt 0.654864013 0.088854 0
vt 0.657814026 0.0671959966 0
vt 0.657814026 0.088854 0
vt 0.660763979 0.0671959966 0
vt 0.660764992 0.088854 0
vt 0.665458024 0.0671959966 0
vt 0.665458024 0.088854 0
vt 0.670152009 0.0671959966 0
vt 0.670152009 0.088854 0
vt 0.673102021 0.0671959966 0
vt 0.673102021 0.088854 0
vt 0.635788977 0.0884350017 0
vt 0.632534027 0.0884269997 0
vt 0.632547975 0.0879999995 0
vt 0.635801971 0.088059999 0
vt 0.632561028 0.0875869989 0
vt 0.635815024 0.0876659974 0
vt 0.635960996 0.0906120017 0
vt 0.632731974 0.0910269991 0
vt 0.632677019 0.0906179994 0
vt 0.635906994 0.0902210027 0
vt 0.63262099 0.0901940018 0
vt 0.635856986 0.089850001 0
vt 0.632574022 0.0897570029 0
vt 0.635818005 0.089492999 0
vt 0.632543027 0.0893110037 0
vt 0.635792971 0.0891449973 0
vt 0.632530987 0.0888660029 0
vt 0.63578397 0.0887949988 0
vt 0.636294007 0.0803700015 0
vt 0.633038998 0.0803619996 0
vt 0.633051991 0.0799349993 0
vt 0.636305988 0.0799949989 0
vt 0.633064985 0.0795229971 0
vt 0.636318982 0.0796009973 0
vt 0.636465013 0.0825470015 0
vt 0.633237004 0.0829619989 0
vt 0.633180976 0.0825529993 0
vt 0.636412024 0.0821560025 0
vt 0.633125007 0.0821290016 0
vt 0.636362016 0.0817850009 0
vt 0.633077979 0.0816920027 0
vt 0.636322021 0.0814289972 0
vt 0.633046985 0.0812470019 0
vt 0.636296988 0.0810799971 0
vt 0.633035004 0.0808010027 0
vt 0.636289001 0.0807299986 0

# 383 vertex normals
vn 1 -2.21355734e-07 4.4408921e-16
vn 1 -2.21355791e-07 4.8361315e-13
vn 0.00176875072 0.999998271 -0.000552312238
vn 1.66533454e-16 0.999960959 0.00883591454
vn -2.39755593e-07 -1.47566709e-07 1
vn -2.48875729e-08 -1.43957806e-07 1
vn -6.357742e-07 -1.84819655e-07 1
vn 1 -3.69642294e-07 -2.3869795e-15
vn 0.00188124517 0.999998212 -8.63309424e-13
vn -6.38418169e-06 -3.90560763e-06 -1
vn -3.98304746e-06 5.54495784e-07 -1
vn 2.14076795e-06 1.05848342e-11 -1
vn 1 -7.92128745e-08 -6.85951296e-13
vn 1 -7.92128887e-08 -3.60822483e-15
vn 7.93809463e-15 0.999210894 -0.0397184715
vn -8.54871729e-15 -1.02805837e-11 1
vn 0.159089401 -0.987264156 4.09183798e-12
vn 0.851612985 0.524171054 -9.80698855e-12
vn 0.84874028 0.52880317 -0.00267800805
vn 0.897736251 -0.44053334 4.43450832e-12
vn 8.54871729e-15 1.02805837e-11 -1
vn -6.93593847e-07 -1.74546267e-06 -1
vn 0.159089819 -0.987264097 2.32900921e-11
vn 0.826746404 0.562574744 4.9052619e-06
vn 0.848956227 0.519359589 0.0976675898
vn 0.823264539 -0.567657888 -2.87589397e-11
vn 0.823263168 -0.567659914 1.24341784e-06
vn 0.17036894 0.985379338 0.00140375667
vn 0.175566494 0.984452128 0.00551772024
vn 0.871076345 -0.491147608 -1.83164595e-12
vn 8.35777428e-07 -5.76245327e-07 -1
vn 8.95094445e-07 -5.04649904e-07 -1
vn 0.823263109 -0.567659974 -4.08340028e-12
vn 0.1611422 0.986883342 0.00971650053
vn 0.170255959 0.984445572 0.0433569141
vn 6.66133815e-15 1 1.02602371e-11
vn 1 -5.33058142e-07 -4.71024064e-09
vn 1 -5.33058142e-07 4.88498131e-15
vn -1 5.33058142e-07 4.71024064e-09
vn -1 5.33058142e-07 -4.88498131e-15
vn -1 -2.21355791e-07 4.91884311e-13
vn -1 -2.21355762e-07 -5.55111512e-15
vn -0.00176875072 0.999998271 -0.000552312238
vn 6.35774256e-07 -1.84819484e-07 1
vn 2.48875747e-08 -1.43957791e-07 1
vn 2.39755565e-07 -1.47566638e-07 1
vn -1 -3.69642294e-07 5.99520433e-15
vn -0.00188124517 0.999998212 1.03821951e-11
vn -2.14076817e-06 9.97622037e-12 -1
vn 6.38418169e-06 -3.90560581e-06 -1
vn 3.98304701e-06 5.54496921e-07 -1
vn -1 -7.92128958e-08 4.49640325e-15
vn -1 -7.92128816e-08 -6.91724455e-13
vn -6.66133815e-15 -1 -1.02602371e-11
vn -0.159089401 -0.987264156 -9.71578373e-12
vn -0.84874028 0.52880311 -0.00267800805
vn -0.851612985 0.524171054 1.65712444e-11
vn -0.897736251 -0.44053334 -4.50417481e-12
vn 6.93593847e-07 -1.74546244e-06 -1
vn -0.159089819 -0.987264097 9.60126423e-12
vn -0.848956227 0.519359589 0.0976675823
vn -0.826746404 0.562574744 4.90525827e-06
vn -0.823263168 -0.567659914 1.24341284e-06
vn -0.823264539 -0.567657888 -4.25764979e-12
vn -0.17556648 0.984452128 0.00551772024
vn -0.17036894 0.985379338 0.00140375656
vn -0.871076405 -0.491147578 -1.74663062e-11
vn -8.95094388e-07 -5.04650188e-07 -1
vn -8.35777428e-07 -5.76245554e-07 -1
vn -0.823263109 -0.567659974 -9.09256004e-12
vn -0.170255959 0.984445572 0.0433569141
vn -0.161142185 0.986883342 0.00971650053
vn -1 -5.33058142e-07 -4.71024686e-09
vn -1 -5.33058142e-07 -9.43689571e-16
vn 1 5.33058142e-07 4.71024686e-09
vn 1 5.33058142e-07 1.11022302e-15
vn 6.88338275e-15 -0.999742448 -0.0226938128
vn 0.999175191 1.61670677e-12 -0.0406069048
vn -7.21644966e-16 0.999742448 -0.0226937812
vn -0.999175191 -8.77520279e-13 -0.0406069048
vn 5.55111512e-15 0.339675367 -0.940542758
vn -0.430165261 -7.61848917e-12 -0.902750134
vn 6.88338275e-15 -0.339675397 -0.940542758
vn 0.430165261 -2.95177771e-12 -0.902750134
vn -2.22044605e-16 -1 1.1447014e-06
vn 1 -6.66133815e-15 7.63132732e-07
vn -1 3.33066907e-15 7.63132789e-07
vn -4.82929821e-15 1.67369251e-06 1
vn -2.22022163e-06 -1.05961472e-11 1
vn 2.3312964e-15 -1.67371309e-06 1
vn 2.22022163e-06 -9.96513202e-12 1
vn 0.316040456 -0.948123097 -0.0343660899
vn 0.316043288 -0.948122144 -0.0343662985
vn -0.316043288 -0.948122144 -0.034366183
vn -0.316040456 -0.948123097 -0.0343662053
vn 0.947692931 0.315897077 -0.0456854291
vn 0.947692394 0.315898597 -0.0456855074
vn -0.316038162 0.948123872 -0.0343659818
vn -0.316041738 0.94812268 -0.0343662463
vn 0.3124834 0.1041601 -0.94419533
vn 0.312482238 0.104160659 -0.944195628
vn -0.0919509158 0.275853008 -0.95679158
vn -0.0919508636 0.275853068 -0.95679158
vn 0.0919503123 -0.275853425 -0.95679152
vn 0.0919502601 -0.275853515 -0.95679152
vn -0.312483698 -0.104159921 -0.944195211
vn -0.312482327 -0.104160585 -0.944195628
vn -0.948683441 -0.316227257 1.44794569e-06
vn -0.948684216 -0.316224933 2.53389112e-06
vn 0.316227525 -0.948683381 1.80989434e-06
vn -0.3162283 0.948683143 7.23982396e-07
vn -0.316225201 0.948684156 2.1719336e-06
vn 0.948683441 0.316227257 1.20661423e-06
vn 0.948684514 0.316224158 2.65456106e-06
vn 1.539496e-06 5.13148564e-07 1
vn 1.53949406e-06 5.13148564e-07 1
vn -4.4586028e-07 1.33760147e-06 1
vn -4.45863407e-07 1.33760147e-06 1
vn 4.45860223e-07 -1.33762205e-06 1
vn 4.45864373e-07 -1.33762205e-06 1
vn -1.539496e-06 -5.13169141e-07 1
vn -1.53949406e-06 -5.13169141e-07 1
vn 0.947692811 -0.315897316 -0.0456854962
vn 0.947692394 -0.315898597 -0.0456854515
vn -0.947692394 -0.315898597 -0.0456855074
vn -0.947692811 -0.315897346 -0.0456854403
vn 0.316038162 0.948123872 -0.0343661271
vn 0.316041768 0.94812268 -0.034366101
vn -0.947692931 0.315897077 -0.0456854925
vn -0.947692394 0.315898597 -0.045685444
vn 0.0919509307 0.275853038 -0.95679158
vn 0.0919508561 0.275853038 -0.95679158
vn -0.312483042 0.104159981 -0.944195449
vn -0.312482595 0.104160771 -0.944195509
vn 0.312483281 -0.10415978 -0.94419539
vn 0.312482744 -0.104160726 -0.944195449
vn -0.0919503272 -0.275853455 -0.95679152
vn -0.0919502452 -0.275853485 -0.95679152
vn -0.316227496 -0.948683381 1.80993266e-06
vn 0.9486835 -0.316227257 2.53389794e-06
vn 0.948684275 -0.316224933 1.44792659e-06
vn -0.9486835 0.316227257 2.65455719e-06
vn -0.948684514 0.316224188 1.20661082e-06
vn 0.316228271 0.948683143 2.17191723e-06
vn 0.316225171 0.948684156 7.23980577e-07
vn 4.45860508e-07 1.33760159e-06 1
vn 4.45863179e-07 1.33760159e-06 1
vn -1.53949657e-06 5.13148166e-07 1
vn -1.5394935e-06 5.13148166e-07 1
vn 1.53949668e-06 -5.13168686e-07 1
vn 1.5394935e-06 -5.13168686e-07 1
vn -4.45860536e-07 -1.33762217e-06 1
vn -4.4586406e-07 -1.33762217e-06 1
vn 1 -4.88498131e-15 2.94209102e-15
vn -7.99360578e-15 0.9023875 -0.430925548
vn -1 4.88498131e-15 -2.88657986e-15
vn -0.999470234 -6.22779606e-13 -0.0325466543
vn 4.4408921e-16 -0.9023875 -0.430925578
vn -0.90238744 1.46205825e-11 -0.430925667
vn 0.90238744 -1.16766041e-11 -0.430925697
vn 0.98480767 -6.23168184e-13 -0.173648521
vn 0.98480767 -5.39277636e-08 -0.173648596
vn 0.866026342 -2.07448503e-11 -0.499998391
vn 0.642786741 4.26005897e-11 -0.766045213
vn 0.342019379 -3.5033948e-11 -0.939692914
vn -0.342020541 7.84644572e-12 -0.939692497
vn -0.642787814 -1.94694261e-11 -0.766044259
vn -0.86602515 -4.7166715e-12 -0.500000417
vn -0.98480767 6.6446848e-13 -0.17364867
vn -0.98480767 -1.62109215e-12 0.173648596
vn -0.866025567 -4.98973085e-12 0.499999732
vn -0.642787457 3.34511308e-11 0.766044557
vn -0.342021257 -2.51743626e-11 0.939692199
vn 0.342018485 3.25493799e-11 0.939693213
vn 0.642788351 -1.02406972e-12 0.766043842
vn 0.866024673 6.82154333e-12 0.500001311
vn 0.98480773 5.39304317e-08 0.173648372
vn 0.98480773 -6.43973763e-12 0.173648283
vn -0.984808624 -5.39280194e-08 -0.173643336
vn -0.984808624 -8.86679619e-13 -0.173643261
vn -0.866026342 9.73993108e-12 -0.499998361
vn -0.642784059 1.2201018e-11 -0.766047418
vn 0.342021435 5.94208016e-12 -0.93969214
vn 0.642785609 1.32538425e-12 -0.766046107
vn 0.866024792 1.62064806e-12 -0.500001073
vn 0.984808266 3.33011396e-13 -0.173645169
vn 0.984808326 -1.98618899e-12 0.173645094
vn 0.866024792 -3.442302e-12 0.500001073
vn 0.642787457 -1.86706761e-11 0.766044557
vn 0.34202069 1.1428275e-11 0.939692438
vn -0.342019647 1.53037027e-11 0.939692795
vn -0.642786562 -2.28913555e-11 0.766045332
vn -0.866023898 -7.42900186e-12 0.500002623
vn -0.984808683 4.1392445e-12 0.173643038
vn -0.984808624 5.39312808e-08 0.173643112
vn 0.98480767 1.50396362e-12 -0.173648641
vn 0.866026461 -8.18345391e-13 -0.499998182
vn 0.866026521 -7.76496023e-08 -0.499998093
vn 0.642786622 -1.18914585e-07 -0.766045272
vn 0.642786503 -1.60670366e-11 -0.766045332
vn 0.342019677 -1.52994839e-11 -0.939692795
vn -0.342021167 -1.1061374e-11 -0.939692259
vn -0.64278692 -1.81443749e-12 -0.766045034
vn -0.642786741 -1.1893971e-07 -0.766045153
vn -0.866025507 -7.76620936e-08 -0.499999821
vn -0.866025567 6.59095001e-12 -0.499999702
vn -0.98480767 5.68761704e-12 -0.173648596
vn -0.98480767 -5.39287228e-08 -0.17364867
vn -0.98480767 5.39277636e-08 0.173648596
vn -0.98480767 6.23168184e-13 0.173648521
vn -0.866025448 1.4936441e-11 0.49999994
vn -0.642787695 -5.96733774e-12 0.766044378
vn -0.342020154 1.47971635e-11 0.939692616
vn -9.0394991e-07 -1.04090582e-11 1
vn 0.34201926 1.25326971e-11 0.939692914
vn 0.642787814 1.94608774e-11 0.766044259
vn 0.642788112 2.3793298e-07 0.766044021
vn 0.866024673 1.55304832e-07 0.500001311
vn 0.866024554 7.23920923e-12 0.50000149
vn -0.984808624 1.25749411e-12 -0.17364338
vn -0.866026521 -7.76482594e-08 -0.499998063
vn -0.866026461 5.28521671e-13 -0.499998152
vn -0.642783821 1.18003385e-11 -0.766047597
vn -0.642783999 -1.18944968e-07 -0.766047478
vn -0.342020869 2.74963663e-11 -0.939692378
vn 0.342021734 2.56767663e-11 -0.93969202
vn 0.64278543 -1.18975564e-07 -0.766046286
vn 0.642785549 -3.76328968e-11 -0.766046166
vn 0.866024733 -7.76379849e-08 -0.500001192
vn 0.984808266 -5.39290497e-08 -0.173645169
vn 0.984808326 -1.91113791e-12 -0.173645094
vn 0.984808326 2.58126853e-13 0.17364502
vn 0.984808326 5.39273977e-08 0.173645094
vn 0.642787755 1.94622096e-13 0.766044319
vn 0.342019886 -2.67671996e-11 0.939692736
vn 9.03949115e-07 -1.01519869e-11 1
vn -0.342020452 -4.93316499e-12 0.939692497
vn -0.642786324 2.37911195e-07 0.766045511
vn -0.642786026 -2.25386376e-12 0.766045749
vn -0.866023779 2.86853874e-12 0.500002861
vn -0.866023898 1.55261475e-07 0.500002623
vn -5.32352351e-06 -1 -4.39878204e-05
vn -5.32352396e-06 -1 1.46625944e-05
vn -3.99680289e-15 -1 5.86501701e-05
vn 0.973736882 6.51007026e-12 -0.227676257
vn -0.973736703 1.19429001e-06 0.227676958
vn -0.973736703 4.99117414e-12 0.227676988
vn -0.973736703 6.80011603e-14 0.227676958
vn -0.973736703 -3.58283569e-06 0.227677032
vn 0.51770848 1.74112946e-11 -0.855557084
vn 0.517700136 -2.24394316e-05 -0.85556215
vn -0.517706454 -2.24393607e-05 -0.855558336
vn -0.517699778 -4.48791661e-06 -0.855562329
vn 0.341271728 -2.46531381e-05 -0.939964652
vn 0.341282785 -1.42696688e-11 -0.939960659
vn -0.341274977 1.78804749e-11 -0.93996352
vn -0.341286004 -2.46529708e-05 -0.939959526
vn -0.120145366 -6.55343141e-12 -0.992756307
vn 0.120145358 1.7157907e-11 -0.992756307
vn -0.517706454 1.34634665e-05 -0.855558336
vn -0.51766479 0.000125667983 -0.855583489
vn -0.341274917 0.000138061674 -0.93996352
vn -0.341490418 -0.000342645944 -0.939885199
vn 0.341271728 -4.93057632e-05 -0.939964652
vn 0.341293842 -2.23962515e-11 -0.939956665
vn 0.120145358 0.000148413543 -0.992756307
vn 0.120045096 -5.20755566e-05 -0.992768466
vn -0.120145351 -0.000361920684 -0.992756248
vn -0.119890124 0.000148418112 -0.992787182
vn 0.866021276 1.54504187e-11 -0.500007153
vn 0.342024565 -1.02636233e-11 -0.939691007
vn -0.342018217 4.49583704e-11 -0.939693332
vn -0.866025567 -1.28839717e-11 -0.499999732
vn -0.984807491 -4.12886392e-12 0.173649549
vn -0.642782271 2.53592147e-11 0.766048908
vn 0.642792046 -7.88585863e-12 0.766040742
vn 0.984805822 -2.14067652e-12 0.173659146
vn 5.32354534e-06 -1 -4.39878204e-05
vn 5.32354534e-06 -1 1.46626508e-05
vn -0.973736763 -3.7250758e-12 -0.227676734
vn 0.973736703 -5.36909406e-12 0.227676988
vn 0.973736703 1.19427966e-06 0.227676958
vn 0.973736703 -3.58282182e-06 0.227677047
vn 0.973736703 -1.0292267e-11 0.227676958
vn -0.517692029 -2.24395735e-05 -0.855567038
vn -0.517700374 -9.04254449e-12 -0.855561972
vn 0.517701805 -4.48788069e-06 -0.855561137
vn 0.51770848 -2.24393225e-05 -0.855557084
vn -0.341282785 -1.52309831e-11 -0.939960659
vn -0.341271758 -2.46530963e-05 -0.939964652
vn 0.341281205 -2.46530308e-05 -0.939961255
vn 0.341270149 1.15820964e-11 -0.939965248
vn 0.120146625 -2.11775389e-11 -0.992756128
vn -0.120147884 1.32155467e-11 -0.992756009
vn 0.517666817 0.000125667837 -0.855582297
vn 0.51770848 1.34634465e-05 -0.855557084
vn 0.34148559 -0.000342646585 -0.939886928
vn 0.341270149 0.000138061994 -0.939965248
vn -0.341293871 1.24495414e-11 -0.939956665
vn -0.341271758 -4.93057269e-05 -0.939964652
vn -0.120047614 -5.20755311e-05 -0.992768109
vn -0.120147884 0.00014841347 -0.992756009
vn 0.119891383 0.000148418068 -0.992787004
vn 0.120146617 -0.000361920655 -0.992756069
vn -0.342021376 2.78587986e-11 -0.939692199
vn 0.342021376 5.93353144e-12 -0.939692199
vn 0.642782271 2.99710257e-11 0.766048908
vn -0.642791986 4.29395963e-11 0.766040742
vn -0.984805822 -4.81609197e-12 0.173659146
vn 0.973736763 1.02209907e-11 -0.227676719
vn -0.973736703 -1.19427534e-06 0.227676958
vn -0.973736703 3.58297666e-06 0.227677032
vn 0.517704189 2.2439137e-05 -0.855559707
vn 0.517712474 -1.48876467e-11 -0.85555464
vn -0.517701805 4.48782203e-06 -0.855561137
vn -0.51770848 2.24390897e-05 -0.855557084
vn 0.341279566 -3.70266873e-11 -0.939961851
vn 0.34126851 2.46528889e-05 -0.939965844
vn -0.341281205 2.46527852e-05 -0.939961255
vn -0.341270119 1.42210965e-11 -0.939965248
vn -0.120146625 -6.29771929e-12 -0.992756128
vn -0.517666757 -0.000125667822 -0.855582297
vn -0.51770848 -1.34640095e-05 -0.855557084
vn -0.34148559 0.000342660962 -0.939886928
vn -0.341270149 -0.000138061965 -0.939965248
vn 0.341290653 -6.20317686e-12 -0.939957798
vn 0.341268539 4.93078842e-05 -0.939965844
vn 0.120046355 5.20777139e-05 -0.992768288
vn 0.120146617 -0.000148419727 -0.992756128
vn -0.119891383 -0.000148424311 -0.992787004
vn -0.120146617 0.000361935876 -0.992756069
vn 0.866029859 -5.47067946e-12 -0.499992311
vn 0.984807491 -9.70334924e-13 0.173649549
vn 0.973736703 -1.19428569e-06 0.227676958
vn 0.973736703 3.58297643e-06 0.227677047
vn -0.517692029 2.24393389e-05 -0.855567038
vn 0.51770848 2.2439066e-05 -0.855557084
vn 0.517701805 4.48779701e-06 -0.855561137
vn -0.341271728 2.46528562e-05 -0.939964652
vn 0.341281205 2.4652787e-05 -0.939961255
vn 0.51770848 -1.3463994e-05 -0.855557084
vn 0.517666817 -0.000125667779 -0.855582297
vn 0.341270149 -0.000138061936 -0.939965248
vn 0.34148562 0.000342660962 -0.939886928
vn -0.341271758 4.93078514e-05 -0.939964652
vn -0.120147884 -0.000148419698 -0.992756009
vn -0.120047614 5.20777212e-05 -0.992768109
vn 0.120146617 0.000361935789 -0.992756069
vn 0.119891383 -0.00014842434 -0.992787004
vn -2.13717932e-15 0.382672876 0.923883915
vn 0 0.923882902 0.38267532
vn -2.49800181e-15 0.923882902 -0.38267532
vn -2.2759572e-15 0.382680744 -0.923880637
vn 9.99200722e-16 -0.382683218 -0.923879623
vn 0 -0.923882902 -0.38267532
vn 2.49800181e-15 -0.923882902 0.38267532
vn -6.88338275e-15 -0.38267532 0.923882902
vn -0.923879504 0.382683545 -2.16185403e-11
vn -0.382675827 0.923882663 -1.91622829e-11
vn 0.382674396 0.923883259 1.6036561e-11
vn 0.923880935 0.382679999 1.00190967e-11
vn 0.923879147 -0.38268438 -1.51077484e-11
vn 0.382685006 -0.923878849 -3.02183278e-11
vn -0.382686496 -0.923878253 -2.64828159e-11
vn -0.923877656 -0.382687956 8.85164164e-12
vn -0.923880935 0.382680029 -4.76840171e-07
vn -0.382674366 0.923883259 -1.41597845e-12
vn -0.382675827 0.923882663 -1.97517707e-07
vn 2.49800181e-16 0.382680774 0.923880637
vn 2.94209102e-15 0.923881531 0.382678568
vn 3.49720253e-15 -0.923881531 0.382678598
vn -3.16413562e-15 -0.382683218 0.923879623
vn 0.923875093 0.382694155 1.52540758e-11
vn 0.382680267 0.923880875 4.05427358e-11
vn -0.382685035 -0.923878849 1.35631506e-11
vn 0.382690907 -0.923876464 1.81321624e-12
vn 0.923873246 -0.382698596 8.02025113e-13
vn 0.923879504 0.382683545 -8.09713407e-12
vn -0.382677317 0.923882067 -3.6904535e-11
vn -0.923876584 0.382690609 1.90095162e-11
vn -0.923874736 -0.382695019 -3.50341978e-12
vn -0.382687956 -0.923877656 -8.32089952e-12
vn 0.923877656 -0.382687956 3.42376127e-12

# Mesh '' with 1031 faces
usemtl $Material_0
f  1/1/1 2/2/1 3/3/1
f  3/3/2 4/4/2 1/1/2
f  5/5/3 6/6/3 7/7/3
f  7/7/4 8/8/4 5/5/4
f  4/9/5 3/10/5 9/11/5
f  4/9/6 9/11/6 10/12/6
f  4/9/7 10/12/7 11/13/7
f  11/14/8 10/15/8 12/16/8
f  12/16/8 13/17/8 11/14/8
f  14/18/9 7/7/9 6/6/9
f  12/19/10 15/20/10 16/21/10
f  13/22/11 12/19/11 16/21/11
f  13/22/12 16/21/12 17/23/12
f  17/24/13 16/25/13 18/26/13
f  18/26/14 19/27/14 17/24/14
f  20/28/15 14/18/15 6/6/15
f  21/29/16 20/30/16 6/31/16
f  22/32/17 23/33/17 24/34/17
f  24/34/17 25/35/17 22/32/17
f  9/36/18 3/3/18 2/2/18
f  2/2/19 26/37/19 9/36/19
f  27/38/16 28/39/16 23/40/16
f  23/40/16 22/41/16 27/38/16
f  29/42/20 30/43/20 28/44/20
f  28/44/20 27/45/20 29/42/20
f  31/46/21 32/47/21 30/48/21
f  30/48/22 29/49/22 31/46/22
f  33/50/23 21/51/23 32/52/23
f  32/52/23 31/53/23 33/50/23
f  34/54/24 18/26/24 16/25/24
f  16/25/25 15/55/25 34/54/25
f  4/4/26 22/56/26 25/57/26
f  25/57/27 1/1/27 4/4/27
f  10/58/28 9/36/28 26/37/28
f  26/37/29 35/59/29 10/58/29
f  11/13/16 27/60/16 22/61/16
f  22/61/16 4/9/16 11/13/16
f  13/17/30 29/62/30 27/63/30
f  27/63/30 11/14/30 13/17/30
f  17/23/31 31/64/31 29/65/31
f  29/65/32 13/22/32 17/23/32
f  19/27/33 33/66/33 31/67/33
f  31/67/33 17/24/33 19/27/33
f  20/68/34 34/54/34 15/55/34
f  15/55/35 12/69/35 20/68/35
f  10/70/4 35/71/4 36/72/4
f  36/72/4 37/73/4 10/70/4
f  12/74/36 10/70/36 37/73/36
f  37/73/36 38/75/36 12/74/36
f  20/28/15 12/74/15 38/75/15
f  33/76/16 19/77/16 18/78/16
f  33/76/16 18/78/16 34/79/16
f  33/76/16 34/79/16 20/30/16
f  21/29/16 33/76/16 20/30/16
f  38/75/15 14/18/15 20/28/15
f  14/80/21 38/81/21 39/82/21
f  39/82/21 40/83/21 14/80/21
f  8/84/37 7/85/37 41/86/37
f  41/86/37 42/87/37 8/84/37
f  7/85/38 14/80/38 40/83/38
f  40/83/38 41/86/38 7/85/38
f  37/88/39 36/89/39 43/90/39
f  43/90/39 44/91/39 37/88/39
f  38/81/40 37/88/40 44/91/40
f  44/91/40 39/82/40 38/81/40
f  43/92/4 42/93/4 41/94/4
f  41/94/4 44/95/4 43/92/4
f  44/95/36 41/94/36 40/96/36
f  40/96/36 39/97/36 44/95/36
f  45/98/41 46/99/41 47/100/41
f  47/100/42 48/101/42 45/98/42
f  5/5/4 49/102/4 50/103/4
f  50/103/43 6/6/43 5/5/43
f  46/104/44 51/105/44 52/106/44
f  46/104/45 52/106/45 53/107/45
f  46/104/46 53/107/46 47/108/46
f  51/109/47 54/110/47 55/111/47
f  55/111/47 52/112/47 51/109/47
f  6/6/48 50/103/48 56/113/48
f  54/114/49 57/115/49 58/116/49
f  58/116/50 59/117/50 55/118/50
f  54/114/51 58/116/51 55/118/51
f  57/119/52 60/120/52 61/121/52
f  61/121/53 58/122/53 57/119/53
f  62/123/16 21/29/16 6/31/16
f  28/39/16 63/124/16 64/125/16
f  64/125/16 23/40/16 28/39/16
f  30/43/54 65/126/54 63/127/54
f  63/127/54 28/44/54 30/43/54
f  32/47/21 66/128/21 65/129/21
f  65/129/21 30/48/21 32/47/21
f  21/51/54 62/130/54 66/131/54
f  66/131/54 32/52/54 21/51/54
f  67/132/55 68/133/55 69/134/55
f  69/134/55 64/135/55 67/132/55
f  53/136/56 70/137/56 48/101/56
f  48/101/57 47/100/57 53/136/57
f  71/138/16 67/139/16 64/125/16
f  64/125/16 63/124/16 71/138/16
f  72/140/58 71/141/58 63/127/58
f  63/127/58 65/126/58 72/140/58
f  73/142/59 72/143/59 65/129/59
f  65/129/21 66/128/21 73/142/21
f  74/144/60 73/145/60 66/131/60
f  66/131/60 62/130/60 74/144/60
f  75/146/61 59/147/61 58/122/61
f  58/122/62 61/121/62 75/146/62
f  46/99/63 45/98/63 68/148/63
f  68/148/64 67/149/64 46/99/64
f  52/150/65 76/151/65 70/137/65
f  70/137/66 53/136/66 52/150/66
f  51/105/16 46/104/16 67/152/16
f  67/152/16 71/153/16 51/105/16
f  54/110/67 51/109/67 71/154/67
f  71/154/67 72/155/67 54/110/67
f  57/115/68 54/114/68 72/156/68
f  72/156/69 73/157/69 57/115/69
f  60/120/70 57/119/70 73/158/70
f  73/158/70 74/159/70 60/120/70
f  77/160/71 55/161/71 59/147/71
f  59/147/72 75/146/72 77/160/72
f  52/162/4 78/163/4 79/164/4
f  79/164/4 76/165/4 52/162/4
f  55/166/36 80/167/36 78/163/36
f  78/163/36 52/162/36 55/166/36
f  80/167/15 55/166/15 77/168/15
f  61/169/16 60/170/16 74/171/16
f  75/172/16 61/169/16 74/171/16
f  77/173/16 75/172/16 74/171/16
f  77/173/16 74/171/16 62/123/16
f  6/6/15 56/113/15 80/167/15
f  80/167/15 77/168/15 6/6/15
f  6/31/16 77/173/16 62/123/16
f  69/134/54 24/34/54 23/33/54
f  23/33/54 64/135/54 69/134/54
f  56/174/21 81/175/21 82/176/21
f  82/176/21 80/177/21 56/174/21
f  49/178/73 83/179/73 84/180/73
f  84/180/73 50/181/73 49/178/73
f  50/181/74 84/180/74 81/175/74
f  81/175/74 56/174/74 50/181/74
f  78/182/75 85/183/75 86/184/75
f  86/184/75 79/185/75 78/182/75
f  80/177/76 82/176/76 85/183/76
f  85/183/76 78/182/76 80/177/76
f  86/186/4 85/187/4 84/188/4
f  84/188/4 83/189/4 86/186/4
f  85/187/36 82/190/36 81/191/36
f  81/191/36 84/188/36 85/187/36
f  87/192/21 88/193/21 89/194/21
f  89/194/21 90/195/21 87/192/21
f  90/196/77 89/197/77 91/198/77
f  91/198/77 92/199/77 90/196/77
f  93/200/78 94/201/78 95/202/78
f  95/202/78 96/203/78 93/200/78
f  88/204/79 87/205/79 97/206/79
f  97/206/79 98/207/79 88/204/79
f  99/208/80 100/209/80 101/210/80
f  101/210/80 102/211/80 99/208/80
f  92/212/81 91/213/81 103/214/81
f  103/214/81 104/215/81 92/212/81
f  96/203/82 95/202/82 105/216/82
f  105/216/82 106/217/82 96/203/82
f  98/218/83 97/219/83 107/220/83
f  107/220/83 108/221/83 98/218/83
f  102/211/84 101/210/84 109/222/84
f  109/222/84 110/223/84 102/211/84
f  104/224/85 103/225/85 111/226/85
f  111/226/85 112/227/85 104/224/85
f  106/217/86 105/216/86 113/228/86
f  113/228/86 114/229/86 106/217/86
f  108/230/36 107/231/36 115/232/36
f  115/232/36 116/233/36 108/230/36
f  110/223/87 109/222/87 117/234/87
f  117/234/87 118/235/87 110/223/87
f  112/236/88 111/237/88 119/238/88
f  119/238/88 120/239/88 112/236/88
f  114/240/89 113/241/89 121/242/89
f  121/242/89 122/243/89 114/240/89
f  116/244/90 115/245/90 123/246/90
f  123/246/90 124/247/90 116/244/90
f  118/248/91 117/249/91 125/250/91
f  125/250/91 126/251/91 118/248/91
f  127/252/92 91/198/92 89/197/92
f  89/197/93 128/253/93 127/252/93
f  129/254/94 90/196/94 92/199/94
f  92/199/95 130/255/95 129/254/95
f  131/256/96 95/202/96 94/201/96
f  94/201/97 132/257/97 131/256/97
f  133/258/98 97/206/98 87/205/98
f  87/205/99 134/259/99 133/258/99
f  135/260/100 109/222/100 101/210/100
f  101/210/101 130/261/101 135/260/101
f  136/262/102 103/214/102 91/213/102
f  91/213/103 127/263/103 136/262/103
f  137/264/104 107/220/104 97/219/104
f  97/219/105 133/265/105 137/264/105
f  138/266/106 105/216/106 95/202/106
f  95/202/107 131/256/107 138/266/107
f  139/267/108 117/234/108 109/222/108
f  109/222/109 135/260/109 139/267/109
f  140/268/110 111/226/110 103/225/110
f  103/225/110 136/269/110 140/268/110
f  141/270/111 115/232/111 107/231/111
f  107/231/112 137/271/112 141/270/112
f  142/272/113 113/228/113 105/216/113
f  105/216/114 138/266/114 142/272/114
f  143/273/115 125/250/115 117/249/115
f  117/249/116 139/274/116 143/273/116
f  144/275/117 119/238/117 111/237/117
f  111/237/118 140/276/118 144/275/118
f  145/277/119 123/246/119 115/245/119
f  115/245/120 141/278/120 145/277/120
f  146/279/121 121/242/121 113/241/121
f  113/241/122 142/280/122 146/279/122
f  96/203/123 127/281/123 128/282/123
f  128/282/124 93/200/124 96/203/124
f  100/209/125 129/283/125 130/261/125
f  130/261/126 101/210/126 100/209/126
f  98/207/127 131/284/127 132/285/127
f  132/285/128 88/204/128 98/207/128
f  102/211/129 133/286/129 134/287/129
f  134/287/130 99/208/130 102/211/130
f  104/215/131 135/288/131 130/289/131
f  130/289/132 92/212/132 104/215/132
f  106/217/133 136/290/133 127/281/133
f  127/281/134 96/203/134 106/217/134
f  110/223/135 137/291/135 133/286/135
f  133/286/136 102/211/136 110/223/136
f  108/221/137 138/292/137 131/293/137
f  131/293/138 98/218/138 108/221/138
f  112/227/139 139/294/139 135/295/139
f  135/295/139 104/224/139 112/227/139
f  114/229/140 140/296/140 136/290/140
f  136/290/141 106/217/141 114/229/141
f  118/235/142 141/297/142 137/291/142
f  137/291/143 110/223/143 118/235/143
f  116/233/144 142/298/144 138/299/144
f  138/299/145 108/230/145 116/233/145
f  120/239/146 143/300/146 139/301/146
f  139/301/147 112/236/147 120/239/147
f  122/243/148 144/302/148 140/303/148
f  140/303/149 114/240/149 122/243/149
f  126/251/150 145/304/150 141/305/150
f  141/305/151 118/248/151 126/251/151
f  124/247/152 146/306/152 142/307/152
f  142/307/153 116/244/153 124/247/153
f  129/308/21 134/309/21 87/192/21
f  87/192/21 90/195/21 129/308/21
f  100/310/21 99/311/21 134/309/21
f  134/309/21 129/308/21 100/310/21
f  132/312/21 128/313/21 89/194/21
f  89/194/21 88/193/21 132/312/21
f  94/314/21 93/315/21 128/313/21
f  128/313/21 132/312/21 94/314/21
f  147/316/154 148/317/154 149/318/154
f  147/316/155 150/319/155 151/320/155
f  151/320/155 148/317/155 147/316/155
f  150/319/156 152/321/156 151/320/156
f  153/322/154 154/323/154 155/324/154
f  153/322/155 156/325/155 157/326/155
f  157/326/155 154/323/155 153/322/155
f  156/325/156 158/327/156 157/326/156
f  159/328/154 160/329/154 161/330/154
f  159/328/155 162/331/155 163/332/155
f  163/332/155 160/329/155 159/328/155
f  162/331/156 164/333/156 163/332/156
f  165/334/154 166/335/154 167/336/154
f  165/334/155 168/337/155 169/338/155
f  169/338/155 166/335/155 165/334/155
f  168/337/156 170/339/156 169/338/156
f  171/340/154 172/341/154 173/342/154
f  174/343/155 175/344/155 172/341/155
f  172/341/155 171/340/155 174/343/155
f  176/345/156 177/346/156 178/347/156
f  176/345/155 178/347/155 179/348/155
f  179/348/155 180/349/155 176/345/155
f  180/349/154 179/348/154 181/350/154
f  182/351/156 183/352/156 184/353/156
f  182/351/155 184/353/155 185/354/155
f  185/354/155 186/355/155 182/351/155
f  186/355/154 185/354/154 187/356/154
f  188/357/156 189/358/156 190/359/156
f  188/357/155 190/359/155 191/360/155
f  191/360/155 192/361/155 188/357/155
f  192/361/154 191/360/154 193/362/154
f  194/363/156 195/364/156 196/365/156
f  194/363/155 196/365/155 197/366/155
f  197/366/155 198/367/155 194/363/155
f  198/367/154 197/366/154 199/368/154
f  174/343/157 200/369/157 175/344/157
f  201/370/154 202/371/154 203/372/154
f  201/370/158 203/372/158 204/373/158
f  204/373/158 205/374/158 201/370/158
f  205/374/156 204/373/156 206/375/156
f  207/376/154 208/377/154 209/378/154
f  207/376/158 209/378/158 210/379/158
f  210/379/158 211/380/158 207/376/158
f  211/380/156 210/379/156 212/381/156
f  213/382/154 214/383/154 215/384/154
f  213/382/158 215/384/158 216/385/158
f  216/385/158 217/386/158 213/382/158
f  217/386/156 216/385/156 218/387/156
f  219/388/154 220/389/154 221/390/154
f  219/388/158 221/390/158 222/391/158
f  222/391/158 223/392/158 219/388/158
f  223/392/156 222/391/156 224/393/156
f  225/394/154 226/395/154 227/396/154
f  228/397/158 225/394/158 227/396/158
f  227/396/158 229/398/158 228/397/158
f  230/399/156 231/400/156 232/401/156
f  230/399/158 233/402/158 234/403/158
f  234/403/158 231/400/158 230/399/158
f  233/402/154 235/404/154 234/403/154
f  236/405/156 237/406/156 238/407/156
f  236/405/158 239/408/158 240/409/158
f  240/409/158 237/406/158 236/405/158
f  239/408/154 241/410/154 240/409/154
f  242/411/156 243/412/156 244/413/156
f  242/411/158 245/414/158 246/415/158
f  246/415/158 243/412/158 242/411/158
f  245/414/154 247/416/154 246/415/154
f  248/417/156 249/418/156 250/419/156
f  248/417/158 251/420/158 252/421/158
f  252/421/158 249/418/158 248/417/158
f  251/420/154 253/422/154 252/421/154
f  228/397/157 229/398/157 254/423/157
f  255/424/36 256/425/36 257/426/36
f  255/424/159 258/427/159 259/428/159
f  259/428/159 256/425/159 255/424/159
f  258/427/54 260/429/54 259/428/54
f  261/430/36 262/431/36 263/432/36
f  261/430/159 264/433/159 265/434/159
f  265/434/159 262/431/159 261/430/159
f  264/433/54 266/435/54 265/434/54
f  267/436/36 268/437/36 269/438/36
f  267/436/159 270/439/159 271/440/159
f  271/440/159 268/437/159 267/436/159
f  270/439/54 272/441/54 271/440/54
f  273/442/36 274/443/36 275/444/36
f  273/442/160 275/444/160 276/445/160
f  276/445/160 277/446/160 273/442/160
f  277/446/54 276/445/54 278/447/54
f  279/448/36 280/449/36 281/450/36
f  279/448/160 281/450/160 282/451/160
f  282/451/160 283/452/160 279/448/160
f  283/452/54 282/451/54 284/453/54
f  285/454/36 286/455/36 287/456/36
f  285/454/160 287/456/160 288/457/160
f  288/457/160 289/458/160 285/454/160
f  289/458/54 288/457/54 290/459/54
f  291/460/161 292/461/161 293/462/161
f  293/462/162 294/463/162 291/460/162
f  292/461/163 295/464/163 296/465/163
f  296/465/163 293/462/163 292/461/163
f  295/464/164 297/466/164 298/467/164
f  298/467/164 296/465/164 295/464/164
f  297/466/165 299/468/165 300/469/165
f  300/469/165 298/467/165 297/466/165
f  299/468/21 301/470/21 302/471/21
f  302/471/21 300/469/21 299/468/21
f  301/472/166 303/473/166 304/474/166
f  304/474/166 302/475/166 301/472/166
f  303/473/167 305/476/167 306/477/167
f  306/477/167 304/474/167 303/473/167
f  305/476/168 307/478/168 308/479/168
f  308/479/168 306/477/168 305/476/168
f  307/478/169 309/480/169 310/481/169
f  310/481/169 308/479/169 307/478/169
f  309/480/170 311/482/170 312/483/170
f  312/483/170 310/481/170 309/480/170
f  311/482/171 313/484/171 314/485/171
f  314/485/171 312/483/171 311/482/171
f  313/484/172 315/486/172 316/487/172
f  316/487/172 314/485/172 313/484/172
f  315/486/173 317/488/173 318/489/173
f  318/489/173 316/487/173 315/486/173
f  317/488/16 319/490/16 320/491/16
f  320/491/16 318/489/16 317/488/16
f  319/490/174 321/492/174 322/493/174
f  322/493/174 320/491/174 319/490/174
f  321/492/175 323/494/175 324/495/175
f  324/495/175 322/493/175 321/492/175
f  323/494/176 325/496/176 326/497/176
f  326/497/176 324/495/176 323/494/176
f  325/496/177 291/460/177 294/463/177
f  294/463/178 326/497/178 325/496/178
f  318/498/36 320/499/36 322/500/36
f  322/500/36 316/501/36 318/498/36
f  316/501/36 322/500/36 324/502/36
f  324/502/36 314/503/36 316/501/36
f  314/503/36 324/502/36 326/504/36
f  326/504/36 312/505/36 314/503/36
f  312/505/36 326/504/36 294/506/36
f  294/506/36 310/507/36 312/505/36
f  310/507/36 294/506/36 293/508/36
f  293/508/36 308/509/36 310/507/36
f  308/509/36 293/508/36 296/510/36
f  296/510/36 306/511/36 308/509/36
f  306/511/36 296/510/36 298/512/36
f  298/512/36 304/513/36 306/511/36
f  304/513/36 298/512/36 300/514/36
f  300/514/36 302/515/36 304/513/36
f  301/516/54 299/517/54 297/518/54
f  297/518/54 303/519/54 301/516/54
f  303/519/54 297/518/54 295/520/54
f  295/520/54 305/521/54 303/519/54
f  305/521/54 295/520/54 292/522/54
f  292/522/54 307/523/54 305/521/54
f  307/523/54 292/522/54 291/524/54
f  291/524/54 309/525/54 307/523/54
f  309/525/54 291/524/54 325/526/54
f  325/526/54 311/527/54 309/525/54
f  311/527/54 325/526/54 323/528/54
f  323/528/54 313/529/54 311/527/54
f  313/529/54 323/528/54 321/530/54
f  321/530/54 315/531/54 313/529/54
f  315/531/54 321/530/54 319/532/54
f  319/532/54 317/533/54 315/531/54
f  327/534/179 328/535/179 329/536/179
f  329/536/180 330/537/180 327/534/180
f  330/537/181 329/536/181 331/538/181
f  331/538/181 332/539/181 330/537/181
f  332/539/182 331/538/182 333/540/182
f  333/540/182 334/541/182 332/539/182
f  334/541/166 333/540/166 335/542/166
f  335/542/166 336/543/166 334/541/166
f  336/544/21 335/545/21 337/546/21
f  337/546/21 338/547/21 336/544/21
f  338/547/183 337/546/183 339/548/183
f  339/548/183 340/549/183 338/547/183
f  340/549/184 339/548/184 341/550/184
f  341/550/184 342/551/184 340/549/184
f  342/551/185 341/550/185 343/552/185
f  343/552/185 344/553/185 342/551/185
f  344/553/186 343/552/186 345/554/186
f  345/554/186 346/555/186 344/553/186
f  346/555/187 345/554/187 347/556/187
f  347/556/187 348/557/187 346/555/187
f  348/557/188 347/556/188 349/558/188
f  349/558/188 350/559/188 348/557/188
f  350/559/189 349/558/189 351/560/189
f  351/560/189 352/561/189 350/559/189
f  352/561/190 351/560/190 353/562/190
f  353/562/190 354/563/190 352/561/190
f  354/563/16 353/562/16 355/564/16
f  355/564/16 356/565/16 354/563/16
f  356/565/191 355/564/191 357/566/191
f  357/566/191 358/567/191 356/565/191
f  358/567/192 357/566/192 359/568/192
f  359/568/192 360/569/192 358/567/192
f  360/569/193 359/568/193 361/570/193
f  361/570/193 362/571/193 360/569/193
f  362/571/194 361/570/194 328/535/194
f  328/535/195 327/534/195 362/571/195
f  353/572/36 351/573/36 357/574/36
f  357/574/36 355/575/36 353/572/36
f  351/573/36 349/576/36 359/577/36
f  359/577/36 357/574/36 351/573/36
f  349/576/36 347/578/36 361/579/36
f  361/579/36 359/577/36 349/576/36
f  347/578/36 345/580/36 328/581/36
f  328/581/36 361/579/36 347/578/36
f  345/580/36 343/582/36 329/583/36
f  329/583/36 328/581/36 345/580/36
f  343/582/36 341/584/36 331/585/36
f  331/585/36 329/583/36 343/582/36
f  341/584/36 339/586/36 333/587/36
f  333/587/36 331/585/36 341/584/36
f  339/586/36 337/588/36 335/589/36
f  335/589/36 333/587/36 339/586/36
f  338/590/54 340/591/54 334/592/54
f  334/592/54 336/593/54 338/590/54
f  340/591/54 342/594/54 332/595/54
f  332/595/54 334/592/54 340/591/54
f  342/594/54 344/596/54 330/597/54
f  330/597/54 332/595/54 342/594/54
f  344/596/54 346/598/54 327/599/54
f  327/599/54 330/597/54 344/596/54
f  346/598/54 348/600/54 362/601/54
f  362/601/54 327/599/54 346/598/54
f  348/600/54 350/602/54 360/603/54
f  360/603/54 362/601/54 348/600/54
f  350/602/54 352/604/54 358/605/54
f  358/605/54 360/603/54 350/602/54
f  352/604/54 354/606/54 356/607/54
f  356/607/54 358/605/54 352/604/54
f  363/608/196 364/609/196 365/610/196
f  365/610/196 366/611/196 363/608/196
f  366/611/197 365/610/197 367/612/197
f  367/612/198 368/613/198 366/611/198
f  368/613/199 367/612/199 369/614/199
f  369/614/200 370/615/200 368/613/200
f  370/615/201 369/614/201 371/616/201
f  371/616/201 372/617/201 370/615/201
f  372/617/21 371/616/21 373/618/21
f  373/618/21 374/619/21 372/617/21
f  374/620/202 373/621/202 375/622/202
f  375/622/202 376/623/202 374/620/202
f  376/623/203 375/622/203 377/624/203
f  377/624/204 378/625/204 376/623/204
f  378/625/205 377/624/205 379/626/205
f  379/626/206 380/627/206 378/625/206
f  380/627/207 379/626/207 381/628/207
f  381/628/208 382/629/208 380/627/208
f  382/629/209 381/628/209 383/630/209
f  383/630/210 384/631/210 382/629/210
f  384/631/211 383/630/211 385/632/211
f  385/632/211 386/633/211 384/631/211
f  386/633/212 385/632/212 387/634/212
f  387/634/212 388/635/212 386/633/212
f  388/635/213 387/634/213 389/636/213
f  389/636/213 390/637/213 388/635/213
f  390/637/214 389/636/214 391/638/214
f  391/638/214 392/639/214 390/637/214
f  392/639/215 391/638/215 393/640/215
f  393/640/215 394/641/215 392/639/215
f  394/641/216 393/640/216 395/642/216
f  395/642/217 396/643/217 394/641/217
f  396/643/218 395/642/218 397/644/218
f  397/644/219 398/645/219 396/643/219
f  398/645/178 397/644/178 364/609/178
f  364/609/178 363/608/178 398/645/178
f  389/646/54 387/647/54 393/648/54
f  393/648/54 391/649/54 389/646/54
f  387/647/54 385/650/54 395/651/54
f  395/651/54 393/648/54 387/647/54
f  385/650/54 383/652/54 397/653/54
f  397/653/54 395/651/54 385/650/54
f  383/652/54 381/654/54 364/655/54
f  364/655/54 397/653/54 383/652/54
f  381/654/54 379/656/54 365/657/54
f  365/657/54 364/655/54 381/654/54
f  379/656/54 377/658/54 367/659/54
f  367/659/54 365/657/54 379/656/54
f  377/658/54 375/660/54 369/661/54
f  369/661/54 367/659/54 377/658/54
f  375/660/54 373/662/54 371/663/54
f  371/663/54 369/661/54 375/660/54
f  374/664/36 376/665/36 370/666/36
f  370/666/36 372/667/36 374/664/36
f  376/665/36 378/668/36 368/669/36
f  368/669/36 370/666/36 376/665/36
f  378/668/36 380/670/36 366/671/36
f  366/671/36 368/669/36 378/668/36
f  380/670/36 382/672/36 363/673/36
f  363/673/36 366/671/36 380/670/36
f  382/672/36 384/674/36 398/675/36
f  398/675/36 363/673/36 382/672/36
f  384/674/36 386/676/36 396/677/36
f  396/677/36 398/675/36 384/674/36
f  386/676/36 388/678/36 394/679/36
f  394/679/36 396/677/36 386/676/36
f  388/678/36 390/680/36 392/681/36
f  392/681/36 394/679/36 388/678/36
f  399/682/220 400/683/220 401/684/220
f  401/684/220 402/685/220 399/682/220
f  400/683/221 403/686/221 404/687/221
f  404/687/222 401/684/222 400/683/222
f  403/686/223 405/688/223 406/689/223
f  406/689/224 404/687/224 403/686/224
f  405/688/225 407/690/225 408/691/225
f  408/691/225 406/689/225 405/688/225
f  407/692/21 409/693/21 410/694/21
f  410/694/21 408/695/21 407/692/21
f  409/693/226 411/696/226 412/697/226
f  412/697/226 410/694/226 409/693/226
f  411/696/227 413/698/227 414/699/227
f  414/699/228 412/697/228 411/696/228
f  413/698/185 415/700/185 416/701/185
f  416/701/229 414/699/229 413/698/229
f  415/700/230 417/702/230 418/703/230
f  418/703/231 416/701/231 415/700/231
f  417/702/232 419/704/232 420/705/232
f  420/705/233 418/703/233 417/702/233
f  419/704/176 421/706/176 422/707/176
f  422/707/176 420/705/176 419/704/176
f  421/706/234 423/708/234 424/709/234
f  424/709/234 422/707/234 421/706/234
f  423/708/235 425/710/235 426/711/235
f  426/711/235 424/709/235 423/708/235
f  425/710/236 427/712/236 428/713/236
f  428/713/236 426/711/236 425/710/236
f  427/712/237 429/714/237 430/715/237
f  430/715/237 428/713/237 427/712/237
f  429/714/238 431/716/238 432/717/238
f  432/717/239 430/715/239 429/714/239
f  431/716/240 433/718/240 434/719/240
f  434/719/241 432/717/241 431/716/241
f  433/718/194 399/682/194 402/685/194
f  402/685/194 434/719/194 433/718/194
f  426/720/54 428/721/54 430/722/54
f  430/722/54 424/723/54 426/720/54
f  424/723/54 430/722/54 432/724/54
f  432/724/54 422/725/54 424/723/54
f  422/725/54 432/724/54 434/726/54
f  434/726/54 420/727/54 422/725/54
f  420/727/54 434/726/54 402/728/54
f  402/728/54 418/729/54 420/727/54
f  418/729/54 402/728/54 401/730/54
f  401/730/54 416/731/54 418/729/54
f  416/731/54 401/730/54 404/732/54
f  404/732/54 414/733/54 416/731/54
f  414/733/54 404/732/54 406/734/54
f  406/734/54 412/735/54 414/733/54
f  412/735/54 406/734/54 408/736/54
f  408/736/54 410/737/54 412/735/54
f  409/738/36 407/739/36 405/740/36
f  405/740/36 411/741/36 409/738/36
f  411/741/36 405/740/36 403/742/36
f  403/742/36 413/743/36 411/741/36
f  413/743/36 403/742/36 400/744/36
f  400/744/36 415/745/36 413/743/36
f  415/745/36 400/744/36 399/746/36
f  399/746/36 417/747/36 415/745/36
f  417/747/36 399/746/36 433/748/36
f  433/748/36 419/749/36 417/747/36
f  419/749/36 433/748/36 431/750/36
f  431/750/36 421/751/36 419/749/36
f  421/751/36 431/750/36 429/752/36
f  429/752/36 423/753/36 421/751/36
f  423/753/36 429/752/36 427/754/36
f  427/754/36 425/755/36 423/753/36
f  435/756/54 436/757/54 437/758/54
f  437/758/54 438/759/54 435/756/54
f  439/760/36 440/761/36 441/762/36
f  441/762/36 442/763/36 439/760/36
f  437/758/54 436/757/54 443/764/54
f  443/764/54 444/765/54 437/758/54
f  444/765/54 443/764/54 445/766/54
f  445/766/54 446/767/54 444/765/54
f  445/766/54 447/768/54 446/767/54
f  442/763/36 441/762/36 448/769/36
f  448/769/36 449/770/36 442/763/36
f  449/770/36 448/769/36 450/771/36
f  450/771/36 451/772/36 449/770/36
f  450/771/36 452/773/36 451/772/36
f  453/774/36 454/775/36 455/776/36
f  455/776/36 456/777/36 453/774/36
f  457/778/54 458/779/54 459/780/54
f  459/780/54 460/781/54 457/778/54
f  461/782/36 454/775/36 453/774/36
f  453/774/36 462/783/36 461/782/36
f  463/784/36 461/782/36 462/783/36
f  462/783/36 464/785/36 463/784/36
f  464/785/36 465/786/36 463/784/36
f  466/787/54 457/778/54 460/781/54
f  460/781/242 467/788/242 466/787/242
f  468/789/243 466/787/243 467/788/243
f  467/788/244 469/790/244 468/789/244
f  469/790/54 470/791/54 468/789/54
f  453/792/245 456/793/245 438/794/245
f  438/794/245 437/795/245 453/792/245
f  455/796/246 454/797/246 436/798/246
f  436/798/247 435/799/247 455/796/247
f  460/800/248 459/801/248 439/802/248
f  439/802/249 442/803/249 460/800/249
f  458/804/245 457/805/245 441/806/245
f  441/806/245 440/807/245 458/804/245
f  462/808/250 453/792/250 437/795/250
f  437/795/251 444/809/251 462/808/251
f  454/797/252 461/810/252 443/811/252
f  443/811/253 436/798/253 454/797/253
f  464/812/254 462/808/254 444/809/254
f  444/809/255 446/813/255 464/812/255
f  461/810/256 463/814/256 445/815/256
f  445/815/257 443/811/257 461/810/257
f  463/814/258 465/816/258 447/817/258
f  447/817/258 445/815/258 463/814/258
f  465/816/259 464/812/259 446/813/259
f  446/813/259 447/817/259 465/816/259
f  467/818/260 460/800/260 442/803/260
f  442/803/261 449/819/261 467/818/261
f  457/805/250 466/820/250 448/821/250
f  448/821/250 441/806/250 457/805/250
f  469/822/262 467/818/262 449/819/262
f  449/819/263 451/823/263 469/822/263
f  466/820/264 468/824/264 450/825/264
f  450/825/265 448/821/265 466/820/265
f  468/824/266 470/826/266 452/827/266
f  452/827/267 450/825/267 468/824/267
f  470/826/268 469/822/268 451/823/268
f  451/823/269 452/827/269 470/826/269
f  471/828/270 472/829/270 473/830/270
f  473/830/270 474/831/270 471/828/270
f  472/829/271 475/832/271 476/833/271
f  476/833/271 473/830/271 472/829/271
f  475/832/272 477/834/272 478/835/272
f  478/835/272 476/833/272 475/832/272
f  477/834/273 479/836/273 480/837/273
f  480/837/273 478/835/273 477/834/273
f  479/836/274 481/838/274 482/839/274
f  482/839/274 480/837/274 479/836/274
f  481/838/275 483/840/275 484/841/275
f  484/841/275 482/839/275 481/838/275
f  483/840/16 485/842/16 486/843/16
f  486/843/16 484/841/16 483/840/16
f  485/844/276 487/845/276 488/846/276
f  488/846/276 486/847/276 485/844/276
f  487/845/277 471/828/277 474/831/277
f  474/831/277 488/846/277 487/845/277
f  489/848/54 490/849/54 491/850/54
f  491/850/54 492/851/54 489/848/54
f  493/852/36 494/853/36 495/854/36
f  495/854/36 496/855/36 493/852/36
f  491/850/54 497/856/54 498/857/54
f  498/857/54 492/851/54 491/850/54
f  497/856/54 499/858/54 500/859/54
f  500/859/54 498/857/54 497/856/54
f  500/859/54 499/858/54 501/860/54
f  494/853/36 502/861/36 503/862/36
f  503/862/36 495/854/36 494/853/36
f  502/861/36 504/863/36 505/864/36
f  505/864/36 503/862/36 502/861/36
f  505/864/36 504/863/36 506/865/36
f  507/866/36 508/867/36 509/868/36
f  509/868/36 510/869/36 507/866/36
f  511/870/54 512/871/54 513/872/54
f  513/872/54 514/873/54 511/870/54
f  515/874/36 516/875/36 507/866/36
f  507/866/36 510/869/36 515/874/36
f  517/876/36 518/877/36 516/875/36
f  516/875/36 515/874/36 517/876/36
f  518/877/36 517/876/36 519/878/36
f  520/879/278 521/880/278 512/871/278
f  512/871/54 511/870/54 520/879/54
f  522/881/244 523/882/244 521/880/244
f  521/880/279 520/879/279 522/881/279
f  523/882/54 522/881/54 524/883/54
f  507/884/280 491/885/280 490/886/280
f  490/886/280 508/887/280 507/884/280
f  509/888/281 489/889/281 492/890/281
f  492/890/282 510/891/282 509/888/282
f  512/892/283 494/893/283 493/894/283
f  493/894/284 513/895/284 512/892/284
f  514/896/280 496/897/280 495/898/280
f  495/898/280 511/899/280 514/896/280
f  516/900/285 497/901/285 491/885/285
f  491/885/286 507/884/286 516/900/286
f  510/891/287 492/890/287 498/902/287
f  498/902/288 515/903/288 510/891/288
f  518/904/289 499/905/289 497/901/289
f  497/901/290 516/900/290 518/904/290
f  515/903/291 498/902/291 500/906/291
f  500/906/292 517/907/292 515/903/292
f  517/907/293 500/906/293 501/908/293
f  501/908/293 519/909/293 517/907/293
f  519/909/294 501/908/294 499/905/294
f  499/905/294 518/904/294 519/909/294
f  521/910/295 502/911/295 494/893/295
f  494/893/296 512/892/296 521/910/296
f  511/899/286 495/898/286 503/912/286
f  503/912/286 520/913/286 511/899/286
f  523/914/297 504/915/297 502/911/297
f  502/911/298 521/910/298 523/914/298
f  520/913/299 503/912/299 505/916/299
f  505/916/300 522/917/300 520/913/300
f  522/917/301 505/916/301 506/918/301
f  506/918/302 524/919/302 522/917/302
f  524/919/303 506/918/303 504/915/303
f  504/915/304 523/914/304 524/919/304
f  525/920/273 526/921/273 527/922/273
f  527/922/273 528/923/273 525/920/273
f  528/923/305 527/922/305 529/924/305
f  529/924/305 530/925/305 528/923/305
f  530/925/306 529/924/306 531/926/306
f  531/926/306 532/927/306 530/925/306
f  532/927/270 531/926/270 533/928/270
f  533/928/270 534/929/270 532/927/270
f  534/929/277 533/928/277 535/930/277
f  535/930/277 536/931/277 534/929/277
f  536/931/307 535/930/307 537/932/307
f  537/932/307 538/933/307 536/931/307
f  538/934/16 537/935/16 539/936/16
f  539/936/16 540/937/16 538/934/16
f  540/937/308 539/936/308 541/938/308
f  541/938/308 542/939/308 540/937/308
f  542/939/309 541/938/309 526/921/309
f  526/921/309 525/920/309 542/939/309
f  543/940/36 544/941/36 545/942/36
f  545/942/36 546/943/36 543/940/36
f  547/944/54 548/945/54 549/946/54
f  549/946/54 550/947/54 547/944/54
f  545/942/36 551/948/36 552/949/36
f  552/949/36 546/943/36 545/942/36
f  551/948/36 553/950/36 554/951/36
f  554/951/36 552/949/36 551/948/36
f  554/951/36 553/950/36 555/952/36
f  548/945/54 556/953/54 557/954/54
f  557/954/54 549/946/54 548/945/54
f  556/953/54 558/955/54 559/956/54
f  559/956/54 557/954/54 556/953/54
f  559/956/54 558/955/54 560/957/54
f  561/958/54 562/959/54 563/960/54
f  563/960/54 564/961/54 561/958/54
f  565/962/36 566/963/36 567/964/36
f  567/964/36 568/965/36 565/962/36
f  569/966/54 570/967/54 561/958/54
f  561/958/54 564/961/54 569/966/54
f  571/968/54 572/969/54 570/967/54
f  570/967/54 569/966/54 571/968/54
f  572/969/54 571/968/54 573/970/54
f  574/971/36 575/972/36 566/963/36
f  566/963/36 565/962/36 574/971/36
f  576/973/36 577/974/36 575/972/36
f  575/972/36 574/971/36 576/973/36
f  577/974/36 576/973/36 578/975/36
f  561/976/310 545/977/310 544/978/310
f  544/978/310 562/979/310 561/976/310
f  563/980/247 543/981/247 546/982/247
f  546/982/311 564/983/311 563/980/311
f  566/984/312 548/985/312 547/986/312
f  547/986/248 567/987/248 566/984/248
f  568/988/310 550/989/310 549/990/310
f  549/990/310 565/991/310 568/988/310
f  570/992/313 551/993/313 545/977/313
f  545/977/314 561/976/314 570/992/314
f  564/983/315 546/982/315 552/994/315
f  552/994/316 569/995/316 564/983/316
f  572/996/317 553/997/317 551/993/317
f  551/993/318 570/992/318 572/996/318
f  569/995/319 552/994/319 554/998/319
f  554/998/320 571/999/320 569/995/320
f  571/999/321 554/998/321 555/1000/321
f  555/1000/321 573/1001/321 571/999/321
f  573/1001/293 555/1000/293 553/997/293
f  553/997/293 572/996/293 573/1001/293
f  575/1002/322 556/1003/322 548/985/322
f  548/985/323 566/984/323 575/1002/323
f  565/991/314 549/990/314 557/1004/314
f  557/1004/314 574/1005/314 565/991/314
f  577/1006/324 558/1007/324 556/1003/324
f  556/1003/325 575/1002/325 577/1006/325
f  574/1005/326 557/1004/326 559/1008/326
f  559/1008/327 576/1009/327 574/1005/327
f  576/1009/328 559/1008/328 560/1010/328
f  560/1010/329 578/1011/329 576/1009/329
f  578/1011/330 560/1010/330 558/1007/330
f  558/1007/331 577/1006/331 578/1011/331
f  579/1012/332 580/1013/332 581/1014/332
f  581/1014/332 582/1015/332 579/1012/332
f  582/1015/306 581/1014/306 583/1016/306
f  583/1016/306 584/1017/306 582/1015/306
f  584/1017/272 583/1016/272 585/1018/272
f  585/1018/272 586/1019/272 584/1017/272
f  586/1019/273 585/1018/273 587/1020/273
f  587/1020/273 588/1021/273 586/1019/273
f  588/1021/274 587/1020/274 589/1022/274
f  589/1022/274 590/1023/274 588/1021/274
f  590/1023/275 589/1022/275 591/1024/275
f  591/1024/275 592/1025/275 590/1023/275
f  592/1025/16 591/1024/16 593/1026/16
f  593/1026/16 594/1027/16 592/1025/16
f  594/1028/276 593/1029/276 595/1030/276
f  595/1030/276 596/1031/276 594/1028/276
f  596/1031/333 595/1030/333 580/1013/333
f  580/1013/333 579/1012/333 596/1031/333
f  597/1032/36 598/1033/36 599/1034/36
f  599/1034/36 600/1035/36 597/1032/36
f  601/1036/54 602/1037/54 603/1038/54
f  603/1038/54 604/1039/54 601/1036/54
f  599/1034/36 598/1033/36 605/1040/36
f  605/1040/36 606/1041/36 599/1034/36
f  606/1041/36 605/1040/36 607/1042/36
f  607/1042/36 608/1043/36 606/1041/36
f  607/1042/36 609/1044/36 608/1043/36
f  604/1039/54 603/1038/54 610/1045/54
f  610/1045/54 611/1046/54 604/1039/54
f  611/1046/54 610/1045/54 612/1047/54
f  612/1047/54 613/1048/54 611/1046/54
f  612/1047/54 614/1049/54 613/1048/54
f  615/1050/54 616/1051/54 617/1052/54
f  617/1052/54 618/1053/54 615/1050/54
f  619/1054/36 620/1055/36 621/1056/36
f  621/1056/36 622/1057/36 619/1054/36
f  623/1058/54 616/1051/54 615/1050/54
f  615/1050/54 624/1059/54 623/1058/54
f  625/1060/54 623/1058/54 624/1059/54
f  624/1059/54 626/1061/54 625/1060/54
f  626/1061/54 627/1062/54 625/1060/54
f  628/1063/36 619/1054/36 622/1057/36
f  622/1057/36 629/1064/36 628/1063/36
f  630/1065/36 628/1063/36 629/1064/36
f  629/1064/36 631/1066/36 630/1065/36
f  631/1066/36 632/1067/36 630/1065/36
f  615/1068/280 618/1069/280 600/1070/280
f  600/1070/280 599/1071/280 615/1068/280
f  617/1072/334 616/1073/334 598/1074/334
f  598/1074/281 597/1075/281 617/1072/281
f  622/1076/284 621/1077/284 601/1078/284
f  601/1078/335 604/1079/335 622/1076/335
f  620/1080/280 619/1081/280 603/1082/280
f  603/1082/280 602/1083/280 620/1080/280
f  624/1084/286 615/1068/286 599/1071/286
f  599/1071/336 606/1085/336 624/1084/336
f  616/1073/337 623/1086/337 605/1087/337
f  605/1087/338 598/1074/338 616/1073/338
f  626/1088/339 624/1084/339 606/1085/339
f  606/1085/289 608/1089/289 626/1088/289
f  623/1086/292 625/1090/292 607/1091/292
f  607/1091/340 605/1087/340 623/1086/340
f  625/1090/293 627/1092/293 609/1093/293
f  609/1093/293 607/1091/293 625/1090/293
f  627/1092/294 626/1088/294 608/1089/294
f  608/1089/294 609/1093/294 627/1092/294
f  629/1094/341 622/1076/341 604/1079/341
f  604/1079/342 611/1095/342 629/1094/342
f  619/1081/286 628/1096/286 610/1097/286
f  610/1097/286 603/1082/286 619/1081/286
f  631/1098/343 629/1094/343 611/1095/343
f  611/1095/344 613/1099/344 631/1098/344
f  628/1096/345 630/1100/345 612/1101/345
f  612/1101/299 610/1097/299 628/1096/299
f  630/1100/346 632/1102/346 614/1103/346
f  614/1103/347 612/1101/347 630/1100/347
f  632/1102/348 631/1098/348 613/1099/348
f  613/1099/349 614/1103/349 632/1102/349
f  633/1104/273 634/1105/273 635/1106/273
f  635/1106/273 636/1107/273 633/1104/273
f  634/1105/305 637/1108/305 638/1109/305
f  638/1109/305 635/1106/305 634/1105/305
f  637/1108/306 639/1110/306 640/1111/306
f  640/1111/306 638/1109/306 637/1108/306
f  639/1110/270 641/1112/270 642/1113/270
f  642/1113/270 640/1111/270 639/1110/270
f  641/1112/277 643/1114/277 644/1115/277
f  644/1115/277 642/1113/277 641/1112/277
f  643/1114/307 645/1116/307 646/1117/307
f  646/1117/307 644/1115/307 643/1114/307
f  645/1118/16 647/1119/16 648/1120/16
f  648/1120/16 646/1121/16 645/1118/16
f  647/1119/308 649/1122/308 650/1123/308
f  650/1123/308 648/1120/308 647/1119/308
f  649/1122/309 633/1104/309 636/1107/309
f  636/1107/309 650/1123/309 649/1122/309
f  651/1124/350 652/1125/350 653/1126/350
f  653/1126/350 654/1127/350 651/1124/350
f  655/1128/351 651/1124/351 654/1127/351
f  654/1127/351 656/1129/351 655/1128/351
f  657/1130/352 655/1128/352 656/1129/352
f  656/1129/352 658/1131/352 657/1130/352
f  659/1132/353 657/1130/353 658/1131/353
f  658/1131/353 660/1133/353 659/1132/353
f  661/1134/354 659/1132/354 660/1133/354
f  660/1133/354 662/1135/354 661/1134/354
f  663/1136/355 661/1134/355 662/1135/355
f  662/1135/355 664/1137/355 663/1136/355
f  665/1138/356 663/1136/356 664/1137/356
f  664/1137/356 666/1139/356 665/1138/356
f  665/1138/357 666/1139/357 653/1140/357
f  653/1140/357 652/1141/357 665/1138/357
f  667/1142/358 668/1143/358 669/1144/358
f  669/1144/358 670/1145/358 667/1142/358
f  668/1143/359 671/1146/359 672/1147/359
f  672/1147/359 669/1144/359 668/1143/359
f  671/1148/360 673/1149/360 674/1150/360
f  674/1150/360 672/1151/360 671/1148/360
f  673/1149/361 675/1152/361 676/1153/361
f  676/1153/361 674/1150/361 673/1149/361
f  675/1152/362 677/1154/362 678/1155/362
f  678/1155/362 676/1153/362 675/1152/362
f  677/1154/363 679/1156/363 680/1157/363
f  680/1157/363 678/1155/363 677/1154/363
f  679/1156/364 681/1158/364 682/1159/364
f  682/1159/364 680/1157/364 679/1156/364
f  681/1158/365 667/1142/365 670/1145/365
f  670/1145/365 682/1159/365 681/1158/365
f  683/1160/366 684/1161/366 685/1162/366
f  685/1162/358 686/1163/358 683/1160/358
f  684/1161/367 687/1164/367 688/1165/367
f  688/1165/368 685/1162/368 684/1161/368
f  687/1166/360 689/1167/360 690/1168/360
f  690/1168/360 688/1169/360 687/1166/360
f  689/1167/361 691/1170/361 692/1171/361
f  692/1171/361 690/1168/361 689/1167/361
f  691/1170/362 693/1172/362 694/1173/362
f  694/1173/362 692/1171/362 691/1170/362
f  693/1172/363 695/1174/363 696/1175/363
f  696/1175/363 694/1173/363 693/1172/363
f  695/1174/364 697/1176/364 698/1177/364
f  698/1177/364 696/1175/364 695/1174/364
f  697/1176/365 683/1160/365 686/1163/365
f  686/1163/365 698/1177/365 697/1176/365
f  699/1178/369 700/1179/369 701/1180/369
f  701/1180/369 702/1181/369 699/1178/369
f  703/1182/370 704/1183/370 700/1179/370
f  700/1179/370 699/1178/370 703/1182/370
f  705/1184/352 706/1185/352 704/1183/352
f  704/1183/352 703/1182/352 705/1184/352
f  707/1186/353 708/1187/353 706/1185/353
f  706/1185/353 705/1184/353 707/1186/353
f  709/1188/354 710/1189/354 708/1187/354
f  708/1187/354 707/1186/354 709/1188/354
f  711/1190/355 712/1191/355 710/1189/355
f  710/1189/355 709/1188/355 711/1190/355
f  713/1192/371 714/1193/371 712/1191/371
f  712/1191/371 711/1190/371 713/1192/371
f  713/1192/372 702/1194/372 701/1195/372
f  701/1195/372 714/1193/372 713/1192/372
f  715/1196/373 716/1197/373 717/1198/373
f  717/1198/373 718/1199/373 715/1196/373
f  718/1199/374 717/1198/374 719/1200/374
f  719/1200/374 720/1201/374 718/1199/374
f  720/1202/367 719/1203/367 721/1204/367
f  721/1204/367 722/1205/367 720/1202/367
f  722/1205/358 721/1204/358 723/1206/358
f  723/1206/358 724/1207/358 722/1205/358
f  724/1207/365 723/1206/365 725/1208/365
f  725/1208/365 726/1209/365 724/1207/365
f  726/1209/375 725/1208/375 727/1210/375
f  727/1210/375 728/1211/375 726/1209/375
f  728/1211/376 727/1210/376 729/1212/376
f  729/1212/376 730/1213/376 728/1211/376
f  730/1213/377 729/1212/377 716/1197/377
f  716/1197/377 715/1196/377 730/1213/377
f  731/1214/378 732/1215/378 733/1216/378
f  733/1216/378 734/1217/378 731/1214/378
f  734/1217/360 733/1216/360 735/1218/360
f  735/1218/360 736/1219/360 734/1217/360
f  736/1220/379 735/1221/379 737/1222/379
f  737/1222/379 738/1223/379 736/1220/379
f  738/1223/380 737/1222/380 739/1224/380
f  739/1224/380 740/1225/380 738/1223/380
f  740/1225/381 739/1224/381 741/1226/381
f  741/1226/381 742/1227/381 740/1225/381
f  742/1227/382 741/1226/382 743/1228/382
f  743/1228/382 744/1229/382 742/1227/382
f  744/1229/363 743/1228/363 745/1230/363
f  745/1230/363 746/1231/363 744/1229/363
f  746/1231/383 745/1230/383 732/1215/383
f  732/1215/383 731/1214/383 746/1231/383

